Sample_ID_IfH,Organism_Code,Imipenem,amikacin,gentamicin,cefepime,meropenem,levofloxacin,trimethoprim-sulfamethoxazole,ertapenem,aztreonam,ciprofloxacin,piperacillin-tazobactam,tobramycin,colistin,cefotaxime,cefuroxime,ampicillin,amoxicillin-clavulanic acid,ceftazidime,tigecycline,fosfomycin,ceftazidime-avibactam,cefpodoxime,ceftriaxone,doripenem,ampicillin-sulbactam,piperacillin,Imipenem-relebactam,ceftolozane-tazobactam,ceftaroline,cefazolin,nitrofurantoin,ofloxacin,cefiderocol,ticarcillin-clavulanic acid,amoxicillin,sulfamethoxazole
573.66337,EKP,,S,,R,,,,R,,,,,,R,R,R,R,R,,,,,,,,,,,,,,,,,,
573.29931,EKP,,R,S,,R,,,R,,R,,,S,,,,,,R,,S,,,,,,,,,,,,,,,
573.29944,EKP,R,S,,,R,,,R,,R,,,S,,,,,,R,,S,,,,,,,,,,,,,,,
72407.2326,EKP,,,S,,,S,R,,S,,S,,S,S,R,,,R,R,,,S,S,S,R,R,,,,,,,,,,
573.5638,EKP,R,S,,R,R,,R,,R,R,,R,R,R,,R,,R,R,,,,,,R,,,,R,R,,,,,,
573.66466,EKP,,,,R,R,,,R,,,,,,R,R,R,R,R,,,,,,,,,,,,,,,,,,
72407.2845,EKP,S,,,,S,R,R,,R,,S,,S,R,R,,,R,R,,,R,R,S,R,R,,,,,,,,,,
573.66047,EKP,S,,,R,S,S,,,R,R,,R,R,R,R,,,R,R,,,R,R,S,R,R,,,,,,,,,,
573.65913,EKP,,S,S,,S,S,R,,S,S,,S,S,S,S,,,S,S,,,S,S,S,R,R,,,,,,,,,,
573.20064,EKP,,,,R,S,,,,,,,,R,R,,R,R,R,R,,,,R,R,R,,,,,R,,,,,,
72407.2402,EKP,,,S,R,,,,,S,,,S,S,R,S,,,S,R,,,R,R,S,R,R,,,,,,,,,,
573.5767,EKP,R,R,S,R,R,,R,,R,R,R,R,R,R,,R,,R,,,,,,,R,,,,R,R,,,,,,
72407.2391,EKP,,S,,,,S,,,,,S,,S,R,S,,,S,R,,,R,R,S,R,R,,,,,,,,,,
573.66351,EKP,,R,S,R,R,,,,R,R,,,,R,R,R,R,R,,,,,,,,,,,,,,,,,,
72407.2378,EKP,S,S,,,,,R,,S,,S,,S,R,S,,,S,R,,,R,R,S,R,R,,,,,,,,,,
573.66387,EKP,,R,S,,R,,,R,R,,,,,R,R,R,R,R,,,,,,,,,,,,,,,,,,
573.46857,EKP,,R,,,S,R,R,R,R,R,,,S,,,,R,R,S,,R,,R,,,,,R,,,,,S,,,
573.9724,EKP,R,R,R,R,S,R,R,R,R,R,R,R,S,R,,R,R,R,R,,,,R,R,R,,,,,R,,,,,,
573.66095,EKP,,,S,,,,,,R,R,S,S,S,R,S,,,R,R,,,R,R,S,R,R,,,,,,,,,,
573.66325,EKP,,,,R,,,,R,,R,,,,R,R,R,R,R,,,,,,,,,,,,,,,,,,
72407.228,EKP,S,S,R,,,S,R,R,R,R,R,R,S,R,R,,,R,R,,,R,R,S,R,R,,,,,,,,R,,
573.66262,EKP,,R,,R,,,,R,R,,,,,R,R,R,R,R,,,,,,,,,,,,,,,,,,
72407.2384,EKP,,S,,,,R,,,,R,S,R,S,R,S,,,S,R,,,R,R,S,R,R,,,,,,,,,,
72407.2442,EKP,S,,S,R,,,R,,,R,,R,S,R,S,,,R,R,,,R,R,S,R,R,,,,,,,,,,
573.31602,EKP,R,,R,,,,,R,,R,R,,R,R,,R,R,R,R,,,,,,,,,,,,,,,,,
72407.2568,EKP,,S,,R,,S,R,,S,S,,,S,R,S,,,S,S,,,R,R,S,R,R,,,,,,,,,,
573.29943,EKP,R,,R,,R,,,R,,R,,,R,,,,,,R,,S,,,,,,,,,,,,,,,
573.4123,EKP,S,,,,,,,,,,,,,R,R,,S,R,R,,,,,,,,,,,,,,,,,
574.9,EKP,,S,,,,,R,,S,R,R,S,S,R,R,,,R,R,,,R,R,R,R,R,,,,,,,,,,
573.5647,EKP,R,R,,R,R,,R,,,,R,R,R,R,,R,,R,,,,,,,R,,,,R,R,,,,,,
72407.2398,EKP,,,,R,S,,,,R,R,,,S,R,S,,,S,R,,,R,R,S,R,R,,,,,,,,,,
72407.2584,EKP,S,S,,,,R,,,R,,S,R,S,R,R,,,R,R,,,R,R,R,R,R,,,,,,,,,,
72407.251,EKP,S,,R,,S,,R,R,,S,S,,S,R,S,,,R,R,,,R,R,S,S,R,,,,,,,,R,,
72407.2649,EKP,,,,,S,,,,R,,S,,R,R,R,,,R,R,,,R,R,R,R,R,,,,,,,,,,
72407.2266,EKP,S,,,,S,S,R,,,R,,,S,R,S,,,R,S,,,R,R,S,R,R,,,,,,,,,,
72407.2547,EKP,,S,,R,,,R,,R,,,,S,R,S,,,R,R,,,R,R,S,R,R,,,,,,,,,,
72407.2537,EKP,S,,S,R,,,R,,R,,,S,S,R,S,,,S,R,,,R,R,S,R,R,,,,,,,,,,
573.66045,EKP,S,,S,R,,,R,,R,,R,R,S,R,S,,,R,R,,,R,R,S,R,R,,,,,,,,,,
573.24336,EKP,R,S,,,S,,R,,,R,R,R,S,R,,R,R,R,R,,,,R,R,,,,,,R,,,,,,
573.65973,EKP,,S,,,,S,,,R,R,,R,S,R,S,,,R,R,,,R,R,S,R,R,,,,,,,,,,
573.46414,EKP,S,,,R,S,,,,,,,,,R,,,,R,R,,,,R,,,R,,,,,,,,,,
72407.2738,EKP,S,,,,S,S,,,,,,,S,R,S,,,S,S,,,R,R,S,R,S,,,,,,,,,,
573.66266,EKP,,,,,,,,R,R,R,,,,R,R,R,R,R,,,,,,,,,,,,,,,,,,
72407.2296,EKP,S,,,R,S,,R,,R,R,,S,S,R,S,,,R,R,,,R,R,S,R,R,,,,,,,,,,
72407.2221,EKP,S,,,,S,S,R,,S,,S,,S,R,R,,,S,R,,,R,S,S,R,R,,,,,,,,,,
573.4186,EKP,S,,S,,,,,,,,,,,S,S,,S,S,R,,,,,,,,,,,,,,,,,
72407.2205,EKP,S,S,S,,,S,,,,,S,S,S,R,S,,,S,R,,,R,R,S,R,R,,,,,,,,,,
72407.2482,EKP,,,S,R,,,,,,,R,,S,R,R,,,R,R,,,R,R,S,R,R,,,,,,,,,,
573.30007,EKP,,R,R,,R,,,,,R,,,R,,,,,,R,,S,,,,,,,,,,,,,,,
573.30015,EKP,R,R,S,,R,,,R,,R,,,S,,,,,,R,,S,,,,,,,,,,,,,,,
72407.2853,EKP,S,,S,,S,,R,,R,R,R,R,S,R,R,,,R,S,,,R,R,S,R,R,,,,,,,,,,
573.24436,EKP,R,R,R,,S,R,,,R,R,,,S,R,,R,R,R,S,,,,R,R,,,,,,R,,,,,,
573.46379,EKP,,,,R,R,R,,,,R,,,,R,,,,R,R,,,,R,,,R,,,,,,,,,,
72407.165,EKP,,R,,R,,,,R,,,R,,S,R,,,,R,S,,,,,S,,,,,,,,,,R,,
573.4228,EKP,S,,R,,,,,,,,R,,,R,R,,R,R,S,,,,,,,,,,,,,,,,,
573.46334,EKP,S,,,,R,R,,,,,,,,R,,,,R,S,,,,R,,,R,,,,,,,,,,
72407.1435,EKP,S,,R,R,S,R,,,,,,,,R,,,,R,S,,,,,,,,,,,,,,,,,
72407.242,EKP,S,S,R,,S,,R,R,,R,S,R,S,R,S,,,R,S,,,R,R,S,R,R,,,,,,,,R,,
1304918.4,EKP,R,R,S,R,S,R,R,R,R,R,R,R,S,R,,,,R,S,,,,,S,,,,,,,,,,R,,
573.22555,EKP,,,,,S,,R,S,,,R,,S,R,,,R,S,R,,,,,,,,,,,,,,,,,
72407.2825,EKP,,S,,R,,,,,,,S,S,S,R,S,,,S,R,,,R,R,S,R,R,,,,,,,,,,
72407.2761,EKP,,S,R,R,,,R,,,,,R,S,R,S,,,R,R,,,R,R,S,R,R,,,,,,,,,,
72407.2418,EKP,S,S,S,,,S,R,,,,S,,S,R,S,,,R,S,,,R,R,S,S,R,,,,,,,,,,
72407.2248,EKP,S,,S,S,S,S,R,,,,S,S,S,S,S,,,S,S,,,S,S,S,S,R,,,,,,,,,,
72407.2577,EKP,,,S,R,,S,R,,,,,,S,R,S,,,R,R,,,R,R,S,S,R,,,,,,,,,,
72407.2609,EKP,,,,S,,S,,,,R,S,S,S,R,S,,,S,R,,,R,R,S,R,R,,,,,,,,,,
573.66399,EKP,,,,R,,,,,R,,,,,R,R,R,R,R,,,,,,,,,,,,,,,,,,
72407.2536,EKP,S,,S,R,S,S,R,,,,S,S,S,R,S,,,S,R,,,R,R,S,R,R,,,,,,,,,,
573.4127,EKP,,,R,,,,,,,R,R,,,R,R,,R,R,R,,,,,,,,,,,,,,,,,
573.29862,EKP,,,,,R,,R,R,,R,,,S,,,,,,S,,S,,,,,,,,,,,,,,,
72407.2354,EKP,,,R,,S,,,,R,,S,,S,R,S,,,S,R,,,R,R,S,R,R,,,,,,,,,,
574.98,EKP,,,,R,,,R,,R,,S,S,R,R,S,,,R,R,,,R,R,S,S,R,,,,,,,,,,
573.66381,EKP,,R,S,R,,,,R,,,,,,R,R,R,R,R,,,,,,,,,,,,,,,,,,
573.66446,EKP,,R,,,,,,,,,,,,R,R,R,R,R,,,,,,,,,,,,,,,,,,
72407.237,EKP,S,R,R,,S,R,R,,R,,R,,R,R,S,,,R,R,,,R,R,S,R,R,,,,,,,,R,,
72407.264,EKP,S,R,,R,,S,R,,R,R,R,R,S,R,S,,,R,S,,,R,R,S,R,R,,,,,,,,R,,
573.66078,EKP,,,S,R,S,S,R,,,S,R,,S,R,R,,,R,R,,,R,R,R,R,R,,,,,,,,,,
573.46835,EKP,,,R,,R,,,,S,,R,,S,,,,R,R,R,,R,,R,,,,,R,,,,,S,,,
573.4217,EKP,,,,,,,,,,R,,,,S,R,,R,S,R,,,,,,,,,,,,,,,,,
573.4185,EKP,S,,,,,,,,,R,,,,R,R,,R,R,R,,,,,,,,,,,,,,,,,
1284814.3,EKP,S,R,S,R,S,R,R,R,R,R,R,R,R,R,,,,R,S,,,,,S,,,,,,,,,,R,,
72407.2215,EKP,S,,S,,,S,,,,,,,S,R,S,,,S,R,,,R,R,S,S,R,,,,,,,,,,
72407.2289,EKP,S,S,,,,S,,,,,S,,S,R,S,,,R,R,,,R,R,S,R,R,,,,,,,,,,
72407.2494,EKP,S,S,R,R,,,,,,,,R,R,R,S,,,R,R,,,R,R,S,R,R,,,,,,,,,,
573.24407,EKP,R,S,,R,S,,,R,,,,,R,R,,R,R,R,S,,,,R,R,,,,,,R,,,,,,
573.66401,EKP,,,,,R,,,,,,,,,R,R,R,R,R,,,,,,,,,,,,,,,,,,
573.24422,EKP,R,,,,S,,R,,,,,,S,R,,R,R,R,R,,,,R,R,,,,,,R,,,,,,
72407.2502,EKP,,S,,,S,,R,,R,,S,R,S,R,S,,,R,R,,,R,R,S,R,R,,,,,,,,,,
573.66456,EKP,,,,R,R,,,,,,,,,R,R,R,R,R,,,,,,,,,,,,,,,,,,
72407.2605,EKP,,,,S,S,S,,,S,,,,S,R,S,,,S,R,,,R,R,S,R,R,,,,,,,,,,
573.65928,EKP,S,,,R,,,,,,S,S,,S,R,R,,,S,R,,,R,R,S,R,R,,,,,,,,,,
573.66384,EKP,,,,R,,,,,R,,,,,R,R,R,R,R,,,,,,,,,,,,,,,,,,
573.66295,EKP,,S,,R,,,,R,,,,,,R,R,R,R,R,,,,,,,,,,,,,,,,,,
573.15043,EKP,R,R,,R,,R,R,,,R,,R,S,R,,R,R,R,R,,,,R,R,R,,,,,R,,,,,,
573.29979,EKP,R,R,,,R,,,R,,R,,,R,,,,,,R,,S,,,,,,,,,,,,,,,
573.65938,EKP,S,S,S,,,S,R,,S,,S,S,S,R,S,,,S,S,,,R,R,S,S,S,,,,,,,,,,
72407.2529,EKP,,S,,,S,S,,,,S,S,S,S,R,S,,,R,R,,,R,R,S,S,R,,,,,,,,,,
573.46326,EKP,S,S,,,S,,,,,R,,,,R,,,,R,R,,,,R,,,R,,,,,,,,,,
573.66242,EKP,,S,S,,,,,,R,R,,,,R,R,R,R,R,,,,,,,,,,,,,,,,,,
72407.2236,EKP,,,,R,,,R,,,,S,R,S,R,S,,,R,R,,,R,R,S,R,R,,,,,,,,,,
72407.2427,EKP,S,,,,S,,,,,R,S,,S,R,S,,,R,R,,,R,R,S,R,S,,,,,,,,,,
72407.2283,EKP,,R,,R,S,R,R,,,R,,R,S,R,R,,,R,R,,,R,R,S,R,R,,,,,,,,,,
573.65972,EKP,S,,,R,S,,,,R,R,,,S,R,R,,,R,R,,,R,R,S,R,R,,,,,,,,,,
573.66312,EKP,,,,R,,,,R,,R,,,,R,R,R,R,R,,,,,,,,,,,,,,,,,,
72407.2397,EKP,S,S,,R,,S,R,,R,S,,S,S,R,S,,,R,R,,,R,R,S,R,R,,,,,,,,,,
72407.219,EKP,S,,R,S,,,R,,R,R,,S,S,R,S,,,R,S,,,R,S,S,R,S,,,,,,,,R,,
72407.238,EKP,R,,S,R,,R,R,R,R,S,R,,S,R,R,,,R,R,,,R,R,S,R,S,,,,,,,,R,,
573.29924,EKP,R,S,,,,,R,,,,,,R,,,,,,S,,S,,,,,,,,,,,,,,,
573.29888,EKP,,,S,,,,,R,,R,,,R,,,,,,S,,S,,,,,,,,,,,,,,,
72407.2459,EKP,S,S,,R,S,,,,,S,S,S,S,R,S,,,S,R,,,R,R,S,R,R,,,,,,,,,,
573.4227,EKP,,,R,,,,,,,S,R,,,R,R,,R,R,S,,,,,,,,,,,,,,,,,
574.74,EKP,,,S,R,,,,,,R,,S,S,R,R,,,R,R,,,R,R,R,R,R,,,,,,,,,,
573.5636,EKP,,R,R,,R,,R,,,R,R,R,R,R,,R,,R,R,,,,,,R,,,,R,R,,,,,,
72407.2356,EKP,,,,,,S,,,R,,R,S,S,R,S,,,R,S,,,R,R,S,R,R,,,,,,,,,,
72407.2473,EKP,S,S,,,S,S,R,,,,,,S,R,S,,,S,R,,,R,R,S,R,R,,,,,,,,,,
1328415.3,EKP,,R,,R,S,,R,,,R,R,R,,,,,,R,,,,,R,,R,,,,,R,,,,,,
72407.2433,EKP,,R,R,,,,,,R,,,R,S,R,R,,,R,R,,,R,R,S,R,R,,,,,,,,,,
573.66429,EKP,,S,S,S,R,,,,,,,,,R,R,R,R,S,,,,,,,,,,,,,,,,,,
574.97,EKP,S,S,R,,S,,,,,R,R,R,S,R,R,,,R,R,,,R,R,S,R,S,,,,,,,,,,
72407.2519,EKP,S,S,,,S,R,R,,S,,S,,S,R,R,,,R,R,,,R,S,S,R,R,,,,,,,,,,
573.46413,EKP,R,,,R,R,R,,,,R,,,,R,,,,R,R,,,,R,,,R,,,,,,,,,,
573.66366,EKP,,R,S,R,,,,R,R,R,,,,R,R,R,R,R,,,,,,,,,,,,,,,,,,
573.66511,EKP,,S,,R,R,,,,,R,,,,R,R,R,R,R,,,,,,,,,,,,,,,,,,
573.65926,EKP,S,S,,,S,,,,,,,R,S,R,R,,,R,R,,,R,R,S,R,R,,,,,,,,,,
72407.2202,EKP,,S,S,R,S,S,R,,R,R,,R,S,R,S,,,R,R,,,R,R,S,R,R,,,,,,,,,,
72407.203,EKP,,,R,,S,R,R,,R,R,,,R,R,,,,R,R,,,,,S,,,,,,,,,,R,,
573.46397,EKP,,R,,R,R,R,,,,,,,,R,,,,R,R,,,,R,,,R,,,,,,,,,,
573.66061,EKP,S,,S,,S,,,,,,,R,S,R,S,,,R,R,,,R,R,S,R,R,,,,,,,,,,
573.46401,EKP,,R,,,R,,,,,,,,,R,,,,R,S,,,,R,,,R,,,,,,,,,,
573.4055,EKP,S,,R,,,,,,,R,S,,,,R,,S,R,R,,,,,,,,,,,,,,,,,
573.24271,EKP,S,,,R,S,R,,,,R,R,,S,R,,R,R,R,R,,,,R,R,R,,,,,R,,,,,,
573.29886,EKP,R,R,S,,R,,R,R,,R,,,S,,,,,,S,,S,,,,,,,,,,,,,,,
573.46351,EKP,R,,,R,,,,,,,,,,R,,,,R,R,,,,R,,,R,,,,,,,,,,
573.7057,EKP,S,,R,,,,,,,R,R,,,R,R,,R,R,S,,,,,,,,,,,,,,,,,
573.66023,EKP,S,S,S,,S,,R,,,S,,,S,R,S,,,S,S,,,R,R,S,S,R,,,,,,,,,,
573.66353,EKP,,,R,,,,,,R,,,,,R,R,R,R,R,,,,,,,,,,,,,,,,,,
573.29898,EKP,,,,,R,,R,R,,,,,S,,,,,,R,,S,,,,,,,,,,,,,,,
72407.2633,EKP,,,,,,S,,,,,S,,S,R,R,,,R,S,,,R,S,S,R,R,,,,,,,,,,
72407.2662,EKP,S,S,,R,S,,R,,R,,S,,S,R,S,,,R,R,,,R,R,S,R,R,,,,,,,,,,
72407.2343,EKP,,S,S,R,S,S,,,R,,,,S,R,S,,,R,R,,,R,R,S,R,R,,,,,,,,,,
72407.2385,EKP,,,S,S,,,,,S,,,,S,R,R,,,R,R,,,R,R,S,R,R,,,,,,,,,,
573.46875,EKP,,,,,,R,R,,S,,,,S,,,,R,R,S,,R,,R,,,,,R,,,,,S,,,
72407.2646,EKP,S,S,,R,,S,,,,R,,,S,R,S,,,S,R,,,R,R,S,R,R,,,,,,,,,,
72407.2706,EKP,S,S,,R,S,,,,,R,,R,S,R,S,,,R,R,,,R,R,S,R,R,,,,,,,,,,
573.66065,EKP,,S,S,S,S,R,,,,,S,R,S,R,S,,,S,R,,,R,R,S,R,R,,,,,,,,,,
573.65905,EKP,,S,,,,,R,,,S,R,R,S,R,S,,,S,R,,,R,R,S,R,R,,,,,,,,,,
573.24397,EKP,,S,S,,,,R,,R,,R,,S,R,,R,R,R,R,,,,R,R,,,,,,R,,,,,,
573.4162,EKP,S,,R,,,,,,,R,S,,,R,R,,R,R,S,,,,,,,,,,,,,,,,,
573.24248,EKP,S,,,,S,R,R,,R,,R,,S,R,,R,R,R,R,,,,R,R,R,,,,,R,,,,,,
72407.2287,EKP,S,S,,R,S,,,,S,S,,S,S,R,S,,,S,R,,,R,R,S,R,R,,,,,,,,,,
72407.2622,EKP,,S,,R,,S,,,R,S,,,S,R,S,,,S,S,,,R,R,S,R,R,,,,,,,,,,
573.66231,EKP,,R,R,R,R,,,R,R,,,,,R,R,R,R,R,,,,,,,,,,,,,,,,,,
72407.2184,EKP,S,,R,S,S,S,,,S,,,R,S,R,S,,,S,R,,,R,R,S,R,R,,,,,,,,,,
573.66542,EKP,,,R,,,,,R,,R,,,,R,R,R,R,R,,,,,,,,,,,,,,,,,,
573.29972,EKP,R,,S,,R,,R,R,,,,,S,,,,,,S,,R,,,,,,,,,,,,,,,
573.66315,EKP,,R,,R,,,,R,R,,,,,R,R,R,R,R,,,,,,,,,,,,,,,,,,
573.46368,EKP,,,,R,S,,,,,R,,,,R,,,,R,R,,,,R,,,R,,,,,,,,,,
1284819.3,EKP,R,S,R,R,S,R,R,R,R,R,R,R,R,R,,,,R,S,,,,,S,,,,,,,,,,R,,
1304916.4,EKP,R,R,S,R,S,R,R,R,R,R,R,R,S,R,,,,R,R,,,,,S,,,,,,,,,,R,,
573.66389,EKP,,,,,,,,,,R,,,,R,R,R,R,R,,,,,,,,,,,,,,,,,,
1284831.3,EKP,S,S,R,S,S,R,R,R,R,R,R,R,S,R,,,,R,R,,,,,S,,,,,,,,,,R,,
573.24417,EKP,,R,S,R,,R,,R,,R,R,,S,R,,R,R,R,R,,,,R,S,,,,,,R,,,,,,
72407.2659,EKP,S,,S,S,,S,R,,S,,S,S,S,S,S,,,S,R,,,S,S,S,S,R,,,,,,,,,,
1284811.3,EKP,R,R,R,R,S,R,R,R,R,R,R,R,S,R,,,,R,R,,,,,S,,,,,,,,,,R,,
573.7046,EKP,S,,S,,,,,,,S,R,,,S,R,,S,S,R,,,,,,,,,,,,,,,,,
72407.2237,EKP,,,S,R,S,S,,,,,,R,S,R,S,,,R,R,,,R,R,S,R,R,,,,,,,,,,
573.7026,EKP,S,S,R,R,S,R,R,R,R,R,R,R,S,R,,R,R,R,R,,,,R,R,R,,,,,R,,,,,,
573.66515,EKP,,S,,,R,,,R,R,R,,,,R,R,R,R,R,,,,,,,,,,,,,,,,,,
573.46866,EKP,,,R,,R,,,R,,R,R,,S,,,,R,R,S,,R,,R,,,,,R,,,,,S,,,
573.29915,EKP,R,,,,R,,R,,,R,,,R,,,,,,R,,S,,,,,,,,,,,,,,,
573.4189,EKP,S,,,,,,,,,R,R,,,R,R,,R,R,S,,,,,,,,,,,,,,,,,
573.24375,EKP,,,S,R,S,,R,,R,,R,R,S,R,,R,R,R,R,,,,R,R,,,,,,R,,,,,,
72407.255,EKP,,R,,R,S,R,R,,,R,R,,S,R,,,,R,R,,,,,S,,,,,,,,,,R,,
573.4086,EKP,S,,S,,,,,,,R,R,,,R,R,,S,R,R,,,,,,,,,,,,,,,,,
573.65974,EKP,R,,,R,,R,R,,R,,S,,S,R,R,,,R,R,,,R,R,R,R,R,,,,,,,,,,
72407.2812,EKP,S,,S,,,R,R,,,,,,S,R,R,,,R,R,,,R,R,S,R,R,,,,,,,,,,
72407.2627,EKP,S,S,,,,,R,,,,S,,S,R,S,,,R,S,,,R,R,S,R,R,,,,,,,,,,
72407.2576,EKP,S,S,S,R,S,,,,S,R,S,,S,R,S,,,S,R,,,R,R,S,R,S,,,,,,,,,,
573.24368,EKP,,R,S,R,,R,S,,R,R,R,R,S,R,,R,R,R,S,,,,R,R,,,,,,R,,,,,,
72407.2852,EKP,S,S,S,S,S,R,R,,R,,,R,S,R,R,,,R,R,,,R,R,S,R,R,,,,,,,,,,
573.65914,EKP,,S,S,,S,S,,,,,,,S,R,S,,,S,S,,,R,R,S,S,R,,,,,,,,,,
573.66495,EKP,,S,S,R,,,,S,,,,,,R,R,R,R,S,,,,,,,,,,,,,,,,,,
573.66236,EKP,,R,,,R,,,R,,S,,,,R,R,R,R,R,,,,,,,,,,,,,,,,,,
72407.2416,EKP,S,S,,R,S,S,,,,,S,,S,R,S,,,R,S,,,R,R,S,R,R,,,,,,,,,,
72407.2705,EKP,,S,,R,,R,,,R,R,,,S,R,S,,,R,R,,,R,R,S,R,R,,,,,,,,,,
573.24396,EKP,R,,S,,S,R,,,,,,,S,R,,R,R,R,S,,,,R,R,,,,,,R,,,,,,
573.65935,EKP,R,,R,R,S,R,R,,,,,,S,R,R,,,R,R,,,R,R,R,R,R,,,,,,,,,,
573.4187,EKP,,,,,,,,,,R,,,,R,R,,R,R,R,,,,,,,,,,,,,,,,,
72407.2755,EKP,S,S,R,,,S,R,,R,,,,S,R,R,,,R,R,,,R,R,S,R,R,,,,,,,,,,
574.118,EKP,S,,S,S,,,R,,,,,S,S,S,S,,,S,R,,,S,S,S,S,R,,,,,,,,,,
72407.2511,EKP,S,,R,R,S,,R,,,R,,R,S,R,R,,,R,R,,,R,R,S,R,R,,,,,,,,,,
72407.2382,EKP,S,,S,S,S,R,,,R,,R,R,S,R,R,,,R,R,,,R,R,S,R,R,,,,,,,,,,
573.17943,EKP,,,R,,,,,,R,R,R,R,S,R,,R,R,R,S,,,,R,S,R,,,,,R,,,,,,
573.29864,EKP,,R,S,,R,,,,,,,,S,,,,,,S,,S,,,,,,,,,,,,,,,
72407.2651,EKP,S,,R,R,S,,,,R,,S,R,S,R,S,,,R,R,,,R,R,S,R,R,,,,,,,,,,
573.46381,EKP,,,,R,R,,,,,R,,,,R,,,,R,S,,,,R,,,R,,,,,,,,,,
72407.2487,EKP,S,S,,R,,,,,,,S,,S,R,S,,,S,R,,,R,R,S,R,S,,,,,,,,,,
72407.2522,EKP,,,,R,S,,R,,,S,,,R,R,R,,,R,R,,,R,R,S,R,R,,,,,,,,,,
573.66411,EKP,,S,R,,,,,,R,,,,,R,R,R,R,R,,,,,,,,,,,,,,,,,,
72407.2365,EKP,S,S,,,,R,,,R,R,R,,S,R,R,,,R,R,,,R,R,S,R,R,,,,,,,,,,
573.18541,EKP,,,R,,,R,,,,,,,R,,R,,,,R,,,,R,,,,,,,R,,,,,,
72407.2437,EKP,S,S,R,,S,,,,R,R,,R,S,R,R,,,R,R,,,R,R,S,R,R,,,,,,,,,,
72407.2436,EKP,,S,,R,S,,,,R,,R,S,S,R,R,,,R,R,,,R,R,S,R,R,,,,,,,,,,
72407.2294,EKP,S,,R,R,S,,R,,,S,S,R,S,R,S,,,S,R,,,R,R,S,R,R,,,,,,,,,,
72407.2614,EKP,S,S,S,R,S,,,,,R,R,S,S,R,S,,,R,R,,,R,R,S,R,R,,,,,,,,,,
72407.2732,EKP,,,S,,,S,R,,,R,,,S,R,S,,,R,R,,,R,R,S,R,R,,,,,,,,,,
573.46873,EKP,,,,,R,R,R,R,R,R,R,,S,,,,R,R,S,,R,,R,,,,,R,,,,,S,,,
574.65,EKP,S,S,S,,S,,R,,,,,R,S,R,R,,,R,R,,,R,R,S,R,R,,,,,,,,,,
72407.2452,EKP,S,,,R,,,,,,R,,,S,R,S,,,R,R,,,R,R,S,R,R,,,,,,,,,,
72407.2818,EKP,,S,,,S,S,R,,,S,,,S,S,S,,,S,R,,,S,S,S,S,S,,,,,,,,,,
573.29966,EKP,,S,,,R,,,R,,R,,,S,,,,,,R,,S,,,,,,,,,,,,,,,
72407.2644,EKP,S,S,R,,,,,,,R,,R,S,R,R,,,S,R,,,R,R,S,R,R,,,,,,,,,,
573.24356,EKP,R,,S,,S,,,R,R,,,R,R,R,,R,R,R,R,,,,R,R,,,,,,R,,,,,,
573.24418,EKP,,,R,R,,,R,R,,R,R,,S,R,,R,R,R,R,,,,R,R,,,,,,R,,,,,,
1284800.4,EKP,R,R,S,R,S,R,S,R,R,R,R,R,S,R,,,,R,S,,,,,S,,,,,,,,,,R,,
573.66499,EKP,,S,,,R,,,,,,,,,R,R,R,R,R,,,,,,,,,,,,,,,,,,
573.15108,EKP,R,R,R,R,,,R,R,,R,,R,S,R,,R,R,R,R,,,,R,R,R,,,,,R,,,,,,
72407.2696,EKP,S,S,,R,S,S,R,,S,S,,R,S,R,R,,,R,R,,,R,R,S,R,R,,,,,,,,,,
72407.2786,EKP,S,S,S,,S,S,,,S,,S,S,S,S,S,,,S,R,,,S,S,S,S,R,,,,,,,,,,
573.7065,EKP,S,,R,,,,,,,R,S,,,R,R,,R,R,R,,,,,,,,,,,,,,,,,
72407.2206,EKP,,,,,S,S,,,S,,S,,S,R,S,,,S,R,,,R,R,S,R,R,,,,,,,,,,
573.24434,EKP,R,,,R,S,,,,,,R,,S,R,,R,R,R,R,,,,R,R,,,,,,R,,,,,,
573.65993,EKP,S,R,R,,,S,R,,R,,R,R,S,R,R,,,R,R,,,R,R,R,R,R,,,,,,,,,,
573.66367,EKP,,S,R,R,,,,,,R,,,,R,R,R,R,R,,,,,,,,,,,,,,,,,,
573.4213,EKP,S,,,,,,,,,R,R,,,S,R,,R,S,R,,,,,,,,,,,,,,,,,
72407.2485,EKP,,,,R,S,,,,,,R,R,S,R,R,,,R,R,,,R,R,R,R,R,,,,,,,,,,
573.66483,EKP,,R,,,,,,,R,,,,,R,R,R,R,R,,,,,,,,,,,,,,,,,,
573.4147,EKP,,,,,,,,,,R,,,,S,S,,R,S,S,,,,,,,,,,,,,,,,,
573.24347,EKP,,,,,S,R,,,,R,R,,S,R,,R,R,R,S,,,,R,R,,,,,,R,,,,,,
574.115,EKP,,,S,,,,,,S,,,S,S,R,R,,,R,S,,,R,R,S,R,R,,,,,,,,,,
72407.2849,EKP,,S,,R,S,,,,,R,S,,S,R,S,,,R,R,,,R,R,S,R,R,,,,,,,,,,
573.24326,EKP,R,,S,,,,R,,R,R,R,R,S,R,,R,R,R,R,,,,R,R,,,,,,R,,,,,,
573.66024,EKP,,,S,,S,S,,,,S,S,S,S,R,S,,,S,S,,,R,R,S,R,R,,,,,,,,,,
573.46869,EKP,,R,,,R,R,,R,R,R,R,,S,,,,R,R,S,,R,,R,,,,,R,,,,,S,,,
573.46863,EKP,,R,,,,R,R,R,,R,R,,S,,,,R,R,S,,R,,R,,,,,R,,,,,S,,,
72407.2396,EKP,S,,,,S,,,,R,R,S,,S,R,S,,,R,R,,,R,R,S,R,R,,,,,,,,,,
573.66538,EKP,,,,R,R,,,,,R,,,,R,R,R,R,R,,,,,,,,,,,,,,,,,,
72407.2778,EKP,,S,,,S,S,,,,R,,S,S,R,S,,,R,R,,,R,R,S,R,R,,,,,,,,,,
72407.2643,EKP,,S,,,,S,,,S,S,R,,S,R,R,,,R,R,,,R,R,S,R,R,,,,,,,,,,
573.46349,EKP,R,,,,R,,,,,R,,,,R,,,,R,R,,,,R,,,R,,,,,,,,,,
573.24337,EKP,S,,,R,S,,R,R,R,,,,S,R,,R,R,R,R,,,,R,S,,,,,,R,,,,,,
72407.2753,EKP,,,,R,S,,,,R,,R,R,S,R,R,,,R,R,,,R,R,S,R,R,,,,,,,,,,
72407.2625,EKP,S,,,R,S,S,R,,,,,,S,R,R,,,R,R,,,R,R,S,R,R,,,,,,,,,,
573.29889,EKP,R,S,R,,,,,R,,R,,,S,,,,,,S,,S,,,,,,,,,,,,,,,
573.66076,EKP,,,,R,S,R,,,S,,,S,S,R,R,,,R,R,,,R,R,R,R,R,,,,,,,,,,
72407.2787,EKP,S,,,R,,,,,R,,R,,S,R,R,,,R,R,,,R,R,S,R,R,,,,,,,,,,
573.5779,EKP,R,R,S,R,R,,R,,R,R,R,R,R,R,,R,,R,,,,,,,R,,,,R,R,,,,,,
1284805.4,EKP,S,S,R,R,S,R,R,R,R,R,R,R,S,R,,,,R,S,,,,,S,,,,,,,,,,R,,
72407.2832,EKP,S,S,S,S,S,S,R,,S,S,R,,S,S,S,,,R,R,,,R,S,S,R,R,,,,,,,,,,
573.29905,EKP,R,R,R,,,,R,,,R,,,R,,,,,,R,,S,,,,,,,,,,,,,,,
72407.2817,EKP,S,,S,,,,R,,,R,S,,S,R,S,,,S,R,,,R,R,S,R,R,,,,,,,,,,
574.85,EKP,S,S,,R,,,,,,,,S,S,R,R,,,R,R,,,R,R,R,R,R,,,,,,,,,,
72407.158,EKP,R,R,R,R,S,R,R,R,R,R,R,R,R,R,,,,R,R,,,,,S,,,,,,,,,,R,,
72407.2438,EKP,,R,,R,,,R,,R,R,,R,S,R,R,,,R,R,,,R,R,S,R,R,,,,,,,,,,
573.65932,EKP,,S,R,R,,,,,,R,S,,S,R,S,,,S,R,,,R,R,S,R,S,,,,,,,,,,
72407.244,EKP,R,,R,R,,R,R,R,,,R,R,R,R,,,,R,R,,,,,S,,,,,,,,,,R,,
72407.2688,EKP,,S,S,,S,,R,,S,S,S,,S,S,S,,,S,R,,,S,S,S,S,R,,,,,,,,,,
72407.2489,EKP,S,,,,S,,R,,,R,S,R,S,R,S,,,S,R,,,R,R,S,R,R,,,,,,,,,,
72407.2739,EKP,,R,R,R,S,,R,,,R,,R,S,R,R,,,R,R,,,R,R,S,R,R,,,,,,,,,,
72407.2439,EKP,S,,R,,,,R,,R,,,,S,R,S,,,R,R,,,R,R,S,R,R,,,,,,,,,,
573.66431,EKP,,,S,,R,,,,,,,,,R,R,R,R,R,,,,,,,,,,,,,,,,,,
573.66409,EKP,,S,R,,R,,,,R,,,,,R,R,R,R,R,,,,,,,,,,,,,,,,,,
72407.2523,EKP,S,S,S,R,,,,,R,S,,,S,R,S,,,S,R,,,R,R,S,R,R,,,,,,,,,,
573.17908,EKP,S,R,R,,S,R,,R,,,R,,S,R,,R,R,R,R,,,,R,R,R,,,,,R,,,,,,
72407.2223,EKP,,S,,R,,,R,,,,S,S,S,R,S,,,R,R,,,R,R,S,R,R,,,,,,,,,,
573.66368,EKP,,S,S,S,R,,,,,,,,,R,R,R,R,S,,,,,,,,,,,,,,,,,,
573.66471,EKP,,,S,,S,,,,,,,,,R,R,R,R,R,,,,,,,,,,,,,,,,,,
573.46339,EKP,R,R,,R,R,,,,,,,,,R,,,,R,R,,,,R,,,R,,,,,,,,,,
573.66299,EKP,,S,S,,,,,,R,R,,,,R,R,R,R,R,,,,,,,,,,,,,,,,,,
72407.2276,EKP,S,S,,R,,,R,,S,S,,S,S,R,S,,,S,R,,,R,R,S,R,R,,,,,,,,,,
573.66275,EKP,,,,R,,,,R,,R,,,,R,R,R,R,R,,,,,,,,,,,,,,,,,,
72407.2477,EKP,S,S,,,S,S,R,,S,S,R,S,S,S,R,,,S,R,,,R,S,S,R,R,,,,,,,,,,
573.46342,EKP,R,S,,R,R,R,,,,,,,,R,,,,R,R,,,,R,,,R,,,,,,,,,,
573.66454,EKP,,,,,R,,,,R,R,,,,R,R,R,R,R,,,,,,,,,,,,,,,,,,
573.66214,EKP,,S,R,,R,,,,,,,,,R,R,R,R,R,,,,,,,,,,,,,,,,,,
72407.2881,EKP,S,S,,,S,S,,,S,,S,,S,S,S,,,S,S,,,S,S,S,S,R,,,,,,,,,,
573.31616,EKP,R,,,R,R,,,,,R,,,R,R,,,R,R,R,,,,,,,,,,,,,,,,,
72407.2369,EKP,S,S,S,,S,,,,R,,,,S,R,R,,,R,R,,,R,R,S,R,R,,,,,,,,,,
72407.2231,EKP,,,S,R,,S,,,S,,S,,S,R,S,,,S,R,,,R,R,S,R,R,,,,,,,,,,
573.66498,EKP,,,,,,,,R,,,,,,R,R,R,R,R,,,,,,,,,,,,,,,,,,
72407.2329,EKP,,S,,,,R,R,,,R,,R,R,R,R,,,R,R,,,R,R,S,R,R,,,,,,,,,,
72407.2421,EKP,,,S,,S,S,R,,,,,,S,R,S,,,R,R,,,R,R,S,R,R,,,,,,,,,,
573.29986,EKP,R,S,R,,R,,R,R,,R,,,S,,,,,,S,,S,,,,,,,,,,,,,,,
1304922.3,EKP,R,S,R,R,S,R,S,R,R,R,R,R,S,R,,,,R,R,,,,,S,,,,,,,,,,R,,
573.24455,EKP,R,R,,,,R,R,R,,,,R,S,R,,R,R,R,R,,,,R,R,,,,,,R,,,,,,
573.66015,EKP,S,,S,R,S,S,R,,R,,,S,S,R,S,,,R,R,,,R,R,S,S,R,,,,,,,,,,
72407.2219,EKP,,,,,S,R,R,,,R,S,,S,R,S,,,S,R,,,R,R,S,R,S,,,,,,,,,,
1400167.3,EKP,,,S,S,S,,R,,,S,S,S,,,,,,S,,,,,S,,S,,,,,S,,,,,,
72407.2667,EKP,S,S,S,R,S,S,R,,R,S,,,S,R,S,,,R,R,,,R,R,S,R,R,,,,,,,,,,
573.31614,EKP,,R,,,,,,R,,,R,,R,R,,R,R,R,R,,,,,,,,,,,,,,,,,
1284827.3,EKP,R,R,S,R,S,R,R,R,R,R,R,R,S,R,,,,R,S,,,,,S,,,,,,,,,,R,,
573.4132,EKP,,,R,,,,,,,R,,,,S,R,,R,S,R,,,,,,,,,,,,,,,,,
573.31609,EKP,R,,R,,,,,,,R,R,,R,R,,R,R,R,R,,,,,,,,,,,,,,,,,
72407.2655,EKP,S,R,,R,,R,R,,,,,,R,R,R,,,R,R,,,R,R,S,R,R,,,,,,,,,,
573.19877,EKP,,,,R,S,,R,R,R,R,R,,R,R,,R,,R,S,,R,,R,R,R,,,,,R,,,,,,
72407.2174,EKP,,S,,S,S,,,,,R,,,S,R,R,,,R,S,,,R,S,S,R,R,,,,,,,,,,
573.46346,EKP,,,,R,R,,,,,,,,,R,,,,R,R,,,,R,,,R,,,,,,,,,,
573.66048,EKP,S,S,S,S,,S,,,S,S,R,S,S,R,S,,,S,R,,,R,R,S,R,S,,,,,,,,,,
72407.2224,EKP,S,,,R,S,,R,,,R,R,,S,R,R,,,R,R,,,R,R,S,R,R,,,,,,,,,,
573.46868,EKP,,,,,R,,,R,R,R,R,,S,,,,R,R,R,,R,,R,,,,,R,,,,,S,,,
72407.2534,EKP,S,S,S,,,,,,R,,S,S,S,R,S,,,S,R,,,R,R,S,R,R,,,,,,,,,,
573.4075,EKP,S,,R,,,,,,,R,R,,,R,R,,R,R,R,,,,,,,,,,,,,,,,,
72407.2556,EKP,,,R,R,S,R,R,,S,,R,,S,R,R,,,R,R,,,R,R,R,R,R,,,,,,,,,,
573.18088,EKP,,,R,,S,R,,R,R,R,,R,S,R,,R,R,R,R,,,,R,R,R,,,,,R,,,,,,
573.31625,EKP,,R,,,R,,,,,R,R,,R,R,,R,R,R,R,,,,,,,,,,,,,,,,,
573.66378,EKP,,,,,S,,,R,R,R,,,,R,R,R,R,R,,,,,,,,,,,,,,,,,,
573.66422,EKP,,,,,,,,,,R,,,,R,R,R,R,R,,,,,,,,,,,,,,,,,,
72407.2736,EKP,,S,,R,S,S,,,,,,,S,R,S,,,R,R,,,R,R,S,R,S,,,,,,,,,,
1328420.3,EKP,,,S,S,S,,R,,,S,,S,,,,,,S,,,,,S,,S,,,,,S,,,,,,
573.31612,EKP,R,R,R,,R,,,,,,R,,R,R,,R,R,R,R,,,,,,,,,,,,,,,,,
573.4103,EKP,S,,,,,,,,,,,,,S,R,,R,S,R,,,,,,,,,,,,,,,,,
72407.2481,EKP,S,,,R,S,,R,,,,,S,S,R,R,,,R,R,,,R,R,R,R,R,,,,,,,,,,
573.29955,EKP,R,S,R,,R,,,,,,,,S,,,,,,R,,S,,,,,,,,,,,,,,,
573.4172,EKP,S,,S,,,,,,,R,S,,,S,S,,R,S,R,,,,,,,,,,,,,,,,,
72407.2737,EKP,S,,,R,S,,R,,R,,S,R,S,R,S,,,R,R,,,R,R,S,R,S,,,,,,,,,,
573.29934,EKP,R,R,,,R,,,,,R,,,R,,,,,,R,,S,,,,,,,,,,,,,,,
573.24277,EKP,,,,R,,,R,R,R,R,R,,S,R,,R,R,R,R,,,,R,R,R,,,,,R,,,,,,
72407.2796,EKP,,,S,,S,R,R,,R,R,,R,S,R,S,,,S,R,,,R,R,S,R,S,,,,,,,,,,
573.31603,EKP,,R,,,R,,,R,,,R,,R,R,,R,R,R,R,,,,,,,,,,,,,,,,,
573.46844,EKP,,,R,,,,R,R,,R,R,,S,,,,R,R,S,,R,,R,,,,,R,,,,,S,,,
573.46402,EKP,,S,,R,S,,,,,,,,,R,,,,R,R,,,,R,,,R,,,,,,,,,,
72407.241,EKP,,R,,R,S,,,R,R,R,R,R,S,R,R,,,R,S,,,R,R,S,R,R,,,,,,,,R,,
72407.2251,EKP,S,S,S,,S,S,,,,,,S,S,R,R,,,R,R,,,R,R,S,R,S,,,,,,,,,,
72407.239,EKP,R,,R,,,,,R,,R,,,R,R,,,,R,R,,,,,S,,,,,,,,,,R,,
573.4225,EKP,,,R,,,,,,,R,,,,R,R,,R,R,R,,,,,,,,,,,,,,,,,
573.24251,EKP,,,R,,S,R,,,R,R,,,S,R,,R,R,R,R,,,,R,R,R,,,,,R,,,,,,
72407.2653,EKP,S,S,,,,S,R,,R,,R,,S,R,S,,,R,S,,,R,R,S,R,R,,,,,,,,,,
72407.2214,EKP,,S,S,,,,R,,,,S,S,S,R,S,,,R,S,,,R,R,S,R,R,,,,,,,,,,
72407.2831,EKP,,,S,S,,S,R,,S,,S,S,S,R,S,,,S,R,,,R,R,S,R,R,,,,,,,,,,
573.65921,EKP,,,,S,S,,R,,S,S,S,S,S,R,S,,,S,R,,,R,R,S,R,R,,,,,,,,,,
573.2006,EKP,,R,R,,,R,R,,,R,R,R,S,R,,R,R,R,R,,,,R,R,R,,,,,R,,,,,,
72407.248,EKP,S,S,S,,,R,R,,,,R,S,S,R,R,,,R,R,,,R,R,S,R,S,,,,,,,,R,,
573.5768,EKP,R,R,S,R,S,,R,,R,R,R,R,R,R,,R,,R,R,,,,,,R,,,,R,R,,,,,,
573.30011,EKP,R,R,S,,R,,R,,,R,,,R,,,,,,S,,S,,,,,,,,,,,,,,,
72407.2873,EKP,S,,,,S,S,,,S,S,S,,S,R,S,,,S,R,,,R,R,S,R,R,,,,,,,,,,
573.66314,EKP,,R,R,,R,,,,R,,,,,R,R,R,R,R,,,,,,,,,,,,,,,,,,
573.29968,EKP,R,,,,,,R,R,,,,,R,,,,,,R,,S,,,,,,,,,,,,,,,
573.46374,EKP,R,,,R,,,,,,,,,,R,,,,R,S,,,,R,,,R,,,,,,,,,,
573.66449,EKP,,,R,R,,,,,,,,,,R,R,R,R,R,,,,,,,,,,,,,,,,,,
72407.2673,EKP,,,,,S,,,,R,R,S,R,S,R,S,,,R,R,,,R,R,S,R,R,,,,,,,,,,
573.66361,EKP,,,,R,,,,,,,,,,R,R,R,R,R,,,,,,,,,,,,,,,,,,
573.66259,EKP,,,,,R,,,,,,,,,R,R,R,R,R,,,,,,,,,,,,,,,,,,
573.29936,EKP,,,,,S,,R,,,R,,,S,,,,,,S,,S,,,,,,,,,,,,,,,
72407.2672,EKP,,,,R,S,S,R,,,R,,R,S,R,S,,,R,R,,,R,R,S,R,R,,,,,,,,,,
72407.2751,EKP,,S,,R,S,,R,,,,S,S,S,R,S,,,S,R,,,R,R,S,R,R,,,,,,,,,,
72407.249,EKP,R,,,R,,S,R,,R,,,R,S,R,S,,,R,R,,,R,R,S,S,R,,,,,,,,R,,
573.65953,EKP,,,,R,S,S,R,,R,,S,,S,R,S,,,S,R,,,R,R,S,R,R,,,,,,,,,,
72407.268,EKP,S,S,,,S,,R,R,R,,,S,S,S,S,,,R,R,,,S,S,S,S,R,,,,,,,,R,,
573.5763,EKP,R,R,S,R,S,,R,,R,R,R,R,R,R,,R,,R,R,,,,,,R,,,,R,R,,,,,,
72407.2669,EKP,,S,,R,S,S,,,R,R,,R,S,R,S,,,R,R,,,R,R,S,R,R,,,,,,,,,,
72407.2371,EKP,S,S,S,R,S,,R,,R,R,,,S,R,S,,,R,R,,,R,R,S,R,R,,,,,,,,,,
72407.2596,EKP,,,S,,S,S,R,,,R,S,R,S,R,S,,,R,R,,,R,R,S,R,R,,,,,,,,,,
573.24348,EKP,,S,S,R,,,R,,R,,R,S,S,R,,R,R,R,R,,,,R,R,,,,,,R,,,,,,
573.65962,EKP,S,,,,S,S,,,,,,S,S,R,S,,,S,R,,,R,R,S,S,R,,,,,,,,,,
573.46347,EKP,R,,,R,,R,,,,R,,,,R,,,,R,R,,,,R,,,R,,,,,,,,,,
72407.2288,EKP,S,,S,S,S,S,R,,S,R,,,S,R,S,,,S,R,,,R,R,S,R,R,,,,,,,,,,
573.65971,EKP,S,S,,R,S,S,,,,,,,S,R,S,,,S,R,,,R,R,S,R,R,,,,,,,,,,
573.66531,EKP,,,R,R,R,,,,,,,,,R,R,R,R,R,,,,,,,,,,,,,,,,,,
573.4221,EKP,S,,,,,,,,,,,,,S,S,,S,S,R,,,,,,,,,,,,,,,,,
1284801.3,EKP,S,S,R,S,S,R,R,R,R,R,R,R,S,R,,,,R,S,,,,,S,,,,,,,,,,R,,
72407.2797,EKP,,,S,R,S,,R,,R,R,,R,S,R,R,,,R,R,,,R,R,S,R,R,,,,,,,,,,
573.31621,EKP,,R,R,R,,,,,,R,,,R,R,,R,R,R,R,,,,,,,,,,,,,,,,,
574.106,EKP,S,,S,R,,S,R,,R,,S,,S,R,S,,,S,R,,,R,R,S,R,R,,,,,,,,,,
574.104,EKP,S,,R,,,R,R,,,R,R,R,R,R,R,,,R,R,,,R,R,S,R,S,,,,,,,,,,
574.88,EKP,S,S,,,S,,,,,R,S,,S,R,S,,,R,R,,,R,R,S,R,R,,,,,,,,,,
573.15217,EKP,R,R,,R,,R,R,R,,R,,,,R,,R,R,R,,,,,R,R,,,,,,R,,,,,,
72407.2377,EKP,,S,S,,S,,,,,R,R,,S,R,R,,,R,R,,,R,R,S,R,R,,,,,,,,,,
72407.2256,EKP,,S,,,,S,R,,R,,R,S,S,R,R,,,R,R,,,R,R,S,R,R,,,,,,,,,,
574.117,EKP,,S,,R,,S,,,R,,,S,S,R,S,,,R,R,,,R,R,S,R,R,,,,,,,,,,
72407.2791,EKP,,,S,,,,,,R,R,S,R,S,R,S,,,R,R,,,R,R,S,R,R,,,,,,,,,,
573.24345,EKP,,R,S,,S,,R,,R,R,,R,R,R,,R,R,R,S,,,,R,R,,,,,,R,,,,,,
573.31607,EKP,R,R,,R,R,,,,,R,,,R,R,,R,R,R,R,,,,,,,,,,,,,,,,,
573.24366,EKP,R,R,,,,R,,R,R,R,,,S,R,,R,R,R,R,,,,R,R,,,,,,R,,,,,,
72407.2227,EKP,S,,S,R,S,,,,R,,,,R,R,R,,,S,R,,,R,R,S,R,R,,,,,,,,,,
573.66307,EKP,,R,R,,R,,,R,,,,,,R,R,R,R,R,,,,,,,,,,,,,,,,,,
573.66081,EKP,S,,,S,,S,,,,,,S,S,R,R,,,R,R,,,R,R,S,R,R,,,,,,,,,,
573.66493,EKP,,R,,,,,,R,,R,,,,R,R,R,R,R,,,,,,,,,,,,,,,,,,
72407.2821,EKP,,S,,,,S,,,R,,S,S,S,R,R,,,R,R,,,R,R,S,R,R,,,,,,,,,,
72407.153,EKP,R,R,R,R,S,R,R,R,R,R,R,R,R,R,,,,R,R,,,,,S,,,,,,,,,,R,,
72407.2843,EKP,,,S,S,,,R,,,R,S,,S,S,S,,,S,R,,,S,S,S,S,R,,,,,,,,,,
573.4146,EKP,S,,R,,,,,,,,S,,,R,R,,R,R,S,,,,,,,,,,,,,,,,,
72407.2463,EKP,,S,,,S,,R,,R,,S,S,S,R,S,,,R,R,,,R,R,S,R,S,,,,,,,,,,
573.31604,EKP,R,R,,,R,,,R,,,,,R,R,,R,R,R,R,,,,,,,,,,,,,,,,,
72407.2602,EKP,,,S,R,,S,R,,R,S,,S,S,R,S,,,S,R,,,R,R,S,R,R,,,,,,,,,,
573.46877,EKP,,R,R,R,R,R,,R,,R,R,,S,,,,R,R,S,,R,,R,,,,,R,,,,,S,,,
573.66468,EKP,,S,,,,,,,,,,,,R,R,R,R,R,,,,,,,,,,,,,,,,,,
573.66225,EKP,,R,,R,R,,,,,,,,,R,R,R,R,R,,,,,,,,,,,,,,,,,,
72407.269,EKP,R,,,R,S,,S,R,,,R,,R,R,,,,R,S,,,,,S,,,,,,,,,,R,,
573.65937,EKP,,R,,,,,,,R,R,,,S,R,R,,,R,R,,,R,R,R,R,R,,,,,,,,,,
72407.2249,EKP,,,,R,,,R,,R,R,,,S,R,S,,,S,R,,,R,R,S,R,S,,,,,,,,,,
573.20061,EKP,,,,,,,,R,S,S,,,S,R,,R,R,S,S,,,,S,R,R,,,,,R,,,,,,
72407.2824,EKP,S,S,S,R,,R,R,,,,,S,S,R,R,,,R,R,,,R,R,S,R,R,,,,,,,,,,
573.29868,EKP,R,R,R,,R,,R,R,,,,,S,,,,,,S,,S,,,,,,,,,,,,,,,
72407.2829,EKP,S,S,S,R,S,S,R,,R,,S,,S,R,S,,,S,R,,,R,R,S,R,R,,,,,,,,,,
72407.2604,EKP,,S,,R,,R,R,,,R,,,S,R,S,,,R,R,,,R,R,S,R,R,,,,,,,,,,
573.24346,EKP,,,,R,S,,,R,,,,R,S,R,,R,R,R,R,,,,R,R,,,,,,R,,,,,,
573.46404,EKP,,R,,R,,R,,,,,,,,R,,,,R,S,,,,R,,,R,,,,,,,,,,
72407.2745,EKP,S,S,,S,S,,R,,S,R,,,S,R,R,,,S,S,,,R,R,S,R,R,,,,,,,,,,
72407.2613,EKP,S,,R,R,S,R,R,,R,R,R,R,S,R,S,,,R,R,,,R,R,S,R,R,,,,,,,,,,
72407.235,EKP,,R,R,,,R,R,R,R,R,,R,S,R,R,,,R,R,,,R,R,S,R,R,,,,,,,,R,,
72407.233,EKP,S,,S,,S,R,,,,R,S,,S,R,R,,,R,R,,,R,R,S,R,R,,,,,,,,,,
573.66273,EKP,,S,S,,R,,,R,,,,,,R,R,R,R,R,,,,,,,,,,,,,,,,,,
72407.252,EKP,R,S,,R,S,,R,,S,,,R,R,R,R,,,R,R,,,R,R,S,R,R,,,,,,,,R,,
72407.2866,EKP,,,,,,S,R,,R,,R,,S,R,R,,,R,R,,,R,R,S,R,R,,,,,,,,,,
72407.2443,EKP,S,S,S,,S,S,,,,,S,,S,R,R,,,S,R,,,R,R,S,R,R,,,,,,,,,,
72407.2246,EKP,S,,,R,,S,R,,,,S,,S,R,R,,,S,R,,,R,R,S,R,R,,,,,,,,,,
72407.217,EKP,S,S,,R,S,R,R,R,S,,S,R,S,R,S,,,R,S,,,R,R,S,R,R,,,,,,,,R,,
72407.2478,EKP,S,,S,S,S,,,,S,,,,S,S,R,,,S,R,,,R,S,S,R,R,,,,,,,,,,
573.5764,EKP,R,R,S,R,R,,R,,R,R,R,R,R,R,,R,,R,,,,,,,R,,,,R,R,,,,,,
573.7032,EKP,R,R,R,R,S,R,R,R,R,R,R,R,S,R,,R,R,R,R,,,,R,R,R,,,,,R,,,,,,
573.20059,EKP,S,,R,R,S,,R,,,,R,R,S,R,,R,R,R,S,,,,R,R,R,,,,,R,,,,,,
72407.2198,EKP,S,,S,,,S,,,,S,,S,,R,S,,,R,R,,,R,R,S,S,R,,,,,,,,,,
574.68,EKP,,,S,,,,,,,R,,S,S,R,S,,,S,R,,,R,R,S,R,R,,,,,,,,,,
1284821.3,EKP,R,R,S,R,S,R,S,R,R,R,R,R,S,R,,,,R,R,,,,,S,,,,,,,,,,R,,
72407.2342,EKP,S,S,,S,,S,,,S,,,S,S,S,S,,,S,R,,,R,S,S,R,R,,,,,,,,,,
573.66438,EKP,,R,S,,,,,,R,R,,,,R,R,R,R,R,,,,,,,,,,,,,,,,,,
72407.2399,EKP,S,S,,,,,,,,R,,R,S,R,S,,,S,R,,,R,R,S,R,R,,,,,,,,,,
573.4097,EKP,S,,R,,,,,,,R,R,,,R,R,,R,R,R,,,,,,,,,,,,,,,,,
72407.2508,EKP,,,R,,S,,,,R,,S,R,S,R,S,,,R,R,,,R,R,S,R,R,,,,,,,,,,
573.65976,EKP,,S,,,,S,,,R,,,,S,R,R,,,S,R,,,R,R,S,R,R,,,,,,,,,,
72407.2435,EKP,S,R,,R,,R,,,,,,R,S,R,R,,,R,R,,,R,R,S,R,R,,,,,,,,,,
72407.2484,EKP,S,,,,S,S,,,R,R,,,S,R,R,,,R,R,,,R,R,S,R,R,,,,,,,,,,
573.66093,EKP,S,,,R,S,,,,R,R,,R,S,R,R,,,R,R,,,R,R,S,R,R,,,,,,,,,,
573.24412,EKP,R,,S,R,S,,R,R,,,,R,S,R,,R,R,R,R,,,,R,R,,,,,,R,,,,,,
72407.2575,EKP,,S,,R,S,S,,,,S,R,S,S,R,R,,,R,R,,,R,R,S,R,R,,,,,,,,,,
573.4136,EKP,S,,,,,,,,,S,,,,S,R,,S,S,R,,,,,,,,,,,,,,,,,
573.29989,EKP,R,S,R,,,,,,,,,,S,,,,,,R,,S,,,,,,,,,,,,,,,
573.46356,EKP,,,,,R,R,,,,R,,,,R,,,,R,S,,,,R,,,R,,,,,,,,,,
72407.2767,EKP,S,,S,,S,,R,,R,,,S,S,R,R,,,R,R,,,R,R,R,R,R,,,,,,,,,,
573.29932,EKP,,,R,,R,,,,,R,,,S,,,,,,S,,S,,,,,,,,,,,,,,,
573.65923,EKP,S,,S,,S,S,,,S,S,S,,S,R,S,,,S,R,,,R,R,S,R,R,,,,,,,,,,
72407.2207,EKP,,,,R,,,R,,,S,,S,S,R,S,,,R,R,,,R,R,S,R,R,,,,,,,,,,
573.24363,EKP,,S,,R,,,R,,R,,,,S,R,,R,R,R,R,,,,R,R,,,,,,R,,,,,,
573.24265,EKP,R,,,,,,R,R,,R,,R,S,R,,R,R,R,R,,,,R,R,R,,,,,R,,,,,,
573.4214,EKP,S,,R,,,,,,,R,,,,R,R,,R,R,R,,,,,,,,,,,,,,,,,
573.66091,EKP,,,,,S,,R,,,R,S,,S,R,S,,,S,R,,,R,R,S,R,R,,,,,,,,,,
72407.2637,EKP,S,,S,R,,,R,,R,R,R,R,S,R,S,,,R,R,,,R,R,S,R,R,,,,,,,,,,
573.46398,EKP,,S,,R,S,S,,,,R,,,,R,,,,R,R,,,,R,,,R,,,,,,,,,,
72407.2819,EKP,S,S,,R,,S,R,,R,,,S,S,R,S,,,R,R,,,R,R,S,R,R,,,,,,,,,,
72407.2312,EKP,,S,,S,,S,,,S,S,S,S,S,R,R,,,R,R,,,R,R,S,R,R,,,,,,,,,,
573.24413,EKP,R,R,R,R,S,,R,,R,,,R,S,R,,R,R,R,S,,,,R,S,,,,,,R,,,,,,
573.4135,EKP,S,,,,,,,,,R,S,,,S,R,,S,S,R,,,,,,,,,,,,,,,,,
573.5649,EKP,,,,R,S,R,R,,,R,R,R,S,R,,R,R,R,R,,,,R,R,R,,,,,R,,,,,,
573.29935,EKP,,R,S,,R,,R,R,,,,,S,,,,,,R,,S,,,,,,,,,,,,,,,
574.75,EKP,S,S,S,R,,,R,,,,,,S,R,S,,,S,S,,,R,R,S,R,R,,,,,,,,,,
72407.2401,EKP,S,S,,,,S,R,,,R,S,,S,S,R,,,R,R,,,R,S,S,R,R,,,,,,,,,,
574.82,EKP,S,S,S,,,,R,,,R,,,S,R,R,,,R,R,,,R,R,S,R,R,,,,,,,,,,
573.22557,EKP,,,R,,,,,,,,,,S,R,,,R,S,S,,,,,,,,,,,,,,,,,
72407.2507,EKP,,,,,,S,,,,,S,,S,R,S,,,R,R,,,R,R,S,R,R,,,,,,,,,,
573.66405,EKP,,R,S,R,R,,,,,,,,,R,R,R,R,R,,,,,,,,,,,,,,,,,,
573.66519,EKP,,,R,R,,,,R,S,,,,,R,R,R,R,R,,,,,,,,,,,,,,,,,,
573.46391,EKP,R,S,,,,R,,,,R,,,,R,,,,R,R,,,,R,,,R,,,,,,,,,,
573.66524,EKP,,S,,,,,,,R,,,,,R,R,R,R,R,,,,,,,,,,,,,,,,,,
573.46859,EKP,,,,,R,R,,,R,R,,,S,,,,R,R,S,,R,,R,,,,,R,,,,,S,,,
72407.2626,EKP,S,,,,S,,R,,,R,R,R,S,R,R,,,R,R,,,R,R,R,R,R,,,,,,,,,,
573.66294,EKP,,,,,,,,,R,,,,,R,R,R,R,R,,,,,,,,,,,,,,,,,,
72407.2863,EKP,,,S,S,S,,R,,,S,S,,S,R,R,,,R,S,,,R,R,S,S,R,,,,,,,,,,
573.24431,EKP,,S,,,S,R,,R,,R,R,,R,R,,R,R,R,R,,,,R,R,,,,,,R,,,,,,
72407.2349,EKP,S,S,,,,,,,S,R,,,S,R,S,,,S,R,,,R,R,S,R,R,,,,,,,,,,
573.4047,EKP,S,,R,,,,,,,R,R,,,,R,,R,R,,,,,,,,,,,,,,,,,,
72407.2807,EKP,S,S,,S,,S,R,,S,S,S,,S,R,R,,,R,R,,,R,R,S,R,R,,,,,,,,,,
72407.196,EKP,R,S,R,,,R,,R,,R,,R,S,R,,,,R,S,,,,,S,,,,,,,,,,R,,
573.24416,EKP,,R,R,R,,,,R,R,,,R,S,R,,R,R,R,R,,,,R,R,,,,,,R,,,,,,
72407.2582,EKP,,,S,,,R,R,,,,,,S,R,S,,,R,R,,,R,R,S,R,R,,,,,,,,,,
573.4224,EKP,S,,S,,,,,,,R,,,,S,R,,S,S,R,,,,,,,,,,,,,,,,,
72407.2748,EKP,S,,,R,S,S,R,,R,,,,S,R,S,,,R,R,,,R,R,S,R,R,,,,,,,,,,
573.66408,EKP,,,,,,,,R,R,,,,,R,R,R,R,R,,,,,,,,,,,,,,,,,,
573.4169,EKP,S,,R,,,,,,,R,R,,,R,R,,R,R,R,,,,,,,,,,,,,,,,,
573.65922,EKP,S,,R,,,R,R,,,R,,,S,R,S,,,R,R,,,R,R,S,R,R,,,,,,,,,,
573.66301,EKP,,,S,R,,,,R,,,,,,R,R,R,R,R,,,,,,,,,,,,,,,,,,
573.65948,EKP,S,S,S,R,,S,R,,R,R,S,S,S,R,S,,,R,R,,,R,R,S,R,R,,,,,,,,,,
72407.2678,EKP,,,R,,,R,,,R,R,,R,S,R,S,,,S,R,,,R,R,S,R,R,,,,,,,,,,
573.65902,EKP,S,S,,,,,R,,R,R,S,S,S,R,S,,,R,R,,,R,R,S,R,R,,,,,,,,,,
573.4126,EKP,,,,,,,,,,R,,,,S,R,,S,S,R,,,,,,,,,,,,,,,,,
72407.2445,EKP,S,S,R,,,S,,,S,,,,S,R,S,,,S,R,,,R,R,S,R,R,,,,,,,,,,
573.46363,EKP,,,,R,R,R,,,,,,,,R,,,,R,S,,,,R,,,R,,,,,,,,,,
573.66453,EKP,,S,,R,R,,,,,,,,,R,R,R,R,R,,,,,,,,,,,,,,,,,,
573.24426,EKP,R,,,R,S,R,R,,R,R,R,,S,R,,R,R,R,S,,,,R,R,,,,,,R,,,,,,
573.66025,EKP,S,R,R,R,S,,R,,R,R,,,R,R,R,,,R,R,,,R,R,S,R,R,,,,,,,,,,
72407.2461,EKP,,,S,,,S,,,,R,,S,S,R,S,,,S,R,,,R,R,S,R,R,,,,,,,,,,
1284806.4,EKP,S,S,R,S,S,R,R,R,R,R,R,R,S,R,,,,R,S,,,,,S,,,,,,,,,,R,,
573.66543,EKP,,S,R,R,R,,,R,,,,,,R,R,R,R,R,,,,,,,,,,,,,,,,,,
573.22559,EKP,,,,,,,R,S,,,S,,,R,,,R,,R,,,,,,,,,,,,,,,,,
72407.2708,EKP,,,,,,S,,,R,R,S,S,S,R,R,,,S,R,,,R,R,S,R,R,,,,,,,,,,
72407.2228,EKP,,S,R,R,,,,,,,S,,S,R,S,,,S,R,,,R,R,S,R,R,,,,,,,,,,
72407.273,EKP,R,S,R,R,S,R,R,R,,R,S,S,R,R,S,,,R,R,,,R,R,S,R,R,,,,,,,,R,,
72407.2792,EKP,S,,R,R,,,,,,S,,,S,R,S,,,S,R,,,R,R,S,R,R,,,,,,,,,,
573.66487,EKP,,R,,,,,,R,R,R,,,,R,R,R,R,R,,,,,,,,,,,,,,,,,,
72407.2592,EKP,S,S,S,S,S,,R,,S,,R,,S,S,S,,,S,R,,,S,S,S,R,R,,,,,,,,,,
573.24406,EKP,R,R,R,,,R,R,R,R,R,,,S,R,,R,R,R,R,,,,R,R,,,,,,R,,,,,,
573.12771,EKP,,,S,,,S,,,R,,,R,S,R,,R,R,R,S,,,,R,,R,,,,,R,,,,,,
72407.2253,EKP,,S,S,R,,,,,,,S,,S,R,S,,,R,S,,,R,R,S,R,R,,,,,,,,,,
573.66305,EKP,,S,,,R,,,R,,,,,,R,R,R,R,R,,,,,,,,,,,,,,,,,,
573.15044,EKP,,,S,R,S,,,R,,R,,R,R,R,,R,R,R,R,,,,R,R,R,,,,,R,,,,,,
573.66418,EKP,,S,,R,R,,,,,,,,,R,R,R,R,R,,,,,,,,,,,,,,,,,,
573.65999,EKP,S,,S,,S,S,R,,R,R,,S,S,R,S,,,R,R,,,R,R,S,R,R,,,,,,,,,,
1284791.4,EKP,R,R,S,R,S,R,R,R,R,R,R,R,S,R,,,,R,S,,,,,S,,,,,,,,,,R,,
72407.2292,EKP,S,,,R,,R,R,,R,R,S,,S,R,S,,,R,R,,,R,R,S,R,R,,,,,,,,,,
573.66445,EKP,,S,,,R,,,R,S,,,,,R,R,R,R,S,,,,,,,,,,,,,,,,,,
573.66482,EKP,,S,,,,,,R,,R,,,,R,R,R,R,R,,,,,,,,,,,,,,,,,,
72407.2277,EKP,,,,,,,,,R,,R,,S,R,R,,,S,R,,,R,R,S,R,R,,,,,,,,,,
573.46842,EKP,,R,,,R,,,R,,,R,,R,,,,R,R,R,,R,,R,,,,,R,,,,,S,,,
1328423.3,EKP,,R,R,,S,,R,,,R,R,R,R,,,,,R,R,,,,R,,R,,,,,R,,,,,,
1284830.3,EKP,R,R,S,R,S,R,R,R,R,R,R,R,S,R,,,,R,S,,,,,S,,,,,,,,,,R,,
72407.2585,EKP,S,,S,S,,S,,,,,,,S,R,S,,,S,R,,,R,R,S,R,R,,,,,,,,,,
573.29861,EKP,R,R,,,,,,,,R,,,S,,,,,,R,,S,,,,,,,,,,,,,,,
72407.2475,EKP,,,,S,,,,,S,,,,S,R,S,,,S,R,,,R,R,S,R,R,,,,,,,,,,
573.66216,EKP,,,,,,,,,,R,,,,R,R,R,R,R,,,,,,,,,,,,,,,,,,
573.24384,EKP,,,S,,S,,,S,S,S,,S,S,S,,R,S,S,S,,,,S,S,,,,,,S,,,,,,
573.66323,EKP,,R,S,,,,,,,R,,,,R,R,R,R,R,,,,,,,,,,,,,,,,,,
72407.2361,EKP,S,S,S,R,S,S,,,,,,S,S,R,S,,,R,R,,,R,R,S,R,R,,,,,,,,,,
573.66342,EKP,,S,,,,,,,R,R,,,,R,R,R,R,R,,,,,,,,,,,,,,,,,,
573.5644,EKP,,,R,R,,,R,,R,,R,,R,R,,R,,R,R,,,,,,R,,,,R,R,,,,,,
573.66083,EKP,S,S,R,,S,,R,,,,S,R,S,R,S,,,R,R,,,R,R,S,R,R,,,,,,,,,,
72407.2499,EKP,S,,R,,S,R,,,,,S,,S,R,S,,,R,R,,,R,R,S,R,R,,,,,,,,,,
573.66448,EKP,,,S,R,R,,,R,R,,,,,R,R,R,R,R,,,,,,,,,,,,,,,,,,
573.65924,EKP,,,S,,,,R,,,,S,S,S,R,S,,,R,R,,,R,R,S,R,R,,,,,,,,,,
573.46845,EKP,,R,R,R,R,R,R,R,S,R,R,,S,,,,R,R,S,,R,,R,,,,,R,,,,,S,,,
72407.206,EKP,,,,R,S,R,,R,R,R,R,,R,R,,,,R,R,,,,,S,,,,,,,,,,R,,
72407.2353,EKP,,,,,,,R,,R,S,,,S,R,S,,,R,S,,,R,R,S,R,R,,,,,,,,,,
72407.2836,EKP,S,,R,R,S,S,,,,,,,S,R,S,,,R,S,,,R,R,S,R,R,,,,,,,,,,
72407.2806,EKP,S,,,R,S,R,,,,,S,,S,R,R,,,R,R,,,R,R,S,R,R,,,,,,,,,,
573.46834,EKP,,S,S,,,R,,R,S,,R,,S,,,,R,R,S,,R,,R,,,,,R,,,,,S,,,
573.9721,EKP,R,R,R,R,S,R,R,R,R,R,R,R,,R,,R,R,R,,,,,R,R,R,,,,,R,,,,,,
573.66009,EKP,,,,,S,,R,,R,,R,,S,R,S,,,R,R,,,R,R,S,R,R,,,,,,,,,,
573.12782,EKP,,R,,R,S,,R,,R,,,R,S,R,,R,R,R,R,,,,R,R,R,,,,,R,,,,,,
573.24365,EKP,S,,R,R,S,,,,R,R,R,R,S,R,,R,R,R,R,,,,R,R,,,,,,R,,,,,,
72407.2293,EKP,S,,S,R,S,,,,,,,S,S,R,S,,,R,R,,,R,R,S,R,R,,,,,,,,,,
573.66465,EKP,,,,R,R,,,R,R,R,,,,R,R,R,R,R,,,,,,,,,,,,,,,,,,
72407.2621,EKP,,,,R,,S,,,R,R,,,S,R,R,,,R,R,,,R,R,S,R,R,,,,,,,,,,
72407.2665,EKP,S,S,R,,S,,,,,R,R,R,S,R,S,,,R,R,,,R,R,S,R,R,,,,,,,,,,
574.93,EKP,S,,,R,,S,R,,R,R,,,S,R,R,,,R,R,,,R,R,S,R,R,,,,,,,,,,
574.91,EKP,,,,S,,,R,,R,,,,S,R,R,,,R,R,,,R,R,S,R,R,,,,,,,,,,
72407.2766,EKP,S,S,,R,S,,,,R,R,R,S,S,R,R,,,R,S,,,R,R,S,R,R,,,,,,,,,,
72407.2719,EKP,S,S,S,,,S,R,,,,S,S,S,R,S,,,R,R,,,R,R,S,R,R,,,,,,,,,,
573.20065,EKP,R,R,R,R,S,R,,R,R,,R,,R,R,,R,R,R,R,,,,R,R,R,,,,,R,,,,,,
573.5624,EKP,,,R,R,,,R,,,R,,R,R,R,,R,,R,R,,,,,,R,,,,R,R,,,,,,
573.15042,EKP,R,S,R,R,S,,R,,R,R,R,R,S,R,,R,R,R,R,,,,R,R,R,,,,,R,,,,,,
573.24391,EKP,,S,R,,,R,,,R,R,,R,,R,,R,R,R,S,,,,R,R,,,,,,R,,,,,,
573.31618,EKP,,R,,,,,,,,R,,,R,R,,R,R,R,R,,,,,,,,,,,,,,,,,
1284817.3,EKP,R,S,R,R,S,R,R,R,R,R,R,R,S,R,,,,R,S,,,,,S,,,,,,,,,,R,,
573.17927,EKP,S,S,,R,,,S,R,R,S,,R,S,R,,R,R,R,S,,,,R,R,R,,,,,R,,,,,,
573.66374,EKP,,,S,,R,,,,,,,,,R,R,R,R,R,,,,,,,,,,,,,,,,,,
72407.2618,EKP,S,S,,,S,,R,,S,,R,S,S,S,R,,,S,R,,,R,S,S,R,R,,,,,,,,,,
1328389.3,EKP,R,R,R,,R,R,R,R,,R,,,,R,,R,,R,R,,,,,,R,,,,,R,,,,,,
573.29878,EKP,R,,R,,R,,R,,,,,,S,,,,,,S,,S,,,,,,,,,,,,,,,
573.65939,EKP,,S,S,R,S,S,,,,,S,,S,R,S,,,S,R,,,R,R,S,R,R,,,,,,,,,,
573.66335,EKP,,,,,,,,,,R,,,,R,R,R,R,R,,,,,,,,,,,,,,,,,,
573.66289,EKP,,,R,R,R,,,R,,R,,,,R,R,R,R,R,,,,,,,,,,,,,,,,,,
72407.2848,EKP,S,S,,S,,S,R,,,R,,S,R,R,R,,,R,S,,,R,R,S,R,R,,,,,,,,,,
573.66563,EKP,,S,,R,R,,,R,,R,,,,R,R,R,R,R,,,,,,,,,,,,,,,,,,
573.5781,EKP,R,R,S,R,R,,R,,R,R,R,R,R,R,,R,,R,,,,,,,R,,,,R,R,,,,,,
72407.166,EKP,R,,R,,,R,R,,,R,R,R,S,R,,,,R,R,,,,,S,,,,,,,,,,R,,
72407.2324,EKP,S,S,S,,S,R,R,,,,R,,S,R,R,,,R,R,,,R,R,R,R,R,,,,,,,,,,
573.65992,EKP,S,S,,R,S,S,,,,,R,R,S,R,S,,,R,R,,,R,R,S,R,R,,,,,,,,,,
573.66535,EKP,,,S,R,,,,R,R,,,,,R,R,R,R,R,,,,,,,,,,,,,,,,,,
72407.222,EKP,R,S,R,R,,,R,,R,S,,R,R,R,S,,,S,S,,,R,R,S,R,R,,,,,,,,R,,
573.66213,EKP,,,S,,S,,,,,,,,,S,R,R,S,S,,,,,,,,,,,,,,,,,,
72407.2182,EKP,,,,R,,S,,,,R,S,S,S,R,S,,,R,R,,,R,R,S,R,R,,,,,,,,,,
573.7054,EKP,S,,R,,,,,,,S,R,,,R,R,,R,R,S,,,,,,,,,,,,,,,,,
573.66509,EKP,,S,S,,R,,,,,,,,,R,R,R,R,R,,,,,,,,,,,,,,,,,,
72407.2345,EKP,,S,S,S,,,,,S,,S,S,S,S,S,,,S,S,,,R,S,S,S,R,,,,,,,,,,
573.29908,EKP,R,,S,,R,,R,,,R,,,S,,,,,,R,,S,,,,,,,,,,,,,,,
573.66092,EKP,S,R,,S,S,,R,,R,R,,R,S,R,R,,,R,S,,,R,R,S,R,R,,,,,,,,,,
574.76,EKP,,,,R,,,R,,,R,,,S,R,S,,,S,R,,,R,R,S,R,R,,,,,,,,,,
573.7058,EKP,S,,S,,,,,,,R,R,,,R,R,,R,R,R,,,,,,,,,,,,,,,,,
573.29959,EKP,S,,S,,S,,R,,,,,,S,,,,,,S,,R,,,,,,,,,,,,,,,
72407.259,EKP,R,S,,R,,S,R,R,R,,,R,S,R,S,,,S,R,,,R,R,S,R,R,,,,,,,,R,,
573.29917,EKP,,R,,,R,,,R,,R,,,S,,,,,,S,,S,,,,,,,,,,,,,,,
573.24327,EKP,,R,,R,S,,S,R,R,,,,S,R,,R,R,R,R,,,,R,R,,,,,,R,,,,,,
72407.2743,EKP,S,,,R,S,,R,,,,,R,S,R,S,,,R,R,,,R,R,S,R,R,,,,,,,,,,
573.4105,EKP,S,,S,,,,,,,,,,,R,R,,R,R,R,,,,,,,,,,,,,,,,,
573.66233,EKP,,,R,R,,,,R,R,,,,,R,R,R,R,R,,,,,,,,,,,,,,,,,,
573.24389,EKP,R,,,,S,R,R,,,,R,,S,R,,R,R,R,R,,,,R,R,,,,,,R,,,,,,
573.29902,EKP,,S,,,R,,R,R,,R,,,R,,,,,,R,,S,,,,,,,,,,,,,,,
573.24362,EKP,S,S,S,R,,,,R,R,R,R,R,S,R,,R,R,R,S,,,,R,S,,,,,,R,,,,,,
72407.2742,EKP,,S,S,R,,R,,,R,,S,R,S,R,S,,,R,R,,,R,R,S,R,R,,,,,,,,,,
573.29938,EKP,,R,,,,,R,R,,,,,R,,,,,,R,,S,,,,,,,,,,,,,,,
1328427.3,EKP,,S,R,S,S,,R,,,R,,R,,,,,,R,,,,,R,,R,,,,,R,,,,,,
573.31611,EKP,R,,,R,R,,,R,,,,,R,R,,R,R,R,R,,,,,,,,,,,,,,,,,
573.67357,EKP,S,,R,R,S,,,R,,,R,,,,,,,,,,S,,,,,,S,R,,,,,,,,
72407.227,EKP,S,,S,R,,,R,,,R,S,R,S,R,S,,,R,R,,,R,R,S,S,S,,,,,,,,R,,
573.7079,EKP,S,,R,,,,,,,R,R,,,R,R,,R,R,R,,,,,,,,,,,,,,,,,
72407.2409,EKP,,,S,R,S,R,R,,,,S,,S,R,S,,,S,R,,,R,R,S,R,R,,,,,,,,,,
573.66564,EKP,,,,,,,,,,R,,,,R,R,R,R,R,,,,,,,,,,,,,,,,,,
573.7033,EKP,S,R,R,R,S,R,R,R,R,R,R,R,S,R,,R,R,R,S,,,,R,S,R,,,,,R,,,,,,
573.66316,EKP,,R,S,R,,,,R,R,R,,,,R,R,R,R,R,,,,,,,,,,,,,,,,,,
72407.2351,EKP,S,,,,S,S,,,R,R,S,,S,R,S,,,R,R,,,R,R,S,R,R,,,,,,,,,,
72407.2269,EKP,S,,,,S,S,,,,,,,S,R,S,,,S,R,,,S,S,S,R,R,,,,,,,,,,
72407.2201,EKP,,,,,,S,,,R,R,S,R,S,R,S,,,R,R,,,R,R,S,R,R,,,,,,,,,,
574.8,EKP,S,S,R,,,R,,,R,,,,S,R,R,,,R,R,,,R,R,S,R,R,,,,,,,,,,
72407.2735,EKP,S,S,,,,,R,,S,R,,,S,R,S,,,S,R,,,R,R,S,R,R,,,,,,,,,,
72407.2242,EKP,S,S,R,,S,,,,,,S,,S,R,S,,,S,S,,,R,R,S,R,R,,,,,,,,,,
573.4159,EKP,S,,R,,,,,,,R,R,,,R,R,,R,R,R,,,,,,,,,,,,,,,,,
574.102,EKP,,S,S,,,S,,,R,,,,S,R,S,,,R,R,,,R,R,S,R,R,,,,,,,,,,
72407.2472,EKP,,R,,R,,R,R,,R,,R,R,S,R,R,,,R,R,,,R,R,S,R,R,,,,,,,,,,
573.29953,EKP,S,,,,,,R,R,,R,,,S,,,,,,S,,S,,,,,,,,,,,,,,,
573.66472,EKP,,,,,,,,,R,R,,,,R,R,R,R,R,,,,,,,,,,,,,,,,,,
72407.2589,EKP,S,,R,R,,,,,R,R,S,R,S,R,S,,,R,R,,,R,R,S,R,R,,,,,,,,,,
72407.2337,EKP,,S,S,R,,,R,,R,,S,,S,R,S,,,R,R,,,R,R,S,R,R,,,,,,,,,,
573.66473,EKP,,,,,R,,,,R,R,,,,R,R,R,R,R,,,,,,,,,,,,,,,,,,
573.66082,EKP,,,R,R,S,S,,,R,,,R,S,R,S,,,R,R,,,R,R,S,R,R,,,,,,,,,,
573.31622,EKP,R,,R,,,,,,,R,R,,R,R,,R,R,R,R,,,,,,,,,,,,,,,,,
1304924.3,EKP,R,R,R,R,S,R,S,R,R,R,R,R,S,R,,,,R,S,,,,,S,,,,,,,,,,R,,
573.65917,EKP,S,S,S,R,,,R,,R,,S,R,S,R,S,,,R,R,,,R,R,S,R,S,,,,,,,,,,
573.24331,EKP,,R,R,R,S,R,,,R,R,R,,S,R,,R,R,R,R,,,,R,R,,,,,,R,,,,,,
72407.2186,EKP,,,,R,S,,R,,,R,,R,S,R,S,,,R,R,,,R,R,S,R,R,,,,,,,,,,
573.24247,EKP,R,R,,,S,,R,R,,R,R,,S,R,,R,R,R,R,,,,R,R,R,,,,,R,,,,,,
573.46848,EKP,,R,,,,R,,R,S,R,,,S,,,,R,R,S,,R,,R,,,,,R,,,,,S,,,
573.66306,EKP,,,S,,,,,R,R,,,,,R,R,R,R,R,,,,,,,,,,,,,,,,,,
573.66221,EKP,,,S,R,R,,,,R,,,,,R,R,R,R,R,,,,,,,,,,,,,,,,,,
573.66523,EKP,,R,,R,,,,R,S,R,,,,R,R,R,R,R,,,,,,,,,,,,,,,,,,
573.65936,EKP,,S,,R,S,S,,,,R,,,S,R,S,,,S,R,,,R,R,S,R,R,,,,,,,,,,
72407.2373,EKP,,,,,S,,,,R,R,S,R,S,R,S,,,S,S,,,R,R,S,R,R,,,,,,,,,,
573.66096,EKP,,R,S,S,S,R,R,,R,,,,S,R,R,,,R,R,,,R,R,S,R,R,,,,,,,,,,
573.31606,EKP,R,,R,,R,,,R,,R,,,R,R,,R,R,R,R,,,,,,,,,,,,,,,,,
72407.246,EKP,,R,S,R,,R,R,,R,R,R,R,S,R,S,,,R,R,,,R,R,S,R,R,,,,,,,,R,,
573.66476,EKP,,,,,S,,,S,R,,,,,R,R,R,R,R,,,,,,,,,,,,,,,,,,
573.65988,EKP,S,,,R,S,S,R,,R,,R,R,S,R,S,,,R,R,,,R,R,S,R,R,,,,,,,,,,
72407.2823,EKP,S,S,,,S,,,,R,,,S,S,R,S,,,S,R,,,R,R,S,R,R,,,,,,,,,,
72407.1439,EKP,,,,,S,R,,R,,,,,,R,,,,R,R,,,,,,,,,,,,,,,,,
72407.266,EKP,S,R,,,S,R,R,R,R,,,,R,R,R,,,R,R,,,R,R,S,R,R,,,,,,,,R,,
574.92,EKP,S,S,S,,S,S,,,R,,S,,S,R,S,,,S,R,,,R,R,S,R,R,,,,,,,,,,
72407.2189,EKP,,,S,S,S,S,,,,,R,S,S,S,S,,,R,R,,,S,R,S,R,S,,,,,,,,,,
72407.2528,EKP,S,S,R,R,S,S,,,,R,R,,S,R,S,,,R,R,,,R,R,S,R,R,,,,,,,,,,
573.24428,EKP,R,,,,S,,,R,,R,,,S,R,,R,R,R,R,,,,R,R,,,,,,R,,,,,,
573.4091,EKP,S,,R,,,,,,,R,S,,,R,R,,R,R,R,,,,,,,,,,,,,,,,,
573.29961,EKP,,,,,R,,R,R,,,,,R,,,,,,S,,S,,,,,,,,,,,,,,,
573.65907,EKP,S,,S,,,S,R,,R,R,,R,S,R,S,,,S,S,,,R,R,S,R,R,,,,,,,,,,
72407.2772,EKP,S,S,,S,,,,,S,S,S,,S,S,S,,,S,R,,,S,S,S,S,R,,,,,,,,,,
573.65969,EKP,S,,S,,S,S,R,,,,,R,S,R,R,,,R,R,,,R,R,S,R,R,,,,,,,,,,
72407.204,EKP,R,,R,,S,R,R,,,R,R,,R,R,,,,R,R,,,,,S,,,,,,,,,,R,,
573.66373,EKP,,R,,R,S,,,,R,,,,,R,R,R,R,R,,,,,,,,,,,,,,,,,,
72407.1437,EKP,,S,S,R,R,R,,,,,,,,R,,,,R,R,,,,,,,,,,,,,,,,,
72407.2741,EKP,S,,,,S,,R,,,,,R,S,R,S,,,R,R,,,R,R,S,R,R,,,,,,,,,,
573.24445,EKP,R,,,,S,R,,,R,,R,R,S,R,,R,R,R,R,,,,R,R,,,,,,R,,,,,,
573.66046,EKP,,S,S,R,,S,,,R,R,S,R,R,R,R,,,R,R,,,R,R,S,R,R,,,,,,,,,,
573.31613,EKP,R,,R,R,R,,,R,,,R,,R,R,,R,R,R,R,,,,,,,,,,,,,,,,,
573.66488,EKP,,S,R,R,R,,,R,R,,,,,R,R,R,R,R,,,,,,,,,,,,,,,,,,
574.116,EKP,S,S,,,S,,,,R,,S,,S,R,S,,,R,S,,,R,R,S,R,R,,,,,,,,,,
72407.2593,EKP,,S,S,,S,,R,,R,,S,,S,R,S,,,R,R,,,R,R,S,R,R,,,,,,,,,,
573.66436,EKP,,,,R,S,,,,R,,,,,R,R,R,R,R,,,,,,,,,,,,,,,,,,
573.7224,EKP,,S,S,R,S,,R,R,R,R,R,S,S,,,,,R,R,,,,R,,,,,,,,,,,,,
72407.2809,EKP,,S,,S,,,,,,R,R,,S,R,S,,,R,R,,,R,R,S,R,R,,,,,,,,,,
573.31605,EKP,,R,,,R,,,,,R,R,,R,R,,R,R,R,R,,,,,,,,,,,,,,,,,
72407.2544,EKP,S,,R,R,,,,,,,R,,S,R,S,,,R,R,,,R,R,S,R,R,,,,,,,,,,
573.12779,EKP,S,,R,R,,R,,R,R,R,,,S,R,,R,R,R,R,,,,R,R,R,,,,,R,,,,,,
72407.2532,EKP,S,,,,,,,,,S,,R,S,R,S,,,R,R,,,R,R,S,R,R,,,,,,,,,,
72407.2746,EKP,,,S,,S,,,,R,,,,S,R,S,,,S,R,,,R,R,S,R,R,,,,,,,,,,
573.4056,EKP,S,,S,,,,,,,R,S,,,,R,,S,S,R,,,,,,,,,,,,,,,,,
573.24371,EKP,,R,,S,S,R,R,,,,,R,S,R,,R,R,R,R,,,,R,R,,,,,,R,,,,,,
573.12773,EKP,R,R,,,,,R,,R,R,,R,S,R,,R,R,R,R,,,,R,R,R,,,,,R,,,,,,
573.24424,EKP,R,,S,,,,R,R,,R,,R,S,R,,R,R,R,R,,,,R,R,,,,,,R,,,,,,
573.24387,EKP,R,S,,R,S,,,,,R,R,,S,R,,R,R,R,R,,,,R,R,,,,,,R,,,,,,
72407.253,EKP,R,S,S,R,S,S,R,,,R,R,,S,R,S,,,R,R,,,R,R,S,R,R,,,,,,,,R,,
573.65991,EKP,,,,,,,R,,R,,R,,S,R,S,,,R,R,,,R,R,S,R,R,,,,,,,,,,
573.66339,EKP,,R,,,S,,,S,R,R,,,,R,R,R,R,R,,,,,,,,,,,,,,,,,,
573.17915,EKP,R,R,R,,,R,,R,,R,R,R,S,R,,R,,R,R,,S,,R,R,R,,,R,,R,,,,,,
72407.2313,EKP,S,,S,S,,,R,,,,S,,S,R,R,,,R,R,,,R,R,S,R,S,,,,,,,,,,
573.24419,EKP,S,S,R,R,,,,R,R,,,,S,R,,R,R,R,R,,,,R,S,,,,,,R,,,,,,
573.4216,EKP,S,,,,,,,,,S,,,,S,R,,S,S,R,,,,,,,,,,,,,,,,,
72407.2389,EKP,,,,,S,R,R,,,,R,S,S,R,R,,,R,S,,,R,R,S,R,R,,,,,,,,,,
573.66546,EKP,,S,,R,,,,R,,R,,,,R,R,R,R,R,,,,,,,,,,,,,,,,,,
1284826.3,EKP,R,R,S,R,S,R,R,R,R,R,R,R,S,R,,,,R,S,,,,,S,,,,,,,,,,R,,
573.24297,EKP,,,R,,S,,R,,,R,R,,S,R,,R,R,R,S,,,,R,S,R,,,,,R,,,,,,
574.101,EKP,,,S,R,S,,R,,,R,R,S,S,R,R,,,R,R,,,R,R,S,R,R,,,,,,,,,,
573.66404,EKP,,,S,R,R,,,R,R,,,,,R,R,R,R,R,,,,,,,,,,,,,,,,,,
72407.2379,EKP,S,,,S,,S,,,S,,S,,S,R,S,,,S,R,,,R,R,S,R,R,,,,,,,,,,
72407.2308,EKP,S,,,R,,R,R,,,R,,S,S,R,S,,,R,R,,,R,R,S,R,R,,,,,,,,,,
573.24364,EKP,R,R,R,R,S,,R,,,,,R,R,R,,R,R,R,R,,,,R,R,,,,,,R,,,,,,
1284825.3,EKP,R,R,R,R,S,R,R,R,R,R,R,R,S,R,,,,R,S,,,,,S,,,,,,,,,,R,,
72407.2525,EKP,,S,,R,,,R,,,R,,R,S,R,R,,,R,R,,,R,R,S,R,R,,,,,,,,,,
72407.2274,EKP,S,S,,R,,,R,,R,R,R,,R,R,R,,,R,R,,,R,R,S,R,R,,,,,,,,,,
72407.243,EKP,S,,R,R,,R,R,,R,R,,R,S,R,S,,,R,R,,,R,R,S,R,R,,,,,,,,R,,
72407.2426,EKP,S,,S,,,,,,R,,,S,R,R,S,,,R,S,,,R,R,S,S,R,,,,,,,,,,
573.66072,EKP,S,,S,R,,S,,,,,S,,S,R,S,,,R,R,,,R,R,S,S,R,,,,,,,,,,
573.65975,EKP,,,,R,,,,,R,R,R,,S,R,R,,,R,R,,,R,R,R,R,R,,,,,,,,,,
72407.2341,EKP,,S,S,R,S,,,,,,,S,S,R,R,,,R,R,,,R,R,S,R,R,,,,,,,,,,
72407.2263,EKP,,,,S,,,R,,,,S,S,S,R,S,,,R,R,,,R,R,S,S,R,,,,,,,,,,
573.29996,EKP,,,,,R,,,R,,R,,,R,,,,,,R,,S,,,,,,,,,,,,,,,
72407.234,EKP,S,S,R,R,S,R,R,R,R,R,S,,S,R,S,,,R,R,,,R,R,S,S,R,,,,,,,,R,,
72407.2336,EKP,,,R,R,S,,,,,R,,,S,R,S,,,R,R,,,R,R,S,R,R,,,,,,,,,,
573.24318,EKP,R,,R,R,S,R,,,,,,,R,R,,R,R,R,R,,,,R,R,R,,,,,R,,,,,,
573.66443,EKP,,S,,R,R,,,,R,,,,,R,R,R,R,R,,,,,,,,,,,,,,,,,,
72407.2295,EKP,,,S,R,S,S,R,,,,,S,S,R,S,,,R,R,,,R,R,S,R,R,,,,,,,,,,
573.24449,EKP,,S,R,,,S,R,R,,,,,S,R,,R,R,R,S,,,,R,R,,,,,,R,,,,,,
72407.2513,EKP,S,,,R,,S,,,R,,S,,S,R,S,,,R,R,,,R,R,S,R,R,,,,,,,,,,
573.29987,EKP,R,R,,,,,R,,,,,,S,,,,,,S,,S,,,,,,,,,,,,,,,
72407.2847,EKP,S,,,R,,R,,,,R,R,,S,R,R,,,R,S,,,R,R,S,R,R,,,,,,,,,,
573.66391,EKP,,S,S,R,,,,,,R,,,,R,R,R,R,R,,,,,,,,,,,,,,,,,,
573.66237,EKP,,,,,,,,,,R,,,,R,R,R,R,R,,,,,,,,,,,,,,,,,,
573.46831,EKP,,S,S,R,,R,,,S,,R,,S,,,,R,R,S,,R,,R,,,,,R,,,,,S,,,
72407.2284,EKP,S,S,,,,,R,,R,,,S,S,R,S,,,S,R,,,R,R,S,R,R,,,,,,,,,,
72407.2762,EKP,,,S,,,,R,,R,R,S,,S,R,S,,,R,R,,,R,R,S,R,R,,,,,,,,,,
72407.2486,EKP,S,,,,S,R,,,,R,S,,R,R,S,,,R,R,,,R,R,S,R,R,,,,,,,,,,
573.65984,EKP,S,S,,S,,,,,,R,R,,S,R,R,,,R,R,,,R,R,S,R,R,,,,,,,,,,
573.24437,EKP,R,R,,R,,R,,R,R,R,R,R,S,R,,R,R,R,R,,,,R,R,,,,,,R,,,,,,
72407.245,EKP,R,S,,,,,R,R,R,R,,,S,R,S,,,R,S,,,R,R,S,R,R,,,,,,,,R,,
573.66559,EKP,,,,,,,,S,R,R,,,,R,R,R,R,R,,,,,,,,,,,,,,,,,,
1328425.3,EKP,,,S,S,S,,R,,,S,,S,,,,,,S,,,,,S,,S,,,,,S,,,,,,
573.24355,EKP,R,R,,R,S,R,,,,R,R,,S,R,,R,R,R,R,,,,R,R,,,,,,R,,,,,,
72407.2521,EKP,S,,R,,S,,R,,,R,,,S,R,R,,,S,R,,,R,S,S,R,R,,,,,,,,,,
573.66286,EKP,,S,R,R,,,,,R,,,,,R,R,R,R,R,,,,,,,,,,,,,,,,,,
72407.2854,EKP,S,S,S,,S,S,,,,,,S,S,R,S,,,R,R,,,R,R,S,R,R,,,,,,,,,,
573.46331,EKP,,R,,R,R,R,,,,,,,,R,,,,R,R,,,,R,,,R,,,,,,,,,,
72407.271,EKP,R,S,R,R,S,,R,R,R,R,,R,S,R,S,,,S,R,,,R,R,S,R,R,,,,,,,,R,,
573.29952,EKP,,,S,,R,,,R,,,,,R,,,,,,S,,S,,,,,,,,,,,,,,,
72407.2661,EKP,S,,,R,S,,,,R,R,S,R,S,R,S,,,R,R,,,R,R,S,R,R,,,,,,,,,,
573.66328,EKP,,S,R,,R,,,R,R,R,,,,R,R,R,R,R,,,,,,,,,,,,,,,,,,
573.24332,EKP,,,S,,S,R,,R,,,,R,S,R,,R,R,R,S,,,,R,S,,,,,,R,,,,,,
72407.2851,EKP,S,S,,S,S,S,R,,,S,S,S,S,S,S,,,S,R,,,S,S,S,R,R,,,,,,,,,,
573.65994,EKP,,S,R,,,,,,,R,R,,S,R,R,,,R,R,,,R,R,S,R,R,,,,,,,,,,
573.55251,EKP,,R,R,,R,,,R,,,,,S,R,,,,R,,,,,,,,,,,,,,,,,,
574.119,EKP,,S,S,S,,S,,,,,S,R,S,S,R,,,S,R,,,R,S,S,R,R,,,,,,,,,,
72407.2317,EKP,,S,S,S,,,R,,S,,S,,S,R,R,,,R,R,,,R,R,S,R,R,,,,,,,,,,
72407.2578,EKP,,S,,,,,,,R,,,R,S,R,S,,,R,R,,,R,R,S,R,R,,,,,,,,,,
72407.2229,EKP,S,,,R,,,,,,S,,,S,R,S,,,S,R,,,R,R,S,R,R,,,,,,,,,,
573.4122,EKP,S,,R,,,,,,,R,,,,R,R,,R,R,R,,,,,,,,,,,,,,,,,
72407.2526,EKP,S,,S,,,,,,,S,S,,S,R,S,,,S,R,,,R,R,S,R,R,,,,,,,,,,
573.66318,EKP,,,R,R,,,,,R,,,,,R,R,R,R,R,,,,,,,,,,,,,,,,,,
573.66037,EKP,,S,,,S,,,,,,S,S,R,R,R,,,R,S,,,R,R,S,S,R,,,,,,,,,,
72407.2267,EKP,,S,,,,S,R,,R,R,S,,S,R,S,,,R,R,,,R,R,S,R,R,,,,,,,,,,
573.66516,EKP,,S,R,R,S,,,S,R,R,,,,R,R,R,S,R,,,,,,,,,,,,,,,,,,
72407.2424,EKP,S,,,R,,R,R,,R,R,,R,S,R,R,,,R,R,,,R,R,S,R,R,,,,,,,,,,
573.24398,EKP,R,,R,,,R,R,R,,R,R,R,S,R,,R,R,R,S,,,,R,R,,,,,,R,,,,,,
573.66098,EKP,,R,,,S,S,R,,R,R,,,S,R,R,,,R,R,,,R,R,S,R,R,,,,,,,,,,
573.66426,EKP,,S,,S,,,,R,,,,,,R,R,R,R,S,,,,,,,,,,,,,,,,,,
574.81,EKP,,S,S,S,S,R,,,S,R,,,S,R,R,,,R,R,,,R,R,S,R,R,,,,,,,,,,
72407.2846,EKP,S,,,,,R,R,,,R,S,,S,R,S,,,R,R,,,R,R,S,R,R,,,,,,,,,,
72407.2562,EKP,S,S,R,,,,R,,S,R,R,,S,R,R,,,R,R,,,R,R,S,R,R,,,,,,,,,,
573.46852,EKP,,,,R,R,,R,R,S,,R,,S,,,,R,R,S,,R,,R,,,,,R,,,,,S,,,
72407.2366,EKP,,,,R,,S,,,S,,,,S,R,S,,,S,R,,,R,R,S,R,R,,,,,,,,,,
573.29883,EKP,,,R,,R,,R,R,,,,,S,,,,,,S,,S,,,,,,,,,,,,,,,
573.65941,EKP,S,,,,S,R,,,R,R,S,,S,R,R,,,R,S,,,R,R,R,R,R,,,,,,,,,,
573.24352,EKP,,,S,,,,,,R,,,R,S,R,,R,R,R,R,,,,R,R,,,,,,R,,,,,,
72407.2607,EKP,,S,S,R,S,S,R,,R,,,,S,R,S,,,R,R,,,R,R,S,R,R,,,,,,,,,,
573.65989,EKP,,,,R,,S,,,,S,S,R,S,R,S,,,R,R,,,R,R,S,S,R,,,,,,,,,,
573.66249,EKP,,,,,,,,S,,S,,,,R,R,R,R,S,,,,,,,,,,,,,,,,,,
573.66562,EKP,,,,R,,,,S,,R,,,,R,R,R,R,R,,,,,,,,,,,,,,,,,,
72407.2874,EKP,S,,S,,S,,R,,R,,S,,S,R,R,,,R,R,,,R,R,S,R,R,,,,,,,,,,
573.66217,EKP,,S,S,,R,,,R,,R,,,,R,R,R,R,R,,,,,,,,,,,,,,,,,,
573.46341,EKP,,,,,R,,,,,R,,,,R,,,,R,S,,,,R,,,R,,,,,,,,,,
72407.2306,EKP,S,S,,,S,,R,,,R,R,R,S,R,S,,,R,R,,,R,R,S,R,S,,,,,,,,,,
573.65931,EKP,S,,S,S,,,,,S,S,S,,S,R,R,,,R,R,,,R,R,R,R,R,,,,,,,,,,
573.66021,EKP,S,S,,R,,,,,R,,S,,S,R,R,,,R,R,,,R,R,R,R,R,,,,,,,,,,
573.24377,EKP,,,S,R,,,R,R,R,R,,,S,R,,R,R,R,R,,,,R,S,,,,,,R,,,,,,
72407.2225,EKP,S,,S,R,,,,,,,S,,S,R,S,,,S,R,,,R,R,S,R,R,,,,,,,,,,
72407.2524,EKP,,,R,R,S,,R,,R,R,S,R,S,R,S,,,R,R,,,R,R,S,R,R,,,,,,,,,,
72407.2217,EKP,S,S,S,R,,,R,,R,S,,S,S,R,S,,,S,R,,,R,R,S,R,R,,,,,,,,,,
573.24401,EKP,R,R,,,,R,,,R,,,R,S,R,,R,R,R,R,,,,R,R,,,,,,R,,,,,,
573.66244,EKP,,,,,R,,,R,R,,,,,R,R,R,R,R,,,,,,,,,,,,,,,,,,
1328417.3,EKP,,,S,S,S,,R,,,S,,S,,,,,,S,,,,,S,,S,,,,,S,,,,,,
573.66029,EKP,S,S,S,,S,,R,,R,,S,S,S,R,S,,,S,R,,,R,R,S,S,R,,,,,,,,,,
573.4209,EKP,S,,,,,,,,,,,,,R,R,,R,R,R,,,,,,,,,,,,,,,,,
573.30012,EKP,R,R,,,,,R,R,,R,,,R,,,,,,R,,S,,,,,,,,,,,,,,,
573.46839,EKP,,S,S,,,,R,,R,R,R,,S,,,,R,R,S,,R,,R,,,,,R,,,,,S,,,
72407.2869,EKP,S,,,R,,S,R,,R,,S,,S,R,S,,,R,R,,,R,R,S,R,R,,,,,,,,,,
573.46357,EKP,R,,,,,R,,,,R,,,,R,,,,R,S,,,,R,,,R,,,,,,,,,,
573.24276,EKP,R,S,R,,,R,,R,,,R,,S,R,,R,R,R,S,,,,R,R,R,,,,,R,,,,,,
72407.2172,EKP,S,S,R,R,,S,R,,R,,S,R,S,R,S,,,S,R,,,R,R,S,R,R,,,,,,,,,,
573.66031,EKP,S,,,,S,,R,,S,R,S,R,S,R,S,,,S,R,,,R,R,S,R,R,,,,,,,,,,
1438697.3,EKP,,,S,R,S,,R,,,R,,S,S,,,,,R,R,,,,R,,R,,,,,R,,,,,,
72407.2679,EKP,S,,S,R,,,,,,,,S,S,R,S,,,S,S,,,R,R,S,S,R,,,,,,,,,,
573.4069,EKP,S,,S,,,,,,,R,R,,,S,S,,S,S,R,,,,,,,,,,,,,,,,,
1438699.3,EKP,,,R,R,S,,R,,,R,R,R,S,,,,,R,R,,,,R,,R,,,,,R,,,,,,
573.24411,EKP,,,R,,S,R,,R,R,R,,R,R,R,,R,R,R,R,,,,R,R,,,,,,R,,,,,,
573.66007,EKP,S,,,R,S,,R,,R,S,S,,S,R,S,,,S,R,,,R,R,S,R,S,,,,,,,,,,
72407.2403,EKP,,,S,R,,R,R,,R,,,R,S,R,R,,,R,R,,,R,R,R,R,R,,,,,,,,,,
573.66253,EKP,,,S,R,,,,R,,,,,,R,R,R,R,R,,,,,,,,,,,,,,,,,,
573.66004,EKP,S,S,S,R,,,R,,,,,S,S,R,S,,,R,R,,,R,R,S,S,R,,,,,,,,,,
72407.2187,EKP,,,,,S,S,,,,,R,,S,S,S,,,R,S,,,R,S,S,R,R,,,,,,,,,,
72407.265,EKP,S,S,S,R,,,R,,R,,R,R,S,R,S,,,R,R,,,R,R,S,R,S,,,,,,,,R,,
72407.2826,EKP,,,S,S,S,,R,,S,,,,S,S,R,,,S,R,,,S,S,S,R,R,,,,,,,,,,
573.66427,EKP,,S,,,,,,,,R,,,,R,R,R,R,R,,,,,,,,,,,,,,,,,,
573.22558,EKP,,,,,,,,,,,R,,S,R,,,R,S,R,,,,,,,,,,,,,,,,,
1328412.3,EKP,R,R,,,S,,,,,R,,R,,,,,,R,,,,,R,,,,,,,,,,,,,
573.46328,EKP,S,R,,,S,R,,,,R,,,,R,,,,R,R,,,,R,,,R,,,,,,,,,,
573.65997,EKP,,S,,R,,,,,,,S,S,S,R,S,,,R,S,,,R,R,S,R,R,,,,,,,,,,
573.66364,EKP,,R,R,R,,,,,R,R,,,,R,R,R,R,R,,,,,,,,,,,,,,,,,,
72407.2444,EKP,,S,R,S,,,,,,R,,,S,R,R,,,R,R,,,R,R,S,R,R,,,,,,,,,,
573.66584,EKP,,,R,,R,,,R,R,,,,,R,R,R,R,R,,,,,,,,,,,,,,,,,,
573.67366,EKP,S,,,R,S,,,R,,,,,,,,,,,,,S,,,,,,S,R,,,,,,,,
573.4154,EKP,S,,S,,,,,,,R,R,,,S,R,,S,S,R,,,,,,,,,,,,,,,,,
72407.2376,EKP,S,S,R,R,S,S,,,,R,,R,S,R,S,,,R,R,,,R,R,S,R,R,,,,,,,,,,
573.7094,EKP,S,,R,,,,,,,R,R,,,,R,,R,R,R,,,,,,,,,,,,,,,,,
1284802.4,EKP,R,R,S,R,S,R,R,R,R,R,R,R,S,R,,,,R,S,,,,,S,,,,,,,,,,R,,
573.4153,EKP,S,,R,,,,,,,R,S,,,R,R,,S,R,R,,,,,,,,,,,,,,,,,
72407.2564,EKP,S,S,,,,R,,,,,R,,S,R,R,,,R,R,,,R,R,S,R,R,,,,,,,,,,
573.46833,EKP,,,R,,R,R,R,R,R,,,,S,,,,R,R,R,,R,,R,,,,,R,,,,,S,,,
72407.2243,EKP,,,,,S,S,R,,,,,,S,R,S,,,R,R,,,R,R,S,S,R,,,,,,,,,,
573.7041,EKP,S,,S,,,,,,,S,R,,,S,R,,S,S,R,,,,,,,,,,,,,,,,,
72407.148,EKP,S,R,R,R,S,R,R,S,R,R,R,R,S,R,,,,R,R,,,,,S,,,,,,,,,,R,,
72407.2323,EKP,,,,R,,R,R,,R,,R,R,S,R,R,,,R,R,,,R,R,S,R,R,,,,,,,,,,
573.46388,EKP,,S,,,R,R,,,,,,,,R,,,,R,R,,,,R,,,R,,,,,,,,,,
573.66033,EKP,S,S,,S,,,,,S,,S,,S,R,S,,,S,R,,,R,R,S,R,R,,,,,,,,,,
573.46325,EKP,R,R,,,S,,,,,,,,,R,,,,R,R,,,,R,,,R,,,,,,,,,,
72407.2862,EKP,S,S,,,S,S,R,,R,R,,,S,R,S,,,R,R,,,R,R,S,R,R,,,,,,,,,,
573.24372,EKP,,R,R,R,,,,R,R,R,,,S,R,,R,R,R,S,,,,R,R,,,,,,R,,,,,,
72407.2559,EKP,S,,R,,,,R,,,,,,S,R,S,,,S,R,,,R,R,S,R,R,,,,,,,,,,
1284808.4,EKP,R,R,S,R,S,R,R,R,R,R,R,R,S,R,,,,R,R,,,,,S,,,,,,,,,,R,,
573.65916,EKP,S,,,R,S,S,R,,,,S,,S,R,S,,,S,R,,,R,R,S,R,R,,,,,,,,,,
573.66285,EKP,,,R,R,,,,R,R,,,,,R,R,R,R,R,,,,,,,,,,,,,,,,,,
72407.229,EKP,R,S,R,,S,S,,,S,S,R,,S,S,S,,,S,S,,,S,S,S,S,R,,,,,,,,R,,
573.7027,EKP,R,S,R,R,S,R,R,R,R,R,R,R,S,R,,R,R,R,R,,,,R,R,R,,,,,R,,,,,,
574.78,EKP,,,S,S,,R,,,,,R,S,S,R,R,,,R,R,,,R,R,S,R,R,,,,,,,,,,
573.46856,EKP,,,,R,R,,R,R,,,R,,S,,,,R,R,S,,R,,R,,,,,R,,,,,S,,,
573.66533,EKP,,R,S,R,R,,,R,,R,,,,R,R,R,R,R,,,,,,,,,,,,,,,,,,
573.66234,EKP,,S,,,R,,,R,R,R,,,,R,R,R,R,R,,,,,,,,,,,,,,,,,,
72407.2663,EKP,,,,,S,S,R,,R,,,,S,R,R,,,R,R,,,R,R,S,R,R,,,,,,,,,,
573.46383,EKP,,,,R,,R,,,,R,,,,R,,,,R,S,,,,R,,,R,,,,,,,,,,
72407.2282,EKP,S,,S,,S,S,,,R,,,S,S,R,S,,,S,R,,,R,R,S,R,R,,,,,,,,,,
573.29969,EKP,,R,R,,R,,R,,,R,,,R,,,,,,R,,S,,,,,,,,,,,,,,,
72407.2318,EKP,S,,,,S,S,,,,,S,R,S,R,R,,,R,R,,,R,R,R,R,R,,,,,,,,,,
573.24333,EKP,,R,,,S,R,R,R,R,,,R,S,R,,R,R,R,R,,,,R,R,,,,,,R,,,,,,
72407.2798,EKP,S,,R,R,S,,,,R,,,,S,R,S,,,S,R,,,R,R,S,R,R,,,,,,,,,,
573.66416,EKP,,,,R,R,,,R,R,,,,,R,R,R,R,R,,,,,,,,,,,,,,,,,,
72407.2535,EKP,S,,,,,S,R,,,S,,S,S,R,S,,,S,R,,,R,R,S,R,R,,,,,,,,,,
72407.2675,EKP,,S,R,R,,,,,,R,S,R,S,R,S,,,R,R,,,R,R,S,R,R,,,,,,,,,,
573.29942,EKP,R,S,S,,,,R,,,,,,S,,,,,,S,,S,,,,,,,,,,,,,,,
72407.2367,EKP,S,,R,,S,R,,,,R,R,,S,R,R,,,S,R,,,R,R,S,R,R,,,,,,,,,,
574.112,EKP,S,S,,R,S,S,R,,,R,S,,S,R,S,,,R,R,,,R,R,S,R,R,,,,,,,,,,
1328395.3,EKP,S,S,S,,S,S,R,S,,S,,,,S,,R,,S,R,,,,,,S,,,,,S,,,,,,
72407.2789,EKP,S,S,,,S,,,,S,R,,,S,S,R,,,S,R,,,S,S,S,R,R,,,,,,,,,,
573.66094,EKP,S,R,,R,S,S,R,,,,,R,S,R,R,,,R,R,,,R,R,S,R,R,,,,,,,,,,
72407.2387,EKP,S,S,S,R,,R,R,,R,,R,,S,R,S,,,R,R,,,R,R,S,R,R,,,,,,,,,,
573.31615,EKP,,R,,R,R,,,,,,,,R,R,,R,R,R,R,,,,,,,,,,,,,,,,,
573.22567,EKP,,,R,,,,R,,,S,,,S,R,,,,S,,,,,,,,,,,,,,,,,,
573.5777,EKP,R,R,S,R,R,,R,,R,R,R,R,R,R,,R,,R,R,,,,,,R,,,,R,R,,,,,,
573.66507,EKP,,,,,,,,,R,,,,,R,R,R,R,R,,,,,,,,,,,,,,,,,,
573.24379,EKP,,R,S,R,S,,,R,R,R,,,S,R,,R,R,R,R,,,,R,R,,,,,,R,,,,,,
573.66396,EKP,,,,,,,,,R,R,,,,R,R,R,R,R,,,,,,,,,,,,,,,,,,
72407.2711,EKP,,,S,,S,,R,,R,R,R,S,S,R,R,,,R,R,,,R,R,S,R,R,,,,,,,,,,
72407.2565,EKP,,S,S,,S,,R,,R,,,R,S,R,R,,,R,R,,,R,R,S,R,R,,,,,,,,,,
573.66258,EKP,,S,R,,,,,,R,,,,,R,R,R,R,R,,,,,,,,,,,,,,,,,,
573.46411,EKP,,S,,,,,,,,R,,,,R,,,,R,R,,,,R,,,R,,,,,,,,,,
573.24382,EKP,,,,,S,R,,,R,R,R,R,S,R,,R,R,R,R,,,,R,R,,,,,,R,,,,,,
72407.2338,EKP,,,,R,S,,,,R,,,S,S,R,S,,,R,R,,,R,R,S,R,R,,,,,,,,,,
573.4208,EKP,S,,S,,,,,,,R,R,,,R,R,,R,R,R,,,,,,,,,,,,,,,,,
573.46409,EKP,,,,R,S,,,,,R,,,,R,,,,R,R,,,,R,,,R,,,,,,,,,,
574.67,EKP,S,S,S,R,,,R,,,R,,R,S,R,R,,,R,R,,,R,R,S,R,R,,,,,,,,,,
573.30006,EKP,R,,S,,R,,R,R,,R,,,S,,,,,,R,,S,,,,,,,,,,,,,,,
573.66551,EKP,,S,R,R,,,,,,,,,,R,R,R,R,R,,,,,,,,,,,,,,,,,,
573.66501,EKP,,,R,,R,,,R,R,R,,,,R,R,R,R,R,,,,,,,,,,,,,,,,,,
72407.2795,EKP,S,S,S,,S,S,R,,R,,R,,S,R,R,,,R,R,,,R,R,S,R,R,,,,,,,,,,
1284790.3,EKP,R,R,S,R,S,R,R,R,R,R,R,R,S,R,,,,R,S,,,,,S,,,,,,,,,,R,,
72407.2417,EKP,,,S,S,,S,R,,S,,S,S,S,R,S,,,S,R,,,R,R,S,R,R,,,,,,,,,,
573.66079,EKP,,S,S,S,S,S,,,S,S,R,S,S,R,R,,,R,R,,,R,R,R,R,R,,,,,,,,,,
72407.2567,EKP,S,S,R,,S,,R,,R,R,,,S,R,S,,,S,S,,,R,R,S,R,R,,,,,,,,,,
573.29982,EKP,,,,,R,,R,R,,,,,R,,,,,,R,,S,,,,,,,,,,,,,,,
573.46862,EKP,,,R,R,R,R,,,,R,R,,S,,,,R,R,S,,R,,R,,,,,R,,,,,S,,,
573.46338,EKP,R,,,R,R,,,,,,,,,R,,,,R,R,,,,R,,,R,,,,,,,,,,
72407.2493,EKP,,,S,R,,S,,,,,S,,S,R,S,,,S,R,,,R,R,S,S,R,,,,,,,,,,
573.65947,EKP,,,,R,,S,,,,,,R,S,R,R,,,R,R,,,R,R,S,R,R,,,,,,,,,,
573.29941,EKP,,,R,,,,R,,,R,,,S,,,,,,S,,S,,,,,,,,,,,,,,,
72407.2517,EKP,S,S,,R,S,,,,,,S,,S,R,S,,,S,R,,,R,R,S,R,R,,,,,,,,,,
72407.2876,EKP,,,,S,,S,,,,S,,,S,R,S,,,R,S,,,R,R,S,R,R,,,,,,,,,,
72407.2278,EKP,,,,R,S,S,,,R,,S,,S,R,S,,,R,R,,,R,R,S,R,R,,,,,,,,,,
573.46415,EKP,R,R,,R,R,R,,,,R,,,,R,,,,R,R,,,,R,,,R,,,,,,,,,,
573.67363,EKP,S,,R,R,,,,,,,,,,,,,,,,,S,,,,,,S,R,,,,,,,,
72407.2216,EKP,,S,,,S,,,,R,S,,R,S,S,S,,,S,S,,,R,R,S,R,R,,,,,,,,,,
573.29958,EKP,R,,,,,,R,R,,R,,,R,,,,,,S,,S,,,,,,,,,,,,,,,
573.66218,EKP,,S,,R,,,,,,R,,,,R,R,R,R,R,,,,,,,,,,,,,,,,,,
573.65933,EKP,S,S,,R,S,S,,,R,,,S,S,R,S,,,R,R,,,R,R,S,R,R,,,,,,,,,,
72407.2857,EKP,S,S,S,,,,,,,R,S,R,S,R,R,,,R,R,,,R,R,S,R,R,,,,,,,,,,
72407.2601,EKP,S,S,R,R,S,S,R,,,,S,R,S,R,S,,,R,R,,,R,R,S,R,R,,,,,,,,,,
72407.189,EKP,R,R,,R,,R,,,,R,R,R,S,R,,,,R,S,,,,,S,,,,,,,,,,R,,
573.66478,EKP,,,S,,,,,,,,,,,R,R,R,R,R,,,,,,,,,,,,,,,,,,
573.46361,EKP,,R,,,R,,,,,,,,,R,,,,R,S,,,,R,,,R,,,,,,,,,,
72407.2197,EKP,,S,,,,S,R,,R,,,S,S,R,S,,,R,R,,,R,R,S,R,R,,,,,,,,,,
573.65995,EKP,,S,,S,S,S,R,,S,,R,R,S,R,R,,,R,R,,,R,R,S,R,R,,,,,,,,,,
72407.2802,EKP,,S,S,,S,,R,,,R,,,S,R,S,,,S,R,,,R,R,S,R,R,,,,,,,,,,
573.46324,EKP,S,,,R,,R,,,,,,,,R,,,,R,R,,,,R,,,R,,,,,,,,,,
72407.2754,EKP,S,S,R,,,S,,,,,,,S,R,R,,,R,R,,,R,R,S,R,R,,,,,,,,,,
573.66278,EKP,,R,R,S,,,,,S,R,,,,R,R,R,R,R,,,,,,,,,,,,,,,,,,
72407.2671,EKP,S,,,,,,R,,R,R,S,,S,R,S,,,R,R,,,R,R,S,R,R,,,,,,,,,,
573.29918,EKP,S,S,,,S,,,,,R,,,S,,,,,,R,,S,,,,,,,,,,,,,,,
72407.224,EKP,,,R,,S,,R,,,R,R,R,S,R,,,,R,R,,,,,S,,,,,,,,,,R,,
574.96,EKP,S,S,,R,,,,,,,,,S,R,S,,,R,R,,,R,R,S,R,S,,,,,,,,,,
573.4179,EKP,S,,S,,,,,,,R,R,,,,R,,R,R,,,,,,,,,,,,,,,,,,
573.4184,EKP,S,,R,,,,,,,S,S,,,R,R,,R,R,S,,,,,,,,,,,,,,,,,
573.12796,EKP,,R,R,R,S,R,,,,,,,R,R,,R,,R,R,,R,,R,R,,,,,,R,,,,,,
573.46836,EKP,,,,,,,,,R,,R,,R,,,,R,R,R,,R,,R,,,,,R,,,,,S,,,
573.66395,EKP,,,S,R,,,,,,R,,,,R,R,R,R,R,,,,,,,,,,,,,,,,,,
573.7075,EKP,S,,R,,,,,,,R,S,,,R,R,,S,R,R,,,,,,,,,,,,,,,,,
72407.2359,EKP,S,S,R,,S,,R,,,,,R,S,R,S,,,S,R,,,R,R,S,R,R,,,,,,,,,,
1284792.4,EKP,S,R,R,R,S,R,R,R,R,R,R,R,S,R,,,,R,S,,,,,S,,,,,,,,,,R,,
573.46403,EKP,,R,,R,,R,,,,,,,,R,,,,R,R,,,,R,,,R,,,,,,,,,,
573.46872,EKP,,,,R,R,,,R,S,,R,,S,,,,R,R,R,,R,,R,,,,,R,,,,,S,,,
72407.2527,EKP,,,S,,,S,,,,S,,,S,R,S,,,S,R,,,R,R,S,R,R,,,,,,,,,,
573.66013,EKP,S,S,,R,,S,,,,R,,R,S,R,S,,,R,R,,,R,R,S,R,R,,,,,,,,,,
573.4078,EKP,S,,S,,,,,,,S,R,,,,R,,S,S,R,,,,,,,,,,,,,,,,,
573.66532,EKP,,,,,R,,,,R,,,,,R,R,R,R,R,,,,,,,,,,,,,,,,,,
72407.2676,EKP,S,S,S,R,S,S,R,,,,,S,S,R,S,,,S,R,,,R,R,S,R,R,,,,,,,,,,
573.65911,EKP,,,S,,,S,,,,S,S,,S,S,S,,,S,R,,,S,S,S,S,R,,,,,,,,,,
573.46393,EKP,R,,,R,,,,,,R,,,,R,,,,R,S,,,,R,,,R,,,,,,,,,,
573.4046,EKP,,,S,,,,,,,,R,,,S,R,,S,S,R,,,,,,,,,,,,,,,,,
573.4067,EKP,S,,S,,,,,,,S,R,,,S,R,,S,S,R,,,,,,,,,,,,,,,,,
72407.2539,EKP,,S,S,R,S,S,,,R,,,S,S,R,S,,,S,R,,,R,R,S,R,R,,,,,,,,,,
72407.258,EKP,,R,R,R,,R,,R,S,,R,S,S,R,S,,,R,R,,,R,R,S,R,R,,,,,,,,R,,
573.66452,EKP,,,,,R,,,R,R,R,,,,R,R,R,R,R,,,,,,,,,,,,,,,,,,
573.46375,EKP,,,,R,,,,,,,,,,R,,,,R,S,,,,R,,,R,,,,,,,,,,
573.66287,EKP,,S,R,,R,,,,,R,,,,R,R,R,R,R,,,,,,,,,,,,,,,,,,
573.7218,EKP,,S,S,R,S,,R,R,R,R,R,S,S,,,,,R,R,,,,R,,,,,,,,,,,,,
573.65968,EKP,S,,R,R,S,,,,,,,R,S,R,S,,,R,R,,,R,R,S,R,S,,,,,,,,,,
1304921.4,EKP,R,R,S,R,S,R,R,R,R,R,R,R,S,R,,,,R,S,,,,,S,,,,,,,,,,R,,
573.24414,EKP,,R,R,R,,,R,,,R,R,,R,R,,R,R,R,R,,,,R,R,,,,,,R,,,,,,
1284795.4,EKP,S,S,R,R,S,R,R,R,R,R,R,R,S,R,,,,R,S,,,,,S,,,,,,,,,,R,,
72407.2374,EKP,S,,S,S,,,,,,R,S,,R,R,R,,,R,R,,,R,R,S,R,R,,,,,,,,,,
573.29998,EKP,R,R,,,,,R,R,,,,,S,,,,,,R,,S,,,,,,,,,,,,,,,
72407.256,EKP,,,R,,,R,R,R,R,,,S,S,R,,,,R,S,,,,,S,,,,,,,,,,R,,
72407.2838,EKP,,,,R,,,,,,,R,,S,R,R,,,R,R,,,R,R,S,R,R,,,,,,,,,,
72407.2642,EKP,S,,,,,,,,,,S,,S,R,S,,,S,R,,,R,R,S,R,R,,,,,,,,,,
573.46386,EKP,,,,,R,R,,,,,,,,R,,,,R,R,,,,R,,,R,,,,,,,,,,
573.66437,EKP,,,S,R,,,,R,R,R,,,,R,R,R,R,R,,,,,,,,,,,,,,,,,,
573.29879,EKP,,,R,,,,,R,,R,,,S,,,,,,S,,S,,,,,,,,,,,,,,,
573.66394,EKP,,S,R,,,,,R,R,,,,,R,R,R,R,R,,,,,,,,,,,,,,,,,,
573.25568,EKP,,,,,S,,R,,R,R,R,R,S,R,,R,,R,R,,,,,,R,,,,R,R,,,,,,
573.29948,EKP,,R,,,,,R,,,R,,,S,,,,,,S,,S,,,,,,,,,,,,,,,
573.24261,EKP,R,S,S,R,,,S,R,R,,,S,S,R,,R,R,R,R,,,,R,R,R,,,,,R,,,,,,
573.30009,EKP,R,,,,,,R,R,,R,,,R,,,,,,R,,S,,,,,,,,,,,,,,,
1328391.3,EKP,S,S,S,,S,S,R,S,,S,,,,S,,R,,S,R,,,,,,R,,,,,R,,,,,,
72407.2611,EKP,S,,,,S,S,,,,R,R,,S,R,S,,,R,R,,,R,R,S,R,R,,,,,,,,,,
573.24446,EKP,,,,,,R,,,R,,,,S,R,,R,R,R,R,,,,R,S,,,,,,R,,,,,,
72407.2316,EKP,S,S,S,S,S,S,R,,S,S,S,R,R,R,R,,,R,R,,,R,R,S,R,R,,,,,,,,,,
573.66552,EKP,,,,,,,,R,R,,,,,R,R,R,R,R,,,,,,,,,,,,,,,,,,
574.27,EKP,,,,,S,,,,R,R,,,S,R,,R,R,R,R,,,,R,R,R,,,,,R,,,,,,
573.46847,EKP,,,R,,R,,R,R,,,,,S,,,,R,R,S,,R,,R,,,,,R,,,,,S,,,
573.65915,EKP,S,S,S,S,,S,R,,R,R,,S,S,R,S,,,R,R,,,R,R,S,S,R,,,,,,,,,,
573.30005,EKP,R,,S,,,,R,R,,,,,S,,,,,,R,,S,,,,,,,,,,,,,,,
573.24357,EKP,,S,R,R,S,,,R,,R,R,,S,R,,R,R,R,R,,,,R,R,,,,,,R,,,,,,
72407.2612,EKP,S,,,R,,,R,,S,,S,S,S,R,S,,,S,S,,,R,R,S,R,R,,,,,,,,,,
72407.2561,EKP,,,,,,,R,,,,,,S,R,R,,,R,R,,,R,R,S,R,R,,,,,,,,,,
72407.2503,EKP,,,,,S,,R,,R,,,,S,R,R,,,R,R,,,R,R,S,R,R,,,,,,,,,,
573.29875,EKP,,R,R,,,,R,R,,R,,,S,,,,,,R,,S,,,,,,,,,,,,,,,
72407.2722,EKP,S,,,S,S,S,,,,,,R,S,R,R,,,R,R,,,R,R,S,R,R,,,,,,,,,,
573.46382,EKP,,,,R,,R,,,,,,,,R,,,,R,S,,,,R,,,R,,,,,,,,,,
72407.193,EKP,S,R,,S,S,,R,,,R,,,S,R,,,,R,S,,,,,S,,,,,,,,,,R,,
574.109,EKP,S,,S,,,S,,,,,,,S,R,S,,,R,S,,,R,R,S,R,R,,,,,,,,,,
72407.2495,EKP,,,,,S,S,,,S,,,,S,R,S,,,S,R,,,R,R,S,R,R,,,,,,,,,,
72407.2608,EKP,,,,R,,,R,,R,R,,,S,R,S,,,R,R,,,R,R,S,R,R,,,,,,,,,,
573.46387,EKP,,,,R,,R,,,,,,,,R,,,,R,R,,,,R,,,R,,,,,,,,,,
1400165.3,EKP,,,S,S,S,,R,,,S,S,S,,,,,,S,,,,,S,,S,,,,,S,,,,,,
574.79,EKP,,,S,R,S,R,R,,,R,R,,S,R,R,,,R,R,,,R,R,R,R,R,,,,,,,,,,
573.66014,EKP,,R,,R,,,,,,R,,R,S,R,R,,,R,R,,,R,R,R,R,R,,,,,,,,,,
574.77,EKP,,,,,S,R,,,,,,S,S,R,R,,,R,R,,,R,R,S,R,R,,,,,,,,,,
72407.2218,EKP,S,S,,R,S,S,R,,R,S,S,S,S,R,R,,,S,R,,,R,R,S,R,R,,,,,,,,,,
573.66309,EKP,,,S,,,,,R,R,,,,,R,R,R,R,R,,,,,,,,,,,,,,,,,,
573.65966,EKP,S,S,S,R,S,,R,,,,,S,S,R,S,,,S,R,,,R,R,S,R,R,,,,,,,,,,
573.4064,EKP,S,,R,,,,,,,R,R,,,R,R,,S,R,R,,,,,,,,,,,,,,,,,
573.24381,EKP,S,S,S,S,,,S,,,,,,S,R,,R,S,R,R,,,,R,S,,,,,,R,,,,,,
72407.2814,EKP,,,,,S,S,,,,S,,,S,R,S,,,R,R,,,R,R,S,R,R,,,,,,,,,,
573.46406,EKP,R,,,,R,,,,,R,,,,R,,,,R,S,,,,R,,,R,,,,,,,,,,
72407.2579,EKP,S,,S,,,S,R,,R,,,,S,R,S,,,R,R,,,R,R,S,R,R,,,,,,,,,,
573.46861,EKP,,R,,R,,,,R,,,R,,S,,,,R,R,S,,R,,R,,,,,R,,,,,S,,,
573.24329,EKP,,S,R,,,,R,,,,,,R,R,,R,R,R,R,,,,R,R,,,,,,R,,,,,,
573.24393,EKP,R,S,,,S,,,,,R,,,S,R,,R,R,R,R,,,,R,R,,,,,,R,,,,,,
573.66527,EKP,,,R,,,,,R,,,,,,R,R,R,R,R,,,,,,,,,,,,,,,,,,
573.7085,EKP,S,,S,,,,,,,R,R,,,S,S,,R,S,R,,,,,,,,,,,,,,,,,
573.66003,EKP,S,S,,R,,,R,,R,,S,,S,R,R,,,R,R,,,R,R,R,R,R,,,,,,,,,,
72407.2664,EKP,,,,,S,,,,,R,,,S,R,S,,,S,R,,,R,R,S,R,R,,,,,,,,,,
573.46399,EKP,R,,,,R,,,,,,,,,R,,,,R,R,,,,R,,,R,,,,,,,,,,
573.4211,EKP,S,,S,,,,,,,R,R,,,R,R,,R,R,R,,,,,,,,,,,,,,,,,
72407.2335,EKP,,S,,,,R,,,R,R,S,,S,R,S,,,R,R,,,R,R,S,R,R,,,,,,,,,,
1304919.4,EKP,R,R,S,R,S,R,S,R,R,R,R,R,R,R,,,,R,S,,,,,S,,,,,,,,,,R,,
573.66263,EKP,,,,,,,,R,R,R,,,,R,R,R,R,R,,,,,,,,,,,,,,,,,,
573.66032,EKP,S,,R,,,S,,,R,R,,R,S,R,S,,,S,R,,,R,R,S,R,R,,,,,,,,,,
1284803.4,EKP,S,R,R,S,S,R,R,R,R,R,R,R,S,R,,,,R,S,,,,,S,,,,,,,,,,R,,
72407.2769,EKP,,,R,R,,R,,,,R,R,,S,R,R,,,R,R,,,R,R,S,R,R,,,,,,,,,,
72407.2709,EKP,S,,R,R,,S,R,,R,,,,S,R,S,,,R,R,,,R,R,S,R,R,,,,,,,,,,
573.66383,EKP,,S,,R,,,,,S,R,,,,R,R,R,R,R,,,,,,,,,,,,,,,,,,
72407.2419,EKP,S,,,R,S,,,,R,R,S,S,S,R,S,,,R,R,,,R,R,S,R,R,,,,,,,,,,
573.29912,EKP,,S,,,,,R,R,,R,,,S,,,,,,R,,S,,,,,,,,,,,,,,,
573.66357,EKP,,,,,R,,,,,,,,,R,R,R,R,R,,,,,,,,,,,,,,,,,,
573.7072,EKP,S,,R,,,,,,,R,R,,,R,R,,R,R,R,,,,,,,,,,,,,,,,,
573.4164,EKP,S,,S,,,,,,,R,R,,,R,R,,R,R,S,,,,,,,,,,,,,,,,,
573.4118,EKP,S,,S,,,,,,,S,,,,S,R,,R,S,R,,,,,,,,,,,,,,,,,
573.46332,EKP,R,,,,R,R,,,,R,,,,R,,,,R,R,,,,R,,,R,,,,,,,,,,
573.65943,EKP,,,,S,S,,R,,,,S,R,S,R,R,,,R,R,,,R,R,S,R,R,,,,,,,,,,
72407.2779,EKP,,,,,S,S,R,,S,R,S,,S,R,S,,,S,R,,,R,R,S,R,S,,,,,,,,,,
72407.272,EKP,S,,R,S,,S,,S,,,S,,S,R,,,,R,S,,,,,S,,,,,,,,,,R,,
573.66462,EKP,,S,S,S,,,,S,,S,,,,R,R,R,R,S,,,,,,,,,,,,,,,,,,
72407.2407,EKP,,,S,S,,,R,,S,R,S,S,S,R,S,,,S,R,,,R,R,S,R,R,,,,,,,,,,
573.66228,EKP,,,,R,,,,R,,R,,,,R,R,R,R,R,,,,,,,,,,,,,,,,,,
573.5645,EKP,R,R,R,R,,,,,R,R,,R,R,R,,R,,R,,,,,,,R,,,,R,R,,,,,,
573.30002,EKP,R,S,,,R,,,,,R,,,S,,,,,,S,,S,,,,,,,,,,,,,,,
573.24243,EKP,R,,R,R,S,R,,R,R,,R,,S,R,,R,R,R,R,,,,R,R,R,,,,,R,,,,,,
573.65904,EKP,,,,R,,,,,,R,,,S,R,S,,,R,R,,,R,R,S,R,R,,,,,,,,,,
72407.2563,EKP,S,,,,S,S,,,,R,,R,S,R,R,,,R,R,,,R,R,S,R,R,,,,,,,,,,
573.66226,EKP,,,,,,,,,,R,,,,R,R,R,R,R,,,,,,,,,,,,,,,,,,
573.24432,EKP,R,,R,,,,R,R,,R,,,S,R,,R,R,R,R,,,,R,R,,,,,,R,,,,,,
573.65934,EKP,S,S,,,S,,R,,,,,R,S,R,S,,,R,R,,,R,R,S,R,R,,,,,,,,,,
573.66372,EKP,,S,,R,R,,,,S,R,,,,R,R,R,R,R,,,,,,,,,,,,,,,,,,
573.65925,EKP,S,,,R,S,,,,R,S,S,,S,R,S,,,R,S,,,R,R,S,R,R,,,,,,,,,,
573.66423,EKP,,,S,,R,,,,,,,,,R,R,R,R,R,,,,,,,,,,,,,,,,,,
72407.2363,EKP,,R,R,R,,R,R,,,,,,S,R,R,,,R,R,,,R,R,R,R,R,,,,,,,,,,
573.66451,EKP,,R,,,R,,,,R,R,,,,R,R,R,R,R,,,,,,,,,,,,,,,,,,
72407.2432,EKP,S,S,,,S,,R,,R,,,R,S,R,S,,,R,R,,,R,R,S,R,R,,,,,,,,,,
72407.2193,EKP,,S,R,R,,,,,,,,,S,R,S,,,S,R,,,R,R,S,R,R,,,,,,,,,,
573.65963,EKP,S,,R,R,,,,,R,,,R,S,R,S,,,R,R,,,R,R,S,R,R,,,,,,,,,,
1328421.3,EKP,,R,R,R,S,,R,,,R,,R,R,,,,,R,R,,,,R,,R,,,,,R,,,,,,
573.29873,EKP,,,S,,R,,,R,,R,,,S,,,,,,S,,S,,,,,,,,,,,,,,,
573.65956,EKP,,,R,,,,,,S,R,S,R,S,R,R,,,S,R,,,R,S,S,R,R,,,,,,,,,,
573.29993,EKP,R,R,,,,,,R,,,,,S,,,,,,S,,S,,,,,,,,,,,,,,,
573.7223,EKP,,S,S,R,S,,R,R,R,R,R,S,S,,,,,R,R,,,,R,,,,,,,,,,,,,
72407.2674,EKP,S,S,,R,S,,,,R,,,,S,R,S,,,R,R,,,R,R,S,R,R,,,,,,,,,,
573.66277,EKP,,S,S,,R,,,R,,R,,,,R,R,R,R,R,,,,,,,,,,,,,,,,,,
72407.261,EKP,S,R,R,R,S,,,,R,,R,S,S,R,S,,,R,R,,,R,R,S,R,R,,,,,,,,R,,
72407.2275,EKP,,,S,,S,,,,R,R,S,,S,R,S,,,S,R,,,R,R,S,R,R,,,,,,,,,,
72407.2315,EKP,S,,S,,,,,,,S,S,,S,R,R,,,R,R,,,R,R,R,R,R,,,,,,,,,,
573.24444,EKP,R,,R,,,,,R,R,,,R,S,R,,R,R,R,R,,,,R,R,,,,,,R,,,,,,
1284804.4,EKP,R,R,S,R,S,R,R,R,R,R,R,R,S,R,,,,R,R,,,,,S,,,,,,,,,,R,,
1284793.4,EKP,R,R,R,R,S,R,R,R,R,R,R,R,S,R,,,,R,R,,,,,S,,,,,,,,,,R,,
573.66281,EKP,,S,S,,S,,,,,R,,,,R,R,R,R,R,,,,,,,,,,,,,,,,,,
573.66343,EKP,,S,S,R,R,,,,R,,,,,R,R,R,R,R,,,,,,,,,,,,,,,,,,
573.24342,EKP,,,R,,S,,S,R,,R,,,S,R,,R,R,R,R,,,,R,S,,,,,,R,,,,,,
573.46348,EKP,R,R,,R,,,,,,R,,,,R,,,,R,R,,,,R,,,R,,,,,,,,,,
573.66247,EKP,,R,R,,,,,R,,,,,,R,R,R,R,R,,,,,,,,,,,,,,,,,,
573.66444,EKP,,S,S,,,,,,R,R,,,,R,R,R,R,R,,,,,,,,,,,,,,,,,,
72407.2185,EKP,,S,,S,,,,,S,R,S,,S,R,S,,,S,R,,,R,R,S,R,R,,,,,,,,,,
573.9722,EKP,R,,,R,,,R,,,R,,,S,R,,R,R,R,R,,,,R,R,R,,,,,R,,,,,,
72407.2179,EKP,S,S,,S,S,S,,,,S,,S,S,S,S,,,S,R,,,S,S,S,S,R,,,,,,,,,,
573.7086,EKP,S,,R,,,,,,,R,R,,,R,R,,R,R,R,,,,,,,,,,,,,,,,,
573.66008,EKP,,,,,,,,,,,S,,S,R,S,,,R,R,,,R,R,S,R,R,,,,,,,,,,
72407.2414,EKP,S,S,,,S,,,,S,,S,,S,R,R,,,R,R,,,R,S,S,R,R,,,,,,,,,,
573.66388,EKP,,,,,R,,,,R,R,,,,R,R,R,R,R,,,,,,,,,,,,,,,,,,
72407.2491,EKP,S,S,R,R,,,,,,,R,,S,R,R,,,R,R,,,R,R,R,R,R,,,,,,,,,,
573.7067,EKP,S,,S,,,,,,,R,S,,,S,R,,R,S,R,,,,,,,,,,,,,,,,,
573.66484,EKP,,S,S,R,R,,,R,,R,,,,R,R,R,R,R,,,,,,,,,,,,,,,,,,
573.46837,EKP,,S,,,,,,R,,,R,,S,,,,R,R,S,,R,,R,,,,,R,,,,,S,,,
573.29992,EKP,R,R,,,R,,,R,,,,,R,,,,,,S,,S,,,,,,,,,,,,,,,
573.46854,EKP,,R,R,R,R,,R,,S,R,,,S,,,,R,R,S,,R,,R,,,,,R,,,,,S,,,
72407.2666,EKP,,,S,R,S,,R,,R,R,,,S,R,S,,,R,R,,,R,R,S,R,R,,,,,,,,,,
573.7029,EKP,R,R,S,R,S,R,R,R,R,R,R,R,,R,,R,R,R,R,,,,R,R,R,,,,,R,,,,,,
573.24353,EKP,R,S,S,,,S,,,R,,R,S,S,R,,R,R,R,S,,,,R,R,,,,,,R,,,,,,
573.4139,EKP,S,,,,,,,,,S,,,,S,R,,S,S,R,,,,,,,,,,,,,,,,,
573.66313,EKP,,R,R,R,,,,R,,R,,,,R,R,R,R,R,,,,,,,,,,,,,,,,,,
72407.2462,EKP,,,S,,,,,,R,,,S,S,R,S,,,R,R,,,R,R,S,R,R,,,,,,,,,,
573.4144,EKP,S,,,,,,,,,S,R,,,S,R,,R,S,R,,,,,,,,,,,,,,,,,
573.4071,EKP,S,,R,,,,,,,S,S,,,R,R,,R,R,S,,,,,,,,,,,,,,,,,
573.29976,EKP,,S,S,,,,R,R,,R,,,R,,,,,,R,,S,,,,,,,,,,,,,,,
573.29919,EKP,R,,,,R,,R,,,R,,,R,,,,,,R,,S,,,,,,,,,,,,,,,
573.66058,EKP,,,,S,S,S,,,,S,S,,S,S,S,,,S,R,,,S,S,S,S,S,,,,,,,,,,
573.31617,EKP,R,R,S,,,,,R,,,,,R,R,,R,R,R,R,,,,,,,,,,,,,,,,,
573.66336,EKP,,,,R,R,,,,,R,,,,R,R,R,R,R,,,,,,,,,,,,,,,,,,
72407.2681,EKP,,,,,S,,,,R,,S,,S,R,S,,,R,R,,,R,R,S,R,R,,,,,,,,,,
573.24335,EKP,R,,R,R,S,R,R,R,R,R,,,S,R,,R,R,R,R,,,,R,R,,,,,,R,,,,,,
72407.254,EKP,,R,R,R,S,S,R,R,,,,S,S,R,S,,,S,R,,,R,R,S,R,R,,,,,,,,R,,
573.66057,EKP,,S,S,,,S,R,,,S,S,S,S,R,S,,,S,R,,,R,R,S,R,R,,,,,,,,,,
573.29903,EKP,R,,,,R,,R,R,,,,,R,,,,,,R,,S,,,,,,,,,,,,,,,
72407.2476,EKP,,S,,,,,R,,,,R,,S,R,R,,,R,R,,,R,R,S,R,R,,,,,,,,,,
72407.2423,EKP,,S,S,S,,,,,S,R,,,S,S,R,,,S,R,,,R,S,S,R,R,,,,,,,,,,
573.66333,EKP,,,,,,,,R,,R,,,,R,R,R,R,R,,,,,,,,,,,,,,,,,,
573.24383,EKP,,,R,,S,,R,S,R,R,,,S,R,,R,R,R,R,,,,R,S,,,,,,R,,,,,,
573.7071,EKP,S,,S,,,,,,,S,R,,,S,R,,S,S,R,,,,,,,,,,,,,,,,,
573.30004,EKP,R,,,,R,,R,R,,,,,S,,,,,,R,,S,,,,,,,,,,,,,,,
574.12,EKP,,,,,S,,,,S,,,,S,R,R,,,R,R,,,R,R,S,R,R,,,,,,,,,,
573.24454,EKP,,,,,S,,,R,,R,,,S,R,,R,R,R,R,,,,R,R,,,,,,R,,,,,,
573.66331,EKP,,,,R,,,,R,R,R,,,,R,R,R,R,R,,,,,,,,,,,,,,,,,,
573.22561,EKP,S,,,,,,R,,,R,R,,S,,,,,S,R,,,,,,,,,,,,,,,,,
573.66354,EKP,,R,R,,,,,,,,,,,R,R,R,R,R,,,,,,,,,,,,,,,,,,
72407.267,EKP,R,S,,R,S,R,R,R,,S,S,,S,R,S,,,R,S,,,R,R,S,R,R,,,,,,,,R,,
573.12772,EKP,R,,R,,,R,,R,,,,,,R,,R,R,R,,,,,R,R,,,,,,R,,,,,,
574.114,EKP,,,,,S,S,,,S,,R,S,S,S,R,,,R,R,,,R,S,S,R,R,,,,,,,,,,
573.66459,EKP,,S,,,,,,,,,,,,R,R,R,R,R,,,,,,,,,,,,,,,,,,
573.66463,EKP,,,,,,,,,R,,,,,R,R,R,R,R,,,,,,,,,,,,,,,,,,
72407.2213,EKP,,,,R,,R,,,,,R,R,S,R,R,,,R,R,,,R,R,S,R,R,,,,,,,,,,
72407.2428,EKP,S,,R,R,,S,,,R,,S,,S,R,S,,,R,S,,,R,R,S,S,R,,,,,,,,,,
72407.2871,EKP,,,,S,,S,R,,,R,,,S,R,R,,,R,S,,,R,S,S,R,S,,,,,,,,,,
573.29939,EKP,R,,,,R,,R,R,,,,,S,,,,,,S,,S,,,,,,,,,,,,,,,
573.65987,EKP,S,,,R,,,,,,R,,R,S,R,S,,,R,R,,,R,R,S,R,R,,,,,,,,,,
573.66347,EKP,,,R,R,,,,,R,,,,,R,R,R,R,R,,,,,,,,,,,,,,,,,,
72407.2639,EKP,,S,S,,,,R,,,,,R,S,R,S,,,R,S,,,R,R,S,R,R,,,,,,,,,,
573.46851,EKP,,R,,,,,R,,,R,R,,S,,,,R,R,S,,R,,R,,,,,R,,,,,S,,,
573.1542,EKP,R,R,R,R,,R,,R,R,R,R,,,R,,R,R,R,,,,,R,R,,,,,,R,,,,,,
573.66556,EKP,,,S,R,R,,,R,R,,,,,R,R,R,R,R,,,,,,,,,,,,,,,,,,
72407.2226,EKP,,,S,,,,R,,R,,,,S,R,S,,,S,R,,,R,R,S,R,R,,,,,,,,,,
573.46333,EKP,R,,,R,,,,,,R,,,,R,,,,R,R,,,,R,,,R,,,,,,,,,,
1284822.3,EKP,S,R,R,S,S,R,R,R,R,R,R,R,S,R,,,,R,S,,,,,S,,,,,,,,,,R,,
573.65906,EKP,,,S,R,S,S,,,R,S,S,S,S,R,R,,,R,R,,,R,R,S,R,R,,,,,,,,,,
573.66212,EKP,,,,,,,,,R,R,,,,R,R,R,R,R,,,,,,,,,,,,,,,,,,
574.66,EKP,S,S,,R,,R,R,,R,R,,,S,R,S,,,S,R,,,R,R,S,R,R,,,,,,,,,,
574.11,EKP,S,,R,R,S,,R,,,,,,S,R,S,,,S,R,,,R,R,S,R,R,,,,,,,,,,
573.17914,EKP,R,,,R,S,R,,,,,R,,S,R,,R,,R,R,,S,,R,R,R,,,R,,R,,,,,,
573.24269,EKP,,,,,,,S,R,,,,,S,R,,R,R,S,S,,,,S,R,R,,,,,R,,,,,,
573.66311,EKP,,,R,R,R,,,,,,,,,R,R,R,R,R,,,,,,,,,,,,,,,,,,
573.46371,EKP,R,R,,R,R,,,,,R,,,,R,,,,R,R,,,,R,,,R,,,,,,,,,,
1328393.3,EKP,S,S,S,,S,S,R,S,,S,,,,S,,R,,S,R,,,,,,S,,,,,S,,,,,,
72407.199,EKP,R,R,,,S,R,R,R,R,,R,,S,R,,,,R,S,,,,,S,,,,,,,,,,R,,
573.66554,EKP,,,S,R,,,,R,,R,,,,R,R,R,R,R,,,,,,,,,,,,,,,,,,
72407.2855,EKP,S,S,,,S,S,R,,R,,S,,S,R,R,,,R,R,,,R,R,S,R,R,,,,,,,,,,
72407.2429,EKP,,,,,S,,R,,,R,,R,S,R,S,,,S,R,,,R,R,S,R,R,,,,,,,,,,
573.24354,EKP,,S,R,,S,,R,,R,,R,,S,R,,R,R,R,R,,,,R,S,,,,,,R,,,,,,
573.66434,EKP,,S,R,,,,,,,R,,,,R,R,R,R,R,,,,,,,,,,,,,,,,,,
573.24351,EKP,,,,,S,R,,,R,R,,,S,R,,R,R,R,R,,,,R,R,,,,,,R,,,,,,
573.7093,EKP,S,,S,,,,,,,R,R,,,,R,,S,S,,,,,,,,,,,,,,,,,,
573.24404,EKP,R,S,S,,,,R,R,R,R,,,S,R,,R,R,R,R,,,,R,R,,,,,,R,,,,,,
72407.2234,EKP,,,,S,S,,R,,,S,,,S,S,S,,,S,R,,,S,S,S,R,R,,,,,,,,,,
72407.2415,EKP,S,S,S,R,,,,,,,S,,S,R,S,,,R,R,,,R,R,S,R,R,,,,,,,,,,
573.29956,EKP,S,S,,,S,,R,R,,R,,,S,,,,,,S,,R,,,,,,,,,,,,,,,
573.66074,EKP,S,S,,S,,S,,,,S,,S,S,R,S,,,R,R,,,R,R,S,S,R,,,,,,,,,,
573.66255,EKP,,S,S,,,,,R,,,,,,R,R,R,R,R,,,,,,,,,,,,,,,,,,
573.46364,EKP,,S,,,R,,,,,R,,,,R,,,,R,R,,,,R,,,R,,,,,,,,,,
573.66321,EKP,,,S,,R,,,R,R,R,,,,R,R,R,R,R,,,,,,,,,,,,,,,,,,
573.7061,EKP,S,,S,,,,,,,R,R,,,S,R,,S,S,R,,,,,,,,,,,,,,,,,
72407.2647,EKP,S,S,S,R,S,S,,,,,,,S,R,R,,,R,R,,,R,R,S,R,R,,,,,,,,,,
573.7091,EKP,S,,S,,,,,,,S,R,,,S,R,,S,S,R,,,,,,,,,,,,,,,,,
573.24343,EKP,,,,,S,R,R,R,R,,R,R,S,R,,R,R,R,R,,,,R,R,,,,,,R,,,,,,
72407.2803,EKP,,S,,,,R,,,,R,S,S,S,R,R,,,R,R,,,R,R,S,R,S,,,,,,,,,,
573.46354,EKP,R,S,,R,R,R,,,,R,,,,R,,,,R,S,,,,R,,,R,,,,,,,,,,
573.29881,EKP,R,,,,,,R,R,,R,,,R,,,,,,R,,S,,,,,,,,,,,,,,,
72407.194,EKP,,R,R,R,,,R,R,,,,R,S,R,,,,R,R,,,,,S,,,,,,,,,,R,,
72407.2208,EKP,,,,S,,S,,,S,,S,,S,R,R,,,R,R,,,R,R,S,R,R,,,,,,,,,,
573.46396,EKP,R,R,,R,,R,,,,R,,,,R,,,,R,R,,,,R,,,R,,,,,,,,,,
72407.2856,EKP,S,,,,S,,R,,R,R,,,S,R,R,,,R,R,,,R,R,S,R,S,,,,,,,,,,
72407.167,EKP,R,R,R,,,,,R,,R,R,,R,R,,,,R,R,,,,,S,,,,,,,,,,R,,
573.4057,EKP,S,,S,,,,,,,R,R,,,,S,,R,S,R,,,,,,,,,,,,,,,,,
573.29965,EKP,R,R,S,,,,R,R,,,,,R,,,,,,R,,S,,,,,,,,,,,,,,,
573.46367,EKP,,,,,,R,,,,R,,,,R,,,,R,S,,,,R,,,R,,,,,,,,,,
72407.2483,EKP,,S,,,S,,R,,,R,,S,S,R,R,,,R,R,,,R,R,S,R,R,,,,,,,,,,
573.24421,EKP,R,R,R,,S,R,,R,,R,,R,R,R,,R,R,R,R,,,,R,R,,,,,,R,,,,,,
573.66018,EKP,,S,R,,,S,,,,,S,,S,R,R,,,S,R,,,R,S,S,R,R,,,,,,,,,,
573.66502,EKP,,,R,R,,,,,R,R,,,,R,R,R,R,R,,,,,,,,,,,,,,,,,,
573.24448,EKP,S,,,,S,,R,,R,,,,S,R,,R,R,R,R,,,,R,S,,,,,,R,,,,,,
72407.2281,EKP,,,S,S,,S,R,,,,S,,S,R,R,,,R,R,,,R,R,S,R,R,,,,,,,,,,
72407.2808,EKP,,,S,R,,S,,,,R,S,,S,R,S,,,R,R,,,R,R,S,R,R,,,,,,,,,,
573.66282,EKP,,R,,,,,,R,,,,,,R,R,R,R,R,,,,,,,,,,,,,,,,,,
573.24373,EKP,,,,,,R,,R,R,,R,R,S,R,,R,R,R,R,,,,R,R,,,,,,R,,,,,,
573.12783,EKP,R,R,R,R,S,,,R,,,,,S,R,,R,R,R,R,,,,R,R,R,,,,,R,,,,,,
72407.2594,EKP,,S,S,S,S,,R,,,,R,S,S,S,R,,,R,R,,,R,S,S,R,S,,,,,,,,,,
72407.2204,EKP,S,S,,,,S,R,,,R,S,,S,R,S,,,R,R,,,R,R,S,R,R,,,,,,,,,,
72407.2657,EKP,,S,,,,,,,R,,,R,S,R,R,,,R,R,,,R,R,S,R,S,,,,,,,,,,
573.4129,EKP,,,S,,,,,,,R,,,,R,R,,R,R,S,,,,,,,,,,,,,,,,,
72407.2192,EKP,S,S,S,R,,S,R,,,,S,S,S,R,S,,,R,S,,,R,R,S,R,S,,,,,,,,,,
72407.2515,EKP,S,S,,R,S,,R,,,,S,R,S,R,S,,,R,R,,,R,R,S,R,R,,,,,,,,,,
72407.2183,EKP,S,,S,,S,,R,,R,,,,S,R,S,,,R,R,,,R,R,S,S,R,,,,,,,,,,
573.65944,EKP,,S,S,R,S,S,,,R,S,,,S,R,S,,,R,R,,,R,R,S,R,R,,,,,,,,,,
573.24376,EKP,,S,S,R,S,S,,,,,R,S,S,R,,R,R,R,S,,,,R,R,,,,,,R,,,,,,
72407.1438,EKP,R,S,,R,R,,,,,R,,,,R,,,,R,R,,,,,,,,,,,,,,,,,
72407.2307,EKP,S,S,S,,S,,R,,,R,S,S,S,R,S,,,S,R,,,R,R,S,R,R,,,,,,,,,,
72407.2546,EKP,S,S,,S,,,R,,,,,S,S,R,S,,,R,R,,,R,R,S,S,R,,,,,,,,,,
1328399.3,EKP,,,S,,R,,R,,,R,R,R,,,,,,R,,,,,,,R,,,,,R,,,,,,
72407.2291,EKP,,,,R,S,R,R,,R,R,,,S,R,R,,,R,R,,,R,R,S,R,R,,,,,,,,,,
573.7089,EKP,S,,S,,,,,,,R,R,,,R,R,,R,R,R,,,,,,,,,,,,,,,,,
573.29904,EKP,R,R,R,,,,,R,,R,,,R,,,,,,R,,S,,,,,,,,,,,,,,,
72407.2764,EKP,S,,S,R,S,S,R,,R,S,S,S,S,R,S,,,S,R,,,R,R,S,R,R,,,,,,,,,,
573.4119,EKP,,,,,,,,,,R,R,,,R,R,,R,R,R,,,,,,,,,,,,,,,,,
574.87,EKP,,,R,R,,,,,,,R,,S,R,S,,,R,R,,,R,R,S,R,R,,,,,,,,,,
72407.2364,EKP,,,,,,S,,,R,,,S,S,R,R,,,R,R,,,R,R,S,R,R,,,,,,,,,,
573.66518,EKP,,S,R,,R,,,,R,,,,,R,R,R,R,R,,,,,,,,,,,,,,,,,,
573.65951,EKP,,,,,,,,,,,R,,R,R,S,,,R,R,,,R,R,S,R,R,,,,,,,,,,
72407.215,EKP,R,R,S,R,S,R,S,R,R,R,R,R,S,R,,,,R,R,,,,,S,,,,,,,,,,R,,
72407.236,EKP,S,S,S,,S,S,R,S,S,,R,R,S,R,R,,,S,R,,,R,S,S,R,R,,,,,,,,R,,
573.66494,EKP,,,S,,,,,,,R,,,,R,R,R,R,R,,,,,,,,,,,,,,,,,,
72407.164,EKP,R,R,,,,,R,,R,R,R,R,R,R,,,,R,R,,,,,S,,,,,,,,,,R,,
573.29975,EKP,,S,S,,R,,R,,,R,,,S,,,,,,S,,S,,,,,,,,,,,,,,,
573.29946,EKP,R,,,,R,,R,,,R,,,S,,,,,,S,,S,,,,,,,,,,,,,,,
573.65981,EKP,,,,,,,,,R,R,S,,R,R,S,,,R,R,,,R,R,S,S,S,,,,,,,,,,
573.24385,EKP,,,R,R,S,,R,R,,,,R,R,R,,R,R,R,R,,,,R,R,,,,,,R,,,,,,
573.4106,EKP,S,,,,,,,,,S,,,,S,R,,S,S,R,,,,,,,,,,,,,,,,,
573.4093,EKP,S,,R,,,,,,,R,R,,,R,R,,R,R,S,,,,,,,,,,,,,,,,,
573.66514,EKP,,,R,,R,,,,R,R,,,,R,R,R,R,R,,,,,,,,,,,,,,,,,,
573.66521,EKP,,,R,R,,,,R,R,R,,,,R,R,R,R,R,,,,,,,,,,,,,,,,,,
72407.2512,EKP,,,S,R,S,,,,,S,S,S,S,R,S,,,S,R,,,R,R,S,R,R,,,,,,,,,,
573.24429,EKP,S,,S,,S,,R,,,R,,,S,R,,R,R,R,R,,,,R,S,,,,,,R,,,,,,
72407.2386,EKP,S,S,S,,,,,,S,,,S,S,R,R,,,S,R,,,R,R,S,R,R,,,,,,,,,,
72407.2878,EKP,S,,,R,,,,,,R,,,S,R,R,,,R,R,,,R,R,S,R,S,,,,,,,,,,
573.46362,EKP,R,S,,R,,R,,,,,,,,R,,,,R,R,,,,R,,,R,,,,,,,,,,
573.66492,EKP,,S,,R,,,,,,R,,,,R,R,R,R,R,,,,,,,,,,,,,,,,,,
72407.2273,EKP,,,S,,,,,,S,,,,S,S,S,,,S,S,,,S,S,S,R,R,,,,,,,,,,
573.5769,EKP,S,R,R,R,S,,R,,R,R,R,R,R,R,,R,,R,R,,,,,,R,,,,R,R,,,,,,
573.66238,EKP,,,,R,,,,R,R,R,,,,R,R,R,R,R,,,,,,,,,,,,,,,,,,
573.66496,EKP,,,,,,,,,,R,,,,R,R,R,R,R,,,,,,,,,,,,,,,,,,
72407.2328,EKP,S,S,,,,,R,,,,R,R,S,R,R,,,R,R,,,R,R,S,R,R,,,,,,,,,,
573.29951,EKP,,S,S,,R,,,R,,R,,,R,,,,,,R,,S,,,,,,,,,,,,,,,
573.66528,EKP,,S,S,R,,,,R,,R,,,,R,R,R,R,R,,,,,,,,,,,,,,,,,,
573.66022,EKP,,S,S,,S,S,R,,S,,R,,S,R,R,,,R,R,,,R,R,S,R,R,,,,,,,,,,
573.24361,EKP,,,S,R,S,,S,,,R,,,S,R,,R,R,R,S,,,,R,S,,,,,,R,,,,,,
573.24388,EKP,S,,S,R,,,S,,R,,,,R,R,,R,R,R,R,,,,R,S,,,,,,R,,,,,,
573.66457,EKP,,,,R,S,,,,,,,,,R,R,R,R,R,,,,,,,,,,,,,,,,,,
573.67369,EKP,,,S,,S,R,,,,,,,,,,,,,,,S,,,,,,S,R,,,,,,,,
72407.2395,EKP,,,,R,,R,R,,R,R,,S,S,R,S,,,R,R,,,R,R,S,R,R,,,,,,,,,,
573.31601,EKP,R,R,S,R,,,,,,,,,R,R,,R,R,R,R,,,,,,,,,,,,,,,,,
573.66227,EKP,,,,R,R,,,,,R,,,,R,R,R,R,R,,,,,,,,,,,,,,,,,,
573.66481,EKP,,,R,R,,,,,,,,,,R,R,R,R,R,,,,,,,,,,,,,,,,,,
72407.2641,EKP,,S,R,,S,,R,,,,R,R,S,R,R,,,R,R,,,R,R,S,R,R,,,,,,,,,,
573.7044,EKP,S,,R,,,,,,,R,R,,,R,R,,R,R,S,,,,,,,,,,,,,,,,,
573.66355,EKP,,,R,R,,,,,R,R,,,,R,R,R,R,R,,,,,,,,,,,,,,,,,,
573.66414,EKP,,S,,,R,,,R,R,R,,,,R,R,R,R,R,,,,,,,,,,,,,,,,,,
1328408.3,EKP,S,,,R,S,,R,,,R,,R,,,,,,R,,,,,R,,R,,,,,R,,,,,,
1328426.3,EKP,,,S,S,S,,R,,,S,,S,,,,,,S,,,,,S,,S,,,,,S,,,,,,
573.65952,EKP,,,,R,S,,R,,R,S,R,,S,R,S,,,R,R,,,R,R,S,R,R,,,,,,,,,,
573.66561,EKP,,,R,,R,,,R,,,,,,R,R,R,R,R,,,,,,,,,,,,,,,,,,
72407.2603,EKP,,S,S,R,,,R,,,S,,S,S,R,R,,,R,R,,,R,R,S,R,R,,,,,,,,,,
72407.2434,EKP,,R,,R,S,,R,,R,R,R,,S,R,R,,,R,R,,,R,R,S,R,R,,,,,,,,,,
72407.2731,EKP,,S,S,,,S,,,R,R,S,S,S,R,S,,,R,S,,,R,R,S,S,R,,,,,,,,,,
573.18086,EKP,,S,R,R,S,,,S,,,,R,S,R,,R,,R,R,,S,,R,S,R,,,R,,R,,,,,,
573.20063,EKP,R,,,,S,,R,R,,R,,R,R,R,,R,R,R,R,,,,R,R,R,,,,,R,,,,,,
1284818.4,EKP,S,S,R,R,S,R,R,S,R,R,R,R,R,R,,,,R,R,,,,,S,,,,,,,,,,R,,
573.24433,EKP,R,S,R,R,,,R,R,,,R,,S,R,,R,R,R,R,,,,R,R,,,,,,R,,,,,,
573.66358,EKP,,,,R,,,,R,R,,,,,R,R,R,R,R,,,,,,,,,,,,,,,,,,
573.24394,EKP,S,,R,R,S,R,,R,R,,,R,S,R,,R,R,R,R,,,,R,S,,,,,,R,,,,,,
573.5623,EKP,,,,,,,R,,,,R,R,R,R,,R,,R,R,,,,,,R,,,,R,R,,,,,,
573.24374,EKP,R,R,S,,,,R,,,R,R,R,S,R,,R,R,R,R,,,,R,R,,,,,,R,,,,,,
72407.2683,EKP,S,,S,,S,,R,,S,S,S,,S,S,S,,,S,R,,,S,S,S,R,R,,,,,,,,,,
573.4141,EKP,,,,,,,,,,R,R,,,R,R,,R,R,S,,,,,,,,,,,,,,,,,
573.20062,EKP,,,R,R,S,R,R,R,,R,R,R,S,R,,R,R,R,R,,,,R,R,R,,,,,R,,,,,,
573.7059,EKP,S,,R,,,,,,,R,R,,,R,R,,R,R,S,,,,,,,,,,,,,,,,,
72407.2684,EKP,,S,,R,S,S,,,R,,,,S,R,R,,,R,R,,,R,R,R,R,R,,,,,,,,,,
573.4142,EKP,,,S,,,,,,,,,,,S,R,,S,S,R,,,,,,,,,,,,,,,,,
72407.2431,EKP,S,,S,,S,R,R,,R,R,,,S,R,S,,,R,R,,,R,R,S,R,R,,,,,,,,,,
573.24334,EKP,,,S,,,,,,R,S,R,,S,R,,R,R,R,S,,,,R,R,,,,,,R,,,,,,
72407.2877,EKP,,S,,,,,R,,R,,R,R,S,R,R,,,R,S,,,R,R,S,R,R,,,,,,,,,,
573.24369,EKP,,S,,,,,R,R,R,,,,S,R,,R,R,R,R,,,,R,S,,,,,,R,,,,,,
72407.2545,EKP,,,S,R,,,,,R,,S,,S,R,R,,,S,R,,,R,R,S,R,R,,,,,,,,,,
573.66545,EKP,,,,,R,,,,R,R,,,,R,R,R,R,R,,,,,,,,,,,,,,,,,,
573.30017,EKP,R,,R,,R,,R,,,R,,,R,,,,,,R,,S,,,,,,,,,,,,,,,
574.83,EKP,,S,S,,,R,,,,,,S,S,R,R,,,R,R,,,R,R,S,R,R,,,,,,,,,,
573.46843,EKP,,R,,,R,R,R,R,,,,,S,,,,R,R,S,,R,,R,,,,,R,,,,,,,,
573.66222,EKP,,,,R,R,,,R,R,,,,,R,R,R,R,R,,,,,,,,,,,,,,,,,,
573.66504,EKP,,R,S,R,,,,,,,,,,R,R,R,R,R,,,,,,,,,,,,,,,,,,
573.46365,EKP,R,,,R,R,,,,,,,,,R,,,,R,S,,,,R,,,R,,,,,,,,,,
573.66486,EKP,,S,R,,R,,,R,,,,,,R,R,R,R,R,,,,,,,,,,,,,,,,,,
573.66442,EKP,,S,,R,,,,,R,,,,,R,R,R,R,R,,,,,,,,,,,,,,,,,,
573.46867,EKP,,,R,R,R,,R,R,R,R,R,,S,,,,R,R,S,,R,,R,,,,,R,,,,,,,,
573.66352,EKP,,S,,R,R,,,,R,R,,,,R,R,R,R,R,,,,,,,,,,,,,,,,,,
72407.2868,EKP,S,,R,R,S,R,,,,,,R,R,R,S,,,R,R,,,R,R,S,R,R,,,,,,,,,,
573.29983,EKP,,S,S,,,,R,R,,R,,,S,,,,,,S,,S,,,,,,,,,,,,,,,
573.66491,EKP,,R,S,R,,,,R,R,R,,,,R,R,R,R,R,,,,,,,,,,,,,,,,,,
573.24392,EKP,R,,,R,,,R,R,,,,S,S,R,,R,R,R,R,,,,R,R,,,,,,R,,,,,,
573.66254,EKP,,R,S,,,,,,R,R,,,,R,R,R,R,R,,,,,,,,,,,,,,,,,,
573.46366,EKP,,R,,,,,,,,R,,,,R,,,,R,S,,,,R,,,R,,,,,,,,,,
573.7063,EKP,S,,S,,,,,,,R,S,,,R,R,,R,R,S,,,,,,,,,,,,,,,,,
573.46343,EKP,,,,,R,R,,,,,,,,R,,,,R,S,,,,R,,,R,,,,,,,,,,
1328398.3,EKP,,S,R,,R,,R,,,R,R,R,,,,,,R,,,,,,,R,,,,,,,,,,,
573.4152,EKP,S,,S,,,,,,,R,S,,,R,R,,R,R,S,,,,,,,,,,,,,,,,,
573.12778,EKP,R,R,,,R,,,R,,,,,R,R,,R,R,R,R,,,,R,,R,,,,,R,,,,,,
72407.2554,EKP,,S,R,R,S,,R,,,,,,S,R,S,,,S,S,,,R,R,S,R,R,,,,,,,,,,
72407.2188,EKP,S,S,,R,,S,R,,,,S,,S,R,S,,,R,R,,,R,R,S,R,S,,,,,,,,,,
72407.2574,EKP,S,,,,S,,,,,,,,S,R,S,,,R,R,,,R,R,S,R,R,,,,,,,,,,
72407.2222,EKP,,,,,S,S,,,,R,,,S,R,R,,,R,R,,,R,R,S,R,R,,,,,,,,,,
72407.192,EKP,S,,S,,S,R,S,,R,,R,R,S,R,,,,R,R,,,,,S,,,,,,,,,,R,,
72407.2332,EKP,S,,S,R,,R,,,,,,,S,R,R,,,R,R,,,R,R,S,R,R,,,,,,,,,,
573.29999,EKP,,S,,,R,,R,,,,,,S,,,,,,S,,S,,,,,,,,,,,,,,,
574.7,EKP,,,,,S,,,,,R,,,S,R,S,,,R,R,,,R,R,S,R,R,,,,,,,,,,
573.24423,EKP,R,,S,,,R,,,R,R,,,S,R,,R,R,R,R,,,,R,R,,,,,,R,,,,,,
573.15107,EKP,,,S,R,,,R,R,,R,,R,S,R,,R,R,R,R,,,,R,,R,,,,,R,,,,,,
573.4121,EKP,S,,,,,,,,,,R,,,R,R,,R,R,S,,,,,,,,,,,,,,,,,
573.66052,EKP,S,,,,S,,R,,S,,S,,R,R,S,,,S,R,,,R,R,S,R,R,,,,,,,,,,
72407.2569,EKP,S,S,,,,,,,R,R,,,S,R,R,,,S,R,,,R,R,S,R,R,,,,,,,,,,
573.66276,EKP,,,R,,R,,,,,R,,,,R,R,R,R,R,,,,,,,,,,,,,,,,,,
573.67352,EKP,,,,,S,R,,R,,,R,,,,,,,,,,S,,,,,,S,R,,,,,,,,
72407.2533,EKP,R,,R,,S,R,,,,,,,S,R,R,,,R,R,,,R,R,R,R,R,,,,,,,,,,
573.66219,EKP,,,S,,,,,R,R,R,,,,R,R,R,R,R,,,,,,,,,,,,,,,,,,
573.46865,EKP,,,,R,,,,,R,,,,S,,,,R,R,S,,R,,R,,,,,R,,,,,,,,
573.24427,EKP,,,S,,,,,,,R,,S,S,R,,R,R,R,R,,,,R,R,,,,,,R,,,,,,
72407.1436,EKP,,,R,R,S,R,,,,,,,,R,,,,R,R,,,,,,,,,,,,,,,,,
573.1923,EKP,,S,S,R,S,,R,R,R,R,R,S,S,,,,,R,R,,,,R,,,,,,,,,,,,,
573.29927,EKP,,,S,,,,R,R,,S,,,S,,,,,,S,,S,,,,,,,,,,,,,,,
72407.2357,EKP,S,,,R,,,R,,R,S,R,,S,R,S,,,R,R,,,R,R,S,R,R,,,,,,,,,,
573.4193,EKP,,,,,,,,,,R,,,,R,R,,R,R,S,,,,,,,,,,,,,,,,,
573.66042,EKP,,,,,S,,R,,R,R,R,,S,R,S,,,R,R,,,R,R,S,R,R,,,,,,,,,,
72407.2788,EKP,,S,,S,S,,,,S,R,,S,S,S,S,,,S,R,,,S,S,S,S,S,,,,,,,,,,
573.7025,EKP,S,S,S,R,S,S,R,R,R,S,R,R,R,R,,R,R,R,R,,,,R,S,R,,,,,R,,,,,,
573.66344,EKP,,,,,,,,,R,R,,,,R,R,R,R,R,,,,,,,,,,,,,,,,,,
72407.2875,EKP,,,,S,S,R,R,,R,,S,,S,R,R,,,R,R,,,R,R,S,R,R,,,,,,,,,,
573.46829,EKP,,R,R,,R,R,R,,R,R,,,S,,,,R,R,S,,R,,R,,,,,R,,,,,,,,
72407.2372,EKP,,,S,,,,R,,,,R,R,S,R,R,,,R,R,,,R,R,S,R,R,,,,,,,,,,
72407.2571,EKP,,S,R,,,S,R,,,,S,R,S,R,S,,,S,R,,,R,R,S,R,R,,,,,,,,,,
573.66224,EKP,,R,,,R,,,R,R,R,,,,R,R,R,R,R,,,,,,,,,,,,,,,,,,
573.46345,EKP,R,R,,,R,,,,,,,,,R,,,,R,S,,,,R,,,R,,,,,,,,,,
573.66512,EKP,,,,,,,,,,R,,,,R,R,R,R,R,,,,,,,,,,,,,,,,,,
573.24256,EKP,R,R,,,,R,,,,,,,S,R,,R,R,R,R,,,,R,R,R,,,,,R,,,,,,
72407.2173,EKP,,S,R,R,,,,,,,S,,S,R,S,,,R,R,,,R,R,S,R,R,,,,,,,,,,
573.67371,EKP,R,,,R,,,,,,,R,,,,,,,,,,S,,,,,,S,R,,,,,,,,
573.29964,EKP,R,,S,,R,,R,,,,,,S,,,,,,S,,S,,,,,,,,,,,,,,,
573.29914,EKP,R,,R,,,,,,,R,,,S,,,,,,R,,S,,,,,,,,,,,,,,,
573.24359,EKP,R,,,R,S,,,R,,,R,R,S,R,,R,R,R,R,,,,R,R,,,,,,R,,,,,,
573.66447,EKP,,R,,,R,,,,,R,,,,R,R,R,R,R,,,,,,,,,,,,,,,,,,
573.66571,EKP,,,,,,,,,R,R,,,,R,R,R,R,R,,,,,,,,,,,,,,,,,,
72407.2543,EKP,S,S,,,S,,R,,R,,S,,S,R,S,,,S,R,,,R,R,S,R,R,,,,,,,,,,
573.4096,EKP,S,,R,,,,,,,R,R,,,R,R,,R,R,R,,,,,,,,,,,,,,,,,
573.4128,EKP,S,,S,,,,,,,,,,,S,R,,S,S,R,,,,,,,,,,,,,,,,,
573.46855,EKP,,,,R,R,,,R,S,R,,,S,,,,R,R,S,,R,,R,,,,,R,,,,,,,,
72407.2368,EKP,,,,,S,,,,S,R,,S,S,R,S,,,S,R,,,R,R,S,R,R,,,,,,,,,,
72407.2822,EKP,,S,S,S,,,,,,,,,S,R,R,,,R,R,,,S,S,S,R,R,,,,,,,,,,
72407.2756,EKP,,S,R,R,S,S,R,,S,R,S,,S,R,S,,,S,R,,,R,R,S,R,R,,,,,,,,,,
72407.2864,EKP,S,R,S,,S,R,,,,,S,,S,R,R,,,R,R,,,R,R,S,R,R,,,,,,,,,,
573.4215,EKP,,,R,,,,,,,R,R,,,R,R,,R,R,R,,,,,,,,,,,,,,,,,
1304923.3,EKP,S,S,R,R,S,R,R,R,R,R,R,R,S,R,,,,R,S,,,,,S,,,,,,,,,,R,,
573.24453,EKP,,,,,,R,R,,,R,R,R,S,R,,R,R,R,R,,,,R,R,,,,,,R,,,,,,
573.24358,EKP,,,S,R,S,,,,,R,R,,S,R,,R,R,R,R,,,,R,R,,,,,,R,,,,,,
573.67367,EKP,S,,,,S,S,,R,,,,,,,,,,,,,S,,,,,,S,R,,,,,,,,
72407.2638,EKP,S,S,,,,R,,,,R,S,,S,R,S,,,R,R,,,R,R,S,R,R,,,,,,,,,,
573.67353,EKP,,,R,,R,,,,,,R,,,,,,,,,,S,,,,,,S,R,,,,,,,,
573.29967,EKP,R,S,S,,,,,,,,,,S,,,,,,S,,S,,,,,,,,,,,,,,,
574.108,EKP,,S,R,R,,S,R,,,,R,R,R,R,R,,,R,R,,,R,R,R,R,R,,,,,,,,,,
573.29863,EKP,,,,,R,,R,,,R,,,R,,,,,,S,,S,,,,,,,,,,,,,,,
72407.2859,EKP,S,,,R,S,,R,,R,R,,,S,R,R,,,R,R,,,R,R,S,R,R,,,,,,,,,,
72407.2749,EKP,,S,,R,,S,R,,R,R,,R,S,R,S,,,R,R,,,R,R,S,R,R,,,,,,,,,,
573.66469,EKP,,,,,,,,R,R,R,,,,R,R,R,R,R,,,,,,,,,,,,,,,,,,
72407.2516,EKP,S,,,,S,,R,,R,,S,S,S,R,S,,,R,R,,,R,R,S,R,R,,,,,,,,,,
573.30013,EKP,R,R,R,,,,R,R,,,,,S,,,,,,R,,S,,,,,,,,,,,,,,,
573.4133,EKP,,,R,,,,,,,,,,,R,R,,S,R,S,,,,,,,,,,,,,,,,,
72407.2334,EKP,,S,,,S,,,,R,,S,,S,R,S,,,S,R,,,R,R,S,R,R,,,,,,,,,,
573.46335,EKP,,S,,,R,R,,,,,,,,R,,,,R,R,,,,R,,,R,,,,,,,,,,
573.7028,EKP,R,R,S,R,S,R,R,R,R,R,R,R,S,R,,R,R,R,S,,,,R,R,R,,,,,R,,,,,,
573.46355,EKP,,R,,,,R,,,,,,,,R,,,,R,R,,,,R,,,R,,,,,,,,,,
72407.2388,EKP,S,,R,R,S,S,R,,R,R,,R,S,R,S,,,R,R,,,R,R,S,R,R,,,,,,,,,,
72407.175,EKP,,R,R,,,R,,R,R,,R,,S,R,,,,R,R,,,,,S,,,,,,,,,,R,,
72407.2872,EKP,,S,S,S,S,S,R,,,S,S,S,S,S,S,,,S,R,,,S,S,S,S,R,,,,,,,,,,
72407.2298,EKP,S,S,,S,S,S,,,S,,,,S,S,S,,,S,S,,,S,S,S,S,S,,,,,,,,,,
573.65912,EKP,S,,,S,,S,R,,S,,,,S,R,S,,,S,R,,,R,R,S,R,R,,,,,,,,,,
573.29988,EKP,,R,S,,,,R,,,R,,,R,,,,,,R,,S,,,,,,,,,,,,,,,
72407.2656,EKP,S,S,,R,S,R,,,R,R,,S,S,R,R,,,R,R,,,R,R,S,R,R,,,,,,,,,,
72407.2194,EKP,,S,,R,S,R,,,,R,,,S,R,S,,,R,R,,,R,R,S,R,R,,,,,,,,,,
72407.2479,EKP,,,R,R,,,R,,,R,R,,S,R,R,,,R,R,,,R,R,R,R,R,,,,,,,,,,
573.66001,EKP,,,S,,,S,,,R,R,R,R,S,R,R,,,R,R,,,R,R,R,R,R,,,,,,,,,,
72407.2615,EKP,,,S,R,,S,R,,,R,,R,S,R,R,,,R,R,,,R,R,S,R,R,,,,,,,,,,
1284798.4,EKP,S,S,R,R,S,R,R,R,R,R,R,R,S,R,,,,R,R,,,,,S,,,,,,,,,,R,,
573.66407,EKP,,,S,R,R,,,R,R,R,,,,R,R,R,R,R,,,,,,,,,,,,,,,,,,
573.29984,EKP,R,,S,,R,,R,,,R,,,S,,,,,,S,,S,,,,,,,,,,,,,,,
72407.2254,EKP,S,,S,,,,R,,,,S,S,S,R,S,,,R,R,,,R,R,S,R,R,,,,,,,,,,
72407.2255,EKP,S,,R,,,S,,,S,R,,R,S,R,S,,,S,R,,,R,R,S,R,R,,,,,,,,,,
573.4167,EKP,S,,S,,,,,,,R,R,,,S,R,,R,R,R,,,,,,,,,,,,,,,,,
573.66439,EKP,,S,S,R,,,,,,R,,,,R,R,R,R,R,,,,,,,,,,,,,,,,,,
72407.201,EKP,R,R,S,R,,R,R,R,,,,R,S,R,,,,R,R,,,,,S,,,,,,,,,,R,,
573.52166,EKP,,R,R,,,,,R,,R,R,,S,R,,R,R,R,R,,,,R,R,R,,,,,R,,,,,,
573.30001,EKP,R,R,R,,R,,R,R,,,,,R,,,,,,S,,S,,,,,,,,,,,,,,,
573.30014,EKP,R,S,,,R,,R,,,,,,R,,,,,,R,,S,,,,,,,,,,,,,,,
573.4089,EKP,S,,R,,,,,,,R,R,,,R,R,,R,R,R,,,,,,,,,,,,,,,,,
72407.257,EKP,R,,S,,,R,R,R,S,R,,R,S,R,R,,,S,S,,,R,S,S,R,R,,,,,,,,R,,
573.4222,EKP,,,,,,,,,,R,,,,S,R,,R,S,R,,,,,,,,,,,,,,,,,
573.29933,EKP,,R,S,,R,,R,R,,R,,,R,,,,,,R,,S,,,,,,,,,,,,,,,
1328397.3,EKP,S,S,S,,S,S,R,S,,S,,,,S,,R,,S,R,,,,,,S,,,,,S,,,,,,
573.46353,EKP,,,,,R,R,,,,R,,,,R,,,,R,S,,,,R,,,R,,,,,,,,,,
573.66549,EKP,,,,,,,,,R,,,,,R,R,R,R,R,,,,,,,,,,,,,,,,,,
573.66421,EKP,,,,R,R,,,,R,,,,,R,R,R,R,R,,,,,,,,,,,,,,,,,,
573.66068,EKP,,,,S,S,S,,,,,S,S,S,S,R,,,S,R,,,R,S,R,R,R,,,,,,,,,,
573.24378,EKP,R,R,,R,S,,,,,,,R,R,R,,R,R,R,R,,,,R,R,,,,,,R,,,,,,
573.66324,EKP,,,S,,R,,,R,,,,,,R,R,R,R,R,,,,,,,,,,,,,,,,,,
573.66363,EKP,,R,R,R,R,,,,R,R,,,,R,R,R,R,R,,,,,,,,,,,,,,,,,,
573.12781,EKP,,R,,,,R,R,,R,,,,S,R,,R,R,R,R,,,,R,R,R,,,,,R,,,,,,
573.7087,EKP,S,,R,,,,,,,R,R,,,R,R,,R,R,R,,,,,,,,,,,,,,,,,
573.65954,EKP,S,S,R,R,,,,,,R,,,S,R,S,,,R,R,,,R,R,S,S,R,,,,,,,,,,
72407.2558,EKP,S,S,,R,S,,R,,R,R,S,,S,R,S,,,R,R,,,R,R,S,R,R,,,,,,,,,,
72407.263,EKP,R,R,,,S,,R,R,R,R,,R,R,R,,,,R,R,,,,,S,,,,,,,,,,R,,
72407.2816,EKP,S,S,R,,,,R,,,,S,R,S,R,S,,,S,R,,,R,R,S,R,S,,,,,,,,,,
72407.2247,EKP,S,S,,,,,R,,,R,,S,S,R,S,,,R,R,,,R,R,S,R,R,,,,,,,,,,
573.4065,EKP,S,,R,,,,,,,R,R,,,R,R,,R,R,R,,,,,,,,,,,,,,,,,
573.66506,EKP,,R,S,,R,,,,R,R,,,,R,R,R,R,R,,,,,,,,,,,,,,,,,,
573.24328,EKP,,S,R,,S,R,R,,,,,R,R,R,,R,R,R,R,,,,R,R,,,,,,R,,,,,,
573.4212,EKP,,,,,,,,,,,S,,,R,R,,R,R,R,,,,,,,,,,,,,,,,,
1284789.4,EKP,R,R,S,R,S,R,S,R,R,R,R,R,R,R,,,,R,R,,,,,S,,,,,,,,,,R,,
573.65945,EKP,,R,S,,S,,R,,,,,,S,R,R,,,R,R,,,R,R,S,R,R,,,,,,,,,,
1284787.3,EKP,R,R,R,R,S,R,R,R,R,R,R,R,S,R,,,,R,S,,,,,S,,,,,,,,,,R,,
573.46858,EKP,,,,,,R,R,R,R,,R,,S,,,,R,R,S,,R,,R,,,,,R,,,,,,,,
72407.2828,EKP,S,,S,S,S,R,,,S,,S,S,S,R,S,,,S,R,,,R,R,S,S,R,,,,,,,,,,
573.24367,EKP,S,,S,,,,,R,,,R,S,S,R,,R,R,R,R,,,,R,R,,,,,,R,,,,,,
573.25569,EKP,R,S,S,,,,,,R,,R,R,S,R,,R,,R,,,,,,,R,,,,R,R,,,,,,
573.65979,EKP,S,S,S,,S,,R,,S,S,S,,S,R,S,,,S,R,,,R,R,S,R,S,,,,,,,,,,
573.66303,EKP,,S,,R,,,,,R,R,,,,R,R,R,R,R,,,,,,,,,,,,,,,,,,
72407.2777,EKP,,S,,S,,,,,R,R,R,R,S,R,R,,,R,R,,,R,R,S,R,R,,,,,,,,,,
573.46359,EKP,,R,,R,R,R,,,,R,,,,R,,,,R,R,,,,R,,,R,,,,,,,,,,
72407.186,EKP,R,R,,R,S,R,R,R,R,R,,R,S,R,,,,R,S,,,,,S,,,,,,,,,,R,,
573.46876,EKP,,R,R,,R,R,,R,S,R,R,,S,,,,R,R,S,,R,,R,,,,,R,,,,,,,,
573.4182,EKP,S,,R,,,,,,,R,R,,,R,R,,R,R,S,,,,,,,,,,,,,,,,,
72407.2408,EKP,S,S,,,S,,R,,R,,S,R,S,R,S,,,R,R,,,R,R,S,R,R,,,,,,,,,,
573.29937,EKP,,S,R,,R,,R,,,R,,,R,,,,,,S,,S,,,,,,,,,,,,,,,
573.7055,EKP,S,,R,,,,,,,R,R,,,R,R,,R,R,R,,,,,,,,,,,,,,,,,
573.66349,EKP,,,,R,R,,,R,R,,,,,R,R,R,R,R,,,,,,,,,,,,,,,,,,
72407.2245,EKP,S,,R,,,,,,,R,S,,S,R,S,,,R,R,,,R,R,S,R,R,,,,,,,,,,
573.7031,EKP,R,R,R,R,S,R,R,R,R,R,R,R,R,R,,R,R,R,R,,,,R,R,R,,,,,R,,,,,,
72407.2668,EKP,,,,,,S,R,,S,,S,,S,S,S,,,S,R,,,S,S,S,S,R,,,,,,,,,,
573.66223,EKP,,S,R,,R,,,,R,,,,,R,R,R,R,R,,,,,,,,,,,,,,,,,,
573.4174,EKP,S,,S,,,,,,,R,R,,,,R,,R,R,R,,,,,,,,,,,,,,,,,
573.66329,EKP,,R,R,,,,,R,,,,,,R,R,R,R,R,,,,,,,,,,,,,,,,,,
72407.247,EKP,,R,,,,,,R,R,R,,,R,R,,,,R,R,,,,,S,,,,,,,,,,R,,
573.7022,EKP,S,S,R,R,S,R,R,R,R,R,R,R,S,R,,R,R,R,S,,,,R,S,R,,,,,R,,,,,,
573.24439,EKP,R,S,R,,S,R,,,R,R,,,S,R,,R,R,R,R,,,,R,R,,,,,,R,,,,,,
72407.2333,EKP,,S,S,,S,S,,,,,,,S,R,R,,,R,R,,,R,R,R,R,R,,,,,,,,,,
72407.2404,EKP,S,S,R,,,,R,,,,R,R,S,R,R,,,R,R,,,R,R,S,R,R,,,,,,,,,,
72407.2541,EKP,,,,,,S,,,R,,,,S,R,S,,,S,R,,,R,R,S,R,R,,,,,,,,,,
1328390.3,EKP,S,S,S,,S,S,R,S,,S,,,,S,,R,,S,R,,,,,,S,,,,,S,,,,,,
573.66382,EKP,,,S,R,R,,,,R,,,,,R,R,R,R,R,,,,,,,,,,,,,,,,,,
573.66555,EKP,,,,,,,,R,R,,,,,R,R,R,R,R,,,,,,,,,,,,,,,,,,
72407.2714,EKP,,R,R,,,S,R,,R,,,,S,R,R,,,S,R,,,R,R,S,R,R,,,,,,,,,,
573.66272,EKP,,R,,R,R,,,R,R,,,,,R,R,R,R,R,,,,,,,,,,,,,,,,,,
573.66386,EKP,,,,R,R,,,R,,R,,,,R,R,R,R,R,,,,,,,,,,,,,,,,,,
573.46838,EKP,,R,R,R,R,,,,R,R,,,S,,,,R,R,S,,R,,R,,,,,R,,,,,,,,
573.46373,EKP,,,,R,,,,,,,,,,R,,,,R,S,,,,R,,,R,,,,,,,,,,
573.4066,EKP,S,,S,,,,,,,R,R,,,R,R,,S,R,S,,,,,,,,,,,,,,,,,
573.29981,EKP,R,R,,,,,R,,,,,,R,,,,,,S,,S,,,,,,,,,,,,,,,
573.46394,EKP,,S,,,S,,,,,R,,,,R,,,,R,R,,,,R,,,R,,,,,,,,,,
573.24408,EKP,S,,,,S,R,,,,R,,R,S,R,,R,R,R,R,,,,R,S,,,,,,R,,,,,,
72407.2348,EKP,,,R,R,,S,R,,,,,R,S,R,S,,,R,R,,,R,R,S,R,R,,,,,,,,,,
72407.2319,EKP,S,S,S,R,S,R,,,R,,,R,S,R,R,,,R,R,,,R,R,S,R,R,,,,,,,,,,
573.67358,EKP,S,,S,R,,R,,R,,,R,,,,,,,,,,R,,,,,,S,R,,,,,,,,
573.7078,EKP,S,,R,,,,,,,R,R,,,R,R,,R,R,S,,,,,,,,,,,,,,,,,
573.66413,EKP,,,R,R,,,,R,,,,,,R,R,R,R,R,,,,,,,,,,,,,,,,,,
573.46384,EKP,,S,,R,,R,,,,,,,,R,,,,R,R,,,,R,,,R,,,,,,,,,,
573.66319,EKP,,,,R,R,,,,,R,,,,R,R,R,R,R,,,,,,,,,,,,,,,,,,
573.66522,EKP,,,,,,,,,R,,,,,R,R,R,R,R,,,,,,,,,,,,,,,,,,
72407.2175,EKP,S,,,,,,R,,R,R,,,S,R,S,,,S,R,,,R,R,S,R,R,,,,,,,,,,
72407.2813,EKP,,S,S,,S,,,,R,R,S,S,S,R,S,,,R,R,,,R,R,S,S,R,,,,,,,,,,
573.4192,EKP,S,,S,,,,,,,R,,,,S,R,,R,S,S,,,,,,,,,,,,,,,,,
72407.2244,EKP,S,S,,,,S,R,,,,S,,S,R,S,,,S,R,,,R,R,S,R,R,,,,,,,,,,
573.4073,EKP,S,,R,,,,,,,R,S,,,S,R,,S,S,R,,,,,,,,,,,,,,,,,
1284796.3,EKP,R,S,R,R,S,R,R,R,R,R,R,R,S,R,,,,R,R,,,,,S,,,,,,,,,,R,,
574.105,EKP,S,S,R,R,,S,,,R,S,,,S,R,R,,,R,R,,,R,R,R,R,R,,,,,,,,,,
573.67356,EKP,S,,,,S,R,,,,,,,,,,,,,,,S,,,,,,S,R,,,,,,,,
573.5646,EKP,R,R,,,R,,,,R,,R,,R,R,,R,,R,,,,,,,R,,,,R,R,,,,,,
1328416.3,EKP,,,S,S,S,,R,,,R,,S,,,,,,S,,,,,S,,R,,,,,S,,,,,,
573.66513,EKP,,,S,,R,,,R,,R,,,,R,R,R,R,R,,,,,,,,,,,,,,,,,,
573.7095,EKP,S,,S,,,,,,,R,R,,,,R,,S,R,R,,,,,,,,,,,,,,,,,
573.4124,EKP,S,,,,,,,,,R,R,,,R,R,,R,R,S,,,,,,,,,,,,,,,,,
573.7052,EKP,S,,R,,,,,,,R,R,,,R,R,,R,R,R,,,,,,,,,,,,,,,,,
573.66056,EKP,S,,R,,S,,,,,R,S,,S,R,S,,,S,R,,,R,R,S,R,R,,,,,,,,,,
573.66027,EKP,,,,,S,,R,,,,,,R,R,R,,,R,R,,,R,R,S,R,R,,,,,,,,,,
72407.2685,EKP,,,,,,R,,,,R,,R,R,R,R,,,R,R,,,R,R,R,R,R,,,,,,,,,,
72407.171,EKP,R,R,R,R,S,R,R,R,R,R,R,R,R,R,,,,R,R,,,,,S,,,,,,,,,,R,,
573.66375,EKP,,,,,R,,,,S,R,,,,R,R,R,R,S,,,,,,,,,,,,,,,,,,
72407.2381,EKP,,,R,,S,,R,,,,S,R,S,R,R,,,R,R,,,R,R,S,R,R,,,,,,,,,,
72407.2865,EKP,,,S,,,,R,,,R,,,S,R,R,,,R,R,,,R,R,S,R,R,,,,,,,,,,
72407.2858,EKP,,,,S,S,S,,,,,,S,S,R,R,,,R,R,,,R,R,S,R,R,,,,,,,,,,
573.5765,EKP,R,R,S,R,S,,R,,R,R,R,R,S,R,,R,,R,,,,,,,R,,,,R,R,,,,,,
573.66012,EKP,S,S,,R,,,,,R,R,S,,S,R,R,,,R,R,,,R,R,S,R,R,,,,,,,,,,
573.29866,EKP,R,S,S,,,,R,R,,R,,,S,,,,,,S,,S,,,,,,,,,,,,,,,
573.7362,EKP,R,R,R,R,S,R,R,R,R,R,R,R,S,R,,R,R,R,R,,,,R,R,R,,,,,R,,,,,,
72407.2805,EKP,,S,,,,S,,,,R,,R,S,R,R,,,S,R,,,R,R,S,R,R,,,,,,,,,,
573.4098,EKP,S,,S,,,,,,,R,S,,,S,R,,S,S,R,,,,,,,,,,,,,,,,,
573.4149,EKP,S,,R,,,,,,,R,R,,,R,R,,R,R,S,,,,,,,,,,,,,,,,,
573.66232,EKP,,,R,R,,,,R,,,,,,R,R,R,R,R,,,,,,,,,,,,,,,,,,
573.46408,EKP,R,,,R,R,R,,,,,,,,R,,,,R,R,,,,R,,,R,,,,,,,,,,
72407.2652,EKP,S,,,,,R,,,,R,,R,S,R,R,,,R,R,,,R,R,S,R,R,,,,,,,,,,
1284820.3,EKP,S,S,R,R,S,R,R,R,R,R,R,R,S,R,,,,R,R,,,,,S,,,,,,,,,,R,,
573.18093,EKP,,,,,,R,,,R,,R,R,S,R,,R,R,R,R,,,,R,R,R,,,,,R,,,,,,
72407.2268,EKP,S,S,S,R,,,R,,,R,S,,S,R,S,,,S,R,,,R,R,S,R,R,,,,,,,,,,
573.7039,EKP,S,,R,,,,,,,R,S,,,R,R,,R,R,S,,,,,,,,,,,,,,,,,
573.66332,EKP,,R,R,,R,,,R,R,R,,,,R,R,R,R,R,,,,,,,,,,,,,,,,,,
573.66304,EKP,,S,,R,,,,R,S,R,,,,R,R,R,R,R,,,,,,,,,,,,,,,,,,
573.66508,EKP,,S,,,R,,,R,,R,,,,R,R,R,R,R,,,,,,,,,,,,,,,,,,
573.46369,EKP,,,,S,R,,,,,,,,,R,,,,R,S,,,,R,,,S,,,,,,,,,,
72407.2383,EKP,,S,,R,,S,R,,S,R,S,R,S,R,S,,,S,R,,,R,R,S,R,R,,,,,,,,,,
573.65965,EKP,S,,,,,,R,,,,S,,S,R,S,,,S,R,,,R,R,S,R,R,,,,,,,,,,
1284788.3,EKP,R,R,S,R,S,R,R,R,R,R,R,R,S,R,,,,R,S,,,,,S,,,,,,,,,,R,,
72407.2509,EKP,S,S,S,,S,,,,,R,S,S,S,S,R,,,S,R,,,R,S,S,R,R,,,,,,,,,,
573.66356,EKP,,R,R,,R,,,R,R,R,,,,R,R,R,R,R,,,,,,,,,,,,,,,,,,
72407.2176,EKP,S,S,,,,,,,S,S,,S,S,S,R,,,S,R,,,R,S,S,R,R,,,,,,,,,,
573.29991,EKP,R,,R,,R,,,,,R,,,R,,,,,,R,,S,,,,,,,,,,,,,,,
574.26,EKP,S,R,,R,S,,R,R,R,R,R,R,S,R,,R,R,R,R,,,,R,R,R,,,,,R,,,,,,
573.66362,EKP,,R,S,,,,,R,R,,,,,R,R,R,R,R,,,,,,,,,,,,,,,,,,
573.46853,EKP,,,,,,R,,R,,R,,,S,,,,R,R,S,,R,,R,,,,,R,,,,,,,,
573.66302,EKP,,S,S,R,R,,,,,R,,,,R,R,R,R,R,,,,,,,,,,,,,,,,,,
573.29954,EKP,,,,,,,R,R,,R,,,R,,,,,,R,,S,,,,,,,,,,,,,,,
573.66268,EKP,,S,,,,,,,S,,,,,R,R,R,R,S,,,,,,,,,,,,,,,,,,
573.66544,EKP,,S,R,,R,,,R,R,R,,,,R,R,R,R,R,,,,,,,,,,,,,,,,,,
573.46329,EKP,R,S,,,R,R,,,,R,,,,R,,,,R,R,,,,R,,,R,,,,,,,,,,
573.24349,EKP,,S,,R,,,R,,R,R,R,,S,R,,R,R,R,R,,,,R,S,,,,,,R,,,,,,
573.66265,EKP,,S,,,R,,,R,R,,,,,R,R,R,R,R,,,,,,,,,,,,,,,,,,
573.66377,EKP,,R,,R,R,,,R,R,,,,,R,R,R,R,R,,,,,,,,,,,,,,,,,,
573.30003,EKP,R,,S,,,,R,R,,,,,S,,,,,,R,,S,,,,,,,,,,,,,,,
72407.2784,EKP,,,S,R,,,R,,R,,,,S,R,S,,,R,R,,,R,R,S,S,R,,,,,,,,,,
72407.2394,EKP,S,,,S,,,,,,R,S,S,S,R,S,,,S,S,,,R,R,S,R,R,,,,,,,,,,
72407.2501,EKP,,,S,R,S,S,R,,,,,,R,R,S,,,R,R,,,R,R,S,R,R,,,,,,,,,,
573.66308,EKP,,,,R,R,,,R,S,,,,,R,R,R,R,R,,,,,,,,,,,,,,,,,,
573.65982,EKP,S,S,,R,S,R,,,R,R,,S,S,R,S,,,R,R,,,R,R,S,R,S,,,,,,,,,,
573.7216,EKP,,S,S,R,S,,R,R,R,R,R,S,S,,,,,R,R,,,,R,,,,,,,,,,,,,
573.46336,EKP,,R,,,,R,,,,,,,,R,,,,R,R,,,,R,,,R,,,,,,,,,,
573.4143,EKP,S,,,,,,,,,,,,,S,R,,R,S,R,,,,,,,,,,,,,,,,,
72407.2606,EKP,S,,S,,,,R,,,S,,S,S,R,S,,,S,R,,,R,R,S,R,R,,,,,,,,,,
573.66479,EKP,,S,,R,R,,,R,R,R,,,,R,R,R,R,R,,,,,,,,,,,,,,,,,,
72407.2488,EKP,S,,,,,,R,,,,,,S,R,S,,,S,S,,,R,R,S,S,S,,,,,,,,,,
573.4107,EKP,S,,,,,,,,,R,S,,,S,R,,R,S,S,,,,,,,,,,,,,,,,,
573.66059,EKP,,,S,S,S,S,,,,S,S,S,S,S,S,,,S,R,,,S,S,S,S,R,,,,,,,,,,
573.24435,EKP,R,,S,R,S,,R,,,,R,,S,R,,R,R,R,R,,,,R,R,,,,,,R,,,,,,
573.66292,EKP,,S,R,R,R,,,,,,,,,R,R,R,R,R,,,,,,,,,,,,,,,,,,
573.4083,EKP,S,,R,,,,,,,R,S,,,R,R,,R,R,S,,,,,,,,,,,,,,,,,
72407.2713,EKP,,S,S,,,S,R,,R,,,R,S,R,S,,,R,R,,,R,R,S,R,R,,,,,,,,,,
573.67372,EKP,,,,R,S,,,R,,,R,,,,,,,,,,S,,,,,,S,R,,,,,,,,
573.7077,EKP,S,,R,,,,,,,R,R,,,R,R,,R,R,R,,,,,,,,,,,,,,,,,
573.24403,EKP,R,,S,R,S,,R,,R,,R,,S,R,,R,R,R,R,,,,R,R,,,,,,R,,,,,,
573.5766,EKP,R,R,R,R,R,,R,,R,R,R,R,R,R,,R,,R,,,,,,,R,,,,R,R,,,,,,
72407.2581,EKP,S,,S,,S,,,,S,R,S,S,S,R,S,,,S,R,,,R,R,S,R,R,,,,,,,,,,
573.31623,EKP,,R,,R,,,,,,,R,,R,R,,R,R,R,R,,,,,,,,,,,,,,,,,
573.66489,EKP,,,R,,R,,,R,,,,,,R,R,R,R,R,,,,,,,,,,,,,,,,,,
573.66261,EKP,,,R,R,,,,R,R,,,,,R,R,R,R,R,,,,,,,,,,,,,,,,,,
72407.197,EKP,,R,S,R,,,,R,,R,R,,S,R,,,,R,R,,,,,S,,,,,,,,,,R,,
573.4206,EKP,S,,,,,,,,,,R,,,S,R,,S,S,R,,,,,,,,,,,,,,,,,
1284833.4,EKP,S,S,R,S,S,S,S,R,R,S,R,R,S,R,,,,R,S,,,,,S,,,,,,,,,,R,,
72407.2645,EKP,,S,R,R,,,,,,R,S,,S,R,S,,,R,S,,,R,R,S,R,R,,,,,,,,,,
573.66297,EKP,,,S,,R,,,R,R,,,,,R,R,R,R,R,,,,,,,,,,,,,,,,,,
1400164.3,EKP,,S,R,R,S,,R,,,R,R,R,,,,,,R,R,,,,R,,R,,,,,R,,,,,,
573.7074,EKP,S,,S,,,,,,,R,R,,,R,R,,R,R,R,,,,,,,,,,,,,,,,,
72407.2425,EKP,S,S,,R,S,,R,,,R,,,S,R,R,,,R,R,,,R,S,S,R,R,,,,,,,,,,
573.66215,EKP,,S,,R,R,,,,R,,,,,R,R,R,R,R,,,,,,,,,,,,,,,,,,
72407.172,EKP,R,R,R,,S,,,,R,R,R,R,R,R,,,,R,R,,,,,S,,,,,,,,,,R,,
573.66425,EKP,,,,R,,,,R,,R,,,,R,R,R,R,R,,,,,,,,,,,,,,,,,,
573.46392,EKP,,,,R,R,R,,,,,,,,R,,,,R,R,,,,R,,,R,,,,,,,,,,
72407.2724,EKP,S,S,,R,S,S,R,,R,,S,S,S,R,S,,,S,R,,,R,R,S,R,R,,,,,,,,,,
1328392.3,EKP,S,S,S,,S,S,R,S,,S,,,,S,,R,,S,R,,,,,,S,,,,,S,,,,,,
573.46385,EKP,R,,,,R,R,,,,,,,,R,,,,R,R,,,,R,,,R,,,,,,,,,,
573.66558,EKP,,,,,R,,,,,R,,,,R,R,R,R,R,,,,,,,,,,,,,,,,,,
72407.2531,EKP,,,R,R,S,,,,R,,R,R,S,R,S,,,R,R,,,R,R,S,R,R,,,,,,,,,,
573.66419,EKP,,,S,R,,,,,R,R,,,,R,R,R,R,R,,,,,,,,,,,,,,,,,,
573.24451,EKP,,R,,R,,,R,R,R,R,R,,R,R,,R,R,R,R,,,,R,R,,,,,,R,,,,,,
72407.2752,EKP,S,S,R,,,R,,,R,R,R,R,S,R,R,,,R,R,,,R,R,S,R,R,,,,,,,,,,
573.29874,EKP,,S,S,,R,,,R,,R,,,S,,,,,,S,,S,,,,,,,,,,,,,,,
573.4072,EKP,S,,S,,,,,,,R,R,,,R,R,,R,R,R,,,,,,,,,,,,,,,,,
573.66541,EKP,,,R,,,,,R,R,,,,,R,R,R,R,R,,,,,,,,,,,,,,,,,,
573.7047,EKP,S,,S,,,,,,,R,R,,,R,R,,R,R,R,,,,,,,,,,,,,,,,,
573.66338,EKP,,,,,,,,,R,R,,,,R,R,R,R,R,,,,,,,,,,,,,,,,,,
72407.2327,EKP,,S,,,,,,,,S,,R,S,R,R,,,R,S,,,R,R,R,R,R,,,,,,,,,,
573.29949,EKP,,S,,,R,,,R,,,,,R,,,,,,R,,S,,,,,,,,,,,,,,,
573.65901,EKP,,,R,,S,S,R,,S,R,,,S,R,S,,,S,R,,,R,R,S,R,R,,,,,,,,,,
573.46405,EKP,,,,,,S,,,,,,,,R,,,,R,R,,,,R,,,R,,,,,,,,,,
573.66248,EKP,,,,,R,,,R,,R,,,,R,R,R,R,R,,,,,,,,,,,,,,,,,,
573.66461,EKP,,S,R,R,,,,,,R,,,,R,R,R,R,R,,,,,,,,,,,,,,,,,,
573.66327,EKP,,S,S,,R,,,R,R,,,,,R,R,R,R,R,,,,,,,,,,,,,,,,,,
72407.2591,EKP,S,,R,R,S,S,,,R,,S,,S,R,S,,,R,R,,,R,R,S,R,R,,,,,,,,,,
573.4074,EKP,S,,S,,,,,,,S,R,,,S,R,,S,S,R,,,,,,,,,,,,,,,,,
573.9723,EKP,,S,,,,,,,R,R,,R,,R,,R,R,R,,,,,R,R,,,,,,R,,,,,,
72407.2362,EKP,S,S,,R,S,,R,,R,S,S,S,S,R,S,,,R,R,,,R,R,S,R,R,,,,,,,,,,
573.65942,EKP,S,,,R,,R,,,R,R,,,S,R,R,,,R,S,,,R,R,R,R,R,,,,,,,,,,
573.66246,EKP,,R,,R,,,,,R,R,,,,R,R,R,R,R,,,,,,,,,,,,,,,,,,
573.7051,EKP,S,,S,,,,,,,S,R,,,S,R,,S,S,R,,,,,,,,,,,,,,,,,
573.66006,EKP,S,,S,,,R,,,,,R,S,R,R,R,,,R,R,,,R,R,S,R,R,,,,,,,,,,
1284797.4,EKP,S,S,R,S,S,S,S,R,R,S,R,R,S,R,,,,R,S,,,,,S,,,,,,,,,,R,,
72407.2422,EKP,S,,,S,,S,,,S,,S,,S,R,S,,,S,R,,,R,R,S,R,R,,,,,,,,,,
573.66291,EKP,,R,,R,R,,,R,,,,,,R,R,R,R,R,,,,,,,,,,,,,,,,,,
72407.262,EKP,,S,S,,S,,,R,R,R,,S,S,R,S,,,S,R,,,R,R,S,R,R,,,,,,,,R,,
1400162.3,EKP,,R,R,,S,,R,,,R,R,R,R,,,,,R,R,,,,R,,R,,,,,R,,,,,,
573.66393,EKP,,,S,,R,,,,,R,,,,R,R,R,R,R,,,,,,,,,,,,,,,,,,
573.65985,EKP,,,S,S,S,,R,,,,,S,S,R,S,,,S,R,,,R,R,S,R,R,,,,,,,,,,
573.30008,EKP,,R,,,R,,R,,,,,,R,,,,,,R,,S,,,,,,,,,,,,,,,
573.18542,EKP,S,S,,R,S,R,,S,,,R,,R,R,,R,R,R,R,,,,R,S,R,,,,,R,,,,,,
573.4155,EKP,S,,S,,,,,,,R,R,,,S,R,,R,S,R,,,,,,,,,,,,,,,,,
573.66296,EKP,,S,S,R,,,,R,,R,,,,R,R,R,R,R,,,,,,,,,,,,,,,,,,
573.46358,EKP,R,,,,R,,,,,R,,,,R,,,,R,S,,,,R,,,R,,,,,,,,,,
72407.2757,EKP,,,,,S,R,,,R,,,,S,R,S,,,R,R,,,R,R,S,R,R,,,,,,,,,,
573.4108,EKP,S,,S,,,,,,,R,S,,,R,R,,R,R,S,,,,,,,,,,,,,,,,,
573.46377,EKP,,,,R,R,R,,,,,,,,R,,,,R,R,,,,R,,,R,,,,,,,,,,
573.31608,EKP,R,,,R,,,,,,,R,,R,R,,R,R,R,R,,,,,,,,,,,,,,,,,
72407.2677,EKP,,S,R,,S,,,,,R,R,,S,R,S,,,R,R,,,R,R,S,R,S,,,,,,,,,,
573.66239,EKP,,R,,R,,,,R,R,,,,,R,R,R,R,R,,,,,,,,,,,,,,,,,,
72407.2265,EKP,S,S,,,,S,R,,R,R,S,,S,R,S,,,S,R,,,R,R,S,R,R,,,,,,,,,,
573.46395,EKP,,,,R,R,,,,,,,,,R,,,,R,S,,,,R,,,R,,,,,,,,,,
573.29995,EKP,R,,S,,S,,,R,,S,,,S,,,,,,S,,S,,,,,,,,,,,,,,,
573.4204,EKP,S,,,,,,,,,,,,,S,R,,S,S,R,,,,,,,,,,,,,,,,,
573.66435,EKP,,,R,R,R,,,R,,,,,,R,R,R,R,R,,,,,,,,,,,,,,,,,,
573.66424,EKP,,S,S,,R,,,,,,,,,R,R,R,R,R,,,,,,,,,,,,,,,,,,
573.66267,EKP,,S,S,,R,,,R,,R,,,,R,R,R,R,R,,,,,,,,,,,,,,,,,,
573.66348,EKP,,,,R,R,,,R,R,,,,,R,R,R,R,R,,,,,,,,,,,,,,,,,,
573.24442,EKP,S,S,S,R,S,,,,R,,,R,S,R,,R,R,R,R,,,,R,S,,,,,,R,,,,,,
573.31599,EKP,R,R,R,R,,,,R,,R,R,,R,R,,R,R,R,R,,,,,,,,,,,,,,,,,
573.46871,EKP,,R,,R,R,R,,,,,,,S,,,,R,R,S,,R,,R,,,,,R,,,,,,,,
1304917.4,EKP,R,S,R,R,S,R,S,R,R,R,R,R,S,R,,,,R,R,,,,,S,,,,,,,,,,R,,
1328396.3,EKP,R,R,S,,R,R,R,R,,R,,,,R,,R,,R,R,,,,,,R,,,,,R,,,,,,
573.4165,EKP,S,,R,,,,,,,R,R,,,R,R,,R,R,S,,,,,,,,,,,,,,,,,
573.4156,EKP,S,,R,,,,,,,R,S,,,R,R,,S,R,S,,,,,,,,,,,,,,,,,
573.46864,EKP,,R,,,R,R,,,R,R,,,S,,,,R,R,S,,R,,R,,,,,R,,,,,,,,
573.7221,EKP,,S,S,R,S,,R,R,R,R,R,S,S,,,,,R,R,,,,R,,,,,,,,,,,,,
573.5778,EKP,R,R,S,R,S,,R,,R,R,R,R,S,R,,R,,R,R,,,,,,R,,,,R,R,,,,,,
1284815.3,EKP,R,R,S,R,S,R,R,R,R,R,R,R,S,R,,,,R,R,,,,,S,,,,,,,,,,R,,
72407.2588,EKP,,S,,S,S,,R,,,S,S,S,S,S,S,,,S,R,,,S,S,S,S,S,,,,,,,,,,
573.67361,EKP,,,R,R,S,R,,,,,,,,,,,,,,,S,,,,,,S,R,,,,,,,,
1284834.3,EKP,S,S,S,S,S,S,S,R,R,S,R,S,S,R,,,,R,S,,,,,S,,,,,,,,,,R,,
573.4226,EKP,,,,,,,,,,S,S,,,R,R,,R,R,S,,,,,,,,,,,,,,,,,
573.66485,EKP,,,R,R,R,,,,,R,,,,R,R,R,R,R,,,,,,,,,,,,,,,,,,
573.29901,EKP,,,S,,R,,R,R,,,,,R,,,,,,R,,S,,,,,,,,,,,,,,,
573.24447,EKP,,,R,R,S,,,R,R,,,R,S,R,,R,R,R,R,,,,R,R,,,,,,R,,,,,,
573.18087,EKP,,R,,R,,R,R,R,,,R,,S,R,,R,,R,R,,S,,R,R,R,,,,,R,,,,,,
573.66293,EKP,,,R,R,R,,,,R,R,,,,R,R,R,R,R,,,,,,,,,,,,,,,,,,
573.66536,EKP,,,,R,R,,,,,,,,,R,R,R,R,R,,,,,,,,,,,,,,,,,,
573.31619,EKP,R,R,R,,R,,,,,R,R,,R,R,,R,R,R,R,,,,,,,,,,,,,,,,,
573.66402,EKP,,,S,,R,,,R,R,,,,,R,R,R,R,R,,,,,,,,,,,,,,,,,,
573.66417,EKP,,,,,R,,,R,,R,,,,R,R,R,R,R,,,,,,,,,,,,,,,,,,
573.66475,EKP,,,,,R,,,,R,R,,,,R,R,R,R,R,,,,,,,,,,,,,,,,,,
72407.2867,EKP,,S,,S,S,,R,,,R,,R,S,R,R,,,R,R,,,R,R,S,R,R,,,,,,,,,,
1328405.3,EKP,,,S,,R,,R,,,R,R,S,,,R,,,R,,,,,,,R,,,,,R,,,,,,
573.29997,EKP,,,S,,R,,R,R,,R,,,S,,,,,,S,,S,,,,,,,,,,,,,,,
573.29963,EKP,R,,S,,,,,R,,R,,,S,,,,,,S,,S,,,,,,,,,,,,,,,
573.66279,EKP,,S,S,,,,,,,R,,,,R,R,R,R,R,,,,,,,,,,,,,,,,,,
573.29894,EKP,,,R,,,,R,R,,R,,,S,,,,,,S,,S,,,,,,,,,,,,,,,
573.66334,EKP,,,R,R,R,,,,,R,,,,R,R,R,R,R,,,,,,,,,,,,,,,,,,
573.4061,EKP,S,,R,,,,,,,R,R,,,R,R,,R,R,R,,,,,,,,,,,,,,,,,
1284810.3,EKP,R,R,S,R,S,R,R,R,R,R,R,R,S,R,,,,R,S,,,,,S,,,,,,,,,,R,,
573.66557,EKP,,S,,,R,,,,,R,,,,R,R,R,R,R,,,,,,,,,,,,,,,,,,
1284794.4,EKP,S,R,R,R,S,R,R,R,R,R,R,R,S,R,,,,R,S,,,,,S,,,,,,,,,,R,,
573.66241,EKP,,S,S,,,,,S,,,,,,R,S,R,S,S,,,,,,,,,,,,,,,,,,
573.29877,EKP,,R,S,,R,,,,,R,,,R,,,,,,S,,S,,,,,,,,,,,,,,,
573.4125,EKP,,,,,,,,,,,R,,,S,R,,S,S,R,,,,,,,,,,,,,,,,,
573.65955,EKP,,,R,S,S,,,,R,,S,R,S,R,R,,,R,R,,,R,R,S,R,R,,,,,,,,,,
1284824.3,EKP,R,S,R,R,S,R,R,R,R,R,R,R,S,R,,,,R,S,,,,,S,,,,,,,,,,R,,
72407.211,EKP,R,,,R,S,,R,,,,,R,R,R,,,,R,R,,,,,S,,,,,,,,,,R,,
1284823.3,EKP,R,R,R,R,S,R,R,R,R,R,R,R,S,R,,,,R,S,,,,,S,,,,,,,,,,R,,
573.7056,EKP,S,,R,,,,,,,S,R,,,S,R,,R,S,R,,,,,,,,,,,,,,,,,
573.66441,EKP,,,,,,,,,,R,,,,R,R,R,R,R,,,,,,,,,,,,,,,,,,
573.66464,EKP,,S,,,,,,R,,,,,,R,R,R,R,R,,,,,,,,,,,,,,,,,,
573.24399,EKP,,R,,,,,R,,,R,R,,S,R,,R,R,R,S,,,,R,R,,,,,,R,,,,,,
72407.2815,EKP,,,S,S,S,,,,S,,,,S,S,S,,,S,R,,,S,S,S,S,R,,,,,,,,,,
573.66432,EKP,,R,R,,,,,R,R,,,,,R,R,R,R,R,,,,,,,,,,,,,,,,,,
573.24438,EKP,,R,S,,,,R,R,R,,R,,R,R,,R,R,R,R,,,,R,R,,,,,,R,,,,,,
573.66529,EKP,,,,R,R,,,R,,,,,,R,R,R,R,R,,,,,,,,,,,,,,,,,,
573.46407,EKP,,,,,,,,,,R,,,,R,,,,R,R,,,,R,,,R,,,,,,,,,,
72407.2542,EKP,S,,,R,S,,,,R,S,,,S,R,S,,,S,R,,,R,R,S,R,R,,,,,,,,,,
573.66359,EKP,,,R,,,,,R,,R,,,,R,R,R,R,R,,,,,,,,,,,,,,,,,,
573.24341,EKP,R,S,,R,S,,,R,R,R,R,S,S,R,,R,R,R,R,,,,R,R,,,,,,R,,,,,,
573.24405,EKP,R,R,,R,,,,,R,,,R,S,R,,R,R,R,S,,,,R,R,,,,,,R,,,,,,
573.66505,EKP,,,,R,R,,,R,,,,,,R,R,R,R,R,,,,,,,,,,,,,,,,,,
573.29916,EKP,R,,R,,R,,,,,,,,R,,,,,,R,,S,,,,,,,,,,,,,,,
573.46849,EKP,,R,R,R,R,R,R,,,,R,,S,,,,R,R,S,,R,,R,,,,,R,,,,,,,,
573.29872,EKP,R,R,S,,R,,R,,,R,,,S,,,,,,S,,S,,,,,,,,,,,,,,,
573.4218,EKP,S,,S,,,,,,,,R,,,S,R,,S,S,R,,,,,,,,,,,,,,,,,
72407.2392,EKP,S,,,,,R,R,,,,S,,S,R,S,,,R,R,,,R,R,S,R,S,,,,,,,,,,
573.7068,EKP,S,,R,,,,,,,R,R,,,R,R,,R,R,R,,,,,,,,,,,,,,,,,
573.4081,EKP,S,,S,,,,,,,R,R,,,S,R,,S,S,R,,,,,,,,,,,,,,,,,
1284816.3,EKP,R,R,S,R,S,R,R,R,R,R,R,R,R,R,,,,R,S,,,,,S,,,,,,,,,,R,,
72407.2811,EKP,,,,R,,S,R,,,,,,S,R,R,,,R,R,,,R,R,R,R,R,,,,,,,,,,
574.84,EKP,,S,S,,,R,R,,S,,,S,S,R,R,,,R,R,,,R,R,S,R,R,,,,,,,,,,
573.24402,EKP,,,R,,S,,,R,,,,R,S,R,,R,R,R,S,,,,R,R,,,,,,R,,,,,,
72407.2861,EKP,S,S,R,R,,S,,,,,S,R,S,R,S,,,S,R,,,R,R,S,R,R,,,,,,,,,,
72407.2393,EKP,,,,R,,R,R,,R,,S,,S,R,S,,,R,R,,,R,R,S,R,R,,,,,,,,,,
573.4094,EKP,S,,S,,,,,,,R,R,,,S,R,,S,S,S,,,,,,,,,,,,,,,,,
573.24443,EKP,,,R,,,R,R,R,,,,,S,R,,R,R,R,S,,,,R,S,,,,,,R,,,,,,
573.66537,EKP,,,R,R,R,,,,R,R,,,,R,R,R,R,R,,,,,,,,,,,,,,,,,,
573.66455,EKP,,,S,,,,,S,,,,,,R,R,R,R,S,,,,,,,,,,,,,,,,,,
573.66026,EKP,S,,R,R,S,R,,,,,,,R,R,R,,,R,R,,,R,R,S,R,R,,,,,,,,,,
573.29928,EKP,R,R,,,R,,R,R,,R,,,S,,,,,,R,,S,,,,,,,,,,,,,,,
573.4131,EKP,,,R,,,,,,,,R,,,R,R,,R,R,S,,,,,,,,,,,,,,,,,
573.66548,EKP,,,,R,,,,R,R,,,,,R,R,R,R,R,,,,,,,,,,,,,,,,,,
573.66403,EKP,,,,R,R,,,R,R,R,,,,R,R,R,R,R,,,,,,,,,,,,,,,,,,
573.4205,EKP,S,,R,,,,,,,S,R,,,R,R,,R,R,R,,,,,,,,,,,,,,,,,
72407.2358,EKP,,S,,R,,,,,R,,S,R,S,R,S,,,R,R,,,R,R,S,R,R,,,,,,,,,,
573.4051,EKP,S,,S,,,,,,,S,R,,,,R,,S,S,R,,,,,,,,,,,,,,,,,
573.66547,EKP,,,S,,R,,,R,R,,,,,R,R,R,R,R,,,,,,,,,,,,,,,,,,
573.66376,EKP,,S,,R,R,,,,,,,,,R,R,R,R,R,,,,,,,,,,,,,,,,,,
573.66069,EKP,,,,,S,,,,,S,S,,S,R,R,,,R,R,,,R,R,S,R,S,,,,,,,,,,
573.4053,EKP,S,,S,,,,,,,R,S,,,,R,,S,S,R,,,,,,,,,,,,,,,,,
573.29971,EKP,R,,R,,,,,R,,R,,,S,,,,,,R,,S,,,,,,,,,,,,,,,
573.4163,EKP,S,,S,,,,,,,S,R,,,S,R,,S,S,R,,,,,,,,,,,,,,,,,
573.7076,EKP,S,,R,,,,,,,R,R,,,R,R,,R,R,R,,,,,,,,,,,,,,,,,
574.86,EKP,S,,R,,S,,,,,,,,S,R,S,,,S,R,,,R,R,S,R,R,,,,,,,,,,
72407.2682,EKP,S,S,,S,,,,,,R,S,,S,R,S,,,S,R,,,R,R,S,R,R,,,,,,,,,,
573.4084,EKP,S,,R,,,,,,,R,S,,,R,R,,R,R,S,,,,,,,,,,,,,,,,,
573.4068,EKP,S,,R,,,,,,,R,R,,,R,R,,R,R,S,,,,,,,,,,,,,,,,,
573.46841,EKP,,,,R,,,R,,,,R,,S,,,,R,R,S,,R,,R,,,,,R,,,,,,,,
573.46337,EKP,,R,,R,R,R,,,,R,,,,R,,,,R,S,,,,R,,,R,,,,,,,,,,
573.66526,EKP,,S,S,R,,,,,S,R,,,,R,R,R,R,R,,,,,,,,,,,,,,,,,,
573.52167,EKP,,,,,S,,,R,,,R,,S,R,,R,R,R,R,,,,R,R,R,,,,,R,,,,,,
573.66412,EKP,,S,S,R,R,,,,,,,,,R,R,R,R,R,,,,,,,,,,,,,,,,,,
573.24338,EKP,,S,R,,,,,R,R,R,,,R,R,,R,R,R,R,,,,R,R,,,,,,R,,,,,,
573.46832,EKP,,,,R,R,,R,R,,,R,,S,,,,R,R,S,,R,,R,,,,,R,,,,,,,,
573.66525,EKP,,S,R,R,,,,,R,R,,,,R,R,R,R,R,,,,,,,,,,,,,,,,,,
573.4175,EKP,S,,S,,,,,,,S,R,,,S,R,,S,S,R,,,,,,,,,,,,,,,,,
573.24386,EKP,,,,S,S,,,,,,S,R,S,R,,R,S,R,R,,,,R,S,,,,,,R,,,,,,
573.67359,EKP,S,,R,,,,,,,,R,,,,,,,,,,S,,,,,,S,R,,,,,,,,
573.7222,EKP,,S,S,R,S,,R,R,R,R,R,S,S,,,,,R,R,,,,R,,,,,,,,,,,,,
573.4219,EKP,S,,S,,,,,,,S,R,,,S,R,,R,S,R,,,,,,,,,,,,,,,,,
72407.2352,EKP,,,,,S,S,R,,S,S,,S,S,S,S,,,S,R,,,S,S,S,S,R,,,,,,,,,,
573.66369,EKP,,S,S,,,,,R,S,R,,,,R,R,R,R,R,,,,,,,,,,,,,,,,,,
573.1922,EKP,,S,S,R,S,,R,R,R,R,R,S,S,,,,,R,R,,,,R,,,,,,,,,,,,,
573.46412,EKP,S,,,R,S,,,,,R,,,,R,,,,S,R,,,,R,,,R,,,,,,,,,,
72407.2309,EKP,,S,S,R,S,,,,,R,S,R,S,R,S,,,R,R,,,R,R,S,R,R,,,,,,,,,,
573.66458,EKP,,,S,S,S,,,S,S,R,,,,R,R,R,R,S,,,,,,,,,,,,,,,,,,
573.4137,EKP,S,,R,,,,,,,,S,,,R,R,,S,R,S,,,,,,,,,,,,,,,,,
574.107,EKP,,S,S,,,,R,,R,,R,,S,R,S,,,R,R,,,R,R,S,R,R,,,,,,,,,,
72407.2782,EKP,,S,,R,,R,R,,,R,,R,S,R,R,,,S,R,,,R,R,S,R,R,,,,,,,,,,
573.4158,EKP,S,,R,,,,,,,R,S,,,R,R,,S,R,R,,,,,,,,,,,,,,,,,
573.24409,EKP,R,,,,S,R,,,R,R,R,,S,R,,R,R,R,R,,,,R,R,,,,,,R,,,,,,
72407.2566,EKP,S,,R,,,,R,,,,,,S,R,R,,,R,S,,,R,R,S,R,R,,,,,,,,,,
573.4168,EKP,S,,S,,,,,,,R,S,,,S,R,,S,S,R,,,,,,,,,,,,,,,,,
573.46846,EKP,,R,,R,R,,R,R,R,,,,S,,,,R,R,S,,R,,R,,,,,R,,,,,,,,
1328394.3,EKP,S,S,S,,S,S,R,S,,S,,,,S,,R,,S,R,,,,,,R,,,,,S,,,,,,
72407.205,EKP,,,R,R,,,,,,,,R,R,R,,,,R,R,,,,,S,,,,,,,,,,R,,
573.66011,EKP,,,R,S,,,,,,R,,R,S,R,S,,,S,R,,,R,R,S,R,R,,,,,,,,,,
1328424.3,EKP,,,S,,R,,,,,R,R,R,R,,,,,R,R,,,,,,R,,,,,R,,,,,,
573.66565,EKP,,,,,,,,R,R,,,,,R,R,R,R,R,,,,,,,,,,,,,,,,,,
573.24452,EKP,R,,S,,S,,,,R,R,R,R,R,R,,R,R,R,R,,,,R,R,,,,,,R,,,,,,
573.66477,EKP,,,,,R,,,R,,,,,,R,R,R,R,R,,,,,,,,,,,,,,,,,,
1328419.3,EKP,,,S,S,S,,R,,,S,,S,,,,,,S,,,,,S,,S,,,,,S,,,,,,
72407.2827,EKP,S,S,R,,S,,R,,,R,,R,S,R,S,,,R,R,,,R,R,S,R,R,,,,,,,,,,
574.99,EKP,,,R,R,S,S,R,,S,,R,R,S,R,R,,,R,S,,,R,R,S,R,R,,,,,,,,,,
573.66474,EKP,,,,,R,,,R,R,R,,,,R,R,R,R,R,,,,,,,,,,,,,,,,,,
573.29962,EKP,,,R,,,,R,R,,R,,,R,,,,,,S,,S,,,,,,,,,,,,,,,
1284813.3,EKP,R,R,R,R,S,R,R,R,R,R,R,R,S,R,,,,R,R,,,,,S,,,,,,,,,,R,,
573.29876,EKP,R,S,,,R,,R,,,,,,R,,,,,,R,,S,,,,,,,,,,,,,,,
72407.2654,EKP,,S,,R,S,S,,,R,,,,S,R,R,,,R,R,,,R,R,S,R,R,,,,,,,,,,
573.4207,EKP,S,,R,,,,,,,R,,,,R,R,,R,R,R,,,,,,,,,,,,,,,,,
573.7043,EKP,S,,S,,,,,,,R,R,,,R,R,,R,R,S,,,,,,,,,,,,,,,,,
573.7023,EKP,S,S,S,R,S,R,S,R,R,R,R,S,S,R,,R,R,R,S,,,,R,S,R,,,,,R,,,,,,
72407.2299,EKP,,,R,R,,,R,,,,,,S,R,R,,,R,R,,,R,R,S,R,R,,,,,,,,,,
573.66243,EKP,,,R,R,,,,,,,,,,R,R,R,R,R,,,,,,,,,,,,,,,,,,
573.66097,EKP,S,,,S,,,,,R,R,R,S,S,R,R,,,R,R,,,R,R,S,R,R,,,,,,,,,,
573.66345,EKP,,,R,,R,,,,R,,,,,R,R,R,R,R,,,,,,,,,,,,,,,,,,
573.46352,EKP,,,,,R,,,,,R,,,,R,,,,R,R,,,,R,,,R,,,,,,,,,,
573.4223,EKP,S,,,,,,,,,S,,,,S,R,,S,S,R,,,,,,,,,,,,,,,,,
1284828.3,EKP,R,R,S,R,S,R,R,R,R,R,R,R,R,R,,,,R,R,,,,,S,,,,,,,,,,R,,
72407.2648,EKP,,S,,,S,S,,,R,,S,,S,R,R,,,S,R,,,R,R,S,R,R,,,,,,,,,,
573.4087,EKP,S,,S,,,,,,,S,R,,,S,R,,S,S,R,,,,,,,,,,,,,,,,,
72407.2285,EKP,,,,R,,,,,R,,S,R,S,R,S,,,R,R,,,R,R,S,R,R,,,,,,,,,,
72407.2744,EKP,,,S,R,S,,,,,R,S,,S,R,S,,,R,S,,,R,R,S,S,R,,,,,,,,,,
573.66428,EKP,,,S,R,,,,S,,R,,,,R,R,R,R,S,,,,,,,,,,,,,,,,,,
1328401.3,EKP,,R,R,,R,,R,,,R,R,R,,,R,,,R,,,,,,,R,,,,,R,,,,,,
573.4177,EKP,S,,R,,,,,,,R,R,,,,R,,R,R,,,,,,,,,,,,,,,,,,
573.24441,EKP,S,S,S,R,S,R,R,,,R,,S,S,R,,R,R,R,R,,,,R,R,,,,,,R,,,,,,
574.113,EKP,S,,R,,,R,,,,,S,R,S,R,S,,,R,R,,,R,R,S,R,S,,,,,,,,,,
573.66379,EKP,,,,R,R,,,,R,R,,,,R,R,R,R,R,,,,,,,,,,,,,,,,,,
573.4171,EKP,S,,R,,,,,,,R,S,,,R,R,,R,R,R,,,,,,,,,,,,,,,,,
573.7084,EKP,S,,S,,,,,,,R,R,,,R,R,,R,R,R,,,,,,,,,,,,,,,,,
573.66073,EKP,S,S,S,R,,,R,,,,S,,S,R,S,,,S,R,,,R,R,S,R,R,,,,,,,,,,
1400161.3,EKP,,,S,S,S,,R,,,R,R,S,R,,,,,R,,,,,R,,R,,,,,R,,,,,,
573.66005,EKP,S,,,R,,R,R,,R,,S,R,S,R,S,,,R,R,,,R,R,S,R,R,,,,,,,,,,
573.29867,EKP,R,,R,,R,,R,R,,,,,S,,,,,,S,,S,,,,,,,,,,,,,,,
1329843.3,EKP,,S,R,R,S,,,,,R,R,R,S,,,,,R,R,,,,R,,,,,,,,,,,,,
72407.2553,EKP,S,,R,R,,R,,,R,,S,R,S,R,R,,,R,S,,,R,R,S,R,R,,,,,,,,,,
573.66322,EKP,,,S,R,R,,,,,R,,,,R,R,R,R,R,,,,,,,,,,,,,,,,,,
573.66539,EKP,,,R,R,R,,,R,R,,,,,R,R,R,R,R,,,,,,,,,,,,,,,,,,
1400168.3,EKP,,,S,S,S,,R,,,S,S,S,,,,,,S,,,,,S,,S,,,,,S,,,,,,
573.66251,EKP,,,S,,R,,,R,,,,,,R,R,R,R,R,,,,,,,,,,,,,,,,,,
573.24395,EKP,,,S,,S,,S,,R,R,,S,S,R,,R,R,R,R,,,,R,R,,,,,,R,,,,,,
573.66553,EKP,,,,R,R,,,R,,,,,,R,R,R,R,R,,,,,,,,,,,,,,,,,,
573.4191,EKP,,,R,,,,,,,R,S,,,R,R,,R,R,R,,,,,,,,,,,,,,,,,
573.24415,EKP,S,R,S,,,,R,R,,R,,,S,R,,R,R,R,S,,,,R,R,,,,,,R,,,,,,
573.66235,EKP,,,R,,,,,,R,R,,,,R,R,R,R,R,,,,,,,,,,,,,,,,,,
573.66397,EKP,,R,,,,,,,,,,,,R,R,R,R,R,,,,,,,,,,,,,,,,,,
573.29869,EKP,,,S,,R,,,R,,R,,,S,,,,,,S,,S,,,,,,,,,,,,,,,
573.4134,EKP,S,,S,,,,,,,,,,,S,R,,R,R,R,,,,,,,,,,,,,,,,,
573.66497,EKP,,S,,,,,,R,R,,,,,R,R,R,R,R,,,,,,,,,,,,,,,,,,
573.66036,EKP,,,,S,,R,,,S,R,S,R,S,R,S,,,S,R,,,R,R,S,R,R,,,,,,,,,,
573.4176,EKP,S,,R,,,,,,,R,S,,,S,S,,S,S,R,,,,,,,,,,,,,,,,,
573.66406,EKP,,S,,R,R,,,,,R,,,,R,R,R,R,R,,,,,,,,,,,,,,,,,,
573.12777,EKP,,R,,R,R,,S,,R,R,,R,S,R,,R,R,R,S,,,,R,,R,,,,,R,,,,,,
72407.2586,EKP,,S,S,R,,,R,,,R,R,S,S,R,S,,,R,R,,,R,R,S,R,R,,,,,,,,,,
573.66044,EKP,,,R,R,S,,R,,R,,R,R,S,R,R,,,R,R,,,R,R,R,R,R,,,,,,,,,,
573.29891,EKP,R,,,,R,,,R,,R,,,R,,,,,,R,,S,,,,,,,,,,,,,,,
573.29892,EKP,R,S,R,,,,R,R,,,,,S,,,,,,S,,S,,,,,,,,,,,,,,,
573.4059,EKP,S,,S,,,,,,,R,R,,,,S,,R,S,R,,,,,,,,,,,,,,,,,
573.66284,EKP,,S,,S,S,,,S,,R,,,,R,R,R,R,R,,,,,,,,,,,,,,,,,,
573.24344,EKP,R,,S,,S,,,R,R,,,S,S,R,,R,R,R,R,,,,R,R,,,,,,R,,,,,,
72407.2721,EKP,S,,,S,,,,,R,S,S,,S,R,R,,,R,R,,,R,R,S,R,R,,,,,,,,,,
72407.2171,EKP,S,,S,,S,,,,,,,,S,R,S,,,R,R,,,R,R,S,S,R,,,,,,,,,,
573.66346,EKP,,,,,R,,,R,,R,,,,R,R,R,R,R,,,,,,,,,,,,,,,,,,
573.66257,EKP,,R,R,,,,,R,,,,,,R,R,R,R,R,,,,,,,,,,,,,,,,,,
72407.2587,EKP,S,,S,S,S,S,,,,,S,S,S,S,S,,,S,S,,,S,S,S,S,S,,,,,,,,,,
573.66245,EKP,,,S,,,,,R,,,,,,R,R,R,R,R,,,,,,,,,,,,,,,,,,
573.66326,EKP,,R,S,,,,,S,,R,,,,S,R,R,S,S,,,,,,,,,,,,,,,,,,
573.66517,EKP,,,R,R,R,,,,,,,,,R,R,R,R,R,,,,,,,,,,,,,,,,,,
573.7064,EKP,S,,S,,,,,,,R,S,,,R,R,,S,R,R,,,,,,,,,,,,,,,,,
573.46376,EKP,,R,,R,,,,,,R,,,,R,,,,R,S,,,,R,,,R,,,,,,,,,,
573.4092,EKP,S,,S,,,,,,,R,R,,,R,R,,R,R,S,,,,,,,,,,,,,,,,,
573.18543,EKP,S,R,R,R,S,,R,,R,,R,R,S,R,,R,R,R,R,,,,R,R,R,,,,,R,,,,,,
573.7092,EKP,S,,R,,,,,,,R,R,,,R,R,,R,R,R,,,,,,,,,,,,,,,,,
573.29973,EKP,S,,R,,R,,,,,,,,R,,,,,,S,,R,,,,,,,,,,,,,,,
573.65918,EKP,,S,S,,,S,,,S,S,S,S,S,S,S,,,S,R,,,S,S,S,S,R,,,,,,,,,,
574.103,EKP,,S,S,S,,,,,,R,,S,S,R,R,,,R,R,,,R,R,S,R,R,,,,,,,,,,
573.7038,EKP,S,,R,,,,,,,S,R,,,R,R,,R,R,R,,,,,,,,,,,,,,,,,
1438701.3,EKP,,R,R,R,S,,R,,,R,R,R,,,,,,R,R,,,,R,,R,,,,,R,,,,,,
573.4183,EKP,S,,S,,,,,,,S,R,,,S,R,,S,S,R,,,,,,,,,,,,,,,,,
72407.2538,EKP,S,S,R,R,,S,,,R,R,R,,S,R,S,,,R,R,,,R,R,S,R,R,,,,,,,,,,
1304920.3,EKP,R,R,S,R,S,R,S,R,R,R,R,R,S,R,,,,R,R,,,,,S,,,,,,,,,,R,,
573.7088,EKP,S,,R,,,,,,,R,R,,,R,R,,R,R,R,,,,,,,,,,,,,,,,,
573.29929,EKP,,,S,,R,,R,R,,R,,,R,,,,,,R,,S,,,,,,,,,,,,,,,
573.46874,EKP,,R,,,,R,R,,S,,,,S,,,,R,R,S,,R,,R,,,,,R,,,,,,,,
573.29885,EKP,R,,R,,S,,,R,,R,,,S,,,,,,S,,S,,,,,,,,,,,,,,,
573.29921,EKP,,S,S,,,,R,R,,,,,S,,,,,,S,,S,,,,,,,,,,,,,,,
573.7219,EKP,,S,S,R,S,,R,R,R,R,R,S,S,,,,,R,R,,,,R,,,,,,,,,,,,,
573.66392,EKP,,,R,R,,,,,R,,,,,R,R,R,R,R,,,,,,,,,,,,,,,,,,
573.66298,EKP,,,,R,,,,R,R,,,,,R,R,R,R,R,,,,,,,,,,,,,,,,,,
573.4079,EKP,S,,R,,,,,,,R,R,,,S,S,,R,S,R,,,,,,,,,,,,,,,,,
72407.191,EKP,,,R,R,,,,,R,,R,,S,R,,,,R,R,,,,,S,,,,,,,,,,R,,
573.7049,EKP,S,,S,,,,,,,R,S,,,S,R,,S,S,R,,,,,,,,,,,,,,,,,
573.4151,EKP,S,,R,,,,,,,R,R,,,R,R,,R,R,S,,,,,,,,,,,,,,,,,
573.29977,EKP,R,R,S,,,,R,R,,R,,,S,,,,,,S,,S,,,,,,,,,,,,,,,
72407.2518,EKP,S,,,,S,,,,,,S,,S,R,S,,,R,R,,,R,R,S,R,R,,,,,,,,,,
1438702.3,EKP,,,S,S,S,,R,,,S,S,S,,,,,,S,,,,,S,,S,,,,,S,,,,,,
573.66534,EKP,,S,R,,,,,,R,,,,,R,R,R,R,R,,,,,,,,,,,,,,,,,,
573.4166,EKP,S,,R,,,,,,,R,R,,,R,R,,R,R,R,,,,,,,,,,,,,,,,,
72407.221,EKP,,R,R,,S,R,R,R,,R,R,,S,R,,,,R,R,,,,,S,,,,,,,,,,R,,
573.66062,EKP,S,,S,S,S,S,,,,R,,,S,R,S,,,S,S,,,R,R,S,R,R,,,,,,,,,,
573.66433,EKP,,S,,R,,,,,R,,,,,R,R,R,R,R,,,,,,,,,,,,,,,,,,
573.24425,EKP,,R,S,,S,,,,,,R,,S,R,,R,R,R,R,,,,R,R,,,,,,R,,,,,,
573.7217,EKP,,S,S,R,S,,R,R,R,R,R,S,S,,,,,R,R,,,,R,,,,,,,,,,,,,
573.66271,EKP,,,R,R,,,,,,R,,,,R,R,R,R,R,,,,,,,,,,,,,,,,,,
573.31624,EKP,R,,,,R,,,R,,R,R,,R,R,,R,R,R,R,,,,,,,,,,,,,,,,,
1284812.3,EKP,R,R,R,R,S,R,R,R,R,R,R,R,R,R,,,,R,S,,,,,S,,,,,,,,,,R,,
573.46389,EKP,,,,,,R,,,,R,,,,R,,,,R,R,,,,R,,,R,,,,,,,,,,
573.46344,EKP,,R,,,R,,,,,R,,,,R,,,,R,S,,,,R,,,R,,,,,,,,,,
573.4088,EKP,S,,R,,,,,,,R,R,,,R,R,,R,R,S,,,,,,,,,,,,,,,,,
1400163.3,EKP,,S,R,R,S,,R,,,R,R,R,,,,,,R,R,,,,R,,R,,,,,R,,,,,,
573.66317,EKP,,R,R,R,,,,,,R,,,,R,R,R,R,R,,,,,,,,,,,,,,,,,,
573.66467,EKP,,,,,R,,,R,R,R,,,,R,R,R,R,R,,,,,,,,,,,,,,,,,,
1328411.3,EKP,,R,R,,R,,R,,,R,R,R,,,R,,,R,,,,,,,R,,,,,R,,,,,,
573.29896,EKP,,,S,,,,R,R,,,,,S,,,,,,R,,S,,,,,,,,,,,,,,,
1284809.4,EKP,S,S,R,R,S,R,R,R,R,R,R,R,S,R,,,,R,S,,,,,S,,,,,,,,,,R,,
72407.2232,EKP,,S,S,R,S,,,,R,R,,,S,R,S,,,R,R,,,R,R,S,R,R,,,,,,,,,,
573.7069,EKP,S,,R,,,,,,,R,R,,,R,R,,R,R,S,,,,,,,,,,,,,,,,,
573.7062,EKP,S,,S,,,,,,,S,R,,,S,R,,S,S,R,,,,,,,,,,,,,,,,,
573.24339,EKP,,S,,,,R,,,R,R,R,R,S,R,,R,R,R,S,,,,R,R,,,,,,R,,,,,,
1328410.3,EKP,,R,R,,,,R,,,R,,R,,,,,,R,,,,,,,R,,,,,R,,,,,,
573.66371,EKP,,,,R,,,,,S,,,,,R,R,R,R,R,,,,,,,,,,,,,,,,,,
573.7083,EKP,S,,S,,,,,,,R,R,,,S,R,,R,S,R,,,,,,,,,,,,,,,,,
573.66365,EKP,,,,,R,,,,R,R,,,,R,R,R,R,R,,,,,,,,,,,,,,,,,,
1400166.3,EKP,,,S,S,S,,R,,,S,S,S,,,,,,S,,,,,S,,S,,,,,S,,,,,,
573.66415,EKP,,S,S,,,,,R,R,R,,,,R,R,R,R,R,,,,,,,,,,,,,,,,,,
72407.152,EKP,R,R,S,R,S,R,R,R,R,R,R,R,S,R,,,,R,S,,,,,S,,,,,,,,,,R,,
573.4104,EKP,S,,R,,,,,,,R,S,,,R,R,,R,R,R,,,,,,,,,,,,,,,,,
573.7081,EKP,S,,S,,,,,,,R,R,,,R,R,,R,R,R,,,,,,,,,,,,,,,,,
573.65957,EKP,S,S,,,S,,R,,,,S,,S,R,R,,,R,R,,,R,R,S,R,R,,,,,,,,,,
573.4178,EKP,S,,S,,,,,,,R,S,,,,R,,R,S,R,,,,,,,,,,,,,,,,,
573.4077,EKP,S,,S,,,,,,,R,R,,,S,R,,R,S,S,,,,,,,,,,,,,,,,,
573.29974,EKP,R,R,,,R,,,R,,R,,,R,,,,,,S,,S,,,,,,,,,,,,,,,
72407.2474,EKP,,S,,R,S,,,,,,S,R,S,R,S,,,S,R,,,R,R,S,R,R,,,,,,,,,,
573.46372,EKP,,,,R,R,,,,,,,,,R,,,,R,S,,,,R,,,R,,,,,,,,,,
72407.2747,EKP,,,,R,,,R,,R,,,R,S,R,R,,,R,R,,,R,R,S,R,R,,,,,,,,,,
573.4054,EKP,S,,S,,,,,,,R,S,,,,R,,S,S,R,,,,,,,,,,,,,,,,,
573.7073,EKP,S,,R,,,,,,,R,R,,,S,S,,R,S,R,,,,,,,,,,,,,,,,,
573.4085,EKP,S,,S,,,,,,,R,R,,,R,R,,R,R,S,,,,,,,,,,,,,,,,,
1284799.4,EKP,R,S,R,R,S,R,R,R,R,R,R,R,R,R,,,,R,R,,,,,S,,,,,,,,,,R,,
1438700.3,EKP,,,S,S,S,,R,,,S,S,S,,,,,,S,,,,,S,,S,,,,,S,,,,,,
573.4138,EKP,S,,R,,,,,,,,S,,,R,R,,R,R,R,,,,,,,,,,,,,,,,,
1284807.4,EKP,R,R,S,R,S,R,R,R,R,R,R,R,S,R,,,,R,R,,,,,S,,,,,,,,,,R,,
573.4048,EKP,S,,S,,,,,,,R,R,,,,R,,S,R,,,,,,,,,,,,,,,,,,
573.66398,EKP,,R,,,R,,,R,,,,,,R,R,R,R,R,,,,,,,,,,,,,,,,,,
573.66274,EKP,,,S,,,,,R,,R,,,,R,R,R,R,R,,,,,,,,,,,,,,,,,,
573.66269,EKP,,R,S,R,R,,,R,R,,,,,R,R,R,R,R,,,,,,,,,,,,,,,,,,
573.66385,EKP,,,,,,,,R,R,R,,,,R,R,R,R,R,,,,,,,,,,,,,,,,,,
573.4173,EKP,S,,R,,,,,,,R,R,,,R,R,,R,R,R,,,,,,,,,,,,,,,,,
573.7082,EKP,S,,R,,,,,,,R,R,,,R,R,,R,R,R,,,,,,,,,,,,,,,,,
1400160.3,EKP,,,S,R,S,,R,,,R,R,S,R,,,,,R,,,,,R,,R,,,,,R,,,,,,
1284829.3,EKP,R,R,S,R,S,R,R,R,R,R,R,R,S,R,,,,R,S,,,,,S,,,,,,,,,,R,,
573.4095,EKP,S,,S,,,,,,,S,R,,,S,R,,S,S,R,,,,,,,,,,,,,,,,,
573.7048,EKP,S,,R,,,,,,,R,R,,,R,R,,R,R,R,,,,,,,,,,,,,,,,,
573.66229,EKP,,R,S,,,,,R,R,R,,,,R,R,R,R,R,,,,,,,,,,,,,,,,,,
1400169.3,EKP,,,S,S,S,,R,,,S,S,S,,,,,,S,,,,,S,,S,,,,,S,,,,,,
573.65986,EKP,,S,R,R,,,R,,,,,R,S,R,S,,,S,R,,,R,R,S,R,R,,,,,,,,,,
573.7042,EKP,S,,S,,,,,,,R,R,,,S,R,,S,S,R,,,,,,,,,,,,,,,,,
573.4049,EKP,S,,S,,,,,,,S,R,,,,R,,S,S,R,,,,,,,,,,,,,,,,,
573.7024,EKP,S,R,R,R,S,R,R,S,R,R,R,R,S,R,,R,R,R,R,,,,R,S,R,,,,,R,,,,,,
72407.151,EKP,S,R,R,R,S,R,R,R,R,R,R,R,S,R,,,,R,R,,,,,S,,,,,,,,,,R,,
573.25927,EKP,S,,S,,,,S,,R,,R,,S,R,,R,,S,S,,S,,R,S,,,,,,,,,,,,
573.4082,EKP,S,,R,,,,,,,R,R,,,R,R,,R,R,R,,,,,,,,,,,,,,,,,
573.4063,EKP,S,,S,,,,,,,S,R,,,S,R,,S,S,R,,,,,,,,,,,,,,,,,
573.4157,EKP,S,,R,,,,,,,R,R,,,R,R,,R,R,R,,,,,,,,,,,,,,,,,
1438698.3,EKP,,,,,,,R,,,S,S,S,,,,,,S,,,,,S,,S,,,,,S,,,,,,
573.46378,EKP,R,R,,R,R,R,,,,,,,,R,,,,R,R,,,,R,,,R,,,,,,,,,,
573.7045,EKP,S,,S,,,,,,,R,S,,,R,R,,R,R,R,,,,,,,,,,,,,,,,,
573.66256,EKP,,S,,,,,,R,,R,,,,R,R,R,R,R,,,,,,,,,,,,,,,,,,
573.66288,EKP,,,R,R,R,,,,,,,,,R,R,R,R,R,,,,,,,,,,,,,,,,,,
573.4181,EKP,S,,R,,,,,,,R,R,,,R,R,,R,R,R,,,,,,,,,,,,,,,,,
573.7053,EKP,S,,R,,,,,,,R,R,,,R,R,,R,R,S,,,,,,,,,,,,,,,,,
573.66252,EKP,,R,R,R,,,,R,,R,,,,R,R,R,R,R,,,,,,,,,,,,,,,,,,
573.66283,EKP,,,S,,,,,R,,R,,,,R,R,R,R,R,,,,,,,,,,,,,,,,,,
573.4102,EKP,S,,,,,,,,,,R,,,R,R,,R,R,R,,,,,,,,,,,,,,,,,
573.4058,EKP,S,,R,,,,,,,R,R,,,R,R,,R,R,R,,,,,,,,,,,,,,,,,
573.4062,EKP,S,,S,,,,,,,S,R,,,S,R,,R,S,R,,,,,,,,,,,,,,,,,
573.4076,EKP,S,,S,,,,,,,S,R,,,,R,,S,S,R,,,,,,,,,,,,,,,,,
1328418.3,EKP,,,S,S,S,,R,,,S,,S,,,,,,S,,,,,S,,S,,,,,S,,,,,,
573.4101,EKP,,,,,,,,,,,R,,,S,S,,R,R,R,,,,,,,,,,,,,,,,,
573.4052,EKP,S,,S,,,,,,,S,R,,,,R,,S,S,R,,,,,,,,,,,,,,,,,
1284832.3,EKP,R,R,S,R,S,R,R,R,R,R,R,R,S,R,,,,R,S,,,,,S,,,,,,,,,,R,,
573.4161,EKP,S,,R,,,,,,,R,S,,,R,R,,R,R,R,,,,,,,,,,,,,,,,,
573.7066,EKP,S,,R,,,,,,,R,S,,,R,R,,S,R,R,,,,,,,,,,,,,,,,,
