Sample_ID_IfH,Organism_Code,tobramycin,nitrofurantoin,cefuroxime,ciprofloxacin,cefazolin,ceftazidime,ampicillin-sulbactam,ceftriaxone,levofloxacin,aztreonam,piperacillin-tazobactam,gentamicin,Imipenem,meropenem,amikacin,cefepime,trimethoprim-sulfamethoxazole,ampicillin,amoxicillin-clavulanic acid,ertapenem,cefotaxime,tigecycline,fosfomycin,norfloxacin,ticarcillin-clavulanic acid,trimethoprim,colistin
562.16466,ECO,R,S,NA,R,R,R,NA,R,NA,R,R,R,R,R,S,R,R,R,R,R,NA,R,R,R,R,R,R
573.14261,EKP,R,NA,R,R,R,R,R,R,R,R,R,R,S,S,R,S,R,R,NA,NA,NA,NA,NA,NA,NA,NA,NA
573.14341,EKP,S,NA,R,R,R,R,R,R,R,R,R,S,S,S,S,S,R,R,NA,NA,NA,NA,NA,NA,NA,NA,NA
573.13426,EKP,R,NA,R,R,R,R,R,R,R,R,R,R,S,NA,R,R,R,R,NA,NA,NA,NA,NA,NA,NA,NA,NA
573.13169,EKP,R,NA,R,R,R,R,R,R,R,R,R,S,R,S,R,R,S,R,NA,NA,NA,NA,NA,NA,NA,NA,NA
573.13819,EKP,R,NA,R,R,R,R,R,R,R,R,R,R,R,S,R,R,R,R,NA,NA,NA,NA,NA,NA,NA,NA,NA
573.13448,EKP,R,NA,R,R,R,R,R,R,R,R,R,S,R,S,R,R,S,R,NA,NA,NA,NA,NA,NA,NA,NA,NA
573.14548,EKP,R,NA,R,R,R,R,R,R,R,R,R,R,S,S,S,R,S,R,NA,NA,NA,NA,NA,NA,NA,NA,NA
573.13301,EKP,R,NA,R,R,R,R,R,R,S,R,R,R,S,S,S,R,R,R,NA,NA,NA,NA,NA,NA,NA,NA,NA
573.14073,EKP,S,NA,R,S,R,S,R,S,S,S,R,S,S,S,S,S,R,R,NA,NA,NA,NA,NA,NA,NA,NA,NA
573.13292,EKP,S,NA,R,R,R,R,R,R,R,R,R,S,S,S,S,S,R,R,NA,NA,NA,NA,NA,NA,NA,NA,NA
573.13076,EKP,R,NA,R,R,R,R,R,R,R,R,R,S,S,S,R,S,R,R,NA,NA,NA,NA,NA,NA,NA,NA,NA
573.14369,EKP,R,NA,R,R,R,R,R,R,R,R,R,S,S,S,S,S,S,R,NA,NA,NA,NA,NA,NA,NA,NA,NA
573.14419,EKP,S,NA,R,R,R,R,R,R,R,R,R,S,S,S,S,S,R,R,NA,NA,NA,NA,NA,NA,NA,NA,NA
573.13256,EKP,R,NA,R,R,R,R,R,R,R,R,R,R,S,S,S,R,R,R,NA,NA,NA,NA,NA,NA,NA,NA,NA
573.12859,EKP,S,NA,NA,R,R,R,S,R,S,R,S,S,S,S,S,S,S,R,NA,NA,NA,NA,NA,NA,NA,NA,NA
573.1448,EKP,R,NA,R,R,R,R,R,R,R,R,R,S,R,S,R,R,R,R,NA,NA,NA,NA,NA,NA,NA,NA,NA
573.14297,EKP,S,NA,R,R,R,R,R,R,S,R,R,S,S,S,S,R,R,R,NA,NA,NA,NA,NA,NA,NA,NA,NA
573.12983,EKP,S,NA,S,S,S,S,S,S,S,S,S,S,S,S,S,S,S,R,NA,NA,NA,NA,NA,NA,NA,NA,NA
573.13311,EKP,S,NA,R,R,R,R,R,R,R,R,R,R,S,S,S,R,R,R,NA,NA,NA,NA,NA,NA,NA,NA,NA
573.12986,EKP,S,NA,S,S,S,S,S,S,S,S,S,S,S,S,S,S,S,R,NA,NA,NA,NA,NA,NA,NA,NA,NA
573.13025,EKP,R,NA,NA,R,R,R,R,R,S,R,R,R,S,S,S,R,R,R,NA,NA,NA,NA,NA,NA,NA,NA,NA
573.1426,EKP,R,NA,R,R,R,R,R,R,R,R,R,S,R,S,R,R,R,R,NA,NA,NA,NA,NA,NA,NA,NA,NA
573.13763,EKP,S,NA,R,S,R,S,R,S,S,S,R,S,S,S,S,S,R,R,NA,NA,NA,NA,NA,NA,NA,NA,NA
573.13095,EKP,R,NA,R,R,R,R,R,R,R,R,R,R,R,S,S,R,R,R,NA,NA,NA,NA,NA,NA,NA,NA,NA
573.13034,EKP,R,NA,R,R,R,R,R,R,R,R,R,R,R,S,R,NA,R,R,NA,NA,NA,NA,NA,NA,NA,NA,NA
573.14313,EKP,R,NA,R,R,R,R,R,R,R,R,R,S,R,S,R,R,R,R,NA,NA,NA,NA,NA,NA,NA,NA,NA
573.14125,EKP,R,NA,R,R,R,R,R,R,R,R,R,R,S,S,R,R,R,R,NA,NA,NA,NA,NA,NA,NA,NA,NA
573.13398,EKP,R,NA,R,R,R,R,R,R,R,R,R,R,R,S,R,R,R,R,NA,NA,NA,NA,NA,NA,NA,NA,NA
573.13159,EKP,R,NA,R,R,R,R,R,R,R,S,R,R,S,S,R,S,R,R,NA,NA,NA,NA,NA,NA,NA,NA,NA
573.14302,EKP,S,NA,R,S,R,S,R,S,S,S,R,S,S,S,S,S,R,R,NA,NA,NA,NA,NA,NA,NA,NA,NA
573.13232,EKP,R,NA,R,R,R,R,R,R,R,R,R,S,S,S,R,NA,R,R,NA,NA,NA,NA,NA,NA,NA,NA,NA
573.13878,EKP,R,NA,R,R,R,R,R,R,R,R,R,R,S,S,R,S,R,R,NA,NA,NA,NA,NA,NA,NA,NA,NA
573.13335,EKP,R,NA,R,R,R,R,R,R,S,R,R,R,S,S,S,R,R,R,NA,NA,NA,NA,NA,NA,NA,NA,NA
573.14042,EKP,S,NA,R,R,R,R,R,R,R,R,R,R,S,S,S,S,R,R,NA,NA,NA,NA,NA,NA,NA,NA,NA
573.13352,EKP,S,NA,R,R,R,R,R,R,NA,S,R,S,S,S,S,S,S,R,NA,NA,NA,NA,NA,NA,NA,NA,NA
573.1364,EKP,S,NA,R,R,R,R,R,R,R,R,R,R,R,S,S,R,R,R,NA,NA,NA,NA,NA,NA,NA,NA,NA
573.1433,EKP,R,NA,R,R,R,R,R,R,R,R,R,R,S,S,R,R,R,R,NA,NA,NA,NA,NA,NA,NA,NA,NA
573.13414,EKP,R,NA,R,R,R,R,R,R,S,R,R,R,S,S,S,R,R,R,NA,NA,NA,NA,NA,NA,NA,NA,NA
573.13647,EKP,S,NA,R,R,R,R,R,R,R,R,S,S,S,S,S,S,R,R,NA,NA,NA,NA,NA,NA,NA,NA,NA
573.13209,EKP,S,NA,R,R,R,R,R,R,R,R,R,S,S,S,S,R,R,R,NA,NA,NA,NA,NA,NA,NA,NA,NA
573.1397,EKP,S,NA,R,R,R,R,R,R,R,R,S,S,S,S,S,R,R,R,NA,NA,NA,NA,NA,NA,NA,NA,NA
573.1436,EKP,R,NA,R,R,R,R,R,R,R,R,R,R,R,S,S,R,R,R,NA,NA,NA,NA,NA,NA,NA,NA,NA
573.13098,EKP,R,NA,R,R,R,R,R,R,R,R,R,S,S,S,S,R,R,R,NA,NA,NA,NA,NA,NA,NA,NA,NA
573.14024,EKP,S,NA,R,R,R,R,R,R,R,R,R,S,S,S,S,R,R,R,NA,NA,NA,NA,NA,NA,NA,NA,NA
573.13823,EKP,R,NA,R,R,R,R,R,R,R,R,R,S,S,S,S,R,R,R,NA,NA,NA,NA,NA,NA,NA,NA,NA
573.14475,EKP,R,NA,R,R,R,R,R,R,R,R,R,S,R,S,R,R,S,R,NA,NA,NA,NA,NA,NA,NA,NA,NA
573.13002,EKP,S,NA,S,S,S,S,S,S,S,S,S,S,S,S,S,S,S,R,NA,NA,NA,NA,NA,NA,NA,NA,NA
573.1333,EKP,S,NA,R,R,R,R,R,R,R,R,S,S,S,S,S,R,R,R,NA,NA,NA,NA,NA,NA,NA,NA,NA
573.14072,EKP,R,NA,R,R,R,R,R,R,R,S,S,R,S,S,S,R,R,R,NA,NA,NA,NA,NA,NA,NA,NA,NA
573.1396,EKP,R,NA,R,R,R,R,R,R,R,R,R,R,R,S,R,R,R,R,NA,NA,NA,NA,NA,NA,NA,NA,NA
573.13754,EKP,R,NA,R,R,S,S,R,S,R,S,R,R,S,S,S,S,R,R,NA,NA,NA,NA,NA,NA,NA,NA,NA
573.13545,EKP,R,NA,R,R,R,R,R,R,S,R,R,R,S,S,S,NA,R,R,NA,NA,NA,NA,NA,NA,NA,NA,NA
573.13415,EKP,S,NA,R,R,R,R,R,R,R,R,R,S,S,S,S,NA,R,R,NA,NA,NA,NA,NA,NA,NA,NA,NA
573.13461,EKP,R,NA,R,R,R,R,R,R,R,R,R,S,S,S,R,R,R,R,NA,NA,NA,NA,NA,NA,NA,NA,NA
573.14096,EKP,S,NA,R,R,R,R,R,R,R,R,R,R,S,S,S,S,R,R,NA,NA,NA,NA,NA,NA,NA,NA,NA
573.13427,EKP,R,NA,R,R,R,R,R,R,R,R,R,R,R,S,S,S,R,R,NA,NA,NA,NA,NA,NA,NA,NA,NA
573.12981,EKP,R,NA,NA,R,R,R,R,R,R,R,R,R,S,S,S,R,R,R,NA,NA,NA,NA,NA,NA,NA,NA,NA
573.1346,EKP,R,NA,S,R,R,R,R,R,R,R,S,S,S,S,S,S,S,R,NA,NA,NA,NA,NA,NA,NA,NA,NA
573.13967,EKP,S,NA,R,R,S,S,R,S,S,S,R,S,S,S,S,S,R,R,NA,NA,NA,NA,NA,NA,NA,NA,NA
573.13924,EKP,S,NA,R,S,R,S,R,R,S,R,S,S,S,S,S,R,R,R,NA,NA,NA,NA,NA,NA,NA,NA,NA
573.12862,EKP,R,NA,NA,R,R,R,R,R,R,R,S,S,S,S,R,S,R,R,NA,NA,NA,NA,NA,NA,NA,NA,NA
573.14044,EKP,S,NA,R,R,R,R,R,R,R,R,R,R,S,S,S,R,R,R,NA,NA,NA,NA,NA,NA,NA,NA,NA
573.1454,EKP,R,NA,R,R,R,R,R,R,R,R,R,S,R,S,R,S,R,R,NA,NA,NA,NA,NA,NA,NA,NA,NA
573.14334,EKP,R,NA,R,S,R,R,R,R,S,R,R,R,S,S,S,R,S,R,NA,NA,NA,NA,NA,NA,NA,NA,NA
573.13831,EKP,S,NA,R,R,R,R,R,R,R,R,R,R,R,S,S,R,R,R,NA,NA,NA,NA,NA,NA,NA,NA,NA
573.14107,EKP,S,NA,R,R,R,R,R,R,R,R,R,S,S,S,S,R,R,R,NA,NA,NA,NA,NA,NA,NA,NA,NA
573.13444,EKP,R,NA,R,R,R,R,R,R,R,R,R,S,R,S,R,R,R,R,NA,NA,NA,NA,NA,NA,NA,NA,NA
573.14503,EKP,R,NA,R,R,R,R,R,R,R,R,R,S,R,S,S,NA,R,R,NA,NA,NA,NA,NA,NA,NA,NA,NA
573.13084,EKP,R,NA,R,R,R,R,R,R,R,R,R,R,S,S,R,R,R,R,NA,NA,NA,NA,NA,NA,NA,NA,NA
573.1337,EKP,S,NA,R,R,R,R,R,R,S,R,S,S,S,S,S,S,R,R,NA,NA,NA,NA,NA,NA,NA,NA,NA
573.13758,EKP,S,NA,R,R,R,R,R,R,R,R,R,S,S,S,S,R,S,R,NA,NA,NA,NA,NA,NA,NA,NA,NA
573.13858,EKP,R,NA,R,R,R,R,R,R,R,R,R,R,S,S,S,R,R,R,NA,NA,NA,NA,NA,NA,NA,NA,NA
573.13655,EKP,R,NA,R,R,R,R,R,R,R,R,R,R,S,S,R,R,R,R,NA,NA,NA,NA,NA,NA,NA,NA,NA
573.14173,EKP,R,NA,R,R,R,R,R,R,R,R,R,S,S,S,R,S,R,R,NA,NA,NA,NA,NA,NA,NA,NA,NA
573.13656,EKP,S,NA,R,R,R,R,R,R,R,R,R,S,S,S,S,S,S,R,NA,NA,NA,NA,NA,NA,NA,NA,NA
573.14303,EKP,S,NA,R,R,R,R,R,R,R,R,R,R,R,S,S,R,R,R,NA,NA,NA,NA,NA,NA,NA,NA,NA
573.14426,EKP,R,NA,R,R,R,R,R,R,R,R,R,R,R,S,S,S,R,R,NA,NA,NA,NA,NA,NA,NA,NA,NA
573.13516,EKP,S,NA,R,R,R,R,R,R,R,R,R,S,R,S,S,NA,R,R,NA,NA,NA,NA,NA,NA,NA,NA,NA
573.14343,EKP,R,NA,R,R,R,R,R,R,R,R,R,R,S,S,S,R,R,R,NA,NA,NA,NA,NA,NA,NA,NA,NA
573.12922,EKP,S,NA,S,S,S,S,S,S,S,S,S,S,S,S,S,S,S,R,NA,NA,NA,NA,NA,NA,NA,NA,NA
573.13713,EKP,S,NA,R,R,R,R,R,R,R,R,R,S,S,S,S,S,S,R,NA,NA,NA,NA,NA,NA,NA,NA,NA
573.13378,EKP,R,NA,R,R,R,R,R,R,R,R,R,S,R,S,R,R,R,R,NA,NA,NA,NA,NA,NA,NA,NA,NA
573.14286,EKP,S,NA,R,R,R,R,R,R,R,R,R,R,S,S,S,S,R,R,NA,NA,NA,NA,NA,NA,NA,NA,NA
573.13147,EKP,R,NA,R,R,R,R,R,R,R,S,R,S,S,S,S,R,R,R,NA,NA,NA,NA,NA,NA,NA,NA,NA
573.14373,EKP,R,NA,R,R,R,R,R,R,R,R,R,R,S,S,R,R,R,R,NA,NA,NA,NA,NA,NA,NA,NA,NA
573.1416,EKP,R,NA,R,R,R,R,R,R,R,R,R,R,S,S,S,R,R,R,NA,NA,NA,NA,NA,NA,NA,NA,NA
573.1439,EKP,R,NA,R,R,R,R,R,R,R,R,R,S,R,S,R,R,R,R,NA,NA,NA,NA,NA,NA,NA,NA,NA
573.13462,EKP,R,NA,R,R,R,R,R,R,R,R,R,R,S,S,S,S,R,R,NA,NA,NA,NA,NA,NA,NA,NA,NA
573.14219,EKP,R,NA,R,R,R,R,R,R,S,R,R,R,S,S,S,R,R,R,NA,NA,NA,NA,NA,NA,NA,NA,NA
573.1296,EKP,S,NA,S,S,S,S,S,S,S,S,S,S,S,S,S,S,S,S,NA,NA,NA,NA,NA,NA,NA,NA,NA
573.14199,EKP,R,NA,R,R,R,R,R,R,R,R,R,R,S,S,S,R,R,R,NA,NA,NA,NA,NA,NA,NA,NA,NA
573.13578,EKP,R,NA,R,R,R,R,R,R,R,R,R,R,R,S,R,R,R,R,NA,NA,NA,NA,NA,NA,NA,NA,NA
573.14119,EKP,R,NA,R,R,R,R,R,R,R,S,R,S,S,S,S,R,R,R,NA,NA,NA,NA,NA,NA,NA,NA,NA
573.13778,EKP,R,NA,R,R,R,R,R,R,R,R,R,R,S,S,R,R,R,R,NA,NA,NA,NA,NA,NA,NA,NA,NA
573.13181,EKP,R,NA,R,R,R,R,R,R,R,R,R,R,S,S,S,R,R,R,NA,NA,NA,NA,NA,NA,NA,NA,NA
573.13576,EKP,S,NA,R,S,R,R,R,S,S,S,R,S,S,S,S,R,S,R,NA,NA,NA,NA,NA,NA,NA,NA,NA
573.14257,EKP,R,NA,R,R,R,R,R,R,R,R,R,S,S,S,S,R,R,R,NA,NA,NA,NA,NA,NA,NA,NA,NA
573.1304,EKP,R,NA,R,R,R,R,R,R,R,R,R,S,S,S,R,NA,R,R,NA,NA,NA,NA,NA,NA,NA,NA,NA
573.12872,EKP,S,NA,S,S,S,S,S,S,S,S,S,S,S,S,S,S,S,R,NA,NA,NA,NA,NA,NA,NA,NA,NA
573.14463,EKP,S,NA,R,S,R,R,R,R,S,S,R,S,S,S,S,S,S,R,NA,NA,NA,NA,NA,NA,NA,NA,NA
573.13215,EKP,R,NA,R,R,R,R,R,R,R,R,R,R,R,S,S,R,R,R,NA,NA,NA,NA,NA,NA,NA,NA,NA
573.13785,EKP,S,NA,R,R,R,R,R,R,R,R,R,S,S,S,S,R,R,R,NA,NA,NA,NA,NA,NA,NA,NA,NA
573.13125,EKP,S,NA,R,R,R,R,R,R,R,R,R,S,S,S,S,S,S,R,NA,NA,NA,NA,NA,NA,NA,NA,NA
573.12997,EKP,S,NA,S,S,S,S,S,S,S,S,S,S,S,S,S,S,S,R,NA,NA,NA,NA,NA,NA,NA,NA,NA
573.13143,EKP,R,NA,R,R,R,R,R,R,R,R,R,R,R,S,R,R,R,R,NA,NA,NA,NA,NA,NA,NA,NA,NA
573.13417,EKP,R,NA,R,R,R,R,R,R,R,R,R,R,R,S,S,R,R,R,NA,NA,NA,NA,NA,NA,NA,NA,NA
573.13854,EKP,S,NA,R,R,R,R,R,R,R,R,R,S,R,S,S,NA,R,R,NA,NA,NA,NA,NA,NA,NA,NA,NA
573.1356,EKP,R,NA,R,R,R,R,R,R,R,R,R,R,S,S,S,R,R,R,NA,NA,NA,NA,NA,NA,NA,NA,NA
573.14001,EKP,S,NA,R,R,R,R,R,R,R,R,R,S,R,S,S,S,S,R,NA,NA,NA,NA,NA,NA,NA,NA,NA
573.13664,EKP,S,NA,R,S,R,R,R,S,S,S,R,S,S,S,S,S,S,R,NA,NA,NA,NA,NA,NA,NA,NA,NA
573.13772,EKP,R,NA,R,R,R,R,R,R,R,R,R,S,S,S,S,R,R,R,NA,NA,NA,NA,NA,NA,NA,NA,NA
573.13896,EKP,R,NA,R,R,R,R,R,R,R,NA,R,R,S,S,R,S,R,R,NA,NA,NA,NA,NA,NA,NA,NA,NA
573.13467,EKP,R,NA,R,R,R,R,R,R,R,R,R,R,S,S,S,NA,S,R,NA,NA,NA,NA,NA,NA,NA,NA,NA
573.14284,EKP,R,NA,R,R,R,R,R,R,R,R,R,R,R,S,S,R,R,R,NA,NA,NA,NA,NA,NA,NA,NA,NA
573.14109,EKP,S,NA,R,R,R,R,R,R,R,R,R,S,R,S,S,S,R,R,NA,NA,NA,NA,NA,NA,NA,NA,NA
573.13327,EKP,R,NA,R,R,R,R,R,R,R,R,R,S,S,NA,R,NA,R,R,NA,NA,NA,NA,NA,NA,NA,NA,NA
573.13436,EKP,R,NA,R,R,R,R,R,R,R,R,R,S,S,S,S,R,R,R,NA,NA,NA,NA,NA,NA,NA,NA,NA
573.13612,EKP,R,NA,R,R,R,R,R,R,R,R,R,S,S,S,R,S,R,R,NA,NA,NA,NA,NA,NA,NA,NA,NA
573.13602,EKP,R,NA,R,R,R,R,R,R,R,R,R,S,S,S,S,R,R,R,NA,NA,NA,NA,NA,NA,NA,NA,NA
573.14396,EKP,R,NA,R,R,R,R,R,R,R,R,R,S,S,S,S,S,R,R,NA,NA,NA,NA,NA,NA,NA,NA,NA
573.12873,EKP,S,NA,S,S,S,S,S,S,S,S,S,S,S,S,S,S,S,R,NA,NA,NA,NA,NA,NA,NA,NA,NA
573.12858,EKP,R,NA,NA,R,R,R,R,R,S,R,R,R,S,S,S,R,R,R,NA,NA,NA,NA,NA,NA,NA,NA,NA
573.13705,EKP,S,NA,R,R,R,R,R,R,S,S,R,S,S,S,S,R,S,R,NA,NA,NA,NA,NA,NA,NA,NA,NA
573.1369,EKP,R,NA,R,R,R,R,R,R,R,R,R,R,S,S,R,S,R,R,NA,NA,NA,NA,NA,NA,NA,NA,NA
573.14213,EKP,R,NA,R,R,R,R,R,R,R,R,R,S,S,S,R,S,R,R,NA,NA,NA,NA,NA,NA,NA,NA,NA
573.13178,EKP,S,NA,R,R,R,R,R,R,R,R,R,R,R,S,S,R,R,R,NA,NA,NA,NA,NA,NA,NA,NA,NA
573.13454,EKP,S,NA,R,R,R,R,R,R,R,R,S,S,S,S,S,S,S,R,NA,NA,NA,NA,NA,NA,NA,NA,NA
573.13051,EKP,R,NA,R,R,R,R,R,R,R,R,S,R,S,S,R,S,R,R,NA,NA,NA,NA,NA,NA,NA,NA,NA
573.13972,EKP,R,NA,R,R,R,R,R,R,R,R,R,R,S,S,R,R,R,R,NA,NA,NA,NA,NA,NA,NA,NA,NA
573.13386,EKP,S,NA,R,R,R,R,R,R,R,R,S,S,S,S,S,R,S,R,NA,NA,NA,NA,NA,NA,NA,NA,NA
573.1447,EKP,R,NA,R,R,R,R,R,R,R,R,R,R,S,S,S,S,R,R,NA,NA,NA,NA,NA,NA,NA,NA,NA
573.1288,EKP,R,NA,NA,R,R,R,R,R,R,R,R,R,R,S,S,NA,R,R,NA,NA,NA,NA,NA,NA,NA,NA,NA
573.13446,EKP,S,NA,R,R,R,R,R,R,R,R,R,R,S,S,S,S,R,R,NA,NA,NA,NA,NA,NA,NA,NA,NA
573.14309,EKP,S,NA,R,S,R,S,R,R,S,S,R,S,S,S,S,S,S,R,NA,NA,NA,NA,NA,NA,NA,NA,NA
573.13658,EKP,S,NA,R,R,R,R,R,R,R,S,R,R,R,S,S,S,R,R,NA,NA,NA,NA,NA,NA,NA,NA,NA
573.13131,EKP,R,NA,R,R,R,R,R,R,R,R,R,R,S,S,R,R,R,R,NA,NA,NA,NA,NA,NA,NA,NA,NA
573.13108,EKP,R,NA,R,R,R,R,R,R,R,R,R,R,R,S,R,S,R,R,NA,NA,NA,NA,NA,NA,NA,NA,NA
573.13207,EKP,R,NA,R,R,R,R,R,R,R,R,R,R,R,S,R,R,R,R,NA,NA,NA,NA,NA,NA,NA,NA,NA
573.14272,EKP,R,NA,R,R,S,S,R,S,R,S,R,R,S,S,S,S,R,R,NA,NA,NA,NA,NA,NA,NA,NA,NA
573.13872,EKP,R,NA,R,R,R,R,R,R,R,R,R,S,R,S,S,R,R,R,NA,NA,NA,NA,NA,NA,NA,NA,NA
573.13606,EKP,S,NA,R,R,R,R,R,R,R,R,R,S,S,S,S,NA,S,R,NA,NA,NA,NA,NA,NA,NA,NA,NA
573.13268,EKP,S,NA,R,R,R,R,R,R,R,R,R,R,S,S,S,S,R,R,NA,NA,NA,NA,NA,NA,NA,NA,NA
573.13774,EKP,R,NA,R,R,R,R,R,R,R,R,R,R,S,S,S,R,R,R,NA,NA,NA,NA,NA,NA,NA,NA,NA
573.12886,EKP,S,NA,S,S,S,S,S,S,S,S,S,S,S,S,S,S,S,R,NA,NA,NA,NA,NA,NA,NA,NA,NA
573.14351,EKP,S,NA,R,R,R,R,R,R,R,R,R,S,S,S,S,S,R,R,NA,NA,NA,NA,NA,NA,NA,NA,NA
573.13703,EKP,R,NA,R,R,R,R,R,R,S,R,S,S,S,S,S,R,R,R,NA,NA,NA,NA,NA,NA,NA,NA,NA
573.12949,EKP,R,NA,NA,R,R,R,R,R,S,R,R,R,S,S,S,R,R,R,NA,NA,NA,NA,NA,NA,NA,NA,NA
573.13573,EKP,R,NA,R,R,R,R,R,R,R,R,R,R,S,S,R,R,R,R,NA,NA,NA,NA,NA,NA,NA,NA,NA
573.13177,EKP,R,NA,R,R,R,R,R,R,R,R,R,S,S,S,R,R,R,R,NA,NA,NA,NA,NA,NA,NA,NA,NA
573.14204,EKP,R,NA,R,R,R,R,R,R,R,R,R,R,R,S,R,NA,R,R,NA,NA,NA,NA,NA,NA,NA,NA,NA
573.1398,EKP,S,NA,S,S,R,S,R,S,S,S,R,S,S,S,S,S,S,R,NA,NA,NA,NA,NA,NA,NA,NA,NA
573.14197,EKP,S,NA,R,R,R,R,R,R,R,R,R,R,R,S,S,NA,R,R,NA,NA,NA,NA,NA,NA,NA,NA,NA
573.12899,EKP,R,NA,NA,R,R,R,R,R,S,R,R,R,S,S,S,R,R,R,NA,NA,NA,NA,NA,NA,NA,NA,NA
573.12932,EKP,R,NA,NA,R,R,R,R,R,R,R,R,R,S,S,S,NA,R,R,NA,NA,NA,NA,NA,NA,NA,NA,NA
573.14104,EKP,S,NA,R,R,R,R,R,R,S,R,R,S,S,S,S,R,R,R,NA,NA,NA,NA,NA,NA,NA,NA,NA
573.14278,EKP,R,NA,R,R,R,R,R,R,R,R,R,R,S,S,S,R,R,R,NA,NA,NA,NA,NA,NA,NA,NA,NA
573.14282,EKP,R,NA,R,R,R,R,R,R,R,R,R,S,S,S,R,S,R,R,NA,NA,NA,NA,NA,NA,NA,NA,NA
573.1312,EKP,S,NA,R,R,R,R,R,R,R,R,R,S,S,S,S,R,S,R,NA,NA,NA,NA,NA,NA,NA,NA,NA
573.14078,EKP,R,NA,R,R,R,R,R,R,R,R,R,R,S,S,S,R,R,R,NA,NA,NA,NA,NA,NA,NA,NA,NA
573.14102,EKP,R,NA,R,R,R,R,R,R,R,R,R,R,S,S,S,R,R,R,NA,NA,NA,NA,NA,NA,NA,NA,NA
573.13019,EKP,S,NA,NA,R,R,R,R,R,R,R,R,S,R,S,S,R,S,R,NA,NA,NA,NA,NA,NA,NA,NA,NA
573.13768,EKP,S,NA,R,R,R,R,R,R,R,R,S,S,S,S,S,S,R,R,NA,NA,NA,NA,NA,NA,NA,NA,NA
573.13086,EKP,R,NA,R,R,R,R,R,R,R,R,R,S,S,S,S,R,R,R,NA,NA,NA,NA,NA,NA,NA,NA,NA
573.13697,EKP,R,NA,R,R,R,R,R,R,R,R,R,R,S,S,S,R,R,R,NA,NA,NA,NA,NA,NA,NA,NA,NA
573.13056,EKP,S,NA,R,R,R,S,R,R,R,S,R,R,S,S,S,S,S,R,NA,NA,NA,NA,NA,NA,NA,NA,NA
573.13728,EKP,R,NA,R,R,R,R,R,R,R,R,R,S,S,S,S,R,R,R,NA,NA,NA,NA,NA,NA,NA,NA,NA
573.13796,EKP,R,NA,R,R,R,R,R,R,R,R,R,S,R,S,R,R,R,R,NA,NA,NA,NA,NA,NA,NA,NA,NA
573.13848,EKP,R,NA,R,R,R,R,R,R,S,R,R,S,S,S,S,R,R,R,NA,NA,NA,NA,NA,NA,NA,NA,NA
573.14223,EKP,R,NA,R,R,R,R,R,R,R,R,R,R,R,S,R,R,R,R,NA,NA,NA,NA,NA,NA,NA,NA,NA
573.14494,EKP,S,NA,R,R,R,R,R,R,R,R,R,S,S,S,S,S,R,R,NA,NA,NA,NA,NA,NA,NA,NA,NA
573.13085,EKP,R,NA,R,R,R,R,R,R,R,R,S,R,S,S,R,S,R,R,NA,NA,NA,NA,NA,NA,NA,NA,NA
573.13473,EKP,R,NA,R,R,R,R,R,R,R,R,R,R,S,S,S,R,R,R,NA,NA,NA,NA,NA,NA,NA,NA,NA
573.13296,EKP,R,NA,R,R,R,R,S,S,R,R,S,R,S,S,S,S,S,R,NA,NA,NA,NA,NA,NA,NA,NA,NA
573.12918,EKP,R,NA,NA,R,R,R,R,R,R,R,R,S,S,S,S,R,R,R,NA,NA,NA,NA,NA,NA,NA,NA,NA
573.13186,EKP,S,NA,R,R,R,R,R,R,R,R,R,S,S,NA,S,R,R,R,NA,NA,NA,NA,NA,NA,NA,NA,NA
573.13475,EKP,R,NA,R,R,R,R,R,R,R,R,R,S,S,S,S,S,R,R,NA,NA,NA,NA,NA,NA,NA,NA,NA
573.13946,EKP,R,NA,R,R,R,R,R,R,R,R,S,R,S,S,S,R,R,R,NA,NA,NA,NA,NA,NA,NA,NA,NA
573.13723,EKP,S,NA,R,R,R,R,R,R,R,R,S,S,S,S,S,R,R,R,NA,NA,NA,NA,NA,NA,NA,NA,NA
573.13927,EKP,S,NA,R,R,R,R,R,R,R,R,R,S,S,S,S,R,S,R,NA,NA,NA,NA,NA,NA,NA,NA,NA
573.13371,EKP,R,NA,R,R,R,R,R,R,R,R,R,R,S,S,S,R,S,R,NA,NA,NA,NA,NA,NA,NA,NA,NA
573.13734,EKP,R,NA,R,R,R,R,R,R,R,R,R,R,S,S,S,R,R,R,NA,NA,NA,NA,NA,NA,NA,NA,NA
573.13775,EKP,S,NA,R,R,R,R,R,R,R,R,R,S,S,S,S,R,S,R,NA,NA,NA,NA,NA,NA,NA,NA,NA
573.13816,EKP,R,NA,R,R,R,R,R,R,R,R,R,R,R,S,S,R,R,R,NA,NA,NA,NA,NA,NA,NA,NA,NA
573.13815,EKP,R,NA,R,R,R,R,R,R,S,R,R,S,S,S,S,R,R,R,NA,NA,NA,NA,NA,NA,NA,NA,NA
573.1305,EKP,R,NA,R,S,R,R,R,R,S,R,S,S,S,S,S,R,S,R,NA,NA,NA,NA,NA,NA,NA,NA,NA
573.1404,EKP,R,NA,R,R,R,R,R,R,R,NA,R,S,R,S,R,S,R,R,NA,NA,NA,NA,NA,NA,NA,NA,NA
573.12962,EKP,S,NA,S,S,R,S,S,S,S,S,S,S,S,S,S,S,S,R,NA,NA,NA,NA,NA,NA,NA,NA,NA
573.13748,EKP,S,NA,R,S,R,S,R,R,S,R,S,S,S,S,S,R,R,R,NA,NA,NA,NA,NA,NA,NA,NA,NA
573.13494,EKP,R,NA,R,R,R,R,R,R,R,R,S,R,S,S,R,R,S,R,NA,NA,NA,NA,NA,NA,NA,NA,NA
573.14493,EKP,S,NA,S,S,R,S,R,S,S,S,R,S,S,S,S,S,S,R,NA,NA,NA,NA,NA,NA,NA,NA,NA
573.13626,EKP,S,NA,R,R,R,R,R,R,R,R,R,S,S,S,S,S,S,R,NA,NA,NA,NA,NA,NA,NA,NA,NA
573.1452,EKP,R,NA,R,R,R,R,R,R,R,R,R,R,R,S,S,S,R,R,NA,NA,NA,NA,NA,NA,NA,NA,NA
573.13435,EKP,R,NA,R,R,R,R,R,R,R,R,R,R,S,S,R,NA,R,R,NA,NA,NA,NA,NA,NA,NA,NA,NA
573.14488,EKP,S,NA,R,R,R,R,R,R,R,NA,S,S,S,S,S,S,S,R,NA,NA,NA,NA,NA,NA,NA,NA,NA
573.13148,EKP,S,NA,R,R,R,R,R,R,R,R,R,S,S,S,S,S,R,R,NA,NA,NA,NA,NA,NA,NA,NA,NA
573.14132,EKP,R,NA,R,R,R,R,R,R,R,R,R,R,S,S,S,R,S,R,NA,NA,NA,NA,NA,NA,NA,NA,NA
573.13046,EKP,S,NA,R,S,R,R,R,R,S,R,R,S,R,S,S,R,S,R,NA,NA,NA,NA,NA,NA,NA,NA,NA
573.14388,EKP,R,NA,R,R,R,R,R,R,R,R,R,S,R,S,R,R,R,R,NA,NA,NA,NA,NA,NA,NA,NA,NA
573.14504,EKP,R,NA,R,R,R,R,R,R,R,R,R,R,S,S,S,S,R,R,NA,NA,NA,NA,NA,NA,NA,NA,NA
573.14061,EKP,S,NA,R,R,R,R,R,R,R,R,R,S,R,S,S,R,R,R,NA,NA,NA,NA,NA,NA,NA,NA,NA
573.13384,EKP,R,NA,R,R,R,R,R,R,R,R,R,R,R,S,S,R,R,R,NA,NA,NA,NA,NA,NA,NA,NA,NA
573.12999,EKP,R,NA,NA,R,R,R,R,R,S,R,R,R,S,S,S,R,R,R,NA,NA,NA,NA,NA,NA,NA,NA,NA
573.14495,EKP,S,NA,R,R,R,R,R,R,R,R,R,R,S,S,S,R,S,R,NA,NA,NA,NA,NA,NA,NA,NA,NA
573.13441,EKP,S,NA,R,R,R,R,R,R,R,R,R,R,S,S,S,NA,R,R,NA,NA,NA,NA,NA,NA,NA,NA,NA
573.14447,EKP,R,NA,R,R,R,R,R,R,R,R,R,R,R,S,S,NA,R,R,NA,NA,NA,NA,NA,NA,NA,NA,NA
573.13951,EKP,R,NA,R,R,R,R,R,R,R,R,R,S,R,S,R,R,R,R,NA,NA,NA,NA,NA,NA,NA,NA,NA
573.13261,EKP,R,NA,R,R,R,R,R,R,R,R,R,S,S,S,R,R,R,R,NA,NA,NA,NA,NA,NA,NA,NA,NA
573.13977,EKP,R,NA,R,R,R,R,R,R,R,R,S,R,S,S,R,S,S,R,NA,NA,NA,NA,NA,NA,NA,NA,NA
573.14063,EKP,R,NA,R,R,R,R,R,R,R,R,R,R,S,S,S,S,R,R,NA,NA,NA,NA,NA,NA,NA,NA,NA
573.14359,EKP,R,NA,R,R,R,R,R,R,R,R,S,R,S,S,S,R,R,R,NA,NA,NA,NA,NA,NA,NA,NA,NA
573.13183,EKP,R,NA,R,R,R,R,R,R,R,R,R,R,S,S,S,R,R,R,NA,NA,NA,NA,NA,NA,NA,NA,NA
573.14519,EKP,R,NA,R,R,R,R,R,R,R,R,R,R,S,S,S,R,S,R,NA,NA,NA,NA,NA,NA,NA,NA,NA
573.13442,EKP,S,NA,R,R,R,R,R,R,S,R,S,S,S,S,S,R,R,R,NA,NA,NA,NA,NA,NA,NA,NA,NA
573.13459,EKP,R,NA,R,R,R,R,R,R,S,R,R,R,S,S,S,R,R,R,NA,NA,NA,NA,NA,NA,NA,NA,NA
573.14486,EKP,R,NA,R,R,R,R,R,R,R,R,R,R,S,S,R,S,R,R,NA,NA,NA,NA,NA,NA,NA,NA,NA
573.14031,EKP,R,NA,R,R,R,R,R,R,R,R,R,S,S,S,R,R,R,R,NA,NA,NA,NA,NA,NA,NA,NA,NA
573.13666,EKP,S,NA,R,R,R,R,R,R,R,R,R,S,R,S,S,R,R,R,NA,NA,NA,NA,NA,NA,NA,NA,NA
573.14466,EKP,R,NA,R,R,R,R,R,R,R,R,R,R,S,S,R,S,R,R,NA,NA,NA,NA,NA,NA,NA,NA,NA
573.13866,EKP,S,NA,R,R,R,R,R,R,R,R,R,R,S,S,S,R,R,R,NA,NA,NA,NA,NA,NA,NA,NA,NA
573.13689,EKP,S,NA,R,R,R,R,R,R,R,S,R,S,R,S,S,S,R,R,NA,NA,NA,NA,NA,NA,NA,NA,NA
573.145,EKP,R,NA,R,R,R,R,R,R,R,R,R,R,R,S,S,R,R,R,NA,NA,NA,NA,NA,NA,NA,NA,NA
573.13331,EKP,R,NA,R,R,R,R,R,R,S,R,R,R,S,S,S,R,R,R,NA,NA,NA,NA,NA,NA,NA,NA,NA
573.13418,EKP,R,NA,R,R,R,R,R,R,R,R,R,R,S,S,R,R,R,R,NA,NA,NA,NA,NA,NA,NA,NA,NA
573.1385,EKP,R,NA,R,R,R,R,R,R,R,R,R,S,S,S,R,R,R,R,NA,NA,NA,NA,NA,NA,NA,NA,NA
573.13228,EKP,R,NA,R,R,R,R,R,R,R,R,S,R,S,S,R,S,R,R,NA,NA,NA,NA,NA,NA,NA,NA,NA
573.12926,EKP,S,NA,S,S,S,S,S,S,S,S,S,S,S,S,S,S,S,R,NA,NA,NA,NA,NA,NA,NA,NA,NA
573.13678,EKP,R,NA,R,R,R,R,R,R,R,R,R,R,S,S,S,R,R,R,NA,NA,NA,NA,NA,NA,NA,NA,NA
573.14089,EKP,R,NA,R,R,R,R,R,R,R,R,R,R,S,S,S,S,R,R,NA,NA,NA,NA,NA,NA,NA,NA,NA
573.14146,EKP,R,NA,R,R,R,R,R,R,R,R,R,R,R,S,R,R,R,R,NA,NA,NA,NA,NA,NA,NA,NA,NA
573.13437,EKP,R,NA,R,R,R,R,R,R,R,R,R,S,S,S,S,R,R,R,NA,NA,NA,NA,NA,NA,NA,NA,NA
573.13321,EKP,R,NA,R,R,R,R,R,S,R,R,S,R,S,S,S,S,R,R,NA,NA,NA,NA,NA,NA,NA,NA,NA
573.14181,EKP,R,NA,R,R,R,R,R,R,R,R,R,R,R,S,R,R,R,R,NA,NA,NA,NA,NA,NA,NA,NA,NA
573.14472,EKP,R,NA,R,R,R,R,R,R,R,R,R,R,R,S,S,R,R,R,NA,NA,NA,NA,NA,NA,NA,NA,NA
573.13751,EKP,S,NA,R,R,R,R,R,R,R,R,R,S,S,S,S,R,R,R,NA,NA,NA,NA,NA,NA,NA,NA,NA
573.14489,EKP,S,NA,R,R,R,R,R,R,R,R,R,S,S,S,S,R,S,R,NA,NA,NA,NA,NA,NA,NA,NA,NA
573.14392,EKP,S,NA,R,R,R,R,R,R,R,R,S,S,S,S,S,R,R,R,NA,NA,NA,NA,NA,NA,NA,NA,NA
573.1343,EKP,S,NA,R,R,R,R,R,R,R,R,R,S,S,NA,S,S,R,R,NA,NA,NA,NA,NA,NA,NA,NA,NA
573.1368,EKP,R,NA,R,R,R,R,R,R,R,R,R,R,R,S,R,R,R,R,NA,NA,NA,NA,NA,NA,NA,NA,NA
573.13877,EKP,R,NA,R,R,R,R,R,R,R,R,R,S,S,S,R,S,R,R,NA,NA,NA,NA,NA,NA,NA,NA,NA
573.13906,EKP,R,NA,R,R,R,R,R,R,R,R,R,R,S,S,S,S,R,R,NA,NA,NA,NA,NA,NA,NA,NA,NA
573.14316,EKP,S,NA,R,R,R,R,R,R,R,R,R,S,R,S,S,R,R,R,NA,NA,NA,NA,NA,NA,NA,NA,NA
573.13438,EKP,R,NA,R,R,R,R,R,R,R,R,R,R,R,S,S,R,R,R,NA,NA,NA,NA,NA,NA,NA,NA,NA
573.14123,EKP,S,NA,R,R,R,R,R,R,R,R,R,R,S,S,S,R,R,R,NA,NA,NA,NA,NA,NA,NA,NA,NA
573.13455,EKP,R,NA,R,R,R,R,R,R,R,R,R,S,R,S,R,R,R,R,NA,NA,NA,NA,NA,NA,NA,NA,NA
573.14075,EKP,R,NA,R,R,R,R,R,R,R,R,R,R,S,S,S,R,S,R,NA,NA,NA,NA,NA,NA,NA,NA,NA
573.13343,EKP,R,NA,R,R,R,R,R,R,R,R,R,R,S,S,R,S,R,R,NA,NA,NA,NA,NA,NA,NA,NA,NA
573.13729,EKP,S,NA,R,R,R,R,R,R,R,R,S,S,S,S,S,R,R,R,NA,NA,NA,NA,NA,NA,NA,NA,NA
573.14328,EKP,S,NA,R,S,S,S,R,S,S,S,R,S,S,S,S,S,R,R,NA,NA,NA,NA,NA,NA,NA,NA,NA
573.13052,EKP,R,NA,R,R,R,R,R,R,R,R,R,S,R,S,R,R,R,R,NA,NA,NA,NA,NA,NA,NA,NA,NA
573.14319,EKP,R,NA,R,R,R,R,R,R,R,R,R,R,S,S,S,S,S,R,NA,NA,NA,NA,NA,NA,NA,NA,NA
573.1421,EKP,S,NA,R,R,R,R,R,R,R,R,R,S,R,S,S,R,R,R,NA,NA,NA,NA,NA,NA,NA,NA,NA
573.13156,EKP,R,NA,R,R,R,R,R,R,R,R,R,S,R,S,R,R,R,R,NA,NA,NA,NA,NA,NA,NA,NA,NA
573.13543,EKP,R,NA,R,R,R,R,R,R,R,R,R,R,R,S,R,R,R,R,NA,NA,NA,NA,NA,NA,NA,NA,NA
573.12876,EKP,R,NA,NA,R,R,R,R,R,R,R,R,S,S,S,S,R,R,R,NA,NA,NA,NA,NA,NA,NA,NA,NA
573.13027,EKP,S,NA,S,S,S,S,R,S,S,S,S,S,S,S,S,S,S,R,NA,NA,NA,NA,NA,NA,NA,NA,NA
573.14339,EKP,S,NA,R,R,R,R,R,R,R,R,R,R,R,S,S,S,R,R,NA,NA,NA,NA,NA,NA,NA,NA,NA
573.14039,EKP,S,NA,R,R,R,R,R,R,R,R,R,R,S,S,S,S,R,R,NA,NA,NA,NA,NA,NA,NA,NA,NA
573.13203,EKP,R,NA,R,R,R,R,R,R,R,R,S,R,S,S,S,S,S,R,NA,NA,NA,NA,NA,NA,NA,NA,NA
573.13961,EKP,R,NA,R,R,R,R,R,R,R,R,R,R,R,S,S,NA,R,R,NA,NA,NA,NA,NA,NA,NA,NA,NA
573.13546,EKP,R,NA,R,R,R,R,R,R,R,R,R,R,S,S,R,R,R,R,NA,NA,NA,NA,NA,NA,NA,NA,NA
573.14525,EKP,R,NA,R,R,R,R,R,R,R,R,R,R,S,S,S,R,R,R,NA,NA,NA,NA,NA,NA,NA,NA,NA
573.14416,EKP,R,NA,R,R,R,R,R,R,R,R,R,R,S,S,S,R,R,R,NA,NA,NA,NA,NA,NA,NA,NA,NA
573.13432,EKP,R,NA,R,R,R,R,R,R,R,R,R,R,S,R,R,R,R,R,NA,NA,NA,NA,NA,NA,NA,NA,NA
573.13943,EKP,S,NA,R,R,R,R,R,R,R,R,R,S,S,S,S,S,R,R,NA,NA,NA,NA,NA,NA,NA,NA,NA
573.13672,EKP,R,NA,R,S,R,R,R,R,S,R,R,S,S,S,S,R,R,R,NA,NA,NA,NA,NA,NA,NA,NA,NA
573.13458,EKP,R,NA,R,R,R,R,R,R,R,R,R,R,S,S,S,NA,R,R,NA,NA,NA,NA,NA,NA,NA,NA,NA
573.14041,EKP,S,NA,R,R,R,R,R,R,R,R,R,R,S,S,S,R,R,R,NA,NA,NA,NA,NA,NA,NA,NA,NA
573.13333,EKP,S,NA,R,R,R,R,R,R,R,R,R,S,S,S,S,S,R,R,NA,NA,NA,NA,NA,NA,NA,NA,NA
573.13566,EKP,R,NA,R,R,R,R,R,R,R,R,R,R,R,S,S,R,S,R,NA,NA,NA,NA,NA,NA,NA,NA,NA
573.13559,EKP,R,NA,R,R,R,R,R,R,R,R,R,S,S,S,R,R,R,R,NA,NA,NA,NA,NA,NA,NA,NA,NA
573.13204,EKP,R,NA,R,R,R,R,R,R,R,R,R,R,S,S,S,R,R,R,NA,NA,NA,NA,NA,NA,NA,NA,NA
573.13808,EKP,R,NA,R,R,R,R,R,R,R,R,R,S,R,S,R,R,R,R,NA,NA,NA,NA,NA,NA,NA,NA,NA
573.13377,EKP,S,NA,R,R,R,R,R,R,R,R,R,R,S,S,S,NA,R,R,NA,NA,NA,NA,NA,NA,NA,NA,NA
573.14415,EKP,R,NA,R,R,R,R,R,R,R,R,R,R,S,S,S,R,R,R,NA,NA,NA,NA,NA,NA,NA,NA,NA
573.13533,EKP,S,NA,R,R,R,R,R,R,R,R,R,R,S,S,S,R,R,R,NA,NA,NA,NA,NA,NA,NA,NA,NA
573.14378,EKP,R,NA,R,R,R,R,R,R,R,R,R,R,R,S,R,S,R,R,NA,NA,NA,NA,NA,NA,NA,NA,NA
573.14236,EKP,S,NA,R,R,R,R,R,R,R,R,R,R,R,S,S,S,R,R,NA,NA,NA,NA,NA,NA,NA,NA,NA
573.13385,EKP,R,NA,R,R,R,R,R,R,S,R,R,R,S,S,S,R,R,R,NA,NA,NA,NA,NA,NA,NA,NA,NA
573.13984,EKP,R,NA,R,R,R,R,R,R,R,R,R,R,S,S,S,R,R,R,NA,NA,NA,NA,NA,NA,NA,NA,NA
573.13134,EKP,R,NA,R,R,R,S,R,R,S,S,S,R,S,S,S,S,R,R,NA,NA,NA,NA,NA,NA,NA,NA,NA
573.13259,EKP,R,NA,R,R,R,R,R,R,R,R,R,R,R,S,S,R,R,R,NA,NA,NA,NA,NA,NA,NA,NA,NA
573.14163,EKP,S,NA,R,R,R,R,R,R,R,S,R,R,R,S,S,S,R,R,NA,NA,NA,NA,NA,NA,NA,NA,NA
573.13284,EKP,R,NA,R,R,R,S,R,R,R,R,S,R,S,S,S,R,R,R,NA,NA,NA,NA,NA,NA,NA,NA,NA
573.13595,EKP,R,NA,R,R,R,R,R,R,R,R,R,S,R,S,R,R,R,R,NA,NA,NA,NA,NA,NA,NA,NA,NA
573.1301,EKP,S,NA,NA,R,R,R,R,R,R,R,R,S,R,S,S,R,R,R,NA,NA,NA,NA,NA,NA,NA,NA,NA
573.14389,EKP,R,NA,R,R,R,R,R,R,R,R,R,R,S,S,S,S,R,R,NA,NA,NA,NA,NA,NA,NA,NA,NA
573.13907,EKP,R,NA,R,R,R,R,R,R,R,R,R,R,S,S,S,R,R,R,NA,NA,NA,NA,NA,NA,NA,NA,NA
573.14361,EKP,S,NA,R,R,R,R,R,R,R,R,R,S,S,S,S,S,R,R,NA,NA,NA,NA,NA,NA,NA,NA,NA
573.14505,EKP,R,NA,R,R,R,R,R,R,S,R,R,S,S,S,S,R,R,R,NA,NA,NA,NA,NA,NA,NA,NA,NA
573.13801,EKP,R,NA,R,R,R,R,R,R,S,NA,S,R,S,S,S,R,R,R,NA,NA,NA,NA,NA,NA,NA,NA,NA
573.13653,EKP,R,NA,R,R,R,R,R,R,R,R,R,R,S,S,R,S,R,R,NA,NA,NA,NA,NA,NA,NA,NA,NA
573.13541,EKP,R,NA,R,R,R,R,R,R,R,R,S,S,S,S,R,S,R,R,NA,NA,NA,NA,NA,NA,NA,NA,NA
573.14404,EKP,R,NA,R,R,R,R,R,R,R,S,R,R,S,S,S,R,S,R,NA,NA,NA,NA,NA,NA,NA,NA,NA
573.12885,EKP,S,NA,S,S,S,S,S,S,S,S,S,S,S,S,S,S,S,R,NA,NA,NA,NA,NA,NA,NA,NA,NA
573.12938,EKP,R,NA,NA,R,R,R,R,R,S,R,R,R,S,S,S,R,R,R,NA,NA,NA,NA,NA,NA,NA,NA,NA
573.13112,EKP,R,NA,R,R,R,R,R,R,R,R,R,S,S,S,S,S,R,R,NA,NA,NA,NA,NA,NA,NA,NA,NA
573.13919,EKP,R,NA,R,R,R,R,R,R,R,R,R,R,R,S,S,R,R,R,NA,NA,NA,NA,NA,NA,NA,NA,NA
573.14108,EKP,S,NA,R,S,R,R,R,R,S,R,S,S,S,S,S,R,R,R,NA,NA,NA,NA,NA,NA,NA,NA,NA
573.14306,EKP,R,NA,R,R,R,R,R,R,R,R,R,R,R,S,R,R,R,R,NA,NA,NA,NA,NA,NA,NA,NA,NA
573.13456,EKP,S,NA,S,S,R,R,R,S,S,S,R,S,S,S,S,S,S,R,NA,NA,NA,NA,NA,NA,NA,NA,NA
573.13929,EKP,R,NA,R,R,R,R,R,R,S,R,R,S,S,S,S,R,R,R,NA,NA,NA,NA,NA,NA,NA,NA,NA
573.1394,EKP,R,NA,R,R,R,R,R,R,R,R,R,S,R,S,R,NA,S,R,NA,NA,NA,NA,NA,NA,NA,NA,NA
573.14174,EKP,S,NA,R,R,R,R,R,R,R,S,R,R,S,S,S,S,R,R,NA,NA,NA,NA,NA,NA,NA,NA,NA
573.14007,EKP,S,NA,R,R,R,R,R,R,R,R,R,S,S,S,S,R,S,R,NA,NA,NA,NA,NA,NA,NA,NA,NA
573.13869,EKP,R,NA,R,R,R,R,R,R,R,R,R,R,S,S,S,R,R,R,NA,NA,NA,NA,NA,NA,NA,NA,NA
573.13615,EKP,R,NA,R,R,R,R,R,R,R,R,R,R,S,S,S,R,R,R,NA,NA,NA,NA,NA,NA,NA,NA,NA
573.13466,EKP,R,NA,R,R,R,S,R,S,R,S,R,R,S,S,S,R,R,R,NA,NA,NA,NA,NA,NA,NA,NA,NA
573.14255,EKP,R,NA,R,R,R,R,R,R,R,R,R,R,R,S,R,R,R,R,NA,NA,NA,NA,NA,NA,NA,NA,NA
573.1342,EKP,R,NA,R,R,R,R,R,R,R,R,R,R,S,S,R,R,R,R,NA,NA,NA,NA,NA,NA,NA,NA,NA
573.13104,EKP,S,NA,R,R,R,R,R,R,S,R,S,S,S,S,S,S,S,R,NA,NA,NA,NA,NA,NA,NA,NA,NA
573.13358,EKP,S,NA,R,S,R,R,R,R,S,R,R,S,R,S,S,R,S,R,NA,NA,NA,NA,NA,NA,NA,NA,NA
573.13938,EKP,S,NA,R,R,R,R,R,R,R,R,R,S,R,S,S,R,R,R,NA,NA,NA,NA,NA,NA,NA,NA,NA
573.13038,EKP,R,NA,R,R,R,R,R,R,S,R,S,R,S,S,S,R,R,R,NA,NA,NA,NA,NA,NA,NA,NA,NA
573.13324,EKP,S,NA,R,R,R,R,R,R,R,R,R,S,S,S,S,S,R,R,NA,NA,NA,NA,NA,NA,NA,NA,NA
573.134,EKP,R,NA,R,R,R,R,R,R,R,R,R,R,R,S,R,R,R,R,NA,NA,NA,NA,NA,NA,NA,NA,NA
573.13986,EKP,R,NA,R,R,R,R,R,R,R,R,R,R,R,S,R,R,R,R,NA,NA,NA,NA,NA,NA,NA,NA,NA
573.14455,EKP,R,NA,R,R,R,R,R,R,R,R,R,R,R,S,S,R,R,R,NA,NA,NA,NA,NA,NA,NA,NA,NA
573.14069,EKP,R,NA,R,R,R,R,R,R,R,R,R,R,S,S,S,S,R,R,NA,NA,NA,NA,NA,NA,NA,NA,NA
573.13221,EKP,R,NA,R,R,R,R,R,R,R,R,R,R,R,S,R,R,R,R,NA,NA,NA,NA,NA,NA,NA,NA,NA
573.14182,EKP,R,NA,R,R,R,R,R,R,R,R,R,R,S,S,R,R,R,R,NA,NA,NA,NA,NA,NA,NA,NA,NA
573.12863,EKP,S,NA,S,S,S,S,S,S,S,S,S,S,S,S,S,S,S,R,NA,NA,NA,NA,NA,NA,NA,NA,NA
573.13043,EKP,R,NA,R,R,R,R,R,R,S,S,R,R,S,S,S,NA,R,R,NA,NA,NA,NA,NA,NA,NA,NA,NA
573.13489,EKP,S,NA,R,R,R,R,R,R,R,R,S,S,S,S,S,NA,S,R,NA,NA,NA,NA,NA,NA,NA,NA,NA
573.1314,EKP,R,NA,R,R,R,R,R,R,R,R,R,R,R,S,R,S,R,R,NA,NA,NA,NA,NA,NA,NA,NA,NA
573.13323,EKP,S,NA,R,R,R,R,R,R,R,R,R,S,S,S,S,S,S,R,NA,NA,NA,NA,NA,NA,NA,NA,NA
573.13609,EKP,R,NA,R,R,R,R,R,R,R,R,R,R,S,S,S,R,R,R,NA,NA,NA,NA,NA,NA,NA,NA,NA
573.14002,EKP,R,NA,R,R,R,R,R,R,R,R,R,R,S,S,S,R,R,R,NA,NA,NA,NA,NA,NA,NA,NA,NA
573.13803,EKP,R,NA,R,R,R,R,R,R,R,R,S,R,S,S,R,R,R,R,NA,NA,NA,NA,NA,NA,NA,NA,NA
573.14513,EKP,S,NA,R,R,R,R,R,R,R,R,R,S,R,S,S,S,R,R,NA,NA,NA,NA,NA,NA,NA,NA,NA
573.1427,EKP,S,NA,R,R,R,R,R,R,R,R,R,S,S,S,S,R,S,R,NA,NA,NA,NA,NA,NA,NA,NA,NA
573.14345,EKP,R,NA,R,R,R,R,R,R,R,R,R,R,S,S,S,R,R,R,NA,NA,NA,NA,NA,NA,NA,NA,NA
573.14159,EKP,S,NA,R,R,R,R,R,R,R,R,R,R,S,S,S,S,R,R,NA,NA,NA,NA,NA,NA,NA,NA,NA
573.13904,EKP,R,NA,R,R,R,R,R,R,R,R,R,S,S,S,R,R,R,R,NA,NA,NA,NA,NA,NA,NA,NA,NA
573.12968,EKP,S,NA,R,S,S,S,S,S,S,S,R,S,S,S,S,S,S,R,NA,NA,NA,NA,NA,NA,NA,NA,NA
573.138,EKP,S,NA,R,R,R,R,R,R,R,R,R,S,S,S,S,R,S,R,NA,NA,NA,NA,NA,NA,NA,NA,NA
573.13791,EKP,R,NA,R,R,R,R,R,R,R,R,R,R,S,S,S,R,R,R,NA,NA,NA,NA,NA,NA,NA,NA,NA
573.13621,EKP,S,NA,R,R,R,R,R,R,R,R,R,R,S,S,S,R,R,R,NA,NA,NA,NA,NA,NA,NA,NA,NA
573.14032,EKP,R,NA,R,R,R,R,R,R,R,R,R,S,S,S,S,R,R,R,NA,NA,NA,NA,NA,NA,NA,NA,NA
573.1402,EKP,S,NA,R,R,R,R,R,R,R,R,R,R,S,S,S,S,R,R,NA,NA,NA,NA,NA,NA,NA,NA,NA
573.13971,EKP,S,NA,R,R,R,R,R,R,R,R,R,S,R,S,S,R,R,R,NA,NA,NA,NA,NA,NA,NA,NA,NA
573.14368,EKP,R,NA,R,R,R,R,R,R,R,R,R,R,R,S,R,R,R,R,NA,NA,NA,NA,NA,NA,NA,NA,NA
573.13756,EKP,R,NA,R,R,R,R,R,R,R,R,R,R,S,S,R,R,R,R,NA,NA,NA,NA,NA,NA,NA,NA,NA
573.14267,EKP,R,NA,R,R,R,R,R,R,R,R,R,R,S,S,S,S,R,R,NA,NA,NA,NA,NA,NA,NA,NA,NA
573.14233,EKP,R,NA,R,R,R,R,R,R,R,R,R,R,S,S,R,R,R,R,NA,NA,NA,NA,NA,NA,NA,NA,NA
573.13067,EKP,R,NA,R,R,R,R,R,R,R,R,R,S,R,S,R,R,R,R,NA,NA,NA,NA,NA,NA,NA,NA,NA
573.13692,EKP,R,NA,R,R,R,R,R,R,R,S,R,S,R,S,S,S,R,R,NA,NA,NA,NA,NA,NA,NA,NA,NA
573.1443,EKP,R,NA,R,R,R,R,R,R,R,R,R,R,R,S,S,R,R,R,NA,NA,NA,NA,NA,NA,NA,NA,NA
573.12916,EKP,R,NA,NA,R,R,R,R,S,R,R,R,R,S,S,S,S,R,R,NA,NA,NA,NA,NA,NA,NA,NA,NA
573.1365,EKP,R,NA,R,R,R,R,R,R,R,R,R,R,S,S,S,R,R,R,NA,NA,NA,NA,NA,NA,NA,NA,NA
573.13474,EKP,R,NA,R,R,R,S,R,S,R,S,R,R,S,S,R,R,R,R,NA,NA,NA,NA,NA,NA,NA,NA,NA
573.13493,EKP,S,NA,R,R,R,R,R,R,R,R,R,R,S,S,S,R,R,R,NA,NA,NA,NA,NA,NA,NA,NA,NA
573.13308,EKP,R,NA,R,R,R,R,R,R,R,R,R,R,S,S,S,R,R,R,NA,NA,NA,NA,NA,NA,NA,NA,NA
573.13719,EKP,R,NA,R,S,R,R,R,R,S,S,R,R,S,S,S,S,S,R,NA,NA,NA,NA,NA,NA,NA,NA,NA
573.143,EKP,R,NA,R,R,R,R,R,R,R,R,R,S,S,S,S,R,R,R,NA,NA,NA,NA,NA,NA,NA,NA,NA
573.13538,EKP,R,NA,R,R,R,R,R,R,R,R,R,R,S,S,S,R,R,R,NA,NA,NA,NA,NA,NA,NA,NA,NA
573.14171,EKP,S,NA,S,S,R,R,R,S,S,S,R,S,S,S,S,S,S,R,NA,NA,NA,NA,NA,NA,NA,NA,NA
573.14212,EKP,R,NA,R,R,R,R,R,R,R,R,R,R,S,S,S,S,R,R,NA,NA,NA,NA,NA,NA,NA,NA,NA
573.12978,EKP,S,NA,R,R,S,S,R,S,R,S,S,S,S,S,S,S,R,R,NA,NA,NA,NA,NA,NA,NA,NA,NA
573.14209,EKP,S,NA,R,R,R,R,R,R,R,R,R,R,S,S,S,R,R,R,NA,NA,NA,NA,NA,NA,NA,NA,NA
573.12894,EKP,R,NA,NA,R,R,R,R,R,R,R,R,R,S,S,S,R,S,R,NA,NA,NA,NA,NA,NA,NA,NA,NA
573.13681,EKP,R,NA,R,R,R,R,R,R,R,R,R,R,S,S,S,R,R,R,NA,NA,NA,NA,NA,NA,NA,NA,NA
573.13059,EKP,R,NA,R,R,R,R,R,R,R,R,R,S,S,S,S,S,R,R,NA,NA,NA,NA,NA,NA,NA,NA,NA
573.13539,EKP,S,NA,R,R,R,R,R,R,R,R,R,R,S,S,S,R,R,R,NA,NA,NA,NA,NA,NA,NA,NA,NA
573.13905,EKP,R,NA,R,R,R,R,R,R,R,R,R,R,S,S,S,R,S,R,NA,NA,NA,NA,NA,NA,NA,NA,NA
573.13397,EKP,S,NA,R,R,R,R,R,R,R,R,R,S,R,S,S,R,R,R,NA,NA,NA,NA,NA,NA,NA,NA,NA
573.14158,EKP,R,NA,R,R,R,R,R,R,R,R,R,S,R,S,R,R,R,R,NA,NA,NA,NA,NA,NA,NA,NA,NA
573.13891,EKP,R,NA,R,R,R,R,S,R,S,S,S,R,S,S,S,S,R,R,NA,NA,NA,NA,NA,NA,NA,NA,NA
573.1336,EKP,S,NA,R,R,R,R,R,R,R,R,R,R,S,S,S,S,R,R,NA,NA,NA,NA,NA,NA,NA,NA,NA
573.14011,EKP,S,NA,R,R,R,R,R,R,R,R,R,S,R,S,S,NA,R,R,NA,NA,NA,NA,NA,NA,NA,NA,NA
573.13574,EKP,R,NA,R,R,R,R,R,R,R,R,R,R,S,S,S,R,R,R,NA,NA,NA,NA,NA,NA,NA,NA,NA
573.13921,EKP,R,NA,R,R,R,R,R,R,R,R,R,S,S,S,R,R,R,R,NA,NA,NA,NA,NA,NA,NA,NA,NA
573.13403,EKP,S,NA,R,R,R,R,R,R,S,R,R,S,R,S,S,R,R,R,NA,NA,NA,NA,NA,NA,NA,NA,NA
573.14194,EKP,R,NA,R,R,R,R,R,R,R,R,R,S,S,S,S,NA,R,R,NA,NA,NA,NA,NA,NA,NA,NA,NA
573.14029,EKP,R,NA,R,R,R,R,R,R,R,R,R,S,S,S,S,S,R,R,NA,NA,NA,NA,NA,NA,NA,NA,NA
573.14543,EKP,S,NA,R,R,R,R,R,R,R,S,R,S,S,S,S,R,S,R,NA,NA,NA,NA,NA,NA,NA,NA,NA
573.1322,EKP,R,NA,R,R,R,R,R,R,R,R,R,R,R,S,S,R,R,R,NA,NA,NA,NA,NA,NA,NA,NA,NA
573.12898,EKP,R,NA,NA,R,R,R,R,R,R,R,R,R,S,S,S,NA,R,R,NA,NA,NA,NA,NA,NA,NA,NA,NA
573.13811,EKP,R,NA,R,R,R,R,R,R,R,S,R,R,R,S,S,S,R,R,NA,NA,NA,NA,NA,NA,NA,NA,NA
573.141,EKP,R,NA,R,R,R,R,R,R,R,R,R,R,S,S,S,R,R,R,NA,NA,NA,NA,NA,NA,NA,NA,NA
573.1414,EKP,S,NA,R,R,R,R,R,R,R,R,S,R,S,S,S,S,R,R,NA,NA,NA,NA,NA,NA,NA,NA,NA
573.13234,EKP,R,NA,R,R,R,R,R,R,R,R,R,R,R,S,R,R,R,R,NA,NA,NA,NA,NA,NA,NA,NA,NA
573.13083,EKP,R,NA,R,R,R,R,R,R,R,R,R,S,S,S,R,R,R,R,NA,NA,NA,NA,NA,NA,NA,NA,NA
573.13926,EKP,R,NA,R,R,R,R,R,R,R,R,R,R,S,S,R,R,R,R,NA,NA,NA,NA,NA,NA,NA,NA,NA
573.13039,EKP,R,NA,R,R,R,R,R,R,R,R,R,R,R,S,R,R,R,R,NA,NA,NA,NA,NA,NA,NA,NA,NA
573.14092,EKP,R,NA,R,R,R,R,R,R,R,R,R,R,S,S,S,R,S,R,NA,NA,NA,NA,NA,NA,NA,NA,NA
573.13762,EKP,S,NA,R,R,R,R,R,R,R,R,R,S,S,S,S,R,S,R,NA,NA,NA,NA,NA,NA,NA,NA,NA
573.13797,EKP,R,NA,R,R,R,R,R,R,R,R,R,R,R,S,R,R,R,R,NA,NA,NA,NA,NA,NA,NA,NA,NA
573.13661,EKP,R,NA,R,R,R,R,R,R,R,S,R,R,S,S,S,S,R,R,NA,NA,NA,NA,NA,NA,NA,NA,NA
573.13836,EKP,S,NA,R,R,R,R,R,R,R,S,R,R,R,S,S,NA,R,R,NA,NA,NA,NA,NA,NA,NA,NA,NA
573.13944,EKP,S,NA,R,R,R,R,R,R,R,R,R,S,S,S,S,S,R,R,NA,NA,NA,NA,NA,NA,NA,NA,NA
573.13759,EKP,R,NA,R,R,R,R,R,R,R,R,R,S,S,S,R,R,S,R,NA,NA,NA,NA,NA,NA,NA,NA,NA
573.13197,EKP,R,NA,R,R,R,R,R,R,R,S,R,S,S,S,S,S,R,R,NA,NA,NA,NA,NA,NA,NA,NA,NA
573.14064,EKP,S,NA,R,R,R,R,R,S,R,S,R,S,S,S,S,S,R,R,NA,NA,NA,NA,NA,NA,NA,NA,NA
573.14225,EKP,R,NA,R,R,R,R,R,R,R,R,R,R,R,S,S,NA,R,R,NA,NA,NA,NA,NA,NA,NA,NA,NA
573.14305,EKP,S,NA,S,S,R,S,R,S,S,S,S,S,S,S,S,S,S,R,NA,NA,NA,NA,NA,NA,NA,NA,NA
573.12998,EKP,S,NA,S,S,S,S,S,S,S,S,S,S,S,S,S,S,S,R,NA,NA,NA,NA,NA,NA,NA,NA,NA
573.13701,EKP,S,NA,R,R,R,R,R,R,S,R,S,S,S,S,S,R,R,R,NA,NA,NA,NA,NA,NA,NA,NA,NA
573.14407,EKP,R,NA,R,R,R,R,R,R,R,R,R,R,R,S,S,R,R,R,NA,NA,NA,NA,NA,NA,NA,NA,NA
573.13365,EKP,S,NA,R,R,R,R,R,R,R,R,R,S,R,S,S,R,R,R,NA,NA,NA,NA,NA,NA,NA,NA,NA
573.14395,EKP,R,NA,R,R,R,R,R,R,R,R,R,S,S,S,S,S,R,R,NA,NA,NA,NA,NA,NA,NA,NA,NA
573.12943,EKP,S,NA,S,S,S,S,S,S,S,S,S,S,S,S,S,S,S,R,NA,NA,NA,NA,NA,NA,NA,NA,NA
573.14004,EKP,R,NA,R,R,R,R,R,R,R,R,R,S,S,S,S,R,R,R,NA,NA,NA,NA,NA,NA,NA,NA,NA
573.14217,EKP,R,NA,R,R,R,R,R,R,R,R,R,R,S,S,R,S,R,R,NA,NA,NA,NA,NA,NA,NA,NA,NA
573.13895,EKP,R,NA,R,R,R,R,R,R,R,R,S,R,S,S,R,S,R,R,NA,NA,NA,NA,NA,NA,NA,NA,NA
573.13644,EKP,S,NA,R,R,R,R,R,R,R,R,R,S,S,S,S,S,S,R,NA,NA,NA,NA,NA,NA,NA,NA,NA
573.13802,EKP,R,NA,R,R,R,R,R,R,R,R,R,R,S,S,R,R,R,R,NA,NA,NA,NA,NA,NA,NA,NA,NA
573.131,EKP,R,NA,R,R,R,S,R,R,S,S,S,R,S,S,S,S,R,R,NA,NA,NA,NA,NA,NA,NA,NA,NA
573.13042,EKP,R,NA,R,R,R,R,R,R,R,R,R,R,R,S,R,R,R,R,NA,NA,NA,NA,NA,NA,NA,NA,NA
573.13328,EKP,S,NA,R,R,R,R,R,R,R,R,R,R,S,S,S,S,R,R,NA,NA,NA,NA,NA,NA,NA,NA,NA
573.13072,EKP,R,NA,R,R,R,R,R,R,R,R,R,R,S,S,S,R,R,R,NA,NA,NA,NA,NA,NA,NA,NA,NA
573.13129,EKP,S,NA,R,R,R,R,R,R,S,R,S,S,S,S,S,S,R,R,NA,NA,NA,NA,NA,NA,NA,NA,NA
573.14227,EKP,R,NA,R,R,R,R,R,R,R,R,R,R,S,S,S,S,R,R,NA,NA,NA,NA,NA,NA,NA,NA,NA
573.13616,EKP,R,NA,R,R,R,R,R,R,R,R,R,S,R,S,R,R,R,R,NA,NA,NA,NA,NA,NA,NA,NA,NA
573.1384,EKP,R,NA,R,R,R,R,R,R,R,R,R,R,S,S,R,R,R,R,NA,NA,NA,NA,NA,NA,NA,NA,NA
573.14254,EKP,R,NA,R,R,R,R,R,R,R,R,R,R,S,S,R,R,R,R,NA,NA,NA,NA,NA,NA,NA,NA,NA
573.13237,EKP,R,NA,R,R,R,R,R,R,R,R,R,R,R,S,R,R,R,R,NA,NA,NA,NA,NA,NA,NA,NA,NA
573.1358,EKP,R,NA,R,R,R,R,R,R,R,R,R,S,S,S,S,R,R,R,NA,NA,NA,NA,NA,NA,NA,NA,NA
573.14332,EKP,R,NA,R,R,R,R,R,R,R,R,R,S,S,S,S,R,R,R,NA,NA,NA,NA,NA,NA,NA,NA,NA
573.12961,EKP,S,NA,S,S,S,S,R,S,S,S,S,S,S,S,S,S,R,R,NA,NA,NA,NA,NA,NA,NA,NA,NA
573.14144,EKP,S,NA,R,R,R,R,R,R,R,NA,R,R,S,S,S,S,R,R,NA,NA,NA,NA,NA,NA,NA,NA,NA
573.1293,EKP,R,NA,S,R,S,S,S,S,R,S,S,S,S,S,R,S,R,R,NA,NA,NA,NA,NA,NA,NA,NA,NA
573.12888,EKP,R,NA,NA,R,R,R,R,R,R,R,R,R,S,S,R,S,R,R,NA,NA,NA,NA,NA,NA,NA,NA,NA
573.14456,EKP,R,NA,R,R,R,R,R,R,R,R,R,R,R,S,S,R,R,R,NA,NA,NA,NA,NA,NA,NA,NA,NA
573.1307,EKP,R,NA,R,R,R,R,R,R,R,R,S,S,S,S,R,S,S,R,NA,NA,NA,NA,NA,NA,NA,NA,NA
573.14101,EKP,R,NA,R,R,R,R,R,R,S,R,S,R,S,S,S,R,R,R,NA,NA,NA,NA,NA,NA,NA,NA,NA
573.13041,EKP,R,NA,R,R,R,R,R,S,R,R,R,R,S,S,R,R,R,R,NA,NA,NA,NA,NA,NA,NA,NA,NA
573.13657,EKP,R,NA,R,R,R,R,R,R,R,NA,R,S,R,S,R,S,R,R,NA,NA,NA,NA,NA,NA,NA,NA,NA
573.13366,EKP,R,NA,R,R,R,S,R,R,S,S,S,R,S,S,S,S,S,R,NA,NA,NA,NA,NA,NA,NA,NA,NA
573.14235,EKP,R,NA,R,R,R,R,R,R,R,R,R,R,S,S,S,R,R,R,NA,NA,NA,NA,NA,NA,NA,NA,NA
573.14134,EKP,R,NA,R,R,R,R,R,R,R,R,R,R,S,S,S,R,R,R,NA,NA,NA,NA,NA,NA,NA,NA,NA
573.14049,EKP,R,NA,R,R,R,R,R,R,R,R,R,R,S,S,R,R,R,R,NA,NA,NA,NA,NA,NA,NA,NA,NA
573.13306,EKP,R,NA,R,R,R,R,R,R,R,R,R,R,S,S,S,R,R,R,NA,NA,NA,NA,NA,NA,NA,NA,NA
573.13214,EKP,S,NA,R,R,R,R,R,R,R,R,R,R,R,S,S,R,R,R,NA,NA,NA,NA,NA,NA,NA,NA,NA
573.13665,EKP,R,NA,R,R,R,R,R,R,R,R,R,R,S,S,R,R,R,R,NA,NA,NA,NA,NA,NA,NA,NA,NA
573.13202,EKP,S,NA,R,R,R,R,R,R,R,S,R,R,S,S,S,S,R,R,NA,NA,NA,NA,NA,NA,NA,NA,NA
573.13314,EKP,R,NA,R,R,R,R,R,R,R,R,R,R,S,S,S,R,R,R,NA,NA,NA,NA,NA,NA,NA,NA,NA
573.14398,EKP,S,NA,R,R,R,R,R,R,R,R,S,S,S,S,S,R,S,R,NA,NA,NA,NA,NA,NA,NA,NA,NA
573.1366,EKP,R,NA,R,S,R,R,R,R,S,R,R,S,S,S,S,R,R,R,NA,NA,NA,NA,NA,NA,NA,NA,NA
573.13636,EKP,S,NA,R,R,R,R,R,R,R,R,R,S,S,S,S,R,R,R,NA,NA,NA,NA,NA,NA,NA,NA,NA
573.13976,EKP,S,NA,R,R,R,R,R,R,R,R,S,S,S,S,S,R,S,R,NA,NA,NA,NA,NA,NA,NA,NA,NA
573.12971,EKP,R,NA,NA,R,R,R,R,R,S,R,R,R,S,S,S,R,R,R,NA,NA,NA,NA,NA,NA,NA,NA,NA
573.13479,EKP,R,NA,R,R,R,R,R,R,R,R,R,S,S,S,S,R,R,R,NA,NA,NA,NA,NA,NA,NA,NA,NA
573.13402,EKP,R,NA,R,R,R,R,R,R,R,R,R,R,R,S,R,S,S,R,NA,NA,NA,NA,NA,NA,NA,NA,NA
573.13118,EKP,S,NA,R,R,R,R,R,R,S,R,S,S,S,S,S,R,S,R,NA,NA,NA,NA,NA,NA,NA,NA,NA
573.14193,EKP,R,NA,R,R,R,R,R,R,R,S,R,R,S,S,R,S,R,R,NA,NA,NA,NA,NA,NA,NA,NA,NA
573.13825,EKP,R,NA,R,R,R,R,R,R,S,R,R,S,S,S,S,R,R,R,NA,NA,NA,NA,NA,NA,NA,NA,NA
573.1345,EKP,R,NA,R,R,R,R,R,R,R,R,R,S,S,S,R,R,R,R,NA,NA,NA,NA,NA,NA,NA,NA,NA
573.14292,EKP,S,NA,R,R,R,R,R,R,R,R,R,R,R,S,S,R,R,R,NA,NA,NA,NA,NA,NA,NA,NA,NA
573.14423,EKP,R,NA,R,R,R,R,R,R,S,R,R,R,S,S,S,R,R,R,NA,NA,NA,NA,NA,NA,NA,NA,NA
573.13733,EKP,S,NA,R,R,R,R,R,R,R,R,S,S,S,S,S,R,R,R,NA,NA,NA,NA,NA,NA,NA,NA,NA
573.13628,EKP,R,NA,R,R,R,R,R,R,R,R,R,S,S,S,S,R,R,R,NA,NA,NA,NA,NA,NA,NA,NA,NA
573.14437,EKP,S,NA,R,R,R,R,R,R,R,R,R,S,R,S,S,R,R,R,NA,NA,NA,NA,NA,NA,NA,NA,NA
573.14195,EKP,S,NA,R,R,R,R,R,R,R,NA,R,S,S,S,S,S,R,R,NA,NA,NA,NA,NA,NA,NA,NA,NA
573.14083,EKP,S,NA,R,R,R,R,R,R,R,R,R,R,S,S,S,R,R,R,NA,NA,NA,NA,NA,NA,NA,NA,NA
573.13013,EKP,S,NA,S,S,S,S,S,S,S,S,S,S,S,S,S,S,S,R,NA,NA,NA,NA,NA,NA,NA,NA,NA
573.14122,EKP,R,NA,R,R,R,R,R,R,R,R,R,R,S,S,R,R,R,R,NA,NA,NA,NA,NA,NA,NA,NA,NA
573.13985,EKP,R,NA,R,R,R,R,R,R,R,NA,R,S,S,S,S,R,R,R,NA,NA,NA,NA,NA,NA,NA,NA,NA
573.14324,EKP,R,NA,R,R,R,R,R,R,S,R,S,R,S,S,S,R,R,R,NA,NA,NA,NA,NA,NA,NA,NA,NA
573.14497,EKP,R,NA,R,R,R,R,R,R,R,R,R,R,R,S,S,R,R,R,NA,NA,NA,NA,NA,NA,NA,NA,NA
573.14358,EKP,R,NA,R,R,R,R,R,R,R,R,R,R,S,S,R,R,R,R,NA,NA,NA,NA,NA,NA,NA,NA,NA
573.13625,EKP,R,NA,R,R,R,R,R,R,R,R,R,S,S,S,S,R,R,R,NA,NA,NA,NA,NA,NA,NA,NA,NA
573.13537,EKP,R,NA,R,R,R,R,R,R,R,R,R,R,S,S,S,NA,S,R,NA,NA,NA,NA,NA,NA,NA,NA,NA
573.13233,EKP,R,NA,R,R,R,R,R,R,R,R,R,S,R,S,R,R,R,R,NA,NA,NA,NA,NA,NA,NA,NA,NA
573.14473,EKP,R,NA,R,R,R,R,R,R,R,R,R,R,S,S,S,R,R,R,NA,NA,NA,NA,NA,NA,NA,NA,NA
573.13915,EKP,R,NA,R,R,R,R,R,R,R,R,R,S,S,S,R,S,R,R,NA,NA,NA,NA,NA,NA,NA,NA,NA
573.13981,EKP,R,NA,R,R,R,R,R,R,R,NA,R,S,R,S,R,R,S,R,NA,NA,NA,NA,NA,NA,NA,NA,NA
573.13003,EKP,S,NA,S,S,S,S,S,S,S,S,S,S,S,NA,S,S,S,R,NA,NA,NA,NA,NA,NA,NA,NA,NA
573.13553,EKP,R,NA,R,R,R,S,R,R,R,S,R,R,S,S,R,R,S,R,NA,NA,NA,NA,NA,NA,NA,NA,NA
573.1399,EKP,R,NA,R,R,R,R,R,R,R,R,R,R,R,S,S,S,R,R,NA,NA,NA,NA,NA,NA,NA,NA,NA
573.14273,EKP,R,NA,R,R,R,R,R,R,R,R,R,R,S,S,S,R,R,R,NA,NA,NA,NA,NA,NA,NA,NA,NA
573.13662,EKP,R,NA,R,R,R,R,R,R,S,R,S,R,S,S,S,R,R,R,NA,NA,NA,NA,NA,NA,NA,NA,NA
573.12973,EKP,R,NA,NA,R,R,R,R,R,R,R,S,R,S,S,S,R,R,R,NA,NA,NA,NA,NA,NA,NA,NA,NA
573.13721,EKP,R,NA,R,R,R,R,R,R,R,S,R,S,R,S,R,R,R,R,NA,NA,NA,NA,NA,NA,NA,NA,NA
573.1413,EKP,S,NA,R,R,R,R,R,R,R,R,R,R,S,S,S,R,R,R,NA,NA,NA,NA,NA,NA,NA,NA,NA
573.13525,EKP,R,NA,R,R,R,R,R,R,R,R,R,R,S,S,R,R,R,R,NA,NA,NA,NA,NA,NA,NA,NA,NA
573.14153,EKP,R,NA,R,R,R,R,R,R,R,R,R,R,R,S,R,R,R,R,NA,NA,NA,NA,NA,NA,NA,NA,NA
573.13673,EKP,R,NA,R,R,R,R,R,R,R,R,R,R,S,S,S,R,R,R,NA,NA,NA,NA,NA,NA,NA,NA,NA
573.12989,EKP,S,NA,S,S,S,S,S,S,S,S,S,S,S,S,S,S,S,R,NA,NA,NA,NA,NA,NA,NA,NA,NA
573.13792,EKP,R,NA,R,R,R,R,R,R,S,R,R,R,S,S,S,R,R,R,NA,NA,NA,NA,NA,NA,NA,NA,NA
573.13987,EKP,R,NA,R,R,R,R,R,R,R,R,R,R,S,S,S,R,R,R,NA,NA,NA,NA,NA,NA,NA,NA,NA
573.13992,EKP,R,NA,R,R,R,R,R,R,R,R,R,R,S,S,S,R,R,R,NA,NA,NA,NA,NA,NA,NA,NA,NA
573.13345,EKP,R,NA,R,R,R,R,R,R,R,R,R,R,S,S,S,R,R,R,NA,NA,NA,NA,NA,NA,NA,NA,NA
573.14085,EKP,R,NA,R,R,R,R,R,R,R,R,R,R,R,S,S,R,R,R,NA,NA,NA,NA,NA,NA,NA,NA,NA
573.13688,EKP,S,NA,R,R,R,R,R,R,R,R,R,R,S,S,S,NA,R,R,NA,NA,NA,NA,NA,NA,NA,NA,NA
573.13684,EKP,R,NA,R,R,R,R,R,R,R,R,R,S,S,S,R,R,R,R,NA,NA,NA,NA,NA,NA,NA,NA,NA
573.14114,EKP,R,NA,R,R,R,R,R,R,R,R,R,R,S,S,R,R,R,R,NA,NA,NA,NA,NA,NA,NA,NA,NA
573.13281,EKP,R,NA,R,R,R,R,R,R,R,R,R,S,S,S,R,R,R,R,NA,NA,NA,NA,NA,NA,NA,NA,NA
573.13055,EKP,R,NA,R,R,R,R,R,R,R,R,R,R,S,S,S,R,R,R,NA,NA,NA,NA,NA,NA,NA,NA,NA
573.14252,EKP,R,NA,R,R,R,R,R,R,R,R,R,R,R,S,S,S,R,R,NA,NA,NA,NA,NA,NA,NA,NA,NA
573.14103,EKP,R,NA,R,R,R,R,R,R,R,R,S,S,S,S,S,R,R,R,NA,NA,NA,NA,NA,NA,NA,NA,NA
573.13088,EKP,R,NA,R,R,R,R,R,R,R,R,R,R,R,S,R,R,R,R,NA,NA,NA,NA,NA,NA,NA,NA,NA
573.13761,EKP,R,NA,R,R,R,R,R,R,R,R,R,R,S,S,S,S,R,R,NA,NA,NA,NA,NA,NA,NA,NA,NA
573.14275,EKP,S,NA,R,R,R,R,R,R,R,R,R,S,S,S,S,R,R,R,NA,NA,NA,NA,NA,NA,NA,NA,NA
573.13558,EKP,R,NA,R,R,R,R,R,R,R,R,R,R,S,S,S,R,R,R,NA,NA,NA,NA,NA,NA,NA,NA,NA
573.13832,EKP,S,NA,R,R,R,R,R,R,R,R,R,S,S,S,S,R,S,R,NA,NA,NA,NA,NA,NA,NA,NA,NA
573.13556,EKP,R,NA,R,S,R,R,R,R,S,R,R,R,S,S,S,R,R,R,NA,NA,NA,NA,NA,NA,NA,NA,NA
573.13534,EKP,R,NA,R,R,R,R,R,R,R,S,R,S,S,S,S,NA,R,R,NA,NA,NA,NA,NA,NA,NA,NA,NA
573.13784,EKP,R,NA,R,R,R,R,R,R,R,R,R,R,R,S,R,R,R,R,NA,NA,NA,NA,NA,NA,NA,NA,NA
573.13552,EKP,R,NA,R,R,R,R,R,R,R,R,R,R,R,S,S,S,R,R,NA,NA,NA,NA,NA,NA,NA,NA,NA
573.13244,EKP,R,NA,R,R,R,R,R,R,R,R,R,S,S,S,S,R,R,R,NA,NA,NA,NA,NA,NA,NA,NA,NA
573.13008,EKP,R,NA,NA,R,R,R,R,R,R,R,R,R,S,S,S,R,R,R,NA,NA,NA,NA,NA,NA,NA,NA,NA
573.13374,EKP,R,NA,R,R,R,R,R,R,S,R,S,R,S,S,S,R,R,R,NA,NA,NA,NA,NA,NA,NA,NA,NA
573.13955,EKP,R,NA,R,R,R,R,R,R,R,R,R,R,R,S,R,NA,S,R,NA,NA,NA,NA,NA,NA,NA,NA,NA
573.14128,EKP,R,NA,R,R,R,R,R,R,R,R,R,S,S,S,R,R,R,R,NA,NA,NA,NA,NA,NA,NA,NA,NA
573.13033,EKP,S,NA,R,R,R,R,R,R,R,R,R,R,S,S,S,S,R,R,NA,NA,NA,NA,NA,NA,NA,NA,NA
573.1348,EKP,S,NA,R,S,R,R,R,R,S,S,R,S,S,S,S,S,S,R,NA,NA,NA,NA,NA,NA,NA,NA,NA
573.14401,EKP,R,NA,R,R,R,R,R,R,R,R,R,R,R,S,R,R,R,R,NA,NA,NA,NA,NA,NA,NA,NA,NA
573.13738,EKP,R,NA,R,R,R,R,R,R,R,R,R,R,S,S,S,R,R,R,NA,NA,NA,NA,NA,NA,NA,NA,NA
573.14251,EKP,R,NA,R,R,R,R,R,R,R,R,R,S,R,S,R,R,R,R,NA,NA,NA,NA,NA,NA,NA,NA,NA
573.13077,EKP,S,NA,R,R,R,R,R,R,R,S,S,R,S,S,S,S,R,R,NA,NA,NA,NA,NA,NA,NA,NA,NA
573.13767,EKP,S,NA,R,R,R,R,R,R,S,R,S,S,S,S,S,S,R,R,NA,NA,NA,NA,NA,NA,NA,NA,NA
573.1297,EKP,S,NA,NA,R,R,R,R,R,R,R,R,S,S,S,S,NA,S,R,NA,NA,NA,NA,NA,NA,NA,NA,NA
573.13739,EKP,S,NA,S,S,R,R,R,S,S,S,R,S,S,S,S,S,S,R,NA,NA,NA,NA,NA,NA,NA,NA,NA
573.13716,EKP,R,NA,R,R,R,R,R,R,R,R,R,R,S,S,S,R,R,R,NA,NA,NA,NA,NA,NA,NA,NA,NA
573.13852,EKP,R,NA,R,R,R,R,R,R,R,R,R,S,R,S,R,R,R,R,NA,NA,NA,NA,NA,NA,NA,NA,NA
573.14264,EKP,R,NA,R,R,R,R,R,R,R,R,R,R,R,S,S,S,R,R,NA,NA,NA,NA,NA,NA,NA,NA,NA
573.1306,EKP,S,NA,R,R,R,R,R,R,R,R,S,R,S,S,S,R,R,R,NA,NA,NA,NA,NA,NA,NA,NA,NA
573.14265,EKP,R,NA,R,R,R,S,R,S,R,S,R,R,S,S,R,S,R,R,NA,NA,NA,NA,NA,NA,NA,NA,NA
573.12895,EKP,R,NA,NA,NA,R,R,S,S,S,R,S,R,S,S,S,S,S,R,NA,NA,NA,NA,NA,NA,NA,NA,NA
573.1441,EKP,R,NA,R,S,R,R,R,R,S,R,S,R,S,S,S,NA,R,R,NA,NA,NA,NA,NA,NA,NA,NA,NA
573.14068,EKP,S,NA,R,R,R,R,R,R,R,R,R,R,S,S,S,S,R,R,NA,NA,NA,NA,NA,NA,NA,NA,NA
573.13725,EKP,R,NA,R,R,R,R,R,R,R,R,R,R,R,S,R,R,R,R,NA,NA,NA,NA,NA,NA,NA,NA,NA
573.13344,EKP,S,NA,R,R,R,R,R,R,R,R,R,S,S,S,S,R,S,R,NA,NA,NA,NA,NA,NA,NA,NA,NA
573.14536,EKP,R,NA,R,R,R,R,R,R,R,R,R,R,S,S,R,R,S,R,NA,NA,NA,NA,NA,NA,NA,NA,NA
573.12965,EKP,S,NA,S,S,R,S,R,S,S,S,S,S,S,S,S,S,S,R,NA,NA,NA,NA,NA,NA,NA,NA,NA
573.13295,EKP,R,NA,R,R,R,S,R,R,R,R,S,R,S,S,S,R,R,R,NA,NA,NA,NA,NA,NA,NA,NA,NA
573.13315,EKP,S,NA,R,R,R,R,R,R,R,R,R,R,S,S,S,R,R,R,NA,NA,NA,NA,NA,NA,NA,NA,NA
573.1354,EKP,R,NA,R,R,R,R,R,R,R,R,R,R,S,S,S,R,S,R,NA,NA,NA,NA,NA,NA,NA,NA,NA
573.13928,EKP,R,NA,S,R,R,R,S,S,S,R,S,R,S,S,S,S,S,R,NA,NA,NA,NA,NA,NA,NA,NA,NA
573.13514,EKP,R,NA,R,S,R,R,R,R,S,R,R,S,S,S,S,R,R,R,NA,NA,NA,NA,NA,NA,NA,NA,NA
573.1387,EKP,S,NA,R,S,R,R,R,R,S,R,S,S,S,S,S,R,S,R,NA,NA,NA,NA,NA,NA,NA,NA,NA
573.14464,EKP,R,NA,R,R,R,R,R,R,R,R,R,R,S,S,S,R,R,R,NA,NA,NA,NA,NA,NA,NA,NA,NA
573.14228,EKP,R,NA,R,R,R,R,R,R,R,R,R,S,R,S,R,R,R,R,NA,NA,NA,NA,NA,NA,NA,NA,NA
573.13643,EKP,S,NA,R,R,R,R,R,R,R,R,R,S,S,S,S,R,R,R,NA,NA,NA,NA,NA,NA,NA,NA,NA
573.1371,EKP,S,NA,R,R,R,R,R,R,R,R,S,R,S,S,S,R,R,R,NA,NA,NA,NA,NA,NA,NA,NA,NA
573.13669,EKP,R,NA,R,R,R,R,R,R,S,R,R,R,S,S,S,R,R,R,NA,NA,NA,NA,NA,NA,NA,NA,NA
573.13592,EKP,R,NA,R,R,R,R,R,R,R,R,R,R,R,S,S,R,S,R,NA,NA,NA,NA,NA,NA,NA,NA,NA
573.1372,EKP,R,NA,R,R,R,R,R,R,S,R,R,S,S,S,S,R,R,R,NA,NA,NA,NA,NA,NA,NA,NA,NA
573.14511,EKP,R,NA,R,R,R,R,R,R,R,R,S,S,S,S,S,R,S,R,NA,NA,NA,NA,NA,NA,NA,NA,NA
573.14203,EKP,R,NA,R,R,R,R,R,R,R,R,R,S,S,S,S,R,R,R,NA,NA,NA,NA,NA,NA,NA,NA,NA
573.13222,EKP,R,NA,R,R,R,R,R,R,R,R,R,R,S,S,S,R,R,R,NA,NA,NA,NA,NA,NA,NA,NA,NA
573.13953,EKP,R,NA,R,R,R,R,R,R,R,R,R,S,S,S,R,R,S,R,NA,NA,NA,NA,NA,NA,NA,NA,NA
573.13501,EKP,S,NA,R,R,R,R,R,R,S,R,R,S,S,S,S,S,R,R,NA,NA,NA,NA,NA,NA,NA,NA,NA
573.13506,EKP,R,NA,R,R,R,R,R,R,R,R,R,S,S,S,S,R,R,R,NA,NA,NA,NA,NA,NA,NA,NA,NA
573.14508,EKP,R,NA,R,R,R,R,R,R,R,R,R,R,S,S,S,NA,R,R,NA,NA,NA,NA,NA,NA,NA,NA,NA
573.13524,EKP,R,NA,R,R,R,R,R,R,R,R,R,S,R,S,R,R,R,R,NA,NA,NA,NA,NA,NA,NA,NA,NA
573.13787,EKP,S,NA,R,R,R,R,R,R,R,R,R,S,S,S,S,R,S,R,NA,NA,NA,NA,NA,NA,NA,NA,NA
573.13091,EKP,R,NA,R,R,R,R,R,R,S,S,R,R,S,S,S,NA,R,R,NA,NA,NA,NA,NA,NA,NA,NA,NA
573.14232,EKP,S,NA,R,R,R,R,R,R,R,R,R,S,S,S,S,S,R,R,NA,NA,NA,NA,NA,NA,NA,NA,NA
573.13195,EKP,S,NA,R,R,R,R,R,R,R,R,R,R,R,S,S,S,R,R,NA,NA,NA,NA,NA,NA,NA,NA,NA
573.14256,EKP,R,NA,R,R,R,R,R,R,R,R,R,R,S,S,R,NA,S,R,NA,NA,NA,NA,NA,NA,NA,NA,NA
573.13369,EKP,R,NA,R,R,R,R,R,R,R,R,R,R,R,S,S,R,R,R,NA,NA,NA,NA,NA,NA,NA,NA,NA
573.14312,EKP,R,NA,R,R,R,S,R,S,R,S,R,S,S,S,R,R,R,R,NA,NA,NA,NA,NA,NA,NA,NA,NA
573.14179,EKP,R,NA,R,R,R,R,R,R,R,R,R,R,S,S,S,R,S,R,NA,NA,NA,NA,NA,NA,NA,NA,NA
573.13608,EKP,R,NA,S,R,R,R,S,S,S,R,S,R,S,S,S,S,S,R,NA,NA,NA,NA,NA,NA,NA,NA,NA
573.1423,EKP,R,NA,R,R,R,R,R,R,R,R,R,S,S,S,R,R,R,R,NA,NA,NA,NA,NA,NA,NA,NA,NA
573.13683,EKP,S,NA,R,R,R,R,R,R,R,R,R,S,S,S,S,R,R,R,NA,NA,NA,NA,NA,NA,NA,NA,NA
573.14231,EKP,R,NA,R,R,R,R,R,R,R,R,R,R,R,S,R,R,R,R,NA,NA,NA,NA,NA,NA,NA,NA,NA
573.13026,EKP,S,NA,S,S,R,S,S,S,S,S,S,S,S,S,S,S,S,R,NA,NA,NA,NA,NA,NA,NA,NA,NA
573.13405,EKP,S,NA,R,R,R,R,R,R,R,R,R,S,S,S,S,S,R,R,NA,NA,NA,NA,NA,NA,NA,NA,NA
573.14425,EKP,R,NA,R,R,R,R,R,R,R,R,S,S,S,S,R,S,R,R,NA,NA,NA,NA,NA,NA,NA,NA,NA
573.14076,EKP,R,NA,R,R,R,R,R,R,R,R,R,S,S,S,R,R,R,R,NA,NA,NA,NA,NA,NA,NA,NA,NA
573.13857,EKP,S,NA,R,R,R,R,R,R,R,R,S,S,S,S,S,R,R,R,NA,NA,NA,NA,NA,NA,NA,NA,NA
573.12967,EKP,S,NA,S,S,S,S,S,S,S,S,S,S,S,S,S,S,S,R,NA,NA,NA,NA,NA,NA,NA,NA,NA
573.13642,EKP,S,NA,R,S,R,R,S,R,S,R,S,S,S,S,S,R,S,R,NA,NA,NA,NA,NA,NA,NA,NA,NA
573.13471,EKP,R,NA,R,R,R,R,R,R,S,R,R,R,S,S,S,R,R,R,NA,NA,NA,NA,NA,NA,NA,NA,NA
573.13434,EKP,R,NA,R,R,R,R,R,R,R,R,R,R,R,S,S,S,R,R,NA,NA,NA,NA,NA,NA,NA,NA,NA
573.13073,EKP,S,NA,R,R,R,R,R,R,R,R,R,R,R,S,S,R,R,R,NA,NA,NA,NA,NA,NA,NA,NA,NA
573.24321,EKP,R,NA,NA,R,R,R,R,R,R,R,R,R,NA,NA,R,NA,R,R,R,R,NA,NA,NA,NA,NA,NA,NA
573.14215,EKP,S,NA,R,R,R,R,R,R,R,R,S,S,S,S,S,R,S,R,NA,NA,NA,NA,NA,NA,NA,NA,NA
72407.1602,EKP,NA,NA,NA,R,R,R,R,NA,R,R,NA,S,R,S,S,R,R,R,R,NA,R,NA,NA,NA,NA,NA,NA
573.13353,EKP,R,NA,R,R,R,R,R,R,R,R,R,S,S,S,R,R,R,R,NA,NA,NA,NA,NA,NA,NA,NA,NA
573.13486,EKP,R,NA,R,R,R,R,R,R,S,R,R,S,S,S,S,R,R,R,NA,NA,NA,NA,NA,NA,NA,NA,NA
573.13428,EKP,R,NA,R,R,R,R,R,R,S,R,R,S,S,S,R,R,R,R,NA,NA,NA,NA,NA,NA,NA,NA,NA
573.14142,EKP,S,NA,R,R,R,R,R,R,R,R,R,S,S,S,S,NA,R,R,NA,NA,NA,NA,NA,NA,NA,NA,NA
573.1432,EKP,R,NA,R,R,R,R,R,R,R,R,R,S,S,S,S,NA,R,R,NA,NA,NA,NA,NA,NA,NA,NA,NA
573.1291,EKP,S,NA,NA,R,R,R,R,S,S,S,R,S,S,S,S,S,R,R,NA,NA,NA,NA,NA,NA,NA,NA,NA
573.13396,EKP,R,NA,R,R,R,R,R,R,R,R,R,S,S,S,S,R,R,R,NA,NA,NA,NA,NA,NA,NA,NA,NA
573.14386,EKP,R,NA,R,R,R,R,R,R,R,R,R,S,S,S,S,S,R,R,NA,NA,NA,NA,NA,NA,NA,NA,NA
573.13424,EKP,S,NA,R,R,R,R,R,R,R,R,S,S,S,S,S,R,R,R,NA,NA,NA,NA,NA,NA,NA,NA,NA
573.13557,EKP,R,NA,R,R,R,R,R,R,R,R,R,R,S,S,R,S,R,R,NA,NA,NA,NA,NA,NA,NA,NA,NA
573.14346,EKP,S,NA,R,R,R,R,R,R,R,R,R,R,S,S,S,S,R,R,NA,NA,NA,NA,NA,NA,NA,NA,NA
573.13753,EKP,R,NA,R,R,R,R,R,R,R,R,R,R,S,S,S,S,R,R,NA,NA,NA,NA,NA,NA,NA,NA,NA
573.13933,EKP,R,NA,R,R,R,R,NA,R,R,R,NA,S,R,S,R,R,R,NA,NA,NA,NA,NA,NA,NA,NA,NA,NA
573.12908,EKP,S,NA,S,S,S,S,S,S,S,S,S,S,S,S,S,S,S,R,NA,NA,NA,NA,NA,NA,NA,NA,NA
573.14397,EKP,R,NA,R,R,R,R,R,R,S,R,S,R,S,S,S,R,R,R,NA,NA,NA,NA,NA,NA,NA,NA,NA
573.13812,EKP,R,NA,R,R,R,R,R,R,R,R,R,R,R,S,S,R,R,R,NA,NA,NA,NA,NA,NA,NA,NA,NA
573.13431,EKP,R,NA,R,R,R,R,R,R,R,R,R,S,S,R,R,R,R,R,NA,NA,NA,NA,NA,NA,NA,NA,NA
573.13392,EKP,R,NA,R,R,R,R,R,R,R,R,R,R,R,S,R,R,R,R,NA,NA,NA,NA,NA,NA,NA,NA,NA
573.13236,EKP,R,NA,R,R,R,R,R,R,R,R,R,R,S,S,R,R,R,R,NA,NA,NA,NA,NA,NA,NA,NA,NA
573.13714,EKP,R,NA,R,R,R,R,R,R,S,R,R,R,S,S,S,R,R,R,NA,NA,NA,NA,NA,NA,NA,NA,NA
573.13312,EKP,R,NA,R,R,R,R,R,R,R,R,R,R,S,S,S,R,R,R,NA,NA,NA,NA,NA,NA,NA,NA,NA
573.14268,EKP,S,NA,R,R,R,R,R,R,R,R,R,R,R,S,S,S,R,R,NA,NA,NA,NA,NA,NA,NA,NA,NA
573.13485,EKP,R,NA,R,R,R,R,R,R,R,R,R,R,S,S,S,R,R,R,NA,NA,NA,NA,NA,NA,NA,NA,NA
573.13452,EKP,R,NA,R,R,R,R,R,R,R,R,R,R,S,S,S,R,R,R,NA,NA,NA,NA,NA,NA,NA,NA,NA
573.13478,EKP,R,NA,R,R,R,R,R,R,R,R,R,R,R,S,R,R,R,R,NA,NA,NA,NA,NA,NA,NA,NA,NA
573.12917,EKP,S,NA,S,S,S,S,S,S,S,S,S,S,S,S,S,S,S,R,NA,NA,NA,NA,NA,NA,NA,NA,NA
573.1409,EKP,R,NA,R,R,R,R,R,R,R,R,R,R,R,S,R,R,R,R,NA,NA,NA,NA,NA,NA,NA,NA,NA
573.13065,EKP,R,NA,R,R,R,R,R,R,R,R,R,R,R,S,R,R,R,R,NA,NA,NA,NA,NA,NA,NA,NA,NA
573.13996,EKP,R,NA,R,R,R,R,R,R,R,R,R,R,S,S,S,R,R,R,NA,NA,NA,NA,NA,NA,NA,NA,NA
573.13989,EKP,R,NA,R,R,R,R,R,R,R,R,R,R,R,S,R,R,R,R,NA,NA,NA,NA,NA,NA,NA,NA,NA
573.13235,EKP,S,NA,R,R,R,R,R,R,R,R,R,S,R,S,S,R,R,R,NA,NA,NA,NA,NA,NA,NA,NA,NA
573.13786,EKP,R,NA,R,R,R,R,R,R,R,R,R,S,S,S,S,R,R,R,NA,NA,NA,NA,NA,NA,NA,NA,NA
573.24324,EKP,R,NA,NA,R,R,R,R,R,R,R,R,S,NA,NA,R,NA,R,R,R,R,NA,NA,NA,NA,NA,NA,NA
573.13347,EKP,R,NA,R,R,R,R,R,R,R,R,R,R,S,S,R,S,R,R,NA,NA,NA,NA,NA,NA,NA,NA,NA
573.12883,EKP,S,NA,S,S,S,S,S,S,S,S,S,S,S,S,S,S,S,R,NA,NA,NA,NA,NA,NA,NA,NA,NA
573.14057,EKP,R,NA,R,R,R,R,R,R,R,R,R,R,S,S,S,R,R,R,NA,NA,NA,NA,NA,NA,NA,NA,NA
573.1429,EKP,R,NA,R,R,R,R,R,R,R,R,R,R,R,S,S,R,R,R,NA,NA,NA,NA,NA,NA,NA,NA,NA
573.12993,EKP,S,NA,S,S,S,S,R,S,S,S,S,S,S,S,S,S,S,R,NA,NA,NA,NA,NA,NA,NA,NA,NA
573.13387,EKP,R,NA,R,R,R,R,R,R,R,R,R,R,S,S,R,R,R,R,NA,NA,NA,NA,NA,NA,NA,NA,NA
573.13075,EKP,S,NA,R,R,R,R,R,R,R,R,R,R,R,S,S,S,R,R,NA,NA,NA,NA,NA,NA,NA,NA,NA
573.12896,EKP,R,NA,NA,R,R,R,R,R,R,R,R,R,S,S,S,S,S,R,NA,NA,NA,NA,NA,NA,NA,NA,NA
573.12911,EKP,R,NA,NA,R,R,R,S,S,S,R,S,R,S,S,S,S,S,R,NA,NA,NA,NA,NA,NA,NA,NA,NA
573.12871,EKP,S,NA,S,S,S,S,S,S,S,S,S,S,S,S,S,S,S,R,NA,NA,NA,NA,NA,NA,NA,NA,NA
573.14281,EKP,R,NA,R,R,R,R,R,R,R,R,R,R,R,S,R,R,R,R,NA,NA,NA,NA,NA,NA,NA,NA,NA
573.13782,EKP,R,NA,R,R,R,R,R,R,R,S,R,S,S,S,S,S,R,R,NA,NA,NA,NA,NA,NA,NA,NA,NA
573.13001,EKP,R,NA,NA,R,R,R,R,R,S,R,R,R,S,S,S,R,R,R,NA,NA,NA,NA,NA,NA,NA,NA,NA
573.13942,EKP,R,NA,R,R,R,R,R,R,R,R,R,S,S,S,R,R,R,R,NA,NA,NA,NA,NA,NA,NA,NA,NA
573.13922,EKP,R,NA,R,R,R,R,R,R,R,R,R,R,S,S,S,R,R,R,NA,NA,NA,NA,NA,NA,NA,NA,NA
573.12914,EKP,R,NA,NA,R,R,R,R,R,S,R,R,R,S,S,S,R,R,R,NA,NA,NA,NA,NA,NA,NA,NA,NA
573.14479,EKP,R,NA,R,R,R,S,R,R,S,S,S,R,S,S,S,S,R,R,NA,NA,NA,NA,NA,NA,NA,NA,NA
573.13577,EKP,S,NA,R,R,R,R,R,R,R,R,R,S,R,S,S,R,R,R,NA,NA,NA,NA,NA,NA,NA,NA,NA
573.14277,EKP,R,NA,R,R,R,R,R,R,S,R,R,R,S,S,S,R,R,R,NA,NA,NA,NA,NA,NA,NA,NA,NA
573.14532,EKP,S,NA,R,R,R,R,R,R,R,R,R,S,S,S,S,R,R,R,NA,NA,NA,NA,NA,NA,NA,NA,NA
573.14325,EKP,R,NA,R,R,R,R,R,R,R,R,R,R,S,S,R,S,R,R,NA,NA,NA,NA,NA,NA,NA,NA,NA
573.14127,EKP,S,NA,R,R,R,R,R,R,R,R,R,R,S,S,S,R,R,R,NA,NA,NA,NA,NA,NA,NA,NA,NA
573.13291,EKP,R,NA,R,R,R,R,R,R,R,R,R,R,S,S,R,S,R,R,NA,NA,NA,NA,NA,NA,NA,NA,NA
573.13886,EKP,R,NA,R,R,R,R,R,R,R,R,R,R,S,S,S,S,R,R,NA,NA,NA,NA,NA,NA,NA,NA,NA
573.13805,EKP,R,NA,R,R,R,R,R,R,S,R,R,S,S,S,S,R,R,R,NA,NA,NA,NA,NA,NA,NA,NA,NA
573.1299,EKP,R,NA,NA,R,R,R,R,R,R,R,R,S,S,S,R,R,R,R,NA,NA,NA,NA,NA,NA,NA,NA,NA
573.13743,EKP,R,NA,R,R,R,R,R,R,R,R,R,S,S,S,R,R,S,R,NA,NA,NA,NA,NA,NA,NA,NA,NA
573.13956,EKP,S,NA,R,R,R,R,R,R,R,S,R,S,R,S,S,S,R,R,NA,NA,NA,NA,NA,NA,NA,NA,NA
573.1355,EKP,S,NA,R,R,R,R,R,R,R,R,R,S,R,S,S,R,R,R,NA,NA,NA,NA,NA,NA,NA,NA,NA
573.14177,EKP,R,NA,R,R,R,R,R,R,R,R,R,R,S,S,R,R,R,R,NA,NA,NA,NA,NA,NA,NA,NA,NA
573.13917,EKP,R,NA,R,R,R,R,R,R,R,R,R,S,S,S,R,R,R,R,NA,NA,NA,NA,NA,NA,NA,NA,NA
573.14222,EKP,R,NA,R,R,R,R,R,R,R,R,R,R,R,S,S,S,R,R,NA,NA,NA,NA,NA,NA,NA,NA,NA
573.12947,EKP,R,NA,NA,R,R,R,R,R,R,NA,R,R,S,S,S,R,R,R,NA,NA,NA,NA,NA,NA,NA,NA,NA
573.14544,EKP,R,NA,R,R,R,R,R,R,S,R,R,R,S,S,S,R,R,R,NA,NA,NA,NA,NA,NA,NA,NA,NA
573.13338,EKP,S,NA,R,R,R,R,R,R,R,R,R,R,S,S,S,S,R,R,NA,NA,NA,NA,NA,NA,NA,NA,NA
573.12869,EKP,R,NA,NA,R,R,R,R,R,S,R,R,S,S,S,S,R,R,R,NA,NA,NA,NA,NA,NA,NA,NA,NA
573.12919,EKP,S,NA,NA,R,R,R,R,R,R,R,R,R,S,S,S,R,R,R,NA,NA,NA,NA,NA,NA,NA,NA,NA
573.13511,EKP,S,NA,S,S,R,R,R,S,S,S,R,S,S,S,S,S,S,R,NA,NA,NA,NA,NA,NA,NA,NA,NA
573.13717,EKP,R,NA,R,R,R,R,R,R,S,R,R,S,S,S,S,R,R,R,NA,NA,NA,NA,NA,NA,NA,NA,NA
573.13404,EKP,R,NA,R,R,R,R,R,R,R,R,R,S,S,S,S,R,R,R,NA,NA,NA,NA,NA,NA,NA,NA,NA
573.14516,EKP,R,NA,R,R,R,R,R,R,R,R,R,R,R,S,R,R,R,R,NA,NA,NA,NA,NA,NA,NA,NA,NA
573.13502,EKP,R,NA,R,R,R,R,R,R,R,R,R,R,S,S,R,S,R,R,NA,NA,NA,NA,NA,NA,NA,NA,NA
573.12976,EKP,R,NA,NA,R,R,R,R,R,R,R,R,S,S,S,S,R,R,R,NA,NA,NA,NA,NA,NA,NA,NA,NA
573.13978,EKP,R,NA,R,R,R,R,R,R,R,R,R,S,R,S,R,R,R,R,NA,NA,NA,NA,NA,NA,NA,NA,NA
573.13469,EKP,S,NA,R,R,R,R,R,R,R,R,R,R,S,S,S,R,R,R,NA,NA,NA,NA,NA,NA,NA,NA,NA
573.14444,EKP,R,NA,R,R,R,R,R,R,R,R,R,R,S,S,R,R,R,R,NA,NA,NA,NA,NA,NA,NA,NA,NA
573.14433,EKP,R,NA,R,R,R,R,R,R,R,R,R,R,R,S,S,S,R,R,NA,NA,NA,NA,NA,NA,NA,NA,NA
573.13646,EKP,S,NA,R,R,R,R,R,R,R,R,R,S,R,S,S,R,R,R,NA,NA,NA,NA,NA,NA,NA,NA,NA
573.14263,EKP,R,NA,R,R,R,R,R,R,R,R,R,R,R,S,R,R,R,R,NA,NA,NA,NA,NA,NA,NA,NA,NA
573.14133,EKP,R,NA,R,R,R,R,R,R,R,R,R,R,R,S,S,S,R,R,NA,NA,NA,NA,NA,NA,NA,NA,NA
573.13096,EKP,R,NA,R,R,R,R,R,R,R,R,R,R,R,S,R,R,R,R,NA,NA,NA,NA,NA,NA,NA,NA,NA
573.13747,EKP,R,NA,R,R,R,R,R,R,R,S,R,R,S,S,S,S,R,R,NA,NA,NA,NA,NA,NA,NA,NA,NA
573.14354,EKP,R,NA,R,R,R,R,R,R,R,R,R,R,R,S,R,R,R,R,NA,NA,NA,NA,NA,NA,NA,NA,NA
573.14434,EKP,R,NA,R,R,R,R,R,R,R,R,R,R,S,S,R,R,R,R,NA,NA,NA,NA,NA,NA,NA,NA,NA
573.14531,EKP,R,NA,R,R,R,R,R,R,R,R,R,R,S,S,R,R,R,R,NA,NA,NA,NA,NA,NA,NA,NA,NA
573.13793,EKP,R,NA,R,R,R,R,R,R,R,R,R,R,R,S,R,R,R,R,NA,NA,NA,NA,NA,NA,NA,NA,NA
573.14298,EKP,R,NA,R,R,R,R,R,R,R,R,R,S,S,S,S,R,R,R,NA,NA,NA,NA,NA,NA,NA,NA,NA
573.13136,EKP,S,NA,R,R,R,R,R,R,R,S,R,S,R,S,S,S,R,R,NA,NA,NA,NA,NA,NA,NA,NA,NA
573.13708,EKP,R,NA,R,R,R,R,R,R,R,R,R,R,S,S,S,R,R,R,NA,NA,NA,NA,NA,NA,NA,NA,NA
573.14353,EKP,R,NA,R,R,R,R,R,R,R,R,R,R,R,S,R,R,R,R,NA,NA,NA,NA,NA,NA,NA,NA,NA
573.14244,EKP,S,NA,R,R,R,R,R,R,R,R,R,R,S,S,S,R,R,R,NA,NA,NA,NA,NA,NA,NA,NA,NA
573.14385,EKP,R,NA,R,R,R,R,R,R,R,R,R,S,R,S,R,R,R,R,NA,NA,NA,NA,NA,NA,NA,NA,NA
573.12955,EKP,S,NA,S,S,R,S,S,S,S,S,S,S,S,S,S,S,S,R,NA,NA,NA,NA,NA,NA,NA,NA,NA
573.14136,EKP,R,NA,R,R,R,R,R,R,R,R,R,R,R,S,R,R,R,R,NA,NA,NA,NA,NA,NA,NA,NA,NA
573.13492,EKP,R,NA,R,R,R,S,R,R,S,R,R,R,R,S,S,R,R,R,NA,NA,NA,NA,NA,NA,NA,NA,NA
573.14148,EKP,R,NA,R,R,R,R,R,R,R,R,R,R,R,S,R,R,R,R,NA,NA,NA,NA,NA,NA,NA,NA,NA
573.13908,EKP,R,NA,R,R,R,R,R,R,R,R,R,R,R,S,S,R,R,R,NA,NA,NA,NA,NA,NA,NA,NA,NA
573.12892,EKP,R,NA,NA,R,R,R,R,R,S,R,S,S,S,S,S,R,R,R,NA,NA,NA,NA,NA,NA,NA,NA,NA
573.14211,EKP,S,NA,R,R,R,R,R,R,R,R,S,S,S,S,S,NA,R,R,NA,NA,NA,NA,NA,NA,NA,NA,NA
573.14442,EKP,S,NA,R,R,R,R,R,R,R,R,R,S,R,S,S,S,R,R,NA,NA,NA,NA,NA,NA,NA,NA,NA
573.13843,EKP,S,NA,R,R,R,R,R,R,R,R,S,S,S,S,S,R,R,R,NA,NA,NA,NA,NA,NA,NA,NA,NA
573.12891,EKP,R,NA,NA,R,R,R,R,R,R,R,R,R,S,S,S,R,R,R,NA,NA,NA,NA,NA,NA,NA,NA,NA
573.14059,EKP,S,NA,R,S,R,R,R,R,S,R,S,S,S,S,S,R,S,R,NA,NA,NA,NA,NA,NA,NA,NA,NA
573.13694,EKP,S,NA,R,R,R,R,R,R,R,R,R,S,S,S,S,R,R,R,NA,NA,NA,NA,NA,NA,NA,NA,NA
573.13016,EKP,R,NA,R,R,R,R,R,R,R,R,R,R,S,S,S,R,R,R,NA,NA,NA,NA,NA,NA,NA,NA,NA
573.14196,EKP,S,NA,R,R,R,R,R,R,R,R,S,S,S,S,S,R,S,R,NA,NA,NA,NA,NA,NA,NA,NA,NA
573.14421,EKP,R,NA,R,R,R,R,R,R,R,R,R,S,S,S,S,R,R,R,NA,NA,NA,NA,NA,NA,NA,NA,NA
573.13627,EKP,S,NA,S,S,R,R,S,R,S,R,S,S,S,S,S,S,S,R,NA,NA,NA,NA,NA,NA,NA,NA,NA
573.13903,EKP,S,NA,R,R,R,R,R,R,R,R,R,S,S,S,S,R,S,R,NA,NA,NA,NA,NA,NA,NA,NA,NA
573.13394,EKP,R,NA,R,R,R,R,R,R,R,R,R,R,R,S,R,R,R,R,NA,NA,NA,NA,NA,NA,NA,NA,NA
573.14506,EKP,R,NA,R,R,R,R,R,R,R,R,R,S,R,S,S,R,R,R,NA,NA,NA,NA,NA,NA,NA,NA,NA
573.13945,EKP,R,NA,R,R,R,R,R,R,R,R,R,S,S,S,S,R,R,R,NA,NA,NA,NA,NA,NA,NA,NA,NA
573.13449,EKP,R,NA,R,R,R,R,R,R,R,R,R,R,S,S,R,R,R,R,NA,NA,NA,NA,NA,NA,NA,NA,NA
573.13935,EKP,R,NA,R,S,R,R,R,R,S,R,R,S,S,S,S,R,R,R,NA,NA,NA,NA,NA,NA,NA,NA,NA
573.13419,EKP,R,NA,R,R,R,R,R,R,R,R,R,S,R,S,R,R,R,R,NA,NA,NA,NA,NA,NA,NA,NA,NA
573.13163,EKP,R,NA,R,R,R,R,R,R,R,R,R,S,R,S,R,R,R,R,NA,NA,NA,NA,NA,NA,NA,NA,NA
573.1374,EKP,R,NA,R,R,R,R,R,R,S,R,R,S,S,S,S,R,R,R,NA,NA,NA,NA,NA,NA,NA,NA,NA
573.13274,EKP,S,NA,R,R,R,R,R,R,R,R,R,S,R,S,S,S,R,R,NA,NA,NA,NA,NA,NA,NA,NA,NA
573.14515,EKP,R,NA,R,R,R,R,R,R,S,R,R,R,S,S,S,R,R,R,NA,NA,NA,NA,NA,NA,NA,NA,NA
573.13066,EKP,R,NA,R,R,R,R,R,R,R,R,S,S,S,S,R,S,R,R,NA,NA,NA,NA,NA,NA,NA,NA,NA
573.1419,EKP,R,NA,R,R,R,R,R,R,R,R,R,S,S,S,S,R,R,R,NA,NA,NA,NA,NA,NA,NA,NA,NA
573.14053,EKP,R,NA,R,R,R,R,R,R,R,R,R,R,R,S,R,R,R,R,NA,NA,NA,NA,NA,NA,NA,NA,NA
573.13242,EKP,R,NA,R,R,R,R,R,R,R,R,R,R,S,S,S,S,S,R,NA,NA,NA,NA,NA,NA,NA,NA,NA
573.14485,EKP,R,NA,R,R,R,R,R,R,R,R,R,S,R,S,R,R,R,R,NA,NA,NA,NA,NA,NA,NA,NA,NA
573.13827,EKP,R,NA,R,R,R,R,R,R,R,R,R,R,S,S,S,R,R,R,NA,NA,NA,NA,NA,NA,NA,NA,NA
573.14432,EKP,R,NA,R,R,R,R,R,R,R,R,R,R,S,S,S,R,R,R,NA,NA,NA,NA,NA,NA,NA,NA,NA
573.13023,EKP,R,NA,NA,R,R,R,R,R,R,R,R,R,S,S,R,R,R,R,NA,NA,NA,NA,NA,NA,NA,NA,NA
573.14143,EKP,S,NA,R,R,R,R,R,R,R,S,R,R,S,S,S,S,R,R,NA,NA,NA,NA,NA,NA,NA,NA,NA
573.13824,EKP,R,NA,R,R,R,R,R,R,R,R,S,R,S,S,R,S,R,R,NA,NA,NA,NA,NA,NA,NA,NA,NA
573.13864,EKP,R,NA,R,R,R,R,R,R,R,R,R,R,S,S,R,R,R,R,NA,NA,NA,NA,NA,NA,NA,NA,NA
573.12923,EKP,S,NA,S,S,S,S,S,S,S,S,S,S,S,S,S,S,S,R,NA,NA,NA,NA,NA,NA,NA,NA,NA
573.14446,EKP,R,NA,R,R,R,R,R,R,R,R,R,R,R,S,S,S,R,R,NA,NA,NA,NA,NA,NA,NA,NA,NA
573.12889,EKP,S,NA,S,S,S,S,S,S,S,S,S,S,S,S,S,S,S,R,NA,NA,NA,NA,NA,NA,NA,NA,NA
573.14458,EKP,R,NA,R,R,R,R,R,R,R,R,R,R,S,S,R,R,R,R,NA,NA,NA,NA,NA,NA,NA,NA,NA
573.14347,EKP,S,NA,R,R,R,R,R,R,R,R,R,R,S,S,S,NA,R,R,NA,NA,NA,NA,NA,NA,NA,NA,NA
573.1335,EKP,R,NA,R,R,R,R,R,R,R,R,R,R,R,S,S,R,R,R,NA,NA,NA,NA,NA,NA,NA,NA,NA
573.13885,EKP,S,NA,R,R,R,R,R,R,R,R,R,S,S,S,S,R,S,R,NA,NA,NA,NA,NA,NA,NA,NA,NA
573.12887,EKP,R,NA,NA,R,R,R,R,R,R,R,R,R,S,S,R,R,R,R,NA,NA,NA,NA,NA,NA,NA,NA,NA
573.1319,EKP,R,NA,R,R,R,R,R,R,R,R,R,S,R,S,R,R,R,R,NA,NA,NA,NA,NA,NA,NA,NA,NA
573.13523,EKP,R,NA,R,R,R,R,R,R,R,R,R,R,R,S,R,R,R,R,NA,NA,NA,NA,NA,NA,NA,NA,NA
573.1382,EKP,S,NA,R,R,R,R,R,R,R,R,R,S,S,S,S,R,R,R,NA,NA,NA,NA,NA,NA,NA,NA,NA
573.14237,EKP,R,NA,R,S,R,R,R,R,S,R,R,S,S,S,S,R,R,R,NA,NA,NA,NA,NA,NA,NA,NA,NA
573.13994,EKP,R,NA,R,R,R,R,R,R,R,R,R,S,S,S,S,R,R,R,NA,NA,NA,NA,NA,NA,NA,NA,NA
573.14084,EKP,R,NA,R,R,R,R,R,R,R,R,R,S,R,S,R,R,R,R,NA,NA,NA,NA,NA,NA,NA,NA,NA
573.13004,EKP,S,NA,S,S,S,S,S,S,S,S,S,S,S,S,S,S,S,R,NA,NA,NA,NA,NA,NA,NA,NA,NA
573.13667,EKP,R,NA,R,R,R,R,R,R,R,R,R,S,S,S,S,R,R,R,NA,NA,NA,NA,NA,NA,NA,NA,NA
573.13425,EKP,S,NA,R,R,R,R,R,R,R,R,R,S,S,S,S,R,R,R,NA,NA,NA,NA,NA,NA,NA,NA,NA
573.13379,EKP,R,NA,R,R,R,R,R,R,R,R,S,S,S,S,S,R,R,R,NA,NA,NA,NA,NA,NA,NA,NA,NA
573.14411,EKP,S,NA,R,S,R,S,R,R,S,R,S,S,S,S,S,R,R,R,NA,NA,NA,NA,NA,NA,NA,NA,NA
573.13142,EKP,R,NA,R,R,R,R,R,R,R,R,R,R,S,S,S,R,R,R,NA,NA,NA,NA,NA,NA,NA,NA,NA
573.13551,EKP,R,NA,R,R,R,R,R,R,R,R,S,S,S,S,R,S,R,R,NA,NA,NA,NA,NA,NA,NA,NA,NA
573.14205,EKP,R,NA,R,R,R,S,R,R,R,R,R,R,S,S,S,R,R,R,NA,NA,NA,NA,NA,NA,NA,NA,NA
573.14331,EKP,R,NA,R,R,R,R,R,R,R,S,R,S,S,S,S,S,R,R,NA,NA,NA,NA,NA,NA,NA,NA,NA
573.13254,EKP,R,NA,R,R,R,R,R,R,R,R,R,R,S,S,S,R,R,R,NA,NA,NA,NA,NA,NA,NA,NA,NA
573.13957,EKP,S,NA,R,R,R,R,R,R,R,R,R,S,S,S,S,R,R,R,NA,NA,NA,NA,NA,NA,NA,NA,NA
573.13682,EKP,R,NA,R,R,R,R,R,R,R,R,R,S,S,S,R,S,R,R,NA,NA,NA,NA,NA,NA,NA,NA,NA
573.14408,EKP,R,NA,R,R,R,R,R,R,S,R,R,R,S,S,S,R,R,R,NA,NA,NA,NA,NA,NA,NA,NA,NA
573.13623,EKP,R,NA,R,R,R,R,R,R,R,R,R,S,S,R,S,NA,R,R,NA,NA,NA,NA,NA,NA,NA,NA,NA
573.13542,EKP,R,NA,R,R,R,R,R,R,R,R,R,R,S,S,S,R,R,R,NA,NA,NA,NA,NA,NA,NA,NA,NA
573.1318,EKP,R,NA,R,R,R,R,R,R,R,R,R,R,S,S,S,R,R,R,NA,NA,NA,NA,NA,NA,NA,NA,NA
573.13952,EKP,S,NA,R,R,R,R,R,R,R,R,R,S,R,S,S,R,R,R,NA,NA,NA,NA,NA,NA,NA,NA,NA
573.1352,EKP,R,NA,R,R,R,R,R,R,R,R,R,R,S,S,S,S,R,R,NA,NA,NA,NA,NA,NA,NA,NA,NA
573.14482,EKP,S,NA,R,R,R,R,R,R,R,R,S,S,S,S,S,NA,S,R,NA,NA,NA,NA,NA,NA,NA,NA,NA
573.13882,EKP,R,NA,R,R,R,R,R,R,S,R,R,S,S,S,S,R,R,R,NA,NA,NA,NA,NA,NA,NA,NA,NA
573.12861,EKP,S,NA,S,S,S,S,S,S,S,S,S,S,S,S,S,S,S,R,NA,NA,NA,NA,NA,NA,NA,NA,NA
573.1418,EKP,R,NA,R,R,R,R,R,R,R,R,R,R,S,S,R,NA,R,R,NA,NA,NA,NA,NA,NA,NA,NA,NA
573.14321,EKP,R,NA,R,R,R,R,R,R,R,R,R,S,R,S,R,R,R,R,NA,NA,NA,NA,NA,NA,NA,NA,NA
573.14301,EKP,R,NA,R,R,R,R,R,R,R,S,R,R,R,S,R,S,R,R,NA,NA,NA,NA,NA,NA,NA,NA,NA
573.14147,EKP,S,NA,R,R,R,R,R,R,R,NA,R,R,S,S,S,S,R,R,NA,NA,NA,NA,NA,NA,NA,NA,NA
573.14375,EKP,R,NA,R,R,R,R,R,R,R,R,R,R,S,S,S,R,R,R,NA,NA,NA,NA,NA,NA,NA,NA,NA
573.14149,EKP,R,NA,R,R,R,R,R,R,R,S,R,R,S,S,S,NA,R,R,NA,NA,NA,NA,NA,NA,NA,NA,NA
573.13999,EKP,R,NA,R,R,R,R,R,R,R,R,R,R,S,S,R,R,R,R,NA,NA,NA,NA,NA,NA,NA,NA,NA
573.14315,EKP,R,NA,R,R,R,R,R,R,R,R,R,S,R,S,R,R,R,R,NA,NA,NA,NA,NA,NA,NA,NA,NA
573.14443,EKP,R,NA,R,R,R,R,R,R,S,R,S,R,S,S,S,R,R,R,NA,NA,NA,NA,NA,NA,NA,NA,NA
573.14483,EKP,R,NA,R,R,R,R,R,R,R,R,R,R,R,S,R,S,S,R,NA,NA,NA,NA,NA,NA,NA,NA,NA
573.13813,EKP,R,NA,R,R,R,R,R,R,R,R,R,R,S,S,S,R,S,R,NA,NA,NA,NA,NA,NA,NA,NA,NA
573.14512,EKP,R,NA,R,R,R,R,R,R,R,R,R,S,R,S,R,NA,R,R,NA,NA,NA,NA,NA,NA,NA,NA,NA
573.13307,EKP,R,NA,R,R,R,R,R,R,R,R,R,R,R,S,R,R,R,R,NA,NA,NA,NA,NA,NA,NA,NA,NA
573.13696,EKP,S,NA,R,R,R,R,R,R,R,R,R,S,S,S,S,R,R,R,NA,NA,NA,NA,NA,NA,NA,NA,NA
573.14409,EKP,R,NA,R,R,R,R,R,R,R,R,S,R,S,S,R,S,R,R,NA,NA,NA,NA,NA,NA,NA,NA,NA
573.14115,EKP,R,NA,R,R,R,R,R,R,R,R,R,R,R,S,R,R,R,R,NA,NA,NA,NA,NA,NA,NA,NA,NA
573.13433,EKP,R,NA,R,R,R,R,R,R,R,R,R,R,R,S,R,R,R,R,NA,NA,NA,NA,NA,NA,NA,NA,NA
573.13144,EKP,R,NA,R,R,R,R,R,R,R,R,R,S,S,S,S,R,R,R,NA,NA,NA,NA,NA,NA,NA,NA,NA
573.13997,EKP,R,NA,R,R,R,R,R,R,R,R,R,S,R,S,R,R,R,R,NA,NA,NA,NA,NA,NA,NA,NA,NA
573.14335,EKP,R,NA,R,R,R,R,R,R,R,R,R,R,S,S,S,R,R,R,NA,NA,NA,NA,NA,NA,NA,NA,NA
573.13114,EKP,R,NA,R,R,R,R,R,R,R,R,R,S,S,S,S,S,R,R,NA,NA,NA,NA,NA,NA,NA,NA,NA
573.13499,EKP,R,NA,R,R,R,R,R,R,R,R,R,R,S,S,S,R,R,R,NA,NA,NA,NA,NA,NA,NA,NA,NA
573.14192,EKP,R,NA,R,R,R,R,R,R,R,S,R,R,S,S,S,S,R,R,NA,NA,NA,NA,NA,NA,NA,NA,NA
573.13998,EKP,R,NA,R,R,R,R,R,R,R,R,R,R,S,S,R,R,S,R,NA,NA,NA,NA,NA,NA,NA,NA,NA
573.13457,EKP,S,NA,R,R,R,R,R,R,R,R,R,S,S,S,S,R,S,R,NA,NA,NA,NA,NA,NA,NA,NA,NA
573.14394,EKP,R,NA,R,R,R,R,R,R,R,R,R,S,R,S,R,R,R,R,NA,NA,NA,NA,NA,NA,NA,NA,NA
573.1376,EKP,R,NA,R,R,R,R,R,R,R,R,R,R,S,S,S,S,R,R,NA,NA,NA,NA,NA,NA,NA,NA,NA
573.14037,EKP,S,NA,R,R,R,R,R,R,R,R,R,S,S,S,S,R,R,R,NA,NA,NA,NA,NA,NA,NA,NA,NA
573.13547,EKP,S,NA,R,R,R,R,R,R,R,R,S,S,S,S,S,R,S,R,NA,NA,NA,NA,NA,NA,NA,NA,NA
573.13909,EKP,R,NA,R,R,R,R,R,R,R,R,R,R,R,S,S,R,R,R,NA,NA,NA,NA,NA,NA,NA,NA,NA
573.13679,EKP,S,NA,R,R,R,R,R,R,R,R,S,S,S,S,S,R,R,R,NA,NA,NA,NA,NA,NA,NA,NA,NA
573.13226,EKP,R,NA,R,R,R,R,R,R,R,R,R,R,S,S,R,NA,R,R,NA,NA,NA,NA,NA,NA,NA,NA,NA
573.13875,EKP,R,NA,R,R,R,R,R,R,R,R,S,S,S,S,S,R,R,R,NA,NA,NA,NA,NA,NA,NA,NA,NA
573.14066,EKP,R,NA,R,R,R,R,R,R,R,R,R,R,S,S,R,R,R,R,NA,NA,NA,NA,NA,NA,NA,NA,NA
573.12884,EKP,R,NA,NA,R,R,R,R,R,R,R,R,R,S,S,S,R,R,R,NA,NA,NA,NA,NA,NA,NA,NA,NA
573.13285,EKP,R,NA,R,R,R,R,R,R,R,R,R,R,S,S,S,S,S,R,NA,NA,NA,NA,NA,NA,NA,NA,NA
573.13828,EKP,R,NA,R,R,R,R,R,R,R,R,R,R,S,S,S,R,R,R,NA,NA,NA,NA,NA,NA,NA,NA,NA
573.13528,EKP,R,NA,R,R,R,R,R,R,R,R,R,S,S,S,R,S,S,R,NA,NA,NA,NA,NA,NA,NA,NA,NA
573.12937,EKP,S,NA,NA,S,R,S,R,S,S,S,R,S,S,S,S,S,S,R,NA,NA,NA,NA,NA,NA,NA,NA,NA
573.13411,EKP,S,NA,R,S,R,R,R,R,S,R,S,S,S,S,S,R,S,R,NA,NA,NA,NA,NA,NA,NA,NA,NA
573.13622,EKP,S,NA,R,R,R,R,R,R,R,R,R,S,S,S,S,R,R,R,NA,NA,NA,NA,NA,NA,NA,NA,NA
573.13319,EKP,R,NA,R,R,R,R,R,R,S,R,R,R,S,S,S,R,R,R,NA,NA,NA,NA,NA,NA,NA,NA,NA
573.13773,EKP,R,NA,R,R,R,R,R,R,R,R,R,S,R,S,R,R,R,R,NA,NA,NA,NA,NA,NA,NA,NA,NA
573.13264,EKP,S,NA,R,R,R,R,R,R,R,S,R,S,S,S,S,S,R,R,NA,NA,NA,NA,NA,NA,NA,NA,NA
573.13257,EKP,S,NA,R,R,R,R,R,R,R,R,R,R,R,S,S,R,R,R,NA,NA,NA,NA,NA,NA,NA,NA,NA
573.14435,EKP,S,NA,R,R,R,R,R,R,S,R,R,R,S,S,S,R,R,R,NA,NA,NA,NA,NA,NA,NA,NA,NA
573.14481,EKP,R,NA,R,R,R,R,R,R,R,R,R,S,S,S,S,R,R,R,NA,NA,NA,NA,NA,NA,NA,NA,NA
573.13847,EKP,R,NA,R,R,R,R,R,R,R,R,R,S,R,S,R,R,R,R,NA,NA,NA,NA,NA,NA,NA,NA,NA
573.13263,EKP,S,NA,R,R,R,R,R,R,R,R,R,R,S,S,S,S,R,R,NA,NA,NA,NA,NA,NA,NA,NA,NA
573.13216,EKP,R,NA,R,R,R,R,R,R,R,R,R,R,S,S,S,R,R,R,NA,NA,NA,NA,NA,NA,NA,NA,NA
573.1379,EKP,R,NA,R,R,R,R,R,R,R,R,R,S,R,S,R,R,R,R,NA,NA,NA,NA,NA,NA,NA,NA,NA
573.1377,EKP,R,NA,R,R,R,R,R,R,R,R,R,S,R,S,S,S,R,R,NA,NA,NA,NA,NA,NA,NA,NA,NA
573.13611,EKP,R,NA,R,R,R,R,R,R,S,R,R,R,S,S,S,R,R,R,NA,NA,NA,NA,NA,NA,NA,NA,NA
573.13089,EKP,S,NA,R,R,R,R,R,R,R,R,R,S,S,S,S,R,S,R,NA,NA,NA,NA,NA,NA,NA,NA,NA
573.14279,EKP,R,NA,R,R,R,R,R,R,R,R,R,R,S,S,S,R,R,R,NA,NA,NA,NA,NA,NA,NA,NA,NA
573.14377,EKP,S,NA,R,R,R,R,R,R,R,R,R,S,R,S,S,S,R,R,NA,NA,NA,NA,NA,NA,NA,NA,NA
573.14405,EKP,R,NA,R,R,R,R,R,R,R,R,R,R,S,S,S,R,R,R,NA,NA,NA,NA,NA,NA,NA,NA,NA
573.13305,EKP,S,NA,R,R,R,R,R,R,R,R,R,R,S,S,S,S,R,R,NA,NA,NA,NA,NA,NA,NA,NA,NA
573.14198,EKP,R,NA,R,R,R,S,R,R,R,R,S,R,S,S,S,R,R,R,NA,NA,NA,NA,NA,NA,NA,NA,NA
573.13389,EKP,S,NA,R,R,R,R,R,R,R,R,R,S,R,S,S,R,R,R,NA,NA,NA,NA,NA,NA,NA,NA,NA
573.13018,EKP,S,NA,NA,R,R,R,R,R,R,R,S,S,S,S,S,R,S,R,NA,NA,NA,NA,NA,NA,NA,NA,NA
573.13495,EKP,R,NA,R,R,R,R,R,R,R,R,R,R,S,S,R,S,R,R,NA,NA,NA,NA,NA,NA,NA,NA,NA
573.13241,EKP,S,NA,R,R,R,R,R,R,S,R,R,S,S,S,S,R,S,R,NA,NA,NA,NA,NA,NA,NA,NA,NA
573.14184,EKP,R,NA,R,R,R,R,R,R,R,R,R,R,R,S,R,R,R,R,NA,NA,NA,NA,NA,NA,NA,NA,NA
573.14469,EKP,R,NA,R,R,R,R,R,R,R,R,R,S,R,S,R,R,R,R,NA,NA,NA,NA,NA,NA,NA,NA,NA
573.13645,EKP,R,NA,R,R,R,R,R,R,R,R,R,S,R,S,S,NA,R,R,NA,NA,NA,NA,NA,NA,NA,NA,NA
573.1292,EKP,R,NA,NA,R,R,R,R,R,R,R,R,R,S,S,R,R,R,R,NA,NA,NA,NA,NA,NA,NA,NA,NA
573.135,EKP,R,NA,R,R,R,R,R,R,R,R,R,S,S,S,S,R,R,R,NA,NA,NA,NA,NA,NA,NA,NA,NA
573.13839,EKP,R,NA,R,R,R,R,R,R,R,R,R,S,S,S,S,R,R,R,NA,NA,NA,NA,NA,NA,NA,NA,NA
573.14507,EKP,R,NA,R,R,R,R,R,R,R,R,R,R,R,S,R,R,R,R,NA,NA,NA,NA,NA,NA,NA,NA,NA
573.13979,EKP,S,NA,R,R,R,R,R,R,R,R,R,R,S,S,S,S,R,R,NA,NA,NA,NA,NA,NA,NA,NA,NA
573.13416,EKP,S,NA,R,R,R,R,R,R,R,R,R,R,S,S,S,S,R,R,NA,NA,NA,NA,NA,NA,NA,NA,NA
573.13111,EKP,R,NA,R,R,R,R,R,R,R,R,R,R,S,S,S,S,R,R,NA,NA,NA,NA,NA,NA,NA,NA,NA
573.12913,EKP,S,NA,NA,R,R,R,R,R,R,R,R,S,R,S,S,R,R,R,NA,NA,NA,NA,NA,NA,NA,NA,NA
573.13937,EKP,R,NA,R,R,R,R,R,R,R,R,R,S,R,S,R,R,R,R,NA,NA,NA,NA,NA,NA,NA,NA,NA
573.13035,EKP,R,NA,R,R,R,R,R,R,R,R,R,R,S,S,S,S,R,R,NA,NA,NA,NA,NA,NA,NA,NA,NA
573.13598,EKP,S,NA,R,R,R,R,R,R,R,R,R,S,S,S,S,R,R,R,NA,NA,NA,NA,NA,NA,NA,NA,NA
573.14117,EKP,S,NA,R,R,R,R,R,R,S,R,R,S,S,S,S,R,R,R,NA,NA,NA,NA,NA,NA,NA,NA,NA
573.13512,EKP,S,NA,R,R,R,R,R,R,R,R,R,R,R,S,S,S,R,R,NA,NA,NA,NA,NA,NA,NA,NA,NA
573.13483,EKP,R,NA,R,R,R,R,R,R,R,R,R,R,R,S,S,R,R,R,NA,NA,NA,NA,NA,NA,NA,NA,NA
573.14371,EKP,R,NA,R,R,R,R,R,R,R,R,R,R,R,S,R,R,R,R,NA,NA,NA,NA,NA,NA,NA,NA,NA
573.13488,EKP,R,NA,R,R,R,R,R,R,R,R,R,S,S,S,S,R,R,R,NA,NA,NA,NA,NA,NA,NA,NA,NA
573.13593,EKP,R,NA,R,R,R,R,R,R,R,R,R,S,R,S,S,R,R,R,NA,NA,NA,NA,NA,NA,NA,NA,NA
573.14088,EKP,R,NA,R,R,R,R,R,R,R,R,R,R,S,S,S,S,R,R,NA,NA,NA,NA,NA,NA,NA,NA,NA
573.1425,EKP,R,NA,R,R,R,R,R,R,R,R,R,R,R,S,R,R,R,R,NA,NA,NA,NA,NA,NA,NA,NA,NA
573.13983,EKP,S,NA,R,R,R,R,R,R,R,R,R,R,S,S,S,S,R,R,NA,NA,NA,NA,NA,NA,NA,NA,NA
573.13569,EKP,S,NA,R,R,R,R,R,R,R,R,R,R,S,S,S,S,R,R,NA,NA,NA,NA,NA,NA,NA,NA,NA
573.13116,EKP,R,NA,R,R,R,R,R,R,R,R,R,S,S,S,S,R,R,R,NA,NA,NA,NA,NA,NA,NA,NA,NA
573.13357,EKP,R,NA,R,R,R,R,R,R,R,R,R,R,S,S,S,R,R,R,NA,NA,NA,NA,NA,NA,NA,NA,NA
573.13383,EKP,S,NA,R,R,R,R,R,R,S,R,S,S,S,S,S,R,R,R,NA,NA,NA,NA,NA,NA,NA,NA,NA
573.14176,EKP,R,NA,R,R,R,R,R,R,R,R,R,R,S,S,S,S,R,R,NA,NA,NA,NA,NA,NA,NA,NA,NA
573.12941,EKP,S,NA,S,S,S,S,S,S,S,S,S,S,S,S,S,S,S,R,NA,NA,NA,NA,NA,NA,NA,NA,NA
573.13058,EKP,R,NA,R,R,R,R,S,R,S,R,S,R,S,S,S,S,S,R,NA,NA,NA,NA,NA,NA,NA,NA,NA
573.13031,EKP,R,NA,R,R,R,R,R,R,S,R,R,R,S,S,S,R,R,R,NA,NA,NA,NA,NA,NA,NA,NA,NA
573.1353,EKP,R,NA,R,R,R,R,R,R,R,R,R,R,S,S,R,S,R,R,NA,NA,NA,NA,NA,NA,NA,NA,NA
573.13194,EKP,R,NA,R,R,R,R,R,R,R,R,R,R,S,S,S,S,S,R,NA,NA,NA,NA,NA,NA,NA,NA,NA
573.13798,EKP,R,NA,R,R,R,R,R,R,R,R,R,R,R,S,R,R,R,R,NA,NA,NA,NA,NA,NA,NA,NA,NA
573.13243,EKP,R,NA,R,R,R,R,R,R,R,R,R,R,S,S,S,S,S,R,NA,NA,NA,NA,NA,NA,NA,NA,NA
573.14522,EKP,R,NA,R,R,R,R,R,R,R,R,R,R,S,S,S,R,S,R,NA,NA,NA,NA,NA,NA,NA,NA,NA
573.13189,EKP,R,NA,R,R,R,R,R,R,R,R,R,S,R,S,R,R,R,R,NA,NA,NA,NA,NA,NA,NA,NA,NA
573.14178,EKP,R,NA,R,R,R,R,R,R,R,R,R,R,R,S,R,R,R,R,NA,NA,NA,NA,NA,NA,NA,NA,NA
573.13217,EKP,R,NA,R,R,R,R,R,R,R,R,R,R,R,S,R,R,R,R,NA,NA,NA,NA,NA,NA,NA,NA,NA
573.13954,EKP,S,NA,R,R,R,R,R,R,R,S,R,S,R,S,S,S,R,R,NA,NA,NA,NA,NA,NA,NA,NA,NA
573.13741,EKP,R,NA,R,R,R,R,R,R,R,R,R,R,S,S,S,R,S,R,NA,NA,NA,NA,NA,NA,NA,NA,NA
573.14008,EKP,S,NA,R,R,R,R,R,R,R,R,S,S,S,S,S,R,R,R,NA,NA,NA,NA,NA,NA,NA,NA,NA
573.14046,EKP,S,NA,R,R,R,R,R,R,R,R,R,S,S,S,S,S,R,R,NA,NA,NA,NA,NA,NA,NA,NA,NA
573.13146,EKP,S,NA,R,R,R,R,S,R,S,R,S,S,S,S,S,S,R,R,NA,NA,NA,NA,NA,NA,NA,NA,NA
573.14248,EKP,S,NA,R,R,R,R,R,R,R,R,R,R,S,S,S,S,R,R,NA,NA,NA,NA,NA,NA,NA,NA,NA
573.13355,EKP,R,NA,R,R,R,R,R,R,R,R,R,R,R,S,S,S,R,R,NA,NA,NA,NA,NA,NA,NA,NA,NA
573.14048,EKP,S,NA,R,R,R,R,R,R,R,R,R,R,S,S,S,R,R,R,NA,NA,NA,NA,NA,NA,NA,NA,NA
573.14367,EKP,S,NA,R,R,R,R,R,R,R,R,R,S,S,S,S,R,S,R,NA,NA,NA,NA,NA,NA,NA,NA,NA
573.14023,EKP,R,NA,R,R,R,R,R,R,R,R,R,R,R,S,R,R,S,R,NA,NA,NA,NA,NA,NA,NA,NA,NA
573.14382,EKP,R,NA,R,R,R,R,R,R,R,R,R,S,R,S,R,R,R,R,NA,NA,NA,NA,NA,NA,NA,NA,NA
573.12893,EKP,R,NA,NA,R,R,R,R,R,R,R,R,R,S,S,S,R,R,R,NA,NA,NA,NA,NA,NA,NA,NA,NA
573.13851,EKP,R,NA,R,R,R,R,R,R,R,R,R,S,S,S,S,R,R,R,NA,NA,NA,NA,NA,NA,NA,NA,NA
573.12974,EKP,R,NA,NA,R,R,R,R,R,S,R,R,S,S,S,S,R,R,R,NA,NA,NA,NA,NA,NA,NA,NA,NA
573.13185,EKP,S,NA,R,R,R,R,R,R,R,R,R,S,S,S,S,S,R,R,NA,NA,NA,NA,NA,NA,NA,NA,NA
573.13012,EKP,R,NA,NA,NA,R,R,S,S,S,R,S,R,S,S,S,S,S,R,NA,NA,NA,NA,NA,NA,NA,NA,NA
573.1388,EKP,R,NA,R,R,R,R,R,R,R,S,R,R,S,S,S,R,R,R,NA,NA,NA,NA,NA,NA,NA,NA,NA
573.12946,EKP,S,NA,S,S,S,S,S,S,S,S,S,S,S,S,S,S,S,R,NA,NA,NA,NA,NA,NA,NA,NA,NA
573.14137,EKP,R,NA,R,R,R,R,R,R,R,S,R,R,R,S,R,R,R,R,NA,NA,NA,NA,NA,NA,NA,NA,NA
573.13364,EKP,R,NA,R,R,R,R,R,R,R,R,R,R,S,S,S,R,R,R,NA,NA,NA,NA,NA,NA,NA,NA,NA
573.14399,EKP,R,NA,R,R,R,R,R,R,R,R,R,R,R,S,S,NA,R,R,NA,NA,NA,NA,NA,NA,NA,NA,NA
573.13674,EKP,R,NA,R,R,R,R,R,R,R,R,R,R,S,S,S,R,R,R,NA,NA,NA,NA,NA,NA,NA,NA,NA
573.14526,EKP,R,NA,R,R,R,R,R,R,R,R,R,R,R,S,S,S,R,R,NA,NA,NA,NA,NA,NA,NA,NA,NA
573.14065,EKP,R,NA,R,R,R,R,R,R,R,R,R,R,S,S,S,S,R,R,NA,NA,NA,NA,NA,NA,NA,NA,NA
573.13079,EKP,R,NA,R,R,R,R,R,R,R,R,R,R,R,S,R,R,R,R,NA,NA,NA,NA,NA,NA,NA,NA,NA
573.12877,EKP,R,NA,NA,R,R,R,R,R,R,R,NA,R,S,NA,S,R,R,R,NA,NA,NA,NA,NA,NA,NA,NA,NA
573.14206,EKP,R,NA,R,R,R,R,R,R,R,R,R,S,R,S,R,S,R,R,NA,NA,NA,NA,NA,NA,NA,NA,NA
573.14034,EKP,R,NA,R,R,R,R,R,R,R,R,R,S,S,S,S,R,R,R,NA,NA,NA,NA,NA,NA,NA,NA,NA
573.13963,EKP,R,NA,R,R,R,R,R,R,R,R,R,R,S,S,S,NA,R,R,NA,NA,NA,NA,NA,NA,NA,NA,NA
573.13914,EKP,S,NA,R,R,R,R,R,R,R,R,S,S,S,S,S,R,R,R,NA,NA,NA,NA,NA,NA,NA,NA,NA
573.12927,EKP,S,NA,S,S,S,S,S,S,S,S,S,S,S,S,S,S,S,R,NA,NA,NA,NA,NA,NA,NA,NA,NA
573.14081,EKP,R,NA,R,R,R,R,R,R,R,R,R,R,S,S,R,R,R,R,NA,NA,NA,NA,NA,NA,NA,NA,NA
573.13833,EKP,R,NA,R,R,R,R,R,R,S,R,R,R,S,S,S,R,R,R,NA,NA,NA,NA,NA,NA,NA,NA,NA
573.13068,EKP,R,NA,R,R,R,R,R,R,R,R,R,R,R,S,R,R,R,R,NA,NA,NA,NA,NA,NA,NA,NA,NA
573.14098,EKP,R,NA,R,R,R,R,R,R,R,R,R,S,R,S,R,NA,R,R,NA,NA,NA,NA,NA,NA,NA,NA,NA
573.12864,EKP,R,NA,NA,R,R,R,R,R,R,R,R,R,R,S,S,NA,S,R,NA,NA,NA,NA,NA,NA,NA,NA,NA
573.14517,EKP,S,NA,R,R,R,R,R,R,R,R,R,R,R,S,S,R,R,R,NA,NA,NA,NA,NA,NA,NA,NA,NA
573.24325,EKP,R,NA,NA,R,R,R,R,R,R,R,R,S,NA,NA,R,NA,R,R,R,R,NA,NA,NA,NA,NA,NA,NA
573.13028,EKP,R,NA,NA,R,R,R,R,R,R,R,R,R,S,S,S,R,S,R,NA,NA,NA,NA,NA,NA,NA,NA,NA
573.14542,EKP,R,NA,R,R,R,R,R,R,R,R,R,S,R,S,R,R,R,R,NA,NA,NA,NA,NA,NA,NA,NA,NA
573.13629,EKP,R,NA,R,R,R,R,R,R,R,R,R,S,S,S,R,R,R,R,NA,NA,NA,NA,NA,NA,NA,NA,NA
573.13704,EKP,R,NA,R,R,R,R,R,R,R,R,R,R,R,S,S,R,R,R,NA,NA,NA,NA,NA,NA,NA,NA,NA
573.13032,EKP,R,NA,R,R,R,R,R,R,S,R,R,R,S,S,S,NA,R,R,NA,NA,NA,NA,NA,NA,NA,NA,NA
573.13316,EKP,R,NA,R,R,R,R,R,R,R,R,R,R,S,S,S,R,S,R,NA,NA,NA,NA,NA,NA,NA,NA,NA
573.13575,EKP,R,NA,R,R,R,R,R,R,R,S,R,R,S,S,S,S,R,R,NA,NA,NA,NA,NA,NA,NA,NA,NA
573.14424,EKP,R,NA,R,R,R,R,R,R,R,R,R,S,S,S,S,R,R,R,NA,NA,NA,NA,NA,NA,NA,NA,NA
573.13899,EKP,S,NA,R,R,R,S,S,R,R,S,S,S,S,S,S,S,R,R,NA,NA,NA,NA,NA,NA,NA,NA,NA
573.13009,EKP,S,NA,R,S,R,S,S,S,S,S,R,S,S,S,S,S,S,R,NA,NA,NA,NA,NA,NA,NA,NA,NA
573.13304,EKP,R,NA,R,R,R,R,R,R,S,R,R,R,S,S,S,R,R,R,NA,NA,NA,NA,NA,NA,NA,NA,NA
573.13841,EKP,R,NA,R,R,R,R,NA,R,S,R,R,R,S,S,S,NA,R,R,NA,NA,NA,NA,NA,NA,NA,NA,NA
573.1326,EKP,S,NA,R,R,R,R,S,S,R,R,R,S,S,S,S,S,R,R,NA,NA,NA,NA,NA,NA,NA,NA,NA
573.13017,EKP,S,NA,NA,S,R,R,R,R,S,R,S,S,S,S,S,R,R,R,NA,NA,NA,NA,NA,NA,NA,NA,NA
573.14221,EKP,R,NA,R,R,R,R,R,R,R,R,R,R,S,S,R,S,R,R,NA,NA,NA,NA,NA,NA,NA,NA,NA
573.14062,EKP,S,NA,R,R,R,R,R,R,R,R,R,R,S,S,S,R,R,R,NA,NA,NA,NA,NA,NA,NA,NA,NA
573.1329,EKP,R,NA,R,R,R,R,R,R,R,R,R,R,R,S,S,R,R,R,NA,NA,NA,NA,NA,NA,NA,NA,NA
573.13568,EKP,R,NA,R,R,R,R,R,R,S,R,R,R,S,S,R,R,R,R,NA,NA,NA,NA,NA,NA,NA,NA,NA
573.13764,EKP,S,NA,R,R,R,R,R,R,S,R,S,S,S,S,S,S,S,R,NA,NA,NA,NA,NA,NA,NA,NA,NA
573.12931,EKP,R,NA,NA,R,R,R,R,R,R,R,S,R,S,S,S,S,S,R,NA,NA,NA,NA,NA,NA,NA,NA,NA
573.14243,EKP,R,NA,R,R,R,R,R,R,R,R,R,S,R,S,R,R,R,R,NA,NA,NA,NA,NA,NA,NA,NA,NA
573.13594,EKP,S,NA,R,R,R,R,R,R,R,R,R,R,S,S,S,R,R,R,NA,NA,NA,NA,NA,NA,NA,NA,NA
573.12901,EKP,S,NA,S,S,S,S,S,S,S,S,S,S,S,S,S,S,S,R,NA,NA,NA,NA,NA,NA,NA,NA,NA
573.13029,EKP,S,NA,S,S,S,S,S,S,S,S,S,S,S,S,S,S,R,R,NA,NA,NA,NA,NA,NA,NA,NA,NA
573.13332,EKP,R,NA,R,R,R,R,R,R,S,R,R,R,S,S,S,R,R,R,NA,NA,NA,NA,NA,NA,NA,NA,NA
573.14428,EKP,S,NA,R,S,R,R,R,R,S,R,R,S,R,S,S,R,S,R,NA,NA,NA,NA,NA,NA,NA,NA,NA
573.13309,EKP,R,NA,R,R,R,R,R,R,R,R,S,S,S,S,S,R,R,R,NA,NA,NA,NA,NA,NA,NA,NA,NA
573.13071,EKP,R,NA,R,R,R,R,R,R,R,R,R,S,S,S,R,R,R,R,NA,NA,NA,NA,NA,NA,NA,NA,NA
573.14418,EKP,R,NA,R,R,R,R,R,R,R,S,R,R,R,S,R,S,R,R,NA,NA,NA,NA,NA,NA,NA,NA,NA
573.13193,EKP,R,NA,R,R,R,R,R,R,R,R,R,R,R,S,R,R,R,R,NA,NA,NA,NA,NA,NA,NA,NA,NA
573.14491,EKP,R,NA,R,R,R,R,R,R,R,R,R,S,S,S,R,R,R,R,NA,NA,NA,NA,NA,NA,NA,NA,NA
573.1411,EKP,R,NA,R,R,R,R,R,R,R,R,R,R,S,S,R,R,R,R,NA,NA,NA,NA,NA,NA,NA,NA,NA
573.13853,EKP,S,NA,S,S,R,R,R,S,S,S,R,S,S,S,S,S,S,R,NA,NA,NA,NA,NA,NA,NA,NA,NA
573.13722,EKP,S,NA,R,R,R,R,R,R,R,R,R,S,R,S,S,NA,R,R,NA,NA,NA,NA,NA,NA,NA,NA,NA
573.133,EKP,R,NA,R,R,R,R,R,R,R,R,S,S,S,S,R,R,R,R,NA,NA,NA,NA,NA,NA,NA,NA,NA
573.13861,EKP,R,NA,R,R,R,R,R,R,R,R,R,R,R,S,R,R,R,R,NA,NA,NA,NA,NA,NA,NA,NA,NA
573.1375,EKP,R,NA,R,R,R,R,R,R,R,R,R,R,S,S,R,R,R,R,NA,NA,NA,NA,NA,NA,NA,NA,NA
573.14229,EKP,S,NA,R,S,R,R,R,R,S,R,R,S,R,S,S,S,S,R,NA,NA,NA,NA,NA,NA,NA,NA,NA
573.13167,EKP,R,NA,R,R,R,R,R,R,R,R,R,R,R,S,R,R,R,R,NA,NA,NA,NA,NA,NA,NA,NA,NA
573.13863,EKP,R,NA,R,R,R,R,R,R,R,R,R,R,S,S,S,R,R,R,NA,NA,NA,NA,NA,NA,NA,NA,NA
573.13842,EKP,R,NA,R,R,R,R,R,R,R,R,R,S,R,S,R,R,R,R,NA,NA,NA,NA,NA,NA,NA,NA,NA
573.13199,EKP,S,NA,R,S,R,R,R,R,S,R,R,S,S,S,S,S,S,R,NA,NA,NA,NA,NA,NA,NA,NA,NA
573.14242,EKP,R,NA,R,R,R,R,R,R,R,R,R,R,R,S,R,R,R,R,NA,NA,NA,NA,NA,NA,NA,NA,NA
573.13605,EKP,R,NA,R,R,R,R,R,R,R,R,R,R,S,S,S,S,S,R,NA,NA,NA,NA,NA,NA,NA,NA,NA
573.14043,EKP,S,NA,R,R,R,R,R,R,S,R,R,S,S,S,S,R,R,R,NA,NA,NA,NA,NA,NA,NA,NA,NA
573.13939,EKP,R,NA,R,R,R,R,R,R,R,R,R,S,R,S,R,R,S,R,NA,NA,NA,NA,NA,NA,NA,NA,NA
573.14393,EKP,R,NA,R,R,R,R,R,R,R,R,R,R,R,S,S,R,R,R,NA,NA,NA,NA,NA,NA,NA,NA,NA
573.13562,EKP,S,NA,R,R,R,R,R,R,R,R,R,R,S,S,S,R,R,R,NA,NA,NA,NA,NA,NA,NA,NA,NA
573.13139,EKP,R,NA,R,R,R,R,R,R,R,R,R,R,R,S,R,R,R,R,NA,NA,NA,NA,NA,NA,NA,NA,NA
573.13995,EKP,S,NA,R,S,R,R,R,R,S,R,S,S,S,S,S,R,S,R,NA,NA,NA,NA,NA,NA,NA,NA,NA
573.12879,EKP,R,NA,NA,R,R,R,R,R,R,R,S,R,S,S,S,S,R,R,NA,NA,NA,NA,NA,NA,NA,NA,NA
573.14487,EKP,S,NA,R,R,R,R,R,R,R,R,S,S,S,S,S,NA,S,R,NA,NA,NA,NA,NA,NA,NA,NA,NA
573.13969,EKP,R,NA,R,R,R,R,R,R,R,R,S,S,S,S,S,R,R,R,NA,NA,NA,NA,NA,NA,NA,NA,NA
573.13253,EKP,S,NA,R,R,R,R,R,R,R,R,R,S,S,S,S,R,S,R,NA,NA,NA,NA,NA,NA,NA,NA,NA
573.14538,EKP,S,NA,R,R,R,R,R,R,R,R,R,S,S,S,S,S,R,R,NA,NA,NA,NA,NA,NA,NA,NA,NA
573.14451,EKP,R,NA,R,R,R,R,R,R,R,R,R,R,S,S,R,S,R,R,NA,NA,NA,NA,NA,NA,NA,NA,NA
573.13265,EKP,S,NA,R,R,R,R,R,R,R,R,R,R,S,S,S,R,R,R,NA,NA,NA,NA,NA,NA,NA,NA,NA
573.1393,EKP,R,NA,R,R,R,R,R,R,R,R,R,R,R,S,S,R,R,R,NA,NA,NA,NA,NA,NA,NA,NA,NA
573.13045,EKP,R,NA,R,R,R,R,R,S,R,R,R,R,S,S,R,S,R,R,NA,NA,NA,NA,NA,NA,NA,NA,NA
573.13363,EKP,R,NA,R,R,R,R,R,R,R,R,R,R,R,S,S,R,R,R,NA,NA,NA,NA,NA,NA,NA,NA,NA
573.14183,EKP,R,NA,R,R,R,R,R,R,R,NA,R,S,R,S,R,S,R,R,NA,NA,NA,NA,NA,NA,NA,NA,NA
573.13161,EKP,R,NA,R,R,R,R,R,R,R,R,R,S,R,S,R,R,R,R,NA,NA,NA,NA,NA,NA,NA,NA,NA
573.13325,EKP,S,NA,R,S,R,R,R,R,S,R,R,S,S,S,S,R,S,R,NA,NA,NA,NA,NA,NA,NA,NA,NA
573.14338,EKP,R,NA,R,R,R,R,R,R,R,R,S,R,S,S,S,S,R,R,NA,NA,NA,NA,NA,NA,NA,NA,NA
573.13563,EKP,R,NA,R,R,R,R,R,R,R,R,R,R,S,S,R,R,R,R,NA,NA,NA,NA,NA,NA,NA,NA,NA
573.14304,EKP,R,NA,R,R,R,R,R,R,R,R,R,R,S,S,S,R,R,R,NA,NA,NA,NA,NA,NA,NA,NA,NA
573.13334,EKP,S,NA,R,R,R,R,R,R,R,S,R,S,S,S,S,S,S,R,NA,NA,NA,NA,NA,NA,NA,NA,NA
573.13297,EKP,R,NA,R,R,R,R,S,S,R,R,S,R,S,S,S,S,S,R,NA,NA,NA,NA,NA,NA,NA,NA,NA
573.14124,EKP,R,NA,R,R,R,R,R,R,R,R,R,R,S,S,S,R,S,R,NA,NA,NA,NA,NA,NA,NA,NA,NA
573.13275,EKP,S,NA,R,R,R,R,R,R,S,R,S,S,S,S,S,R,R,R,NA,NA,NA,NA,NA,NA,NA,NA,NA
573.1378,EKP,R,NA,R,R,R,R,R,R,R,S,R,R,S,S,S,S,R,R,NA,NA,NA,NA,NA,NA,NA,NA,NA
573.13607,EKP,S,NA,R,R,R,R,R,R,R,R,S,S,S,S,S,NA,R,R,NA,NA,NA,NA,NA,NA,NA,NA,NA
573.13535,EKP,R,NA,R,R,R,R,R,R,R,R,R,S,R,S,S,R,R,R,NA,NA,NA,NA,NA,NA,NA,NA,NA
573.13407,EKP,R,NA,R,R,R,R,R,R,R,R,R,R,S,S,S,R,R,R,NA,NA,NA,NA,NA,NA,NA,NA,NA
573.13856,EKP,R,NA,R,R,R,R,R,R,R,R,R,R,S,S,R,S,R,R,NA,NA,NA,NA,NA,NA,NA,NA,NA
573.1359,EKP,R,NA,R,R,R,R,R,R,R,R,R,R,S,S,S,NA,R,R,NA,NA,NA,NA,NA,NA,NA,NA,NA
573.14015,EKP,S,NA,R,R,R,R,R,R,R,S,R,S,S,S,S,S,R,R,NA,NA,NA,NA,NA,NA,NA,NA,NA
573.13453,EKP,R,NA,R,R,R,R,R,R,R,R,R,S,S,S,R,R,R,R,NA,NA,NA,NA,NA,NA,NA,NA,NA
573.13138,EKP,R,NA,R,R,R,R,R,R,R,R,R,R,R,S,R,R,R,R,NA,NA,NA,NA,NA,NA,NA,NA,NA
573.13651,EKP,S,NA,R,S,R,R,R,R,S,R,R,S,S,S,S,NA,S,R,NA,NA,NA,NA,NA,NA,NA,NA,NA
573.14188,EKP,R,NA,R,R,R,R,R,R,R,S,R,R,S,S,S,S,R,R,NA,NA,NA,NA,NA,NA,NA,NA,NA
573.14131,EKP,S,NA,R,R,R,R,R,R,R,R,S,S,S,S,S,R,S,R,NA,NA,NA,NA,NA,NA,NA,NA,NA
573.13507,EKP,R,NA,R,R,R,R,R,R,R,R,S,S,S,S,S,R,R,R,NA,NA,NA,NA,NA,NA,NA,NA,NA
573.13809,EKP,R,NA,R,R,R,R,R,R,R,R,R,R,S,S,S,R,R,R,NA,NA,NA,NA,NA,NA,NA,NA,NA
573.14155,EKP,R,NA,R,R,R,R,R,R,R,S,R,S,S,S,S,S,R,R,NA,NA,NA,NA,NA,NA,NA,NA,NA
573.13973,EKP,R,NA,R,R,R,R,R,R,R,R,R,R,R,S,S,R,R,R,NA,NA,NA,NA,NA,NA,NA,NA,NA
573.13359,EKP,S,NA,R,R,R,R,R,R,S,R,S,S,S,S,S,S,R,R,NA,NA,NA,NA,NA,NA,NA,NA,NA
573.13248,EKP,R,NA,R,R,R,R,R,R,R,R,R,R,S,S,S,R,S,R,NA,NA,NA,NA,NA,NA,NA,NA,NA
573.13742,EKP,R,NA,R,R,R,R,R,R,R,R,R,S,S,S,S,R,R,R,NA,NA,NA,NA,NA,NA,NA,NA,NA
573.14054,EKP,R,NA,R,R,R,R,R,R,R,R,R,R,S,S,R,NA,R,R,NA,NA,NA,NA,NA,NA,NA,NA,NA
573.14071,EKP,S,NA,R,R,R,R,R,R,S,R,R,S,S,S,S,S,R,R,NA,NA,NA,NA,NA,NA,NA,NA,NA
573.13054,EKP,R,NA,R,R,R,R,R,R,R,R,R,R,S,S,S,R,R,R,NA,NA,NA,NA,NA,NA,NA,NA,NA
573.13224,EKP,S,NA,R,R,R,R,R,R,R,R,R,S,R,S,S,S,R,R,NA,NA,NA,NA,NA,NA,NA,NA,NA
573.14058,EKP,R,NA,R,R,R,R,R,R,R,R,R,R,R,S,R,R,R,R,NA,NA,NA,NA,NA,NA,NA,NA,NA
573.14477,EKP,R,NA,R,R,R,R,R,R,R,R,R,R,S,S,R,R,R,R,NA,NA,NA,NA,NA,NA,NA,NA,NA
573.14036,EKP,R,NA,R,R,R,R,R,R,R,R,R,R,S,S,R,R,R,R,NA,NA,NA,NA,NA,NA,NA,NA,NA
573.142,EKP,R,NA,R,R,R,R,R,R,R,R,R,R,R,S,R,R,R,R,NA,NA,NA,NA,NA,NA,NA,NA,NA
573.14,EKP,R,NA,R,R,R,R,R,R,R,R,R,R,S,S,R,R,R,R,NA,NA,NA,NA,NA,NA,NA,NA,NA
573.14112,EKP,S,NA,R,R,R,R,R,R,R,R,S,S,S,S,S,R,R,R,NA,NA,NA,NA,NA,NA,NA,NA,NA
573.13205,EKP,R,NA,R,R,R,R,R,R,R,R,R,R,R,S,R,R,R,R,NA,NA,NA,NA,NA,NA,NA,NA,NA
573.14372,EKP,R,NA,R,R,R,R,R,R,R,R,S,S,S,S,S,R,R,R,NA,NA,NA,NA,NA,NA,NA,NA,NA
573.12975,EKP,R,NA,NA,R,R,R,R,R,R,R,S,R,S,S,S,R,R,R,NA,NA,NA,NA,NA,NA,NA,NA,NA
573.13036,EKP,R,NA,R,R,R,R,R,R,S,R,R,R,S,S,R,R,R,R,NA,NA,NA,NA,NA,NA,NA,NA,NA
573.13779,EKP,R,NA,R,R,R,R,R,R,R,R,R,S,S,S,S,R,R,R,NA,NA,NA,NA,NA,NA,NA,NA,NA
573.13527,EKP,R,NA,R,S,R,R,R,R,S,R,S,R,S,S,S,R,R,R,NA,NA,NA,NA,NA,NA,NA,NA,NA
573.13445,EKP,R,NA,R,R,R,R,R,R,R,R,R,R,S,S,R,R,R,R,NA,NA,NA,NA,NA,NA,NA,NA,NA
573.1449,EKP,R,NA,R,R,R,R,R,R,R,R,S,S,S,S,S,R,R,R,NA,NA,NA,NA,NA,NA,NA,NA,NA
573.13481,EKP,R,NA,R,R,R,R,R,R,R,R,R,R,S,S,S,S,R,R,NA,NA,NA,NA,NA,NA,NA,NA,NA
573.13781,EKP,R,NA,R,R,R,R,R,R,R,R,R,S,R,S,R,S,R,R,NA,NA,NA,NA,NA,NA,NA,NA,NA
573.13191,EKP,R,NA,R,R,R,R,R,R,R,R,R,S,R,S,R,R,R,R,NA,NA,NA,NA,NA,NA,NA,NA,NA
573.13746,EKP,R,NA,R,R,R,R,R,R,R,R,R,S,R,S,S,NA,R,R,NA,NA,NA,NA,NA,NA,NA,NA,NA
573.13726,EKP,R,NA,R,R,R,R,R,R,S,R,S,R,S,S,S,R,R,R,NA,NA,NA,NA,NA,NA,NA,NA,NA
573.13648,EKP,R,NA,R,R,R,R,R,R,R,R,R,R,S,S,R,S,R,R,NA,NA,NA,NA,NA,NA,NA,NA,NA
573.13571,EKP,S,NA,R,R,R,R,R,R,R,R,R,S,S,S,S,S,R,R,NA,NA,NA,NA,NA,NA,NA,NA,NA
573.13868,EKP,R,NA,R,R,R,S,R,R,R,S,S,S,S,S,S,S,R,R,NA,NA,NA,NA,NA,NA,NA,NA,NA
573.14333,EKP,R,NA,R,R,R,R,R,R,R,R,R,R,S,S,S,R,R,R,NA,NA,NA,NA,NA,NA,NA,NA,NA
573.14245,EKP,R,NA,R,R,R,R,R,R,R,R,R,R,S,S,S,R,R,R,NA,NA,NA,NA,NA,NA,NA,NA,NA
573.13477,EKP,R,NA,R,R,R,R,R,R,R,R,R,S,S,S,R,R,R,R,NA,NA,NA,NA,NA,NA,NA,NA,NA
573.14097,EKP,R,NA,R,R,R,R,R,R,R,R,R,S,R,S,R,R,R,R,NA,NA,NA,NA,NA,NA,NA,NA,NA
573.13172,EKP,S,NA,R,R,R,R,R,R,R,R,R,S,R,S,S,S,S,R,NA,NA,NA,NA,NA,NA,NA,NA,NA
573.13731,EKP,S,NA,R,R,R,R,R,R,R,R,R,R,R,S,S,S,R,R,NA,NA,NA,NA,NA,NA,NA,NA,NA
573.13227,EKP,R,NA,R,R,R,R,R,R,R,R,R,R,S,S,R,S,R,R,NA,NA,NA,NA,NA,NA,NA,NA,NA
573.13021,EKP,S,NA,NA,R,R,R,S,R,S,R,S,S,S,S,S,S,S,R,NA,NA,NA,NA,NA,NA,NA,NA,NA
573.1386,EKP,S,NA,R,R,R,R,R,R,R,R,S,S,S,S,S,R,S,R,NA,NA,NA,NA,NA,NA,NA,NA,NA
573.12944,EKP,R,NA,NA,R,R,R,R,R,S,R,R,R,S,S,S,R,R,R,NA,NA,NA,NA,NA,NA,NA,NA,NA
573.13395,EKP,R,NA,R,R,R,R,R,R,R,R,R,S,S,S,S,S,R,R,NA,NA,NA,NA,NA,NA,NA,NA,NA
573.13519,EKP,R,NA,R,R,R,R,R,R,R,R,R,R,S,S,S,S,R,R,NA,NA,NA,NA,NA,NA,NA,NA,NA
573.1444,EKP,S,NA,R,R,R,R,R,R,S,R,S,S,S,S,S,S,S,R,NA,NA,NA,NA,NA,NA,NA,NA,NA
573.14111,EKP,R,NA,R,R,R,R,R,R,R,R,R,R,S,S,S,R,R,R,NA,NA,NA,NA,NA,NA,NA,NA,NA
573.13024,EKP,R,NA,NA,R,R,R,R,R,R,R,R,R,R,S,S,R,S,R,NA,NA,NA,NA,NA,NA,NA,NA,NA
573.13135,EKP,R,NA,R,R,R,R,R,R,R,R,R,R,S,S,S,R,R,R,NA,NA,NA,NA,NA,NA,NA,NA,NA
573.13968,EKP,S,NA,R,R,R,S,R,R,R,R,S,S,S,S,S,R,S,R,NA,NA,NA,NA,NA,NA,NA,NA,NA
573.12985,EKP,S,NA,NA,S,S,S,S,S,S,S,S,S,S,S,S,S,S,R,NA,NA,NA,NA,NA,NA,NA,NA,NA
573.13583,EKP,S,NA,R,R,R,R,R,R,R,R,R,S,S,S,S,R,R,R,NA,NA,NA,NA,NA,NA,NA,NA,NA
573.14249,EKP,R,NA,R,R,R,R,R,R,R,R,R,R,S,S,S,R,R,R,NA,NA,NA,NA,NA,NA,NA,NA,NA
573.144,EKP,R,NA,R,R,R,R,R,R,R,R,R,S,S,S,R,R,R,R,NA,NA,NA,NA,NA,NA,NA,NA,NA
573.13617,EKP,R,NA,R,R,R,R,R,R,R,R,R,S,R,S,R,S,S,R,NA,NA,NA,NA,NA,NA,NA,NA,NA
573.13599,EKP,R,NA,R,R,R,R,R,R,S,R,R,R,S,S,R,R,R,R,NA,NA,NA,NA,NA,NA,NA,NA,NA
573.13081,EKP,S,NA,R,R,R,R,R,R,S,R,S,S,S,S,S,R,R,R,NA,NA,NA,NA,NA,NA,NA,NA,NA
573.13022,EKP,S,NA,S,S,S,S,S,S,S,S,S,S,S,S,S,S,S,S,NA,NA,NA,NA,NA,NA,NA,NA,NA
573.1445,EKP,S,NA,R,R,R,R,R,R,R,R,R,S,S,S,S,R,S,R,NA,NA,NA,NA,NA,NA,NA,NA,NA
573.14545,EKP,R,NA,R,R,R,R,R,R,R,R,R,S,R,S,R,R,R,R,NA,NA,NA,NA,NA,NA,NA,NA,NA
573.12928,EKP,S,NA,S,S,S,S,S,S,S,S,S,S,S,S,S,S,S,R,NA,NA,NA,NA,NA,NA,NA,NA,NA
573.14336,EKP,R,NA,R,R,R,R,R,R,R,R,R,R,S,S,S,R,S,R,NA,NA,NA,NA,NA,NA,NA,NA,NA
573.136,EKP,R,NA,R,R,R,R,R,R,R,R,R,R,R,S,R,R,R,R,NA,NA,NA,NA,NA,NA,NA,NA,NA
573.1344,EKP,R,NA,R,R,R,R,R,R,R,R,R,R,R,S,R,R,R,R,NA,NA,NA,NA,NA,NA,NA,NA,NA
573.13429,EKP,R,NA,R,R,R,R,R,R,R,R,R,R,R,S,R,R,R,R,NA,NA,NA,NA,NA,NA,NA,NA,NA
573.13901,EKP,R,NA,R,R,R,R,R,R,R,R,R,R,S,S,S,R,R,R,NA,NA,NA,NA,NA,NA,NA,NA,NA
573.14283,EKP,R,NA,R,R,R,R,R,R,R,R,R,R,S,S,R,R,R,R,NA,NA,NA,NA,NA,NA,NA,NA,NA
573.14363,EKP,R,NA,R,R,R,R,R,R,S,R,R,R,S,S,S,R,R,R,NA,NA,NA,NA,NA,NA,NA,NA,NA
573.13124,EKP,R,NA,R,R,R,R,R,R,R,R,R,R,S,S,S,R,R,R,NA,NA,NA,NA,NA,NA,NA,NA,NA
573.13693,EKP,S,NA,R,R,R,R,R,R,R,S,R,R,R,S,S,S,R,R,NA,NA,NA,NA,NA,NA,NA,NA,NA
573.13555,EKP,R,NA,R,R,R,R,R,R,R,R,S,R,S,S,S,S,S,R,NA,NA,NA,NA,NA,NA,NA,NA,NA
573.13707,EKP,R,NA,R,R,R,R,R,R,R,R,R,R,R,S,R,S,R,R,NA,NA,NA,NA,NA,NA,NA,NA,NA
573.13966,EKP,R,NA,R,R,R,R,R,R,R,R,R,R,S,S,S,R,R,R,NA,NA,NA,NA,NA,NA,NA,NA,NA
573.13668,EKP,R,NA,R,R,R,R,R,R,R,R,R,R,S,S,S,R,R,R,NA,NA,NA,NA,NA,NA,NA,NA,NA
573.13532,EKP,R,NA,R,R,R,R,R,R,S,R,R,R,S,S,S,R,R,R,NA,NA,NA,NA,NA,NA,NA,NA,NA
573.12959,EKP,R,NA,NA,R,R,R,S,R,S,R,S,R,S,S,R,S,S,R,NA,NA,NA,NA,NA,NA,NA,NA,NA
573.1407,EKP,S,NA,R,R,R,R,R,R,S,R,S,S,S,S,S,S,R,R,NA,NA,NA,NA,NA,NA,NA,NA,NA
573.13484,EKP,S,NA,R,R,R,R,R,R,S,R,S,S,S,S,S,R,S,R,NA,NA,NA,NA,NA,NA,NA,NA,NA
573.14462,EKP,R,NA,R,R,R,R,R,R,R,R,S,R,S,S,R,S,R,R,NA,NA,NA,NA,NA,NA,NA,NA,NA
573.13663,EKP,S,NA,R,S,R,R,R,S,S,R,S,S,S,S,S,S,S,R,NA,NA,NA,NA,NA,NA,NA,NA,NA
573.13348,EKP,R,NA,R,R,R,R,R,R,R,R,R,R,S,S,S,R,R,R,NA,NA,NA,NA,NA,NA,NA,NA,NA
573.13603,EKP,S,NA,R,R,R,R,R,R,R,R,R,S,R,S,S,R,R,R,NA,NA,NA,NA,NA,NA,NA,NA,NA
573.12972,EKP,R,NA,NA,R,R,R,R,R,S,R,R,R,S,S,S,R,R,R,NA,NA,NA,NA,NA,NA,NA,NA,NA
573.14496,EKP,R,NA,R,R,R,R,R,S,R,R,R,R,S,S,R,S,R,R,NA,NA,NA,NA,NA,NA,NA,NA,NA
573.13641,EKP,R,NA,R,R,R,R,R,R,R,R,S,S,S,S,S,R,R,R,NA,NA,NA,NA,NA,NA,NA,NA,NA
573.14056,EKP,S,NA,R,R,R,R,R,R,R,R,R,R,R,S,S,S,R,R,NA,NA,NA,NA,NA,NA,NA,NA,NA
573.1373,EKP,R,NA,R,S,R,R,R,R,S,R,R,R,S,S,S,R,R,R,NA,NA,NA,NA,NA,NA,NA,NA,NA
573.14422,EKP,S,NA,R,R,R,R,R,R,R,R,R,S,R,S,S,S,R,R,NA,NA,NA,NA,NA,NA,NA,NA,NA
573.1455,EKP,R,NA,R,R,R,R,R,R,S,R,R,R,S,S,S,R,R,R,NA,NA,NA,NA,NA,NA,NA,NA,NA
573.13635,EKP,R,NA,R,R,R,R,R,R,R,R,R,R,S,S,R,R,R,R,NA,NA,NA,NA,NA,NA,NA,NA,NA
573.13948,EKP,R,NA,R,R,R,R,R,R,R,R,R,S,S,S,R,S,R,R,NA,NA,NA,NA,NA,NA,NA,NA,NA
573.13219,EKP,R,NA,R,R,R,R,R,R,R,R,R,R,R,S,R,R,R,R,NA,NA,NA,NA,NA,NA,NA,NA,NA
573.14539,EKP,R,NA,R,R,R,R,R,R,R,R,R,R,S,S,S,R,R,R,NA,NA,NA,NA,NA,NA,NA,NA,NA
573.12881,EKP,S,NA,S,S,S,S,S,S,S,S,S,S,S,S,S,S,S,R,NA,NA,NA,NA,NA,NA,NA,NA,NA
573.13814,EKP,R,NA,R,R,R,R,R,R,R,R,R,R,S,S,S,R,R,R,NA,NA,NA,NA,NA,NA,NA,NA,NA
573.13652,EKP,S,NA,R,R,R,R,R,R,R,R,R,R,S,S,S,R,R,R,NA,NA,NA,NA,NA,NA,NA,NA,NA
573.13401,EKP,S,NA,R,S,S,S,S,S,S,S,R,S,S,S,S,S,R,R,NA,NA,NA,NA,NA,NA,NA,NA,NA
573.13082,EKP,R,NA,R,R,R,R,R,R,R,R,R,R,S,S,S,S,R,R,NA,NA,NA,NA,NA,NA,NA,NA,NA
573.14329,EKP,R,NA,R,R,R,R,R,R,R,R,R,S,R,S,R,R,R,R,NA,NA,NA,NA,NA,NA,NA,NA,NA
573.14162,EKP,S,NA,R,R,R,R,R,R,R,R,R,R,S,S,S,S,R,R,NA,NA,NA,NA,NA,NA,NA,NA,NA
573.12915,EKP,S,NA,NA,R,R,S,R,R,S,S,NA,S,S,S,S,R,R,R,NA,NA,NA,NA,NA,NA,NA,NA,NA
573.13119,EKP,R,NA,R,R,R,R,R,R,R,R,R,S,S,S,R,S,R,R,NA,NA,NA,NA,NA,NA,NA,NA,NA
573.14537,EKP,R,NA,R,R,R,R,R,R,R,R,R,R,R,S,R,R,S,R,NA,NA,NA,NA,NA,NA,NA,NA,NA
573.14006,EKP,R,NA,R,R,R,R,R,R,R,R,R,R,S,S,R,R,R,R,NA,NA,NA,NA,NA,NA,NA,NA,NA
573.14502,EKP,S,NA,R,R,R,R,R,R,R,S,R,R,R,S,S,S,R,R,NA,NA,NA,NA,NA,NA,NA,NA,NA
573.13718,EKP,R,NA,R,R,R,R,R,R,R,S,R,R,S,S,S,R,S,R,NA,NA,NA,NA,NA,NA,NA,NA,NA
573.13687,EKP,S,NA,R,R,R,R,R,R,R,NA,R,S,S,S,S,R,S,R,NA,NA,NA,NA,NA,NA,NA,NA,NA
573.13561,EKP,S,NA,R,R,R,R,R,R,R,R,R,R,R,S,S,R,R,R,NA,NA,NA,NA,NA,NA,NA,NA,NA
573.14546,EKP,R,NA,R,R,R,R,R,R,S,R,S,R,S,S,S,R,R,R,NA,NA,NA,NA,NA,NA,NA,NA,NA
573.14366,EKP,S,NA,R,R,R,R,R,R,R,R,S,S,S,S,S,R,R,R,NA,NA,NA,NA,NA,NA,NA,NA,NA
573.13102,EKP,R,NA,R,S,R,R,R,R,S,R,R,S,S,S,S,R,R,R,NA,NA,NA,NA,NA,NA,NA,NA,NA
573.12954,EKP,S,NA,NA,S,R,R,R,R,S,R,R,S,S,S,S,R,R,R,NA,NA,NA,NA,NA,NA,NA,NA,NA
573.14311,EKP,R,NA,R,R,R,R,R,R,R,R,R,R,R,S,S,R,R,R,NA,NA,NA,NA,NA,NA,NA,NA,NA
573.13269,EKP,R,NA,R,R,R,R,R,R,R,R,R,R,S,S,S,R,R,R,NA,NA,NA,NA,NA,NA,NA,NA,NA
573.14027,EKP,S,NA,R,R,R,R,R,R,S,R,S,S,S,S,S,R,R,R,NA,NA,NA,NA,NA,NA,NA,NA,NA
573.1309,EKP,S,NA,R,R,R,R,R,R,R,R,S,R,S,S,S,R,R,R,NA,NA,NA,NA,NA,NA,NA,NA,NA
573.12903,EKP,S,NA,S,S,S,S,R,S,S,S,S,S,S,S,S,S,R,R,NA,NA,NA,NA,NA,NA,NA,NA,NA
573.13168,EKP,R,NA,R,R,R,R,R,R,S,R,R,S,S,S,S,R,R,R,NA,NA,NA,NA,NA,NA,NA,NA,NA
573.14467,EKP,S,NA,R,R,R,R,R,R,R,R,R,S,S,S,S,S,R,R,NA,NA,NA,NA,NA,NA,NA,NA,NA
573.13771,EKP,S,NA,R,R,R,R,R,R,R,R,R,S,R,S,S,R,R,R,NA,NA,NA,NA,NA,NA,NA,NA,NA
573.14028,EKP,R,NA,R,R,R,R,R,R,R,R,R,S,S,S,S,S,R,R,NA,NA,NA,NA,NA,NA,NA,NA,NA
573.13565,EKP,R,NA,R,R,R,R,R,R,R,R,R,R,R,S,R,R,R,R,NA,NA,NA,NA,NA,NA,NA,NA,NA
573.13964,EKP,R,NA,R,R,R,R,R,R,R,R,R,R,S,S,S,R,R,R,NA,NA,NA,NA,NA,NA,NA,NA,NA
573.13464,EKP,S,NA,R,R,R,R,R,R,R,R,R,S,S,S,S,S,R,R,NA,NA,NA,NA,NA,NA,NA,NA,NA
573.13171,EKP,R,NA,R,R,R,R,R,R,R,R,R,R,S,S,S,R,R,R,NA,NA,NA,NA,NA,NA,NA,NA,NA
573.13047,EKP,R,NA,R,R,R,R,R,R,S,R,R,S,S,S,S,R,R,R,NA,NA,NA,NA,NA,NA,NA,NA,NA
573.13794,EKP,R,NA,R,R,R,R,R,R,S,R,R,S,S,S,S,R,R,R,NA,NA,NA,NA,NA,NA,NA,NA,NA
573.13745,EKP,R,NA,R,S,R,R,R,R,S,S,R,R,S,S,S,NA,S,R,NA,NA,NA,NA,NA,NA,NA,NA,NA
573.13749,EKP,R,NA,R,R,R,R,R,R,R,R,R,R,S,S,R,S,R,R,NA,NA,NA,NA,NA,NA,NA,NA,NA
573.14253,EKP,S,NA,R,R,R,R,R,R,R,R,R,S,S,S,S,R,R,R,NA,NA,NA,NA,NA,NA,NA,NA,NA
573.13777,EKP,S,NA,R,R,R,R,R,R,R,R,R,R,S,S,S,R,R,R,NA,NA,NA,NA,NA,NA,NA,NA,NA
573.13554,EKP,R,NA,R,R,R,R,R,R,S,R,R,R,S,S,S,R,R,R,NA,NA,NA,NA,NA,NA,NA,NA,NA
573.14474,EKP,S,NA,R,R,R,R,R,R,R,R,S,S,S,S,S,R,S,R,NA,NA,NA,NA,NA,NA,NA,NA,NA
573.14285,EKP,S,NA,R,R,R,R,R,R,R,R,R,S,S,S,S,S,R,R,NA,NA,NA,NA,NA,NA,NA,NA,NA
573.14413,EKP,R,NA,R,R,R,R,R,R,R,R,R,R,S,S,S,R,S,R,NA,NA,NA,NA,NA,NA,NA,NA,NA
573.14445,EKP,R,NA,R,R,R,R,R,R,S,R,R,R,S,S,S,R,R,R,NA,NA,NA,NA,NA,NA,NA,NA,NA
573.12994,EKP,R,NA,NA,R,R,R,R,R,R,R,R,R,S,S,S,R,R,R,NA,NA,NA,NA,NA,NA,NA,NA,NA
573.13266,EKP,S,NA,R,R,R,R,R,R,R,R,R,S,S,S,S,S,R,R,NA,NA,NA,NA,NA,NA,NA,NA,NA
573.13044,EKP,R,NA,R,R,R,R,R,S,R,R,R,R,S,S,R,R,R,R,NA,NA,NA,NA,NA,NA,NA,NA,NA
573.13941,EKP,S,NA,R,R,R,S,R,R,R,R,R,S,S,S,S,R,R,R,NA,NA,NA,NA,NA,NA,NA,NA,NA
573.12958,EKP,S,NA,NA,R,R,R,R,R,R,R,R,S,S,S,S,R,R,R,NA,NA,NA,NA,NA,NA,NA,NA,NA
573.12966,EKP,S,NA,NA,R,R,R,R,R,R,R,R,S,R,S,S,R,R,R,NA,NA,NA,NA,NA,NA,NA,NA,NA
573.14086,EKP,R,NA,R,R,R,R,R,R,R,R,R,R,S,S,S,S,R,R,NA,NA,NA,NA,NA,NA,NA,NA,NA
573.13918,EKP,R,NA,R,R,R,R,R,R,R,R,R,R,R,S,S,R,R,R,NA,NA,NA,NA,NA,NA,NA,NA,NA
573.13769,EKP,R,NA,R,R,R,R,R,R,R,R,R,S,R,S,R,R,R,R,NA,NA,NA,NA,NA,NA,NA,NA,NA
573.54649,EKP,NA,NA,NA,R,NA,NA,NA,NA,NA,NA,NA,S,R,S,R,R,NA,R,NA,NA,NA,NA,NA,NA,NA,NA,S
573.1431,EKP,R,NA,R,R,R,R,R,R,R,R,R,R,R,S,S,R,R,R,NA,NA,NA,NA,NA,NA,NA,NA,NA
573.13409,EKP,S,NA,R,R,R,R,R,R,S,R,S,S,S,S,S,R,R,R,NA,NA,NA,NA,NA,NA,NA,NA,NA
573.13115,EKP,R,NA,R,R,R,R,R,R,S,R,S,R,S,S,S,R,R,R,NA,NA,NA,NA,NA,NA,NA,NA,NA
573.14403,EKP,R,NA,R,R,R,R,R,R,R,S,R,S,S,S,R,S,R,R,NA,NA,NA,NA,NA,NA,NA,NA,NA
573.14093,EKP,S,NA,R,R,R,R,R,R,R,R,R,R,S,S,S,S,R,R,NA,NA,NA,NA,NA,NA,NA,NA,NA
573.14187,EKP,R,NA,R,R,R,R,R,R,R,R,R,R,S,S,R,S,R,R,NA,NA,NA,NA,NA,NA,NA,NA,NA
573.13303,EKP,R,NA,R,R,R,R,R,R,R,R,R,R,R,S,R,R,R,R,NA,NA,NA,NA,NA,NA,NA,NA,NA
573.14379,EKP,R,NA,R,R,R,R,R,R,R,R,R,R,S,S,S,R,R,R,NA,NA,NA,NA,NA,NA,NA,NA,NA
573.13862,EKP,R,NA,R,R,R,R,R,R,R,R,R,R,S,S,R,S,R,R,NA,NA,NA,NA,NA,NA,NA,NA,NA
573.12995,EKP,S,NA,S,S,S,S,S,S,S,S,S,S,S,S,S,S,S,R,NA,NA,NA,NA,NA,NA,NA,NA,NA
573.13388,EKP,R,NA,R,R,R,R,R,R,R,R,R,S,S,S,S,R,R,R,NA,NA,NA,NA,NA,NA,NA,NA,NA
573.13176,EKP,R,NA,R,R,R,R,R,R,R,R,R,R,R,S,R,R,R,R,NA,NA,NA,NA,NA,NA,NA,NA,NA
573.13299,EKP,S,NA,R,R,R,R,R,R,R,R,R,R,S,S,S,S,R,R,NA,NA,NA,NA,NA,NA,NA,NA,NA
573.14457,EKP,S,NA,R,R,R,R,R,R,R,R,R,R,R,S,S,R,R,R,NA,NA,NA,NA,NA,NA,NA,NA,NA
573.12963,EKP,S,NA,S,S,S,R,S,S,S,S,S,S,S,S,S,S,S,R,NA,NA,NA,NA,NA,NA,NA,NA,NA
573.14013,EKP,S,NA,R,S,R,S,R,S,S,S,R,S,S,S,S,S,S,R,NA,NA,NA,NA,NA,NA,NA,NA,NA
573.1415,EKP,S,NA,R,S,S,S,R,S,S,S,R,S,S,S,S,S,S,R,NA,NA,NA,NA,NA,NA,NA,NA,NA
573.12907,EKP,S,NA,S,S,S,S,S,S,S,S,S,S,S,S,S,S,S,R,NA,NA,NA,NA,NA,NA,NA,NA,NA
573.139,EKP,R,NA,R,R,R,R,R,R,R,R,R,R,R,S,S,S,R,R,NA,NA,NA,NA,NA,NA,NA,NA,NA
573.13279,EKP,R,NA,R,R,R,R,R,R,S,R,S,R,S,S,S,R,S,R,NA,NA,NA,NA,NA,NA,NA,NA,NA
573.14138,EKP,S,NA,R,R,R,R,R,R,R,S,R,S,R,S,S,NA,R,R,NA,NA,NA,NA,NA,NA,NA,NA,NA
573.13225,EKP,R,NA,R,R,R,R,R,R,R,R,R,R,S,S,S,R,S,R,NA,NA,NA,NA,NA,NA,NA,NA,NA
573.13373,EKP,S,NA,R,R,R,R,R,R,R,R,R,R,S,S,S,R,R,R,NA,NA,NA,NA,NA,NA,NA,NA,NA
573.14247,EKP,R,NA,R,R,R,R,R,R,R,R,R,R,R,S,S,NA,R,R,NA,NA,NA,NA,NA,NA,NA,NA,NA
573.13103,EKP,R,NA,R,R,R,S,R,R,S,S,S,R,S,S,S,R,R,R,NA,NA,NA,NA,NA,NA,NA,NA,NA
573.14175,EKP,R,NA,R,R,R,R,R,R,R,R,R,R,R,S,R,R,R,R,NA,NA,NA,NA,NA,NA,NA,NA,NA
573.14501,EKP,R,NA,R,R,R,R,R,R,R,R,R,R,R,S,S,S,R,R,NA,NA,NA,NA,NA,NA,NA,NA,NA
573.14547,EKP,R,NA,R,R,R,R,R,R,R,R,R,S,R,S,R,R,R,R,NA,NA,NA,NA,NA,NA,NA,NA,NA
573.12979,EKP,R,NA,NA,S,R,R,R,R,S,R,S,S,S,S,S,R,R,R,NA,NA,NA,NA,NA,NA,NA,NA,NA
573.13619,EKP,S,NA,R,R,R,R,R,R,R,R,R,S,S,S,S,R,S,R,NA,NA,NA,NA,NA,NA,NA,NA,NA
573.14499,EKP,S,NA,R,S,R,R,R,R,S,R,R,S,S,S,S,NA,R,R,NA,NA,NA,NA,NA,NA,NA,NA,NA
573.5375,EKP,NA,NA,NA,R,NA,NA,NA,NA,NA,NA,NA,S,R,S,S,R,NA,R,NA,NA,NA,NA,NA,NA,NA,NA,S
573.14052,EKP,R,NA,R,R,R,R,R,R,R,R,R,R,R,S,R,R,R,R,NA,NA,NA,NA,NA,NA,NA,NA,NA
573.14141,EKP,S,NA,R,R,R,R,S,S,R,NA,S,S,S,S,S,S,R,R,NA,NA,NA,NA,NA,NA,NA,NA,NA
573.12868,EKP,S,NA,S,S,S,S,S,S,S,S,S,S,S,S,S,S,S,R,NA,NA,NA,NA,NA,NA,NA,NA,NA
573.13744,EKP,R,NA,R,R,R,R,R,R,R,NA,R,S,S,S,S,NA,R,R,NA,NA,NA,NA,NA,NA,NA,NA,NA
573.13048,EKP,R,NA,R,R,R,R,R,R,R,R,R,R,R,S,S,S,R,R,NA,NA,NA,NA,NA,NA,NA,NA,NA
573.14342,EKP,S,NA,R,R,R,R,R,R,R,R,R,R,R,S,S,R,R,R,NA,NA,NA,NA,NA,NA,NA,NA,NA
573.13531,EKP,R,NA,R,R,R,R,R,R,R,R,R,R,R,S,R,R,R,R,NA,NA,NA,NA,NA,NA,NA,NA,NA
573.13196,EKP,S,NA,R,R,R,R,R,R,R,R,R,R,S,S,S,R,R,R,NA,NA,NA,NA,NA,NA,NA,NA,NA
573.14099,EKP,S,NA,R,R,R,R,R,R,R,R,R,R,S,S,S,S,R,R,NA,NA,NA,NA,NA,NA,NA,NA,NA
573.14299,EKP,R,NA,R,R,R,R,R,R,R,R,R,S,S,S,R,R,R,R,NA,NA,NA,NA,NA,NA,NA,NA,NA
573.13283,EKP,R,NA,R,R,R,R,R,R,R,R,R,R,S,S,S,R,S,R,NA,NA,NA,NA,NA,NA,NA,NA,NA
573.14189,EKP,R,NA,R,R,R,R,R,R,R,R,R,R,S,S,S,R,R,R,NA,NA,NA,NA,NA,NA,NA,NA,NA
573.13879,EKP,R,NA,R,R,R,R,R,R,R,R,R,S,R,S,R,R,R,R,NA,NA,NA,NA,NA,NA,NA,NA,NA
573.13959,EKP,S,NA,R,R,R,R,R,R,R,R,R,R,S,S,S,S,R,R,NA,NA,NA,NA,NA,NA,NA,NA,NA
573.13709,EKP,R,NA,R,R,R,R,R,R,R,R,S,R,S,S,S,R,R,R,NA,NA,NA,NA,NA,NA,NA,NA,NA
573.1406,EKP,R,NA,R,R,R,R,R,R,R,R,R,R,R,S,R,R,R,R,NA,NA,NA,NA,NA,NA,NA,NA,NA
573.14239,EKP,R,NA,R,R,R,R,R,R,R,R,R,R,R,S,R,R,R,R,NA,NA,NA,NA,NA,NA,NA,NA,NA
573.14287,EKP,S,NA,R,R,R,R,R,R,R,R,R,R,S,S,S,S,R,R,NA,NA,NA,NA,NA,NA,NA,NA,NA
573.1331,EKP,R,NA,R,R,R,R,R,R,R,R,S,S,S,S,S,R,R,R,NA,NA,NA,NA,NA,NA,NA,NA,NA
573.13601,EKP,S,NA,R,R,R,R,R,R,R,R,R,S,S,S,S,S,R,R,NA,NA,NA,NA,NA,NA,NA,NA,NA
573.13783,EKP,S,NA,R,R,R,R,R,R,R,R,R,S,R,S,S,S,R,R,NA,NA,NA,NA,NA,NA,NA,NA,NA
573.14118,EKP,R,NA,R,R,R,R,R,R,R,S,R,R,R,S,R,S,R,R,NA,NA,NA,NA,NA,NA,NA,NA,NA
573.13121,EKP,S,NA,R,R,R,R,R,R,R,R,R,R,S,S,S,S,R,R,NA,NA,NA,NA,NA,NA,NA,NA,NA
573.13057,EKP,S,NA,S,S,R,R,R,S,S,S,R,S,S,S,S,S,S,R,NA,NA,NA,NA,NA,NA,NA,NA,NA
573.14355,EKP,R,NA,R,R,R,R,R,R,R,R,R,R,S,S,S,S,R,R,NA,NA,NA,NA,NA,NA,NA,NA,NA
573.13529,EKP,R,NA,R,R,R,R,R,R,R,R,R,R,S,S,R,S,R,R,NA,NA,NA,NA,NA,NA,NA,NA,NA
573.13212,EKP,R,NA,R,R,R,R,R,R,R,R,R,R,R,S,S,S,R,R,NA,NA,NA,NA,NA,NA,NA,NA,NA
573.1351,EKP,R,NA,R,R,R,R,R,R,R,R,R,S,S,S,R,S,S,R,NA,NA,NA,NA,NA,NA,NA,NA,NA
573.14308,EKP,R,NA,R,R,R,R,R,R,R,R,R,R,S,S,R,R,R,R,NA,NA,NA,NA,NA,NA,NA,NA,NA
573.13504,EKP,S,NA,R,R,R,R,R,R,R,R,R,S,S,S,S,R,S,R,NA,NA,NA,NA,NA,NA,NA,NA,NA
573.14038,EKP,S,NA,R,R,R,R,R,R,R,R,R,R,S,S,S,S,R,R,NA,NA,NA,NA,NA,NA,NA,NA,NA
573.14164,EKP,R,NA,R,R,R,R,R,R,R,R,R,R,S,S,S,R,R,R,NA,NA,NA,NA,NA,NA,NA,NA,NA
573.13087,EKP,S,NA,R,R,R,R,R,R,R,R,R,R,S,S,S,S,R,R,NA,NA,NA,NA,NA,NA,NA,NA,NA
573.13596,EKP,R,NA,R,R,R,R,R,R,R,R,R,S,S,S,S,NA,R,R,NA,NA,NA,NA,NA,NA,NA,NA,NA
573.13062,EKP,S,NA,R,R,R,R,R,R,R,S,R,R,R,S,S,S,R,R,NA,NA,NA,NA,NA,NA,NA,NA,NA
573.1317,EKP,R,NA,R,R,R,R,R,R,S,R,R,S,S,S,S,NA,R,R,NA,NA,NA,NA,NA,NA,NA,NA,NA
573.13807,EKP,R,NA,R,R,R,R,R,R,R,R,R,R,R,S,S,R,R,R,NA,NA,NA,NA,NA,NA,NA,NA,NA
573.14314,EKP,R,NA,R,R,R,R,R,R,R,R,R,R,R,S,R,NA,R,R,NA,NA,NA,NA,NA,NA,NA,NA,NA
573.1313,EKP,R,NA,R,R,R,R,R,R,S,S,R,R,S,S,S,R,R,R,NA,NA,NA,NA,NA,NA,NA,NA,NA
573.13211,EKP,R,NA,R,R,R,R,R,R,R,R,R,R,R,S,R,R,R,R,NA,NA,NA,NA,NA,NA,NA,NA,NA
573.14169,EKP,R,NA,R,R,R,R,R,R,S,R,R,R,S,S,S,R,R,R,NA,NA,NA,NA,NA,NA,NA,NA,NA
573.12984,EKP,S,NA,R,R,S,S,R,S,S,S,R,S,S,S,S,S,R,R,NA,NA,NA,NA,NA,NA,NA,NA,NA
573.13179,EKP,R,NA,R,R,R,R,R,R,R,R,R,R,S,S,R,NA,R,R,NA,NA,NA,NA,NA,NA,NA,NA,NA
573.13855,EKP,R,NA,R,R,R,R,R,R,R,NA,R,R,R,S,S,S,R,R,NA,NA,NA,NA,NA,NA,NA,NA,NA
573.1357,EKP,R,NA,S,R,R,R,S,S,S,R,S,R,S,S,S,S,S,R,NA,NA,NA,NA,NA,NA,NA,NA,NA
573.14016,EKP,S,NA,R,R,R,R,R,R,R,S,R,R,S,S,S,S,R,R,NA,NA,NA,NA,NA,NA,NA,NA,NA
573.14226,EKP,R,NA,R,R,R,R,R,R,R,R,R,R,R,S,R,R,R,R,NA,NA,NA,NA,NA,NA,NA,NA,NA
573.13006,EKP,S,NA,S,S,S,S,S,S,S,S,S,S,S,S,S,S,R,R,NA,NA,NA,NA,NA,NA,NA,NA,NA
573.13898,EKP,R,NA,R,R,R,R,R,R,R,R,R,S,S,S,S,R,R,R,NA,NA,NA,NA,NA,NA,NA,NA,NA
573.1361,EKP,R,NA,R,R,R,R,R,R,R,R,S,R,S,S,S,R,R,R,NA,NA,NA,NA,NA,NA,NA,NA,NA
573.14412,EKP,R,NA,R,R,R,R,R,R,R,R,R,R,S,S,S,S,R,R,NA,NA,NA,NA,NA,NA,NA,NA,NA
573.13015,EKP,S,NA,S,S,S,S,S,S,S,S,S,S,S,S,S,S,S,R,NA,NA,NA,NA,NA,NA,NA,NA,NA
573.13883,EKP,S,NA,R,R,R,R,R,R,R,R,R,S,S,S,S,R,R,R,NA,NA,NA,NA,NA,NA,NA,NA,NA
573.14323,EKP,R,NA,R,R,R,R,R,R,R,R,R,R,S,S,R,R,R,R,NA,NA,NA,NA,NA,NA,NA,NA,NA
573.1323,EKP,S,NA,R,R,R,R,R,R,R,R,R,S,S,S,S,R,R,R,NA,NA,NA,NA,NA,NA,NA,NA,NA
573.13579,EKP,R,NA,R,R,R,R,R,R,R,R,R,R,S,S,S,R,R,R,NA,NA,NA,NA,NA,NA,NA,NA,NA
573.13849,EKP,R,NA,R,R,R,R,R,R,R,R,R,R,R,S,R,R,R,R,NA,NA,NA,NA,NA,NA,NA,NA,NA
573.13354,EKP,S,NA,R,R,R,R,R,R,R,S,R,S,S,S,S,S,S,R,NA,NA,NA,NA,NA,NA,NA,NA,NA
573.13282,EKP,R,NA,R,R,R,R,R,R,R,R,R,S,S,S,S,R,R,R,NA,NA,NA,NA,NA,NA,NA,NA,NA
573.1367,EKP,R,NA,R,R,R,R,R,R,R,R,R,R,R,S,R,R,R,R,NA,NA,NA,NA,NA,NA,NA,NA,NA
573.13894,EKP,R,NA,R,R,R,R,R,R,R,NA,R,R,R,S,S,S,R,R,NA,NA,NA,NA,NA,NA,NA,NA,NA
573.13691,EKP,R,NA,R,R,R,R,R,R,R,R,R,S,R,S,R,R,R,R,NA,NA,NA,NA,NA,NA,NA,NA,NA
573.13947,EKP,R,NA,R,R,R,R,R,R,R,R,R,R,R,S,S,S,R,R,NA,NA,NA,NA,NA,NA,NA,NA,NA
573.13912,EKP,R,NA,R,R,R,R,R,R,R,R,R,R,S,S,S,R,S,R,NA,NA,NA,NA,NA,NA,NA,NA,NA
573.13164,EKP,R,NA,R,R,R,R,R,R,R,R,R,R,R,S,S,S,R,R,NA,NA,NA,NA,NA,NA,NA,NA,NA
573.13925,EKP,S,NA,R,S,R,R,R,R,S,R,R,S,S,S,S,S,R,R,NA,NA,NA,NA,NA,NA,NA,NA,NA
573.14465,EKP,R,NA,R,R,R,R,R,R,R,R,R,R,R,S,R,R,R,R,NA,NA,NA,NA,NA,NA,NA,NA,NA
573.12948,EKP,R,NA,NA,R,R,R,R,R,R,R,R,S,R,S,R,R,R,R,NA,NA,NA,NA,NA,NA,NA,NA,NA
573.1391,EKP,R,NA,R,R,R,R,R,R,R,R,R,S,S,S,S,R,R,R,NA,NA,NA,NA,NA,NA,NA,NA,NA
573.13166,EKP,R,NA,R,R,R,R,R,R,S,R,R,S,S,S,S,R,R,R,NA,NA,NA,NA,NA,NA,NA,NA,NA
573.13408,EKP,S,NA,R,S,S,S,R,S,S,S,R,S,S,S,S,S,S,R,NA,NA,NA,NA,NA,NA,NA,NA,NA
573.14453,EKP,S,NA,R,R,R,S,R,S,R,S,S,R,S,S,S,S,R,R,NA,NA,NA,NA,NA,NA,NA,NA,NA
573.14289,EKP,R,NA,R,R,R,R,R,R,R,R,R,S,S,S,R,S,R,R,NA,NA,NA,NA,NA,NA,NA,NA,NA
573.1451,EKP,R,NA,R,R,R,R,R,R,S,R,R,R,S,S,S,R,R,R,NA,NA,NA,NA,NA,NA,NA,NA,NA
573.13936,EKP,S,NA,R,R,R,S,S,R,R,R,S,S,S,S,S,S,R,R,NA,NA,NA,NA,NA,NA,NA,NA,NA
573.14362,EKP,S,NA,R,R,R,R,R,R,R,R,R,R,R,S,S,R,R,R,NA,NA,NA,NA,NA,NA,NA,NA,NA
573.12956,EKP,R,NA,NA,R,R,R,R,R,R,R,R,R,S,S,S,R,R,R,NA,NA,NA,NA,NA,NA,NA,NA,NA
573.14018,EKP,S,NA,R,R,R,R,R,R,R,R,R,R,S,S,S,S,R,R,NA,NA,NA,NA,NA,NA,NA,NA,NA
573.14509,EKP,R,NA,R,R,R,R,R,R,R,R,R,R,R,S,R,R,R,R,NA,NA,NA,NA,NA,NA,NA,NA,NA
573.13757,EKP,R,NA,R,R,R,R,R,R,R,R,R,R,S,S,S,S,R,R,NA,NA,NA,NA,NA,NA,NA,NA,NA
573.14019,EKP,S,NA,R,R,R,R,R,R,R,NA,R,R,S,S,S,S,R,R,NA,NA,NA,NA,NA,NA,NA,NA,NA
573.14234,EKP,S,NA,R,R,R,R,R,R,R,R,R,R,R,S,S,S,R,R,NA,NA,NA,NA,NA,NA,NA,NA,NA
573.13271,EKP,R,NA,R,R,R,R,R,R,R,R,R,S,S,S,R,S,R,R,NA,NA,NA,NA,NA,NA,NA,NA,NA
573.13182,EKP,S,NA,R,R,R,R,R,R,R,R,R,S,R,S,S,S,R,R,NA,NA,NA,NA,NA,NA,NA,NA,NA
573.14082,EKP,R,NA,R,R,R,R,R,R,R,R,S,S,S,S,S,R,R,R,NA,NA,NA,NA,NA,NA,NA,NA,NA
573.12934,EKP,S,NA,S,S,S,S,S,S,S,S,S,S,S,S,S,S,S,R,NA,NA,NA,NA,NA,NA,NA,NA,NA
573.14288,EKP,R,NA,R,R,R,R,R,R,R,R,R,S,S,S,R,R,S,R,NA,NA,NA,NA,NA,NA,NA,NA,NA
573.13988,EKP,R,NA,R,R,R,R,R,R,R,R,R,R,S,S,S,R,R,R,NA,NA,NA,NA,NA,NA,NA,NA,NA
573.13093,EKP,R,NA,R,R,R,R,R,R,R,R,R,S,S,S,S,R,R,R,NA,NA,NA,NA,NA,NA,NA,NA,NA
573.13597,EKP,S,NA,R,R,R,R,R,R,R,R,R,S,S,S,S,R,R,R,NA,NA,NA,NA,NA,NA,NA,NA,NA
573.12904,EKP,S,NA,S,S,S,S,S,S,S,S,S,S,S,S,S,S,S,R,NA,NA,NA,NA,NA,NA,NA,NA,NA
573.24322,EKP,R,NA,NA,R,R,R,R,R,R,R,R,R,NA,NA,R,NA,R,R,R,R,NA,NA,NA,NA,NA,NA,NA
573.14429,EKP,R,NA,R,R,R,R,R,R,S,R,R,S,S,S,S,R,R,R,NA,NA,NA,NA,NA,NA,NA,NA,NA
573.1395,EKP,R,NA,R,R,R,R,R,R,R,R,R,S,S,S,S,R,R,R,NA,NA,NA,NA,NA,NA,NA,NA,NA
573.13011,EKP,R,NA,NA,R,R,R,R,R,R,R,R,S,R,S,R,R,S,R,NA,NA,NA,NA,NA,NA,NA,NA,NA
573.13273,EKP,R,NA,R,R,R,R,R,R,R,R,R,R,R,S,R,R,R,R,NA,NA,NA,NA,NA,NA,NA,NA,NA
573.13991,EKP,R,NA,R,R,R,R,R,R,R,R,R,R,R,S,R,R,R,R,NA,NA,NA,NA,NA,NA,NA,NA,NA
573.1446,EKP,S,NA,R,R,R,R,R,R,R,R,R,R,R,S,S,S,R,R,NA,NA,NA,NA,NA,NA,NA,NA,NA
573.13487,EKP,R,NA,R,R,R,R,R,R,R,R,R,S,S,S,S,R,R,R,NA,NA,NA,NA,NA,NA,NA,NA,NA
573.14139,EKP,R,NA,R,R,R,R,R,R,R,R,R,R,S,S,R,R,R,R,NA,NA,NA,NA,NA,NA,NA,NA,NA
573.14201,EKP,S,NA,S,R,R,S,R,R,S,S,S,S,S,S,S,S,R,R,NA,NA,NA,NA,NA,NA,NA,NA,NA
573.13229,EKP,S,NA,R,R,R,R,R,R,S,R,S,S,S,S,S,R,R,R,NA,NA,NA,NA,NA,NA,NA,NA,NA
573.13589,EKP,R,NA,R,R,R,R,R,R,S,R,R,R,S,S,R,R,R,R,NA,NA,NA,NA,NA,NA,NA,NA,NA
573.13101,EKP,R,NA,R,R,R,R,R,R,R,R,R,S,S,S,R,S,S,R,NA,NA,NA,NA,NA,NA,NA,NA,NA
573.12878,EKP,S,NA,NA,R,R,R,R,R,R,R,R,S,S,S,S,R,R,R,NA,NA,NA,NA,NA,NA,NA,NA,NA
573.13631,EKP,R,NA,R,R,R,R,R,R,R,R,R,S,S,S,S,R,R,R,NA,NA,NA,NA,NA,NA,NA,NA,NA
573.1287,EKP,R,NA,NA,R,R,R,R,R,R,R,NA,S,S,NA,S,R,R,R,NA,NA,NA,NA,NA,NA,NA,NA,NA
573.1325,EKP,R,NA,R,R,R,R,R,R,R,R,R,R,S,S,S,R,S,R,NA,NA,NA,NA,NA,NA,NA,NA,NA
573.13588,EKP,R,NA,R,R,R,R,R,R,R,R,R,R,S,S,S,R,R,R,NA,NA,NA,NA,NA,NA,NA,NA,NA
573.13092,EKP,S,NA,R,R,R,R,R,R,R,R,R,R,S,S,S,R,R,R,NA,NA,NA,NA,NA,NA,NA,NA,NA
573.13097,EKP,S,NA,R,R,R,R,R,R,R,R,R,S,R,S,S,R,R,R,NA,NA,NA,NA,NA,NA,NA,NA,NA
573.13302,EKP,R,NA,R,R,R,R,R,R,R,R,R,R,S,S,S,S,R,R,NA,NA,NA,NA,NA,NA,NA,NA,NA
573.13157,EKP,R,NA,R,R,R,R,R,R,R,R,S,R,S,S,R,S,R,R,NA,NA,NA,NA,NA,NA,NA,NA,NA
573.1339,EKP,R,NA,R,R,R,R,R,R,R,R,R,R,R,S,R,R,R,R,NA,NA,NA,NA,NA,NA,NA,NA,NA
573.13902,EKP,R,NA,R,R,R,R,R,R,R,R,R,R,S,S,S,R,R,R,NA,NA,NA,NA,NA,NA,NA,NA,NA
573.14535,EKP,R,NA,R,R,R,R,R,R,R,R,R,R,S,S,S,R,R,R,NA,NA,NA,NA,NA,NA,NA,NA,NA
573.13262,EKP,R,NA,R,R,R,R,R,R,R,R,R,R,S,S,S,NA,S,R,NA,NA,NA,NA,NA,NA,NA,NA,NA
573.13372,EKP,R,NA,R,R,R,R,R,R,R,R,R,S,S,S,S,R,R,R,NA,NA,NA,NA,NA,NA,NA,NA,NA
573.13447,EKP,S,NA,R,R,R,R,R,R,R,R,R,S,S,S,S,NA,R,R,NA,NA,NA,NA,NA,NA,NA,NA,NA
573.14521,EKP,R,NA,R,R,R,R,R,R,R,R,R,R,R,S,S,S,R,R,NA,NA,NA,NA,NA,NA,NA,NA,NA
573.14259,EKP,R,NA,R,R,R,R,R,R,R,R,R,S,S,S,S,R,R,R,NA,NA,NA,NA,NA,NA,NA,NA,NA
573.13889,EKP,R,NA,R,R,R,R,R,R,R,R,R,R,S,S,S,R,R,R,NA,NA,NA,NA,NA,NA,NA,NA,NA
573.13931,EKP,R,NA,R,R,R,R,R,R,R,R,R,S,R,S,R,R,S,R,NA,NA,NA,NA,NA,NA,NA,NA,NA
573.13923,EKP,R,NA,R,R,R,R,R,R,R,R,R,R,R,S,R,R,R,R,NA,NA,NA,NA,NA,NA,NA,NA,NA
573.1302,EKP,S,NA,S,S,S,S,S,S,S,S,S,S,S,S,S,S,S,R,NA,NA,NA,NA,NA,NA,NA,NA,NA
573.13817,EKP,R,NA,R,R,R,R,R,R,S,R,R,S,S,S,S,R,R,R,NA,NA,NA,NA,NA,NA,NA,NA,NA
573.1438,EKP,S,NA,R,R,R,R,R,R,R,R,R,R,S,S,S,S,R,R,NA,NA,NA,NA,NA,NA,NA,NA,NA
573.14317,EKP,R,NA,R,R,R,R,R,R,R,R,R,S,R,S,R,R,R,R,NA,NA,NA,NA,NA,NA,NA,NA,NA
573.13706,EKP,R,NA,R,R,R,R,R,R,R,R,R,R,S,S,R,R,R,R,NA,NA,NA,NA,NA,NA,NA,NA,NA
573.12945,EKP,R,NA,NA,R,R,R,R,R,R,R,R,R,S,S,S,S,S,R,NA,NA,NA,NA,NA,NA,NA,NA,NA
573.13113,EKP,S,NA,R,R,R,R,R,R,R,R,R,S,R,S,S,S,R,R,NA,NA,NA,NA,NA,NA,NA,NA,NA
573.13865,EKP,S,NA,R,R,R,R,NA,R,R,R,R,S,R,S,S,S,R,R,NA,NA,NA,NA,NA,NA,NA,NA,NA
573.13255,EKP,R,NA,R,R,R,R,R,R,R,R,R,R,R,S,R,R,R,R,NA,NA,NA,NA,NA,NA,NA,NA,NA
573.14295,EKP,R,NA,R,R,R,R,R,R,R,R,R,S,S,S,S,S,R,R,NA,NA,NA,NA,NA,NA,NA,NA,NA
573.13544,EKP,S,NA,R,R,R,R,R,R,R,R,R,R,S,S,S,R,R,R,NA,NA,NA,NA,NA,NA,NA,NA,NA
573.14384,EKP,R,NA,R,R,R,R,R,R,R,R,R,S,S,S,S,S,R,R,NA,NA,NA,NA,NA,NA,NA,NA,NA
573.13614,EKP,S,NA,R,S,R,S,R,R,S,R,R,S,S,S,S,S,S,R,NA,NA,NA,NA,NA,NA,NA,NA,NA
573.13422,EKP,S,NA,R,S,R,R,R,R,S,R,R,S,S,S,S,S,S,R,NA,NA,NA,NA,NA,NA,NA,NA,NA
573.13336,EKP,S,NA,R,R,R,R,R,R,R,R,R,S,S,S,S,S,S,R,NA,NA,NA,NA,NA,NA,NA,NA,NA
573.13201,EKP,R,NA,R,R,R,R,R,R,R,R,R,R,R,S,R,R,R,R,NA,NA,NA,NA,NA,NA,NA,NA,NA
573.13382,EKP,S,NA,R,R,R,R,R,R,R,R,R,S,R,S,S,NA,R,R,NA,NA,NA,NA,NA,NA,NA,NA,NA
573.12882,EKP,S,NA,S,S,S,S,S,S,S,S,S,S,S,S,S,S,S,R,NA,NA,NA,NA,NA,NA,NA,NA,NA
573.13702,EKP,S,NA,R,R,R,R,R,R,R,R,R,S,S,S,S,R,R,R,NA,NA,NA,NA,NA,NA,NA,NA,NA
573.14091,EKP,R,NA,R,R,R,R,R,R,R,R,R,S,R,S,R,NA,R,R,NA,NA,NA,NA,NA,NA,NA,NA,NA
573.12875,EKP,S,NA,S,S,S,S,S,S,S,S,S,S,S,S,S,S,S,R,NA,NA,NA,NA,NA,NA,NA,NA,NA
573.1298,EKP,S,NA,S,S,S,S,S,S,S,S,S,S,S,S,S,S,S,R,NA,NA,NA,NA,NA,NA,NA,NA,NA
573.1403,EKP,R,NA,R,R,R,R,R,R,R,R,R,R,S,S,R,R,R,R,NA,NA,NA,NA,NA,NA,NA,NA,NA
573.13892,EKP,R,NA,R,R,R,R,R,R,R,R,R,S,S,S,S,R,R,R,NA,NA,NA,NA,NA,NA,NA,NA,NA
573.14459,EKP,S,NA,R,R,R,R,R,R,R,R,R,R,S,S,S,S,R,R,NA,NA,NA,NA,NA,NA,NA,NA,NA
573.14172,EKP,S,NA,R,R,R,R,R,R,R,R,R,R,S,S,S,S,R,R,NA,NA,NA,NA,NA,NA,NA,NA,NA
573.13109,EKP,R,NA,R,R,R,R,R,R,R,R,R,R,R,S,S,S,R,R,NA,NA,NA,NA,NA,NA,NA,NA,NA
573.1428,EKP,R,NA,R,R,R,R,R,R,R,R,R,S,S,S,S,R,R,R,NA,NA,NA,NA,NA,NA,NA,NA,NA
573.14238,EKP,R,NA,R,R,R,R,R,R,R,R,R,R,R,S,S,R,R,R,NA,NA,NA,NA,NA,NA,NA,NA,NA
573.14077,EKP,S,NA,R,R,R,R,R,R,R,R,R,R,S,S,S,NA,R,R,NA,NA,NA,NA,NA,NA,NA,NA,NA
573.14438,EKP,R,NA,R,R,R,R,R,R,R,R,R,R,R,S,S,S,R,R,NA,NA,NA,NA,NA,NA,NA,NA,NA
573.1294,EKP,S,NA,S,S,S,S,S,S,S,S,S,S,S,S,S,S,S,R,NA,NA,NA,NA,NA,NA,NA,NA,NA
573.14356,EKP,R,NA,R,R,R,R,R,R,R,R,R,R,S,S,S,R,R,R,NA,NA,NA,NA,NA,NA,NA,NA,NA
573.132,EKP,S,NA,R,R,R,R,R,R,R,R,R,R,S,S,S,R,R,R,NA,NA,NA,NA,NA,NA,NA,NA,NA
573.13122,EKP,R,NA,R,R,R,R,R,R,R,R,R,R,S,S,S,R,R,R,NA,NA,NA,NA,NA,NA,NA,NA,NA
573.13218,EKP,S,NA,R,R,R,R,R,R,R,R,R,R,S,S,S,R,R,R,NA,NA,NA,NA,NA,NA,NA,NA,NA
573.12905,EKP,S,NA,NA,R,R,R,R,R,R,R,R,R,R,S,S,R,R,R,NA,NA,NA,NA,NA,NA,NA,NA,NA
573.12912,EKP,S,NA,S,S,S,S,S,S,S,S,S,S,S,S,S,S,S,R,NA,NA,NA,NA,NA,NA,NA,NA,NA
573.1289,EKP,S,NA,S,S,S,S,S,S,S,S,S,S,S,S,S,S,S,R,NA,NA,NA,NA,NA,NA,NA,NA,NA
573.1401,EKP,S,NA,R,R,R,R,R,R,R,R,R,R,S,S,S,R,R,R,NA,NA,NA,NA,NA,NA,NA,NA,NA
573.13897,EKP,R,NA,R,S,R,R,R,R,S,R,R,S,S,S,S,R,R,R,NA,NA,NA,NA,NA,NA,NA,NA,NA
573.1295,EKP,S,NA,S,S,S,S,S,S,S,S,S,S,S,S,S,S,S,R,NA,NA,NA,NA,NA,NA,NA,NA,NA
573.13276,EKP,R,NA,R,R,R,R,R,R,R,S,R,R,S,S,S,S,R,R,NA,NA,NA,NA,NA,NA,NA,NA,NA
573.13712,EKP,S,NA,R,R,R,R,R,R,R,R,R,R,S,S,S,R,R,R,NA,NA,NA,NA,NA,NA,NA,NA,NA
573.14022,EKP,R,NA,R,R,R,R,R,R,R,R,R,R,R,S,R,R,S,R,NA,NA,NA,NA,NA,NA,NA,NA,NA
573.14271,EKP,R,NA,R,R,R,R,R,R,R,R,S,S,S,S,S,NA,R,R,NA,NA,NA,NA,NA,NA,NA,NA,NA
573.1434,EKP,S,NA,R,R,R,R,R,R,R,R,R,S,S,S,S,R,S,R,NA,NA,NA,NA,NA,NA,NA,NA,NA
573.14258,EKP,R,NA,R,R,R,R,R,R,R,R,R,S,S,S,S,R,R,R,NA,NA,NA,NA,NA,NA,NA,NA,NA
573.13686,EKP,R,NA,R,R,R,R,R,R,R,R,R,R,R,S,S,R,R,R,NA,NA,NA,NA,NA,NA,NA,NA,NA
573.1381,EKP,S,NA,R,R,R,R,R,R,R,R,R,R,S,S,S,R,R,R,NA,NA,NA,NA,NA,NA,NA,NA,NA
573.13727,EKP,S,NA,R,R,R,R,R,R,R,R,R,S,S,S,S,R,R,R,NA,NA,NA,NA,NA,NA,NA,NA,NA
573.1308,EKP,R,NA,R,R,R,R,R,R,S,R,R,R,S,S,R,R,R,R,NA,NA,NA,NA,NA,NA,NA,NA,NA
573.14241,EKP,R,NA,R,R,R,R,R,R,R,R,R,R,S,S,R,R,R,R,NA,NA,NA,NA,NA,NA,NA,NA,NA
573.12921,EKP,S,NA,S,S,S,S,S,S,S,S,S,S,S,S,S,S,S,R,NA,NA,NA,NA,NA,NA,NA,NA,NA
573.13252,EKP,R,NA,R,R,R,R,R,R,R,R,R,R,R,S,R,R,R,R,NA,NA,NA,NA,NA,NA,NA,NA,NA
573.13982,EKP,S,NA,R,R,R,R,R,R,R,R,R,R,S,S,S,NA,R,R,NA,NA,NA,NA,NA,NA,NA,NA,NA
573.13476,EKP,R,NA,R,R,R,S,R,S,R,S,R,R,S,S,R,R,R,R,NA,NA,NA,NA,NA,NA,NA,NA,NA
573.12964,EKP,R,NA,NA,R,R,R,R,R,R,R,R,R,S,S,S,S,S,R,NA,NA,NA,NA,NA,NA,NA,NA,NA
573.13518,EKP,R,NA,R,R,R,R,R,R,R,R,R,S,R,S,R,R,R,R,NA,NA,NA,NA,NA,NA,NA,NA,NA
573.13153,EKP,R,NA,R,R,R,R,R,R,R,R,R,R,S,S,R,R,R,R,NA,NA,NA,NA,NA,NA,NA,NA,NA
573.14454,EKP,S,NA,R,R,R,S,R,R,S,S,S,S,S,S,S,S,S,R,NA,NA,NA,NA,NA,NA,NA,NA,NA
573.13958,EKP,S,NA,R,R,R,R,R,R,R,R,R,R,R,S,S,R,R,R,NA,NA,NA,NA,NA,NA,NA,NA,NA
573.13548,EKP,S,NA,R,R,R,R,R,R,R,R,R,R,R,S,S,S,R,R,NA,NA,NA,NA,NA,NA,NA,NA,NA
573.14291,EKP,S,NA,R,R,R,R,R,R,R,R,R,S,S,S,S,R,R,R,NA,NA,NA,NA,NA,NA,NA,NA,NA
573.14191,EKP,R,NA,R,R,R,R,R,R,R,S,S,R,S,S,S,R,R,R,NA,NA,NA,NA,NA,NA,NA,NA,NA
573.13549,EKP,R,NA,R,R,R,S,R,S,R,S,R,R,S,S,S,R,R,R,NA,NA,NA,NA,NA,NA,NA,NA,NA
573.13287,EKP,R,NA,R,R,R,R,R,R,R,R,R,R,S,S,S,R,R,R,NA,NA,NA,NA,NA,NA,NA,NA,NA
573.13871,EKP,R,NA,R,R,R,R,R,R,R,R,R,R,S,S,S,R,R,R,NA,NA,NA,NA,NA,NA,NA,NA,NA
573.13993,EKP,R,NA,R,S,R,R,R,R,S,R,R,S,S,S,R,R,S,R,NA,NA,NA,NA,NA,NA,NA,NA,NA
573.14033,EKP,R,NA,R,R,R,R,R,R,R,S,R,R,R,S,R,NA,R,R,NA,NA,NA,NA,NA,NA,NA,NA,NA
573.14529,EKP,S,NA,R,R,R,R,R,R,R,R,R,S,S,S,S,R,R,R,NA,NA,NA,NA,NA,NA,NA,NA,NA
573.12909,EKP,NA,NA,NA,R,R,R,R,R,R,R,R,R,S,S,S,R,R,R,NA,NA,NA,NA,NA,NA,NA,NA,NA
573.13192,EKP,R,NA,R,R,R,R,R,R,R,R,R,R,S,S,S,R,S,R,NA,NA,NA,NA,NA,NA,NA,NA,NA
573.1321,EKP,R,NA,R,R,R,R,R,R,R,R,R,R,R,S,R,R,R,R,NA,NA,NA,NA,NA,NA,NA,NA,NA
573.14129,EKP,S,NA,R,R,R,R,R,R,R,R,R,S,S,S,S,R,R,R,NA,NA,NA,NA,NA,NA,NA,NA,NA
573.14014,EKP,R,NA,R,R,R,R,R,R,R,R,R,S,S,S,S,R,R,R,NA,NA,NA,NA,NA,NA,NA,NA,NA
573.13822,EKP,S,NA,R,R,R,R,R,R,R,R,R,S,S,S,S,R,R,R,NA,NA,NA,NA,NA,NA,NA,NA,NA
573.14406,EKP,S,NA,R,R,R,R,R,R,R,R,R,S,R,S,S,S,R,R,NA,NA,NA,NA,NA,NA,NA,NA,NA
573.13105,EKP,R,NA,R,R,R,R,R,R,R,R,R,S,R,S,R,R,R,R,NA,NA,NA,NA,NA,NA,NA,NA,NA
573.14471,EKP,S,NA,R,R,R,R,R,R,R,R,R,R,R,S,S,S,R,R,NA,NA,NA,NA,NA,NA,NA,NA,NA
573.13213,EKP,S,NA,R,R,R,R,R,R,R,R,R,S,R,S,S,S,R,R,NA,NA,NA,NA,NA,NA,NA,NA,NA
573.13223,EKP,S,NA,R,R,R,R,R,R,R,R,R,R,S,S,S,S,R,R,NA,NA,NA,NA,NA,NA,NA,NA,NA
573.13245,EKP,R,NA,R,R,R,R,R,R,R,R,R,R,S,S,S,S,S,R,NA,NA,NA,NA,NA,NA,NA,NA,NA
573.13272,EKP,R,NA,R,R,R,R,R,R,R,S,S,R,S,S,R,R,R,R,NA,NA,NA,NA,NA,NA,NA,NA,NA
573.13522,EKP,R,NA,R,R,R,R,R,R,R,R,R,R,R,S,S,S,R,R,NA,NA,NA,NA,NA,NA,NA,NA,NA
573.13497,EKP,R,NA,R,R,R,R,R,R,R,R,R,R,S,S,S,R,S,R,NA,NA,NA,NA,NA,NA,NA,NA,NA
573.13465,EKP,R,NA,R,R,R,R,R,R,R,R,R,S,S,S,R,S,R,R,NA,NA,NA,NA,NA,NA,NA,NA,NA
573.13162,EKP,R,NA,R,R,R,R,R,R,R,R,R,R,NA,S,S,R,R,R,NA,NA,NA,NA,NA,NA,NA,NA,NA
573.13962,EKP,R,NA,S,R,R,R,R,S,R,NA,S,S,S,S,S,S,S,R,NA,NA,NA,NA,NA,NA,NA,NA,NA
573.12925,EKP,S,NA,S,S,S,S,S,S,S,S,S,S,S,S,S,S,S,S,NA,NA,NA,NA,NA,NA,NA,NA,NA
573.13913,EKP,R,NA,R,R,R,R,R,R,R,R,R,R,R,S,S,R,S,R,NA,NA,NA,NA,NA,NA,NA,NA,NA
573.13513,EKP,R,NA,R,R,R,R,R,R,R,R,R,R,R,S,S,NA,R,R,NA,NA,NA,NA,NA,NA,NA,NA,NA
573.14427,EKP,R,NA,R,R,R,R,R,R,S,R,R,S,S,S,S,R,R,R,NA,NA,NA,NA,NA,NA,NA,NA,NA
573.1417,EKP,S,NA,R,R,R,R,R,R,S,R,R,S,S,S,S,R,S,R,NA,NA,NA,NA,NA,NA,NA,NA,NA
573.14391,EKP,R,NA,R,R,R,R,R,R,R,R,R,R,S,S,S,R,R,R,NA,NA,NA,NA,NA,NA,NA,NA,NA
573.13362,EKP,R,NA,R,R,R,R,R,R,R,R,R,R,R,S,R,R,R,R,NA,NA,NA,NA,NA,NA,NA,NA,NA
573.13788,EKP,R,NA,R,R,R,R,R,R,R,R,R,S,R,S,R,R,R,R,NA,NA,NA,NA,NA,NA,NA,NA,NA
573.24323,EKP,R,NA,NA,R,R,R,R,R,R,R,R,R,NA,NA,R,NA,R,R,R,R,NA,NA,NA,NA,NA,NA,NA
573.14224,EKP,R,NA,R,R,R,R,R,R,R,R,R,R,S,S,R,R,R,R,NA,NA,NA,NA,NA,NA,NA,NA,NA
573.13289,EKP,S,NA,R,R,R,R,R,R,R,R,R,S,R,S,S,S,R,R,NA,NA,NA,NA,NA,NA,NA,NA,NA
573.14214,EKP,R,NA,R,R,R,R,R,R,R,R,R,R,R,S,R,R,R,R,NA,NA,NA,NA,NA,NA,NA,NA,NA
573.14207,EKP,S,NA,R,R,R,R,R,R,R,R,R,R,S,S,S,S,R,R,NA,NA,NA,NA,NA,NA,NA,NA,NA
573.13876,EKP,R,NA,R,R,R,R,R,R,R,R,R,S,S,S,R,S,R,R,NA,NA,NA,NA,NA,NA,NA,NA,NA
573.13844,EKP,S,NA,R,S,R,R,R,S,S,S,R,S,S,S,S,S,R,R,NA,NA,NA,NA,NA,NA,NA,NA,NA
573.13695,EKP,S,NA,R,R,R,R,R,R,R,R,R,S,S,S,S,S,R,R,NA,NA,NA,NA,NA,NA,NA,NA,NA
573.14327,EKP,R,NA,R,R,R,R,R,R,R,R,S,S,S,S,S,R,R,R,NA,NA,NA,NA,NA,NA,NA,NA,NA
573.13361,EKP,R,NA,R,R,R,R,R,R,R,R,R,R,R,S,R,R,R,R,NA,NA,NA,NA,NA,NA,NA,NA,NA
573.1315,EKP,R,NA,R,R,R,R,R,R,S,R,R,R,S,S,S,R,R,R,NA,NA,NA,NA,NA,NA,NA,NA,NA
573.14262,EKP,S,NA,R,R,R,R,R,R,R,R,R,R,S,S,S,R,R,R,NA,NA,NA,NA,NA,NA,NA,NA,NA
573.14431,EKP,S,NA,R,R,R,R,R,R,R,R,R,S,R,S,S,R,R,R,NA,NA,NA,NA,NA,NA,NA,NA,NA
573.13715,EKP,R,NA,R,R,R,R,R,R,R,R,R,R,R,S,R,R,R,R,NA,NA,NA,NA,NA,NA,NA,NA,NA
573.13349,EKP,R,NA,R,R,R,R,R,R,R,R,R,R,S,S,S,R,R,R,NA,NA,NA,NA,NA,NA,NA,NA,NA
573.13867,EKP,R,NA,R,R,R,R,R,R,R,R,R,S,R,S,R,R,S,R,NA,NA,NA,NA,NA,NA,NA,NA,NA
573.14387,EKP,S,NA,R,S,S,S,R,S,S,S,R,S,S,S,S,S,S,R,NA,NA,NA,NA,NA,NA,NA,NA,NA
573.12867,EKP,S,NA,NA,R,R,R,R,R,R,R,R,S,R,S,S,R,S,R,NA,NA,NA,NA,NA,NA,NA,NA,NA
573.13391,EKP,R,NA,R,R,R,R,R,R,R,R,R,S,S,S,S,R,R,R,NA,NA,NA,NA,NA,NA,NA,NA,NA
573.14534,EKP,S,NA,R,R,R,R,R,R,R,R,S,S,S,S,S,R,R,R,NA,NA,NA,NA,NA,NA,NA,NA,NA
573.1383,EKP,R,NA,R,R,R,R,R,R,R,S,R,R,S,S,S,S,R,R,NA,NA,NA,NA,NA,NA,NA,NA,NA
573.14121,EKP,S,NA,R,R,R,R,R,R,R,R,R,S,S,S,S,R,S,R,NA,NA,NA,NA,NA,NA,NA,NA,NA
573.14352,EKP,R,NA,R,R,R,R,R,R,R,R,R,S,R,S,R,S,R,R,NA,NA,NA,NA,NA,NA,NA,NA,NA
573.13676,EKP,R,NA,R,R,R,R,R,R,R,R,R,R,R,S,R,R,R,R,NA,NA,NA,NA,NA,NA,NA,NA,NA
573.13064,EKP,R,NA,R,R,R,R,R,R,R,R,R,S,S,S,S,R,R,R,NA,NA,NA,NA,NA,NA,NA,NA,NA
573.14218,EKP,R,NA,R,R,R,R,R,R,R,R,R,R,S,S,R,R,R,R,NA,NA,NA,NA,NA,NA,NA,NA,NA
573.13591,EKP,S,NA,R,S,R,R,R,R,S,R,R,S,S,S,S,R,R,R,NA,NA,NA,NA,NA,NA,NA,NA,NA
573.13187,EKP,R,NA,R,R,R,R,R,R,R,R,R,R,S,S,S,R,R,R,NA,NA,NA,NA,NA,NA,NA,NA,NA
573.1316,EKP,S,NA,R,R,R,R,R,R,R,R,R,R,S,S,S,S,R,R,NA,NA,NA,NA,NA,NA,NA,NA,NA
573.13329,EKP,S,NA,R,R,R,R,R,R,R,R,NA,S,S,S,S,R,R,R,NA,NA,NA,NA,NA,NA,NA,NA,NA
573.1311,EKP,R,NA,R,R,R,R,R,R,R,R,R,R,R,S,R,R,R,R,NA,NA,NA,NA,NA,NA,NA,NA,NA
573.14533,EKP,R,NA,R,R,R,R,R,R,R,R,R,R,S,S,R,S,R,R,NA,NA,NA,NA,NA,NA,NA,NA,NA
573.13698,EKP,R,NA,R,R,R,R,R,R,R,R,R,S,S,S,S,S,R,R,NA,NA,NA,NA,NA,NA,NA,NA,NA
573.14523,EKP,R,NA,R,R,R,R,R,R,R,R,R,R,R,S,R,R,R,R,NA,NA,NA,NA,NA,NA,NA,NA,NA
573.13381,EKP,R,NA,R,R,R,R,R,R,R,R,S,R,S,S,S,R,R,R,NA,NA,NA,NA,NA,NA,NA,NA,NA
573.14026,EKP,R,NA,R,R,R,R,R,R,S,R,S,R,S,S,S,R,R,R,NA,NA,NA,NA,NA,NA,NA,NA,NA
573.13766,EKP,R,NA,R,R,R,R,R,R,R,R,R,R,S,S,S,R,R,R,NA,NA,NA,NA,NA,NA,NA,NA,NA
573.12906,EKP,S,NA,S,S,S,S,S,S,S,S,S,S,S,S,S,S,S,S,NA,NA,NA,NA,NA,NA,NA,NA,NA
573.13586,EKP,R,NA,R,R,R,R,R,R,R,R,R,R,S,S,S,R,R,R,NA,NA,NA,NA,NA,NA,NA,NA,NA
573.12982,EKP,R,NA,NA,R,R,R,R,R,R,R,S,S,S,S,S,R,R,R,NA,NA,NA,NA,NA,NA,NA,NA,NA
573.14167,EKP,S,NA,R,R,R,R,R,R,R,R,R,S,R,S,S,S,R,R,NA,NA,NA,NA,NA,NA,NA,NA,NA
573.13752,EKP,S,NA,R,S,R,R,R,R,S,R,R,S,S,S,R,R,R,R,NA,NA,NA,NA,NA,NA,NA,NA,NA
573.14185,EKP,R,NA,R,R,R,R,R,R,R,R,R,S,R,S,R,NA,R,R,NA,NA,NA,NA,NA,NA,NA,NA,NA
573.14484,EKP,S,NA,R,R,R,R,R,R,R,R,R,S,S,S,S,S,R,R,NA,NA,NA,NA,NA,NA,NA,NA,NA
573.13151,EKP,R,NA,R,R,R,R,R,R,R,R,R,R,S,S,R,S,R,R,NA,NA,NA,NA,NA,NA,NA,NA,NA
573.13175,EKP,R,NA,R,R,R,R,R,R,R,R,R,S,R,S,R,R,R,R,NA,NA,NA,NA,NA,NA,NA,NA,NA
573.14266,EKP,R,NA,R,R,R,R,R,R,R,R,R,R,R,S,R,R,R,R,NA,NA,NA,NA,NA,NA,NA,NA,NA
573.13685,EKP,R,NA,R,R,R,R,R,R,R,S,R,R,R,S,R,S,R,R,NA,NA,NA,NA,NA,NA,NA,NA,NA
573.14441,EKP,R,NA,R,R,R,R,R,R,R,R,R,R,S,S,R,S,R,R,NA,NA,NA,NA,NA,NA,NA,NA,NA
573.13618,EKP,S,NA,R,R,R,R,R,R,S,R,S,S,S,S,S,S,R,R,NA,NA,NA,NA,NA,NA,NA,NA,NA
573.13014,EKP,R,NA,NA,R,R,R,R,R,R,R,R,R,S,S,S,S,S,R,NA,NA,NA,NA,NA,NA,NA,NA,NA
573.12942,EKP,R,NA,NA,R,R,R,R,R,R,R,S,R,S,S,S,S,S,R,NA,NA,NA,NA,NA,NA,NA,NA,NA
573.12933,EKP,S,NA,S,S,R,S,S,S,S,S,S,S,S,S,S,S,S,R,NA,NA,NA,NA,NA,NA,NA,NA,NA
573.1405,EKP,R,NA,R,R,R,R,R,R,R,R,R,R,R,S,R,R,R,R,NA,NA,NA,NA,NA,NA,NA,NA,NA
573.12957,EKP,S,NA,NA,R,R,R,R,R,R,R,R,S,S,S,S,R,R,R,NA,NA,NA,NA,NA,NA,NA,NA,NA
573.13498,EKP,S,NA,R,S,R,R,R,R,S,R,R,S,S,S,S,S,S,R,NA,NA,NA,NA,NA,NA,NA,NA,NA
573.13581,EKP,R,NA,R,R,R,R,R,R,R,R,R,R,S,S,S,S,R,R,NA,NA,NA,NA,NA,NA,NA,NA,NA
573.13106,EKP,R,NA,R,R,R,R,R,R,R,R,R,R,S,S,S,R,R,R,NA,NA,NA,NA,NA,NA,NA,NA,NA
573.13584,EKP,R,NA,R,R,R,R,R,R,R,R,R,R,S,S,R,R,R,R,NA,NA,NA,NA,NA,NA,NA,NA,NA
573.13117,EKP,R,NA,R,R,R,R,R,R,R,R,R,R,S,S,S,S,R,R,NA,NA,NA,NA,NA,NA,NA,NA,NA
573.13496,EKP,R,NA,R,R,R,R,R,R,R,R,R,R,S,S,S,R,R,R,NA,NA,NA,NA,NA,NA,NA,NA,NA
573.14337,EKP,S,NA,R,R,R,R,R,R,R,R,R,S,S,S,S,S,R,R,NA,NA,NA,NA,NA,NA,NA,NA,NA
573.13873,EKP,R,NA,R,R,R,R,R,R,R,R,R,R,S,S,S,R,R,R,NA,NA,NA,NA,NA,NA,NA,NA,NA
573.13789,EKP,R,NA,R,R,R,R,R,R,R,R,R,R,S,S,S,S,S,R,NA,NA,NA,NA,NA,NA,NA,NA,NA
573.12874,EKP,R,NA,NA,R,R,R,R,R,R,R,R,R,S,S,S,S,S,R,NA,NA,NA,NA,NA,NA,NA,NA,NA
573.12953,EKP,S,NA,NA,R,R,R,R,R,R,R,R,S,S,S,S,R,R,R,NA,NA,NA,NA,NA,NA,NA,NA,NA
573.14498,EKP,R,NA,R,R,R,R,R,R,R,R,R,R,R,S,R,R,R,R,NA,NA,NA,NA,NA,NA,NA,NA,NA
573.13238,EKP,R,NA,R,R,R,R,R,R,R,NA,R,S,R,S,R,S,R,R,NA,NA,NA,NA,NA,NA,NA,NA,NA
573.12936,EKP,R,NA,NA,R,R,R,R,R,R,R,R,S,R,S,R,R,R,R,NA,NA,NA,NA,NA,NA,NA,NA,NA
573.14436,EKP,R,NA,R,R,R,R,R,R,R,R,R,R,S,S,S,R,R,R,NA,NA,NA,NA,NA,NA,NA,NA,NA
573.1362,EKP,R,NA,R,R,R,R,R,R,R,R,R,R,S,S,S,R,R,R,NA,NA,NA,NA,NA,NA,NA,NA,NA
573.13564,EKP,R,NA,R,R,R,R,R,R,R,R,R,R,R,S,S,S,R,R,NA,NA,NA,NA,NA,NA,NA,NA,NA
573.13443,EKP,R,NA,R,R,R,S,R,R,S,S,S,R,S,S,S,R,R,R,NA,NA,NA,NA,NA,NA,NA,NA,NA
573.13399,EKP,R,NA,R,R,R,R,R,R,R,R,R,R,R,S,R,R,S,R,NA,NA,NA,NA,NA,NA,NA,NA,NA
573.14269,EKP,R,NA,R,R,R,R,R,R,R,R,R,R,R,S,R,R,R,R,NA,NA,NA,NA,NA,NA,NA,NA,NA
573.14202,EKP,S,NA,R,R,R,R,R,R,R,R,R,S,S,S,S,S,R,R,NA,NA,NA,NA,NA,NA,NA,NA,NA
573.12977,EKP,R,NA,NA,R,R,R,R,R,R,R,R,R,S,S,S,R,R,R,NA,NA,NA,NA,NA,NA,NA,NA,NA
573.13613,EKP,R,NA,R,R,R,R,R,R,S,R,R,R,S,S,R,R,R,R,NA,NA,NA,NA,NA,NA,NA,NA,NA
573.14186,EKP,R,NA,R,R,R,R,R,R,R,R,R,R,S,S,R,R,R,R,NA,NA,NA,NA,NA,NA,NA,NA,NA
573.14135,EKP,R,NA,R,S,R,R,R,R,S,S,R,R,S,S,R,S,R,R,NA,NA,NA,NA,NA,NA,NA,NA,NA
573.14017,EKP,S,NA,R,R,R,R,R,R,R,NA,R,R,S,S,S,S,R,R,NA,NA,NA,NA,NA,NA,NA,NA,NA
573.1347,EKP,R,NA,R,R,R,R,R,R,R,R,R,R,R,S,R,NA,R,R,NA,NA,NA,NA,NA,NA,NA,NA,NA
573.13351,EKP,R,NA,R,R,R,R,R,R,R,R,R,S,S,S,R,R,R,R,NA,NA,NA,NA,NA,NA,NA,NA,NA
573.13859,EKP,R,NA,R,R,R,R,R,R,R,R,R,R,S,S,S,R,R,R,NA,NA,NA,NA,NA,NA,NA,NA,NA
573.13132,EKP,R,NA,R,R,R,R,R,R,R,R,R,S,R,S,R,R,R,R,NA,NA,NA,NA,NA,NA,NA,NA,NA
573.13838,EKP,R,NA,R,R,R,R,R,R,R,R,R,S,S,S,R,S,R,R,NA,NA,NA,NA,NA,NA,NA,NA,NA
573.14161,EKP,R,NA,R,R,R,R,R,R,R,R,R,S,S,S,S,R,R,R,NA,NA,NA,NA,NA,NA,NA,NA,NA
573.13145,EKP,R,NA,R,R,R,R,R,R,R,R,R,R,R,S,R,R,R,R,NA,NA,NA,NA,NA,NA,NA,NA,NA
573.13975,EKP,R,NA,R,R,R,R,R,R,R,R,R,S,R,S,R,R,R,R,NA,NA,NA,NA,NA,NA,NA,NA,NA
573.13965,EKP,S,NA,R,R,R,R,R,R,R,R,R,S,R,S,S,R,R,R,NA,NA,NA,NA,NA,NA,NA,NA,NA
573.13326,EKP,R,NA,R,R,R,R,R,R,R,R,R,S,S,S,S,R,R,R,NA,NA,NA,NA,NA,NA,NA,NA,NA
573.13267,EKP,S,NA,R,R,R,R,R,R,R,R,R,R,S,S,S,R,R,R,NA,NA,NA,NA,NA,NA,NA,NA,NA
573.1392,EKP,R,NA,R,R,R,R,R,R,R,R,R,S,R,S,R,R,S,R,NA,NA,NA,NA,NA,NA,NA,NA,NA
573.13934,EKP,R,NA,R,R,R,R,R,R,R,S,S,S,S,S,S,R,R,R,NA,NA,NA,NA,NA,NA,NA,NA,NA
573.13368,EKP,S,NA,R,R,R,R,R,R,R,R,S,S,S,S,S,R,R,R,NA,NA,NA,NA,NA,NA,NA,NA,NA
573.13799,EKP,S,NA,R,R,R,R,R,R,R,R,R,R,R,S,S,R,R,R,NA,NA,NA,NA,NA,NA,NA,NA,NA
573.13393,EKP,S,NA,R,R,R,R,R,R,R,R,R,R,S,S,S,R,R,R,NA,NA,NA,NA,NA,NA,NA,NA,NA
573.14276,EKP,R,NA,R,R,R,R,R,R,R,R,R,R,R,S,R,S,R,R,NA,NA,NA,NA,NA,NA,NA,NA,NA
573.14492,EKP,R,NA,R,R,R,R,R,R,R,R,R,R,R,S,S,S,R,R,NA,NA,NA,NA,NA,NA,NA,NA,NA
573.13736,EKP,S,NA,R,R,R,S,R,S,R,S,R,S,S,S,S,S,S,R,NA,NA,NA,NA,NA,NA,NA,NA,NA
573.14439,EKP,R,NA,R,R,R,R,R,R,R,R,R,R,S,S,R,R,R,R,NA,NA,NA,NA,NA,NA,NA,NA,NA
573.13846,EKP,S,NA,R,R,R,R,R,R,R,R,R,S,R,S,S,R,R,R,NA,NA,NA,NA,NA,NA,NA,NA,NA
573.13755,EKP,R,NA,R,R,R,R,R,R,R,R,R,R,S,S,S,S,R,R,NA,NA,NA,NA,NA,NA,NA,NA,NA
573.14448,EKP,S,NA,R,R,R,R,R,R,R,S,R,S,S,S,S,S,R,R,NA,NA,NA,NA,NA,NA,NA,NA,NA
573.13671,EKP,S,NA,R,R,R,R,R,R,S,R,S,S,S,S,S,S,S,R,NA,NA,NA,NA,NA,NA,NA,NA,NA
573.129,EKP,S,NA,S,S,S,S,S,S,S,S,S,S,S,S,S,S,S,R,NA,NA,NA,NA,NA,NA,NA,NA,NA
573.13288,EKP,R,NA,R,R,R,R,R,R,R,R,R,S,R,S,R,R,R,R,NA,NA,NA,NA,NA,NA,NA,NA,NA
573.13509,EKP,R,NA,R,R,R,R,R,R,S,R,R,S,S,S,S,R,R,R,NA,NA,NA,NA,NA,NA,NA,NA,NA
573.13173,EKP,R,NA,R,R,R,R,R,R,R,R,R,R,S,S,S,R,R,R,NA,NA,NA,NA,NA,NA,NA,NA,NA
573.1422,EKP,S,NA,R,R,R,R,R,R,R,R,R,S,R,S,S,R,R,R,NA,NA,NA,NA,NA,NA,NA,NA,NA
573.14165,EKP,R,NA,R,R,R,R,R,R,R,R,R,R,S,S,R,R,R,R,NA,NA,NA,NA,NA,NA,NA,NA,NA
573.13826,EKP,R,NA,R,R,R,R,R,R,R,R,R,R,S,S,S,R,R,R,NA,NA,NA,NA,NA,NA,NA,NA,NA
573.13505,EKP,R,NA,R,R,R,R,R,R,R,R,R,R,S,S,R,R,S,R,NA,NA,NA,NA,NA,NA,NA,NA,NA
573.14166,EKP,R,NA,R,R,R,R,R,R,R,R,R,R,S,S,S,S,R,R,NA,NA,NA,NA,NA,NA,NA,NA,NA
573.1334,EKP,S,NA,R,R,R,R,R,R,R,R,R,R,S,S,S,S,R,R,NA,NA,NA,NA,NA,NA,NA,NA,NA
573.12939,EKP,S,NA,S,S,S,S,S,S,S,S,S,S,S,S,S,S,S,R,NA,NA,NA,NA,NA,NA,NA,NA,NA
573.14541,EKP,R,NA,R,R,R,R,R,R,R,R,R,R,S,S,S,R,R,R,NA,NA,NA,NA,NA,NA,NA,NA,NA
573.13482,EKP,R,NA,R,R,R,R,R,R,R,R,R,R,S,S,S,S,R,R,NA,NA,NA,NA,NA,NA,NA,NA,NA
573.13356,EKP,S,NA,R,R,R,R,R,R,R,R,R,R,R,S,S,S,R,R,NA,NA,NA,NA,NA,NA,NA,NA,NA
573.13821,EKP,R,NA,R,R,R,R,R,R,R,R,R,S,S,S,S,R,R,R,NA,NA,NA,NA,NA,NA,NA,NA,NA
573.13887,EKP,S,NA,R,R,R,R,R,R,R,R,R,S,R,S,S,R,R,R,NA,NA,NA,NA,NA,NA,NA,NA,NA
573.12865,EKP,S,NA,S,S,S,S,S,S,S,S,S,S,S,S,S,S,S,R,NA,NA,NA,NA,NA,NA,NA,NA,NA
573.14003,EKP,R,NA,R,R,R,R,R,R,R,R,S,S,S,S,R,S,S,R,NA,NA,NA,NA,NA,NA,NA,NA,NA
573.13874,EKP,R,NA,R,R,R,R,R,R,S,NA,S,R,S,S,S,R,R,R,NA,NA,NA,NA,NA,NA,NA,NA,NA
573.1435,EKP,R,NA,R,R,R,R,R,R,R,R,R,R,S,S,S,R,R,R,NA,NA,NA,NA,NA,NA,NA,NA,NA
573.14055,EKP,S,NA,R,R,R,R,R,R,R,R,S,S,S,S,S,S,S,R,NA,NA,NA,NA,NA,NA,NA,NA,NA
573.13587,EKP,R,NA,R,R,R,R,R,R,R,R,R,S,R,S,R,R,R,R,NA,NA,NA,NA,NA,NA,NA,NA,NA
573.13806,EKP,R,NA,R,R,R,R,R,R,R,R,R,R,S,S,R,S,S,R,NA,NA,NA,NA,NA,NA,NA,NA,NA
573.13491,EKP,R,NA,R,R,R,R,R,R,R,R,R,S,R,S,R,R,R,R,NA,NA,NA,NA,NA,NA,NA,NA,NA
573.14383,EKP,S,NA,R,R,R,R,R,R,R,R,R,S,S,S,S,R,S,R,NA,NA,NA,NA,NA,NA,NA,NA,NA
573.14246,EKP,S,NA,R,R,R,R,R,R,R,R,R,R,R,S,S,R,R,R,NA,NA,NA,NA,NA,NA,NA,NA,NA
573.13049,EKP,S,NA,R,R,R,R,R,R,R,R,R,R,R,S,S,NA,R,R,NA,NA,NA,NA,NA,NA,NA,NA,NA
573.13126,EKP,R,NA,R,R,R,R,R,R,R,R,R,R,S,S,S,R,R,R,NA,NA,NA,NA,NA,NA,NA,NA,NA
573.13149,EKP,R,NA,R,R,R,R,R,R,R,R,R,S,S,S,S,R,R,R,NA,NA,NA,NA,NA,NA,NA,NA,NA
573.13711,EKP,S,NA,R,R,R,R,R,R,R,S,R,R,S,S,S,S,R,R,NA,NA,NA,NA,NA,NA,NA,NA,NA
573.14528,EKP,R,NA,R,R,R,R,R,R,R,R,R,R,R,S,S,S,R,R,NA,NA,NA,NA,NA,NA,NA,NA,NA
573.13278,EKP,R,NA,R,R,R,R,R,R,R,R,R,R,R,S,S,S,R,R,NA,NA,NA,NA,NA,NA,NA,NA,NA
573.14293,EKP,R,NA,R,R,R,R,R,R,R,R,R,S,S,S,R,NA,R,R,NA,NA,NA,NA,NA,NA,NA,NA,NA
573.13724,EKP,S,NA,R,R,R,R,R,R,R,S,S,S,S,S,S,R,R,R,NA,NA,NA,NA,NA,NA,NA,NA,NA
573.13604,EKP,R,NA,R,R,R,R,R,R,R,R,R,R,S,S,S,R,R,R,NA,NA,NA,NA,NA,NA,NA,NA,NA
573.14087,EKP,R,NA,R,R,R,R,R,R,R,R,R,R,S,S,S,R,R,R,NA,NA,NA,NA,NA,NA,NA,NA,NA
573.13515,EKP,R,NA,R,R,R,S,R,S,R,S,R,R,S,S,S,R,R,R,NA,NA,NA,NA,NA,NA,NA,NA,NA
573.13123,EKP,S,NA,R,R,R,R,R,R,S,R,R,S,R,S,S,R,S,R,NA,NA,NA,NA,NA,NA,NA,NA,NA
573.13732,EKP,R,NA,R,S,R,R,R,R,S,R,R,S,S,S,S,R,R,R,NA,NA,NA,NA,NA,NA,NA,NA,NA
573.13322,EKP,R,NA,R,R,R,R,R,R,R,R,R,R,S,S,R,R,R,R,NA,NA,NA,NA,NA,NA,NA,NA,NA
573.13472,EKP,R,NA,R,R,R,R,R,R,R,R,R,R,S,S,S,R,R,R,NA,NA,NA,NA,NA,NA,NA,NA,NA
573.14381,EKP,R,NA,R,R,R,R,R,R,R,R,R,R,S,S,S,R,R,R,NA,NA,NA,NA,NA,NA,NA,NA,NA
573.12924,EKP,R,NA,NA,R,R,R,R,R,S,R,R,R,S,S,S,R,S,R,NA,NA,NA,NA,NA,NA,NA,NA,NA
573.13165,EKP,R,NA,R,R,R,R,R,R,S,R,R,R,S,S,S,R,R,R,NA,NA,NA,NA,NA,NA,NA,NA,NA
573.14216,EKP,R,NA,R,R,R,R,R,R,R,R,R,S,S,S,R,S,R,R,NA,NA,NA,NA,NA,NA,NA,NA,NA
573.13127,EKP,R,NA,R,R,R,R,R,R,R,R,R,S,R,S,R,R,R,R,NA,NA,NA,NA,NA,NA,NA,NA,NA
573.13974,EKP,R,NA,R,R,R,R,R,R,R,R,R,R,S,S,R,NA,S,R,NA,NA,NA,NA,NA,NA,NA,NA,NA
573.13313,EKP,R,NA,R,R,R,R,R,R,R,R,R,R,S,S,S,S,S,R,NA,NA,NA,NA,NA,NA,NA,NA,NA
573.13845,EKP,S,NA,R,S,R,R,R,S,S,S,R,S,S,S,S,S,R,R,NA,NA,NA,NA,NA,NA,NA,NA,NA
573.53752,EKP,NA,NA,NA,R,NA,NA,NA,NA,NA,NA,NA,S,R,S,R,R,NA,R,NA,NA,NA,NA,NA,NA,NA,NA,S
573.13412,EKP,R,NA,R,R,R,R,R,R,R,R,R,R,R,S,R,R,R,R,NA,NA,NA,NA,NA,NA,NA,NA,NA
573.13298,EKP,R,NA,R,R,R,S,R,R,R,R,S,R,S,S,S,R,R,R,NA,NA,NA,NA,NA,NA,NA,NA,NA
573.12992,EKP,R,NA,NA,R,R,R,R,R,S,R,R,R,S,S,S,R,R,R,NA,NA,NA,NA,NA,NA,NA,NA,NA
573.13063,EKP,S,NA,R,R,R,R,R,R,R,R,R,S,R,S,S,R,R,R,NA,NA,NA,NA,NA,NA,NA,NA,NA
573.13375,EKP,R,NA,R,R,R,R,R,R,S,R,R,R,S,S,S,R,R,R,NA,NA,NA,NA,NA,NA,NA,NA,NA
573.13239,EKP,R,NA,R,R,R,R,R,R,R,R,R,R,S,S,R,NA,R,R,NA,NA,NA,NA,NA,NA,NA,NA,NA
573.1424,EKP,R,NA,R,R,R,R,R,R,R,R,R,R,R,S,R,R,R,R,NA,NA,NA,NA,NA,NA,NA,NA,NA
573.13463,EKP,R,NA,R,R,R,R,R,R,R,R,R,R,S,S,S,R,S,R,NA,NA,NA,NA,NA,NA,NA,NA,NA
573.12991,EKP,S,NA,S,S,S,S,S,S,S,S,S,S,S,S,S,S,S,R,NA,NA,NA,NA,NA,NA,NA,NA,NA
573.13517,EKP,R,NA,R,R,R,R,R,R,R,R,S,R,S,S,S,R,R,R,NA,NA,NA,NA,NA,NA,NA,NA,NA
573.14067,EKP,R,NA,R,R,R,R,R,R,R,R,R,R,S,S,R,R,S,R,NA,NA,NA,NA,NA,NA,NA,NA,NA
573.13293,EKP,S,NA,R,R,R,R,R,R,R,R,S,S,S,S,S,R,S,R,NA,NA,NA,NA,NA,NA,NA,NA,NA
573.13829,EKP,R,NA,R,R,R,R,R,R,R,R,R,R,S,S,R,S,R,R,NA,NA,NA,NA,NA,NA,NA,NA,NA
573.13249,EKP,S,NA,R,R,R,R,R,R,R,R,R,S,S,S,S,R,S,R,NA,NA,NA,NA,NA,NA,NA,NA,NA
573.14126,EKP,S,NA,R,R,R,R,R,R,R,R,R,R,S,S,S,NA,R,R,NA,NA,NA,NA,NA,NA,NA,NA,NA
573.13341,EKP,R,NA,R,R,R,R,R,R,R,R,R,R,S,S,R,R,R,R,NA,NA,NA,NA,NA,NA,NA,NA,NA
573.13735,EKP,S,NA,R,NA,R,R,R,R,S,R,R,S,S,S,S,S,R,R,NA,NA,NA,NA,NA,NA,NA,NA,NA
573.13834,EKP,S,NA,R,S,R,S,R,S,S,S,R,S,S,S,S,S,R,R,NA,NA,NA,NA,NA,NA,NA,NA,NA
573.1453,EKP,S,NA,R,R,R,R,R,R,R,R,R,R,R,S,S,R,R,R,NA,NA,NA,NA,NA,NA,NA,NA,NA
573.13677,EKP,R,NA,R,R,R,R,R,R,R,R,S,S,S,S,S,NA,R,R,NA,NA,NA,NA,NA,NA,NA,NA,NA
573.13911,EKP,R,NA,R,R,R,R,R,R,R,R,R,R,R,S,S,R,R,R,NA,NA,NA,NA,NA,NA,NA,NA,NA
573.13376,EKP,R,NA,R,R,R,R,R,R,R,R,R,S,S,S,S,R,R,R,NA,NA,NA,NA,NA,NA,NA,NA,NA
573.13649,EKP,S,NA,R,R,R,R,R,R,R,R,S,S,S,S,S,R,R,R,NA,NA,NA,NA,NA,NA,NA,NA,NA
573.14365,EKP,S,NA,R,R,R,S,R,S,S,S,R,S,S,S,S,S,S,R,NA,NA,NA,NA,NA,NA,NA,NA,NA
573.13582,EKP,S,NA,R,R,R,R,R,R,R,R,S,R,S,S,S,R,R,R,NA,NA,NA,NA,NA,NA,NA,NA,NA
573.14152,EKP,S,NA,R,R,R,R,R,R,R,S,R,R,S,S,S,S,R,R,NA,NA,NA,NA,NA,NA,NA,NA,NA
573.13949,EKP,S,NA,R,R,R,R,R,R,R,R,S,S,S,S,S,R,R,R,NA,NA,NA,NA,NA,NA,NA,NA,NA
573.13526,EKP,S,NA,R,R,R,R,R,R,R,R,R,R,R,S,S,R,R,R,NA,NA,NA,NA,NA,NA,NA,NA,NA
573.14374,EKP,R,NA,R,R,R,R,R,R,R,R,R,R,R,S,R,R,R,R,NA,NA,NA,NA,NA,NA,NA,NA,NA
573.14274,EKP,S,NA,R,R,R,R,R,R,R,R,R,R,S,S,S,S,R,R,NA,NA,NA,NA,NA,NA,NA,NA,NA
573.14156,EKP,S,NA,R,R,R,R,R,R,R,S,R,R,S,S,S,S,R,R,NA,NA,NA,NA,NA,NA,NA,NA,NA
573.14514,EKP,R,NA,R,R,R,R,R,R,S,R,R,R,S,S,S,R,R,R,NA,NA,NA,NA,NA,NA,NA,NA,NA
573.1442,EKP,R,NA,R,R,R,R,R,R,S,S,R,R,S,S,S,S,S,R,NA,NA,NA,NA,NA,NA,NA,NA,NA
573.13413,EKP,S,NA,R,R,R,R,R,R,R,R,R,R,S,S,S,R,R,R,NA,NA,NA,NA,NA,NA,NA,NA,NA
573.13053,EKP,R,NA,R,R,R,R,R,R,R,R,R,R,R,S,R,R,R,R,NA,NA,NA,NA,NA,NA,NA,NA,NA
573.1286,EKP,R,NA,NA,R,R,R,R,R,R,R,R,S,S,S,R,R,R,R,NA,NA,NA,NA,NA,NA,NA,NA,NA
573.13659,EKP,S,NA,R,R,R,R,R,R,R,R,S,S,S,S,S,R,R,R,NA,NA,NA,NA,NA,NA,NA,NA,NA
573.13835,EKP,R,NA,R,R,R,S,R,R,S,S,S,R,S,S,S,S,R,R,NA,NA,NA,NA,NA,NA,NA,NA,NA
573.13208,EKP,R,NA,R,R,R,R,R,R,R,R,R,R,S,S,R,R,R,R,NA,NA,NA,NA,NA,NA,NA,NA,NA
573.14168,EKP,S,NA,R,R,R,R,R,R,R,S,R,S,R,S,S,S,R,R,NA,NA,NA,NA,NA,NA,NA,NA,NA
573.14478,EKP,S,NA,R,R,R,R,R,R,R,R,R,R,S,S,S,S,R,R,NA,NA,NA,NA,NA,NA,NA,NA,NA
573.13074,EKP,R,NA,R,S,R,R,R,R,S,R,R,R,S,S,S,R,R,R,NA,NA,NA,NA,NA,NA,NA,NA,NA
573.12902,EKP,S,NA,S,S,S,S,S,S,S,S,S,S,S,S,S,S,S,R,NA,NA,NA,NA,NA,NA,NA,NA,NA
573.13251,EKP,R,NA,R,R,R,R,R,R,R,R,R,R,R,S,S,S,R,R,NA,NA,NA,NA,NA,NA,NA,NA,NA
573.13037,EKP,R,NA,R,R,R,R,R,R,R,R,R,R,R,S,R,R,R,R,NA,NA,NA,NA,NA,NA,NA,NA,NA
573.14349,EKP,R,NA,R,R,R,R,R,R,R,R,R,S,S,S,S,R,R,R,NA,NA,NA,NA,NA,NA,NA,NA,NA
573.1328,EKP,S,NA,R,R,R,R,R,R,R,R,R,R,S,S,S,S,R,R,NA,NA,NA,NA,NA,NA,NA,NA,NA
573.12988,EKP,S,NA,NA,S,R,R,R,R,S,R,S,S,S,S,S,S,R,R,NA,NA,NA,NA,NA,NA,NA,NA,NA
573.14518,EKP,R,NA,R,R,R,R,R,R,S,R,R,R,S,S,S,R,R,R,NA,NA,NA,NA,NA,NA,NA,NA,NA
573.13585,EKP,R,NA,R,R,R,R,R,R,R,R,R,R,S,S,R,R,R,R,NA,NA,NA,NA,NA,NA,NA,NA,NA
573.13634,EKP,R,NA,R,R,R,R,R,R,R,R,R,S,R,S,R,R,R,R,NA,NA,NA,NA,NA,NA,NA,NA,NA
573.13005,EKP,S,NA,S,S,S,S,S,S,S,S,S,S,S,S,S,S,R,R,NA,NA,NA,NA,NA,NA,NA,NA,NA
573.13468,EKP,R,NA,R,R,R,R,R,R,R,R,R,R,S,S,R,S,R,R,NA,NA,NA,NA,NA,NA,NA,NA,NA
573.14113,EKP,S,NA,R,R,R,R,R,R,R,R,R,S,S,S,S,R,R,R,NA,NA,NA,NA,NA,NA,NA,NA,NA
573.13624,EKP,S,NA,R,R,R,R,R,R,R,R,R,S,S,S,S,R,R,R,NA,NA,NA,NA,NA,NA,NA,NA,NA
573.14208,EKP,R,NA,R,R,R,R,R,R,R,R,R,S,S,S,S,R,R,R,NA,NA,NA,NA,NA,NA,NA,NA,NA
573.1412,EKP,R,NA,R,R,R,R,R,R,R,R,R,R,S,S,S,R,R,R,NA,NA,NA,NA,NA,NA,NA,NA,NA
573.13107,EKP,R,NA,R,R,R,R,R,R,R,R,R,R,S,S,S,R,R,R,NA,NA,NA,NA,NA,NA,NA,NA,NA
573.14376,EKP,S,NA,R,R,R,R,R,R,S,R,S,S,S,S,S,S,S,R,NA,NA,NA,NA,NA,NA,NA,NA,NA
573.13099,EKP,R,NA,R,R,R,R,R,R,R,R,R,S,S,S,S,R,R,R,NA,NA,NA,NA,NA,NA,NA,NA,NA
573.13932,EKP,R,NA,R,R,R,R,R,R,R,NA,R,S,S,S,S,R,R,R,NA,NA,NA,NA,NA,NA,NA,NA,NA
573.14035,EKP,S,NA,R,R,R,R,R,R,R,R,R,R,S,S,S,S,R,R,NA,NA,NA,NA,NA,NA,NA,NA,NA
573.13795,EKP,R,NA,R,R,R,R,R,R,R,R,R,R,S,S,S,R,R,R,NA,NA,NA,NA,NA,NA,NA,NA,NA
573.14012,EKP,R,NA,R,R,R,R,R,R,R,R,R,R,S,S,R,S,R,R,NA,NA,NA,NA,NA,NA,NA,NA,NA
573.13451,EKP,S,NA,R,R,R,R,R,R,R,R,R,S,S,S,S,R,R,R,NA,NA,NA,NA,NA,NA,NA,NA,NA
573.14047,EKP,S,NA,R,S,R,R,R,R,S,R,R,S,S,S,S,R,R,R,NA,NA,NA,NA,NA,NA,NA,NA,NA
573.14322,EKP,R,NA,R,R,R,R,R,R,R,R,R,R,S,S,S,R,S,R,NA,NA,NA,NA,NA,NA,NA,NA,NA
573.13133,EKP,S,NA,R,R,R,R,R,R,R,R,S,S,S,S,S,S,R,R,NA,NA,NA,NA,NA,NA,NA,NA,NA
573.13888,EKP,R,NA,R,R,R,R,R,R,R,R,R,S,S,S,S,R,R,R,NA,NA,NA,NA,NA,NA,NA,NA,NA
573.13916,EKP,R,NA,R,R,R,R,R,R,R,R,R,R,R,S,S,R,R,R,NA,NA,NA,NA,NA,NA,NA,NA,NA
573.13061,EKP,S,NA,R,R,R,R,R,R,R,R,R,R,S,S,S,R,R,R,NA,NA,NA,NA,NA,NA,NA,NA,NA
573.12951,EKP,S,NA,S,S,S,S,S,S,S,S,S,S,S,S,S,S,S,R,NA,NA,NA,NA,NA,NA,NA,NA,NA
573.13638,EKP,R,NA,R,R,R,R,R,R,R,R,R,R,S,S,S,R,R,R,NA,NA,NA,NA,NA,NA,NA,NA,NA
573.14344,EKP,R,NA,R,R,R,R,R,R,S,R,R,R,S,S,S,R,R,R,NA,NA,NA,NA,NA,NA,NA,NA,NA
573.13258,EKP,R,NA,R,R,R,R,R,R,S,R,R,R,S,S,S,R,R,R,NA,NA,NA,NA,NA,NA,NA,NA,NA
573.1349,EKP,R,NA,R,R,R,R,R,R,R,R,R,S,S,S,R,R,R,R,NA,NA,NA,NA,NA,NA,NA,NA,NA
573.13572,EKP,R,NA,R,R,R,R,R,R,S,R,R,R,S,S,S,R,R,R,NA,NA,NA,NA,NA,NA,NA,NA,NA
573.14348,EKP,R,NA,R,R,R,R,R,R,R,R,R,R,S,S,S,R,R,R,NA,NA,NA,NA,NA,NA,NA,NA,NA
573.14296,EKP,R,NA,R,R,R,R,R,R,R,R,R,R,R,S,S,R,R,R,NA,NA,NA,NA,NA,NA,NA,NA,NA
573.14051,EKP,R,NA,R,R,R,R,R,R,R,R,R,S,S,S,S,R,R,R,NA,NA,NA,NA,NA,NA,NA,NA,NA
573.13231,EKP,S,NA,R,R,R,R,R,R,R,R,R,S,S,S,S,S,S,R,NA,NA,NA,NA,NA,NA,NA,NA,NA
573.1338,EKP,R,NA,R,R,R,R,R,R,R,R,R,R,R,S,S,S,R,R,NA,NA,NA,NA,NA,NA,NA,NA,NA
573.13206,EKP,R,NA,R,R,R,R,R,R,R,R,R,R,S,S,R,R,R,R,NA,NA,NA,NA,NA,NA,NA,NA,NA
573.14417,EKP,R,NA,R,R,R,R,R,R,R,R,R,R,R,S,R,R,R,R,NA,NA,NA,NA,NA,NA,NA,NA,NA
573.13277,EKP,S,NA,R,R,R,R,R,R,S,R,R,S,S,S,S,S,R,R,NA,NA,NA,NA,NA,NA,NA,NA,NA
573.13567,EKP,R,NA,R,R,R,S,R,S,R,S,R,R,S,S,S,R,S,R,NA,NA,NA,NA,NA,NA,NA,NA,NA
573.14549,EKP,S,NA,R,R,R,R,R,R,R,R,R,R,R,S,S,S,S,R,NA,NA,NA,NA,NA,NA,NA,NA,NA
573.14364,EKP,R,NA,R,R,R,R,R,R,R,R,R,R,R,S,R,R,R,R,NA,NA,NA,NA,NA,NA,NA,NA,NA
573.13318,EKP,R,NA,R,R,R,R,R,R,S,R,S,R,S,S,S,R,R,R,NA,NA,NA,NA,NA,NA,NA,NA,NA
573.13346,EKP,S,NA,R,S,R,R,R,R,S,R,R,S,R,S,S,R,S,R,NA,NA,NA,NA,NA,NA,NA,NA,NA
573.13137,EKP,S,NA,S,S,R,R,R,S,S,S,R,S,S,S,S,S,R,R,NA,NA,NA,NA,NA,NA,NA,NA,NA
573.13699,EKP,R,NA,R,R,R,R,R,R,R,R,R,R,S,S,R,R,R,R,NA,NA,NA,NA,NA,NA,NA,NA,NA
573.13765,EKP,R,NA,R,R,R,R,R,R,R,R,R,R,S,S,R,R,R,R,NA,NA,NA,NA,NA,NA,NA,NA,NA
573.14357,EKP,S,NA,R,R,R,R,R,R,R,R,R,R,R,S,S,R,R,R,NA,NA,NA,NA,NA,NA,NA,NA,NA
573.1408,EKP,R,NA,R,R,R,R,R,R,R,R,R,R,S,S,S,R,R,R,NA,NA,NA,NA,NA,NA,NA,NA,NA
573.13246,EKP,R,NA,R,R,R,R,R,R,R,R,R,R,S,S,S,R,R,R,NA,NA,NA,NA,NA,NA,NA,NA,NA
573.13128,EKP,R,NA,R,R,R,R,R,R,R,R,R,S,S,S,S,S,R,R,NA,NA,NA,NA,NA,NA,NA,NA,NA
573.13198,EKP,S,NA,R,S,R,R,R,R,S,R,R,S,S,S,S,R,S,R,NA,NA,NA,NA,NA,NA,NA,NA,NA
573.1327,EKP,R,NA,R,R,R,R,R,R,R,R,R,R,S,S,S,R,S,R,NA,NA,NA,NA,NA,NA,NA,NA,NA
573.14449,EKP,R,NA,R,R,R,R,R,R,R,R,R,S,S,S,R,NA,R,R,NA,NA,NA,NA,NA,NA,NA,NA,NA
573.14045,EKP,S,NA,R,R,R,R,R,R,R,R,R,S,S,S,S,R,R,R,NA,NA,NA,NA,NA,NA,NA,NA,NA
573.14095,EKP,R,NA,R,R,R,R,R,R,R,R,R,R,S,S,S,R,R,R,NA,NA,NA,NA,NA,NA,NA,NA,NA
573.14151,EKP,R,NA,R,R,R,R,R,R,R,S,R,S,S,S,S,R,R,R,NA,NA,NA,NA,NA,NA,NA,NA,NA
573.13367,EKP,R,NA,R,R,R,R,R,R,R,R,R,R,R,S,R,NA,R,R,NA,NA,NA,NA,NA,NA,NA,NA,NA
573.13158,EKP,R,NA,R,R,R,R,R,R,R,R,R,S,S,S,R,R,S,R,NA,NA,NA,NA,NA,NA,NA,NA,NA
573.13893,EKP,R,NA,R,R,R,R,R,R,R,R,R,S,S,S,R,R,R,R,NA,NA,NA,NA,NA,NA,NA,NA,NA
573.14105,EKP,R,NA,R,R,R,R,R,R,R,R,R,R,R,S,R,R,R,R,NA,NA,NA,NA,NA,NA,NA,NA,NA
573.13881,EKP,S,NA,R,R,R,R,R,R,R,R,R,S,R,S,S,R,R,R,NA,NA,NA,NA,NA,NA,NA,NA,NA
573.13804,EKP,R,NA,R,R,R,R,R,R,R,R,R,R,R,S,S,S,R,R,NA,NA,NA,NA,NA,NA,NA,NA,NA
573.137,EKP,S,NA,R,R,R,R,R,R,R,R,R,S,S,S,S,S,S,R,NA,NA,NA,NA,NA,NA,NA,NA,NA
573.13007,EKP,R,NA,NA,R,R,R,R,R,R,R,R,S,R,S,S,R,R,R,NA,NA,NA,NA,NA,NA,NA,NA,NA
573.13,EKP,S,NA,S,S,S,S,R,S,S,S,S,S,S,S,S,S,R,R,NA,NA,NA,NA,NA,NA,NA,NA,NA
573.14009,EKP,S,NA,R,R,R,R,R,R,R,S,R,R,R,S,S,S,R,R,NA,NA,NA,NA,NA,NA,NA,NA,NA
573.13342,EKP,R,NA,R,R,R,R,R,R,R,R,R,R,S,S,R,R,R,R,NA,NA,NA,NA,NA,NA,NA,NA,NA
573.14402,EKP,R,NA,R,R,R,R,R,R,S,R,R,R,S,S,S,R,R,R,NA,NA,NA,NA,NA,NA,NA,NA,NA
573.14524,EKP,R,NA,R,R,R,R,R,R,R,R,R,S,S,S,R,R,S,R,NA,NA,NA,NA,NA,NA,NA,NA,NA
573.14094,EKP,R,NA,R,R,R,R,R,R,R,R,S,R,S,S,S,R,R,R,NA,NA,NA,NA,NA,NA,NA,NA,NA
573.13637,EKP,R,NA,R,S,R,R,R,R,S,R,R,R,S,S,S,S,R,R,NA,NA,NA,NA,NA,NA,NA,NA,NA
573.13286,EKP,R,NA,R,R,R,S,R,R,S,S,S,R,S,S,S,S,R,R,NA,NA,NA,NA,NA,NA,NA,NA,NA
573.12969,EKP,R,NA,NA,R,R,R,R,R,R,R,R,R,S,S,S,R,R,R,NA,NA,NA,NA,NA,NA,NA,NA,NA
573.13884,EKP,R,NA,R,R,R,R,R,R,R,R,R,S,S,S,S,R,R,R,NA,NA,NA,NA,NA,NA,NA,NA,NA
573.14106,EKP,S,NA,R,R,R,R,R,R,R,R,R,R,S,S,S,R,R,R,NA,NA,NA,NA,NA,NA,NA,NA,NA
573.14116,EKP,R,NA,R,R,R,R,R,R,R,R,R,R,S,S,S,R,R,R,NA,NA,NA,NA,NA,NA,NA,NA,NA
573.1324,EKP,R,NA,R,R,R,R,R,R,R,R,R,R,R,S,R,R,R,R,NA,NA,NA,NA,NA,NA,NA,NA,NA
573.14468,EKP,R,NA,R,R,R,R,R,R,R,R,R,S,S,S,S,R,R,R,NA,NA,NA,NA,NA,NA,NA,NA,NA
573.13503,EKP,R,NA,R,R,R,R,R,R,R,R,R,S,R,S,R,R,R,R,NA,NA,NA,NA,NA,NA,NA,NA,NA
573.13508,EKP,S,NA,S,S,R,S,R,S,S,S,R,S,S,S,S,S,S,R,NA,NA,NA,NA,NA,NA,NA,NA,NA
573.13094,EKP,R,NA,R,R,R,R,R,R,R,R,R,R,S,S,S,R,R,R,NA,NA,NA,NA,NA,NA,NA,NA,NA
573.13633,EKP,R,NA,R,R,R,R,R,R,S,R,R,R,S,S,S,R,R,R,NA,NA,NA,NA,NA,NA,NA,NA,NA
573.13069,EKP,R,NA,R,R,R,R,R,R,R,R,R,R,S,S,R,R,R,R,NA,NA,NA,NA,NA,NA,NA,NA,NA
573.14527,EKP,R,NA,R,R,R,R,R,R,S,R,R,R,S,S,S,R,R,R,NA,NA,NA,NA,NA,NA,NA,NA,NA
573.14326,EKP,R,NA,R,R,R,R,R,R,R,R,R,S,S,S,S,NA,R,R,NA,NA,NA,NA,NA,NA,NA,NA,NA
573.13406,EKP,S,NA,R,R,R,R,R,R,R,R,R,S,S,S,S,R,R,R,NA,NA,NA,NA,NA,NA,NA,NA,NA
573.1363,EKP,R,NA,R,R,R,R,R,R,R,R,R,S,S,S,S,R,R,R,NA,NA,NA,NA,NA,NA,NA,NA,NA
573.13639,EKP,S,NA,R,S,R,R,R,R,S,R,R,S,R,S,S,NA,S,R,NA,NA,NA,NA,NA,NA,NA,NA,NA
573.13294,EKP,S,NA,R,R,R,R,R,R,R,R,R,S,S,S,S,R,R,R,NA,NA,NA,NA,NA,NA,NA,NA,NA
573.14307,EKP,R,NA,R,R,R,R,R,R,R,R,R,R,S,S,S,R,R,R,NA,NA,NA,NA,NA,NA,NA,NA,NA
573.12897,EKP,R,NA,NA,R,R,R,R,R,R,R,R,S,S,S,S,R,R,R,NA,NA,NA,NA,NA,NA,NA,NA,NA
573.14079,EKP,R,NA,R,R,R,R,R,R,R,R,R,R,R,S,S,R,S,R,NA,NA,NA,NA,NA,NA,NA,NA,NA
573.14461,EKP,R,NA,R,R,R,R,R,R,R,R,R,S,S,S,S,NA,R,R,NA,NA,NA,NA,NA,NA,NA,NA,NA
573.13818,EKP,R,NA,R,R,R,R,R,R,R,R,S,S,S,S,S,R,R,R,NA,NA,NA,NA,NA,NA,NA,NA,NA
573.13152,EKP,S,NA,R,R,R,R,R,R,R,R,S,S,S,S,S,R,S,R,NA,NA,NA,NA,NA,NA,NA,NA,NA
573.13247,EKP,S,NA,R,R,R,R,R,R,R,R,R,S,R,S,S,S,R,R,NA,NA,NA,NA,NA,NA,NA,NA,NA
573.13632,EKP,R,NA,R,R,R,R,R,R,R,S,R,S,S,S,R,NA,S,R,NA,NA,NA,NA,NA,NA,NA,NA,NA
573.14074,EKP,S,NA,R,R,R,R,R,R,R,R,R,R,S,S,S,S,R,R,NA,NA,NA,NA,NA,NA,NA,NA,NA
573.13317,EKP,S,NA,R,R,R,R,R,R,R,R,R,S,S,S,S,R,R,R,NA,NA,NA,NA,NA,NA,NA,NA,NA
573.12987,EKP,R,NA,NA,R,R,R,R,R,S,R,R,R,S,S,S,R,R,R,NA,NA,NA,NA,NA,NA,NA,NA,NA
573.13675,EKP,R,NA,R,R,R,R,R,R,S,R,R,R,S,S,S,R,R,R,NA,NA,NA,NA,NA,NA,NA,NA,NA
573.13737,EKP,S,NA,R,R,R,R,R,R,R,R,R,S,S,S,S,NA,S,R,NA,NA,NA,NA,NA,NA,NA,NA,NA
573.13521,EKP,R,NA,R,S,R,R,R,R,S,R,R,S,S,S,S,R,R,R,NA,NA,NA,NA,NA,NA,NA,NA,NA
573.14294,EKP,R,NA,R,R,R,R,R,R,R,R,R,R,R,S,R,R,R,R,NA,NA,NA,NA,NA,NA,NA,NA,NA
573.12935,EKP,S,NA,S,S,S,S,S,S,S,S,S,S,S,S,S,S,S,R,NA,NA,NA,NA,NA,NA,NA,NA,NA
573.13174,EKP,S,NA,R,R,R,R,R,R,R,R,R,S,R,S,S,R,S,R,NA,NA,NA,NA,NA,NA,NA,NA,NA
573.14005,EKP,S,NA,R,R,R,R,R,R,R,R,R,S,R,S,S,S,R,R,NA,NA,NA,NA,NA,NA,NA,NA,NA
573.53747,EKP,NA,NA,NA,R,NA,NA,NA,NA,NA,NA,NA,S,R,S,R,R,NA,R,NA,NA,NA,NA,NA,NA,NA,NA,S
573.1389,EKP,R,NA,R,R,R,R,R,R,R,R,S,R,S,S,S,S,R,R,NA,NA,NA,NA,NA,NA,NA,NA,NA
573.12952,EKP,R,NA,NA,R,R,R,R,R,S,R,R,R,S,S,S,R,R,R,NA,NA,NA,NA,NA,NA,NA,NA,NA
573.14154,EKP,R,NA,R,R,R,R,R,R,R,S,R,R,S,S,S,NA,S,R,NA,NA,NA,NA,NA,NA,NA,NA,NA
573.14452,EKP,S,NA,R,R,R,R,R,R,R,S,R,R,R,S,S,S,R,R,NA,NA,NA,NA,NA,NA,NA,NA,NA
573.13141,EKP,S,NA,R,R,R,S,R,S,S,S,R,S,S,S,S,S,R,R,NA,NA,NA,NA,NA,NA,NA,NA,NA
573.12996,EKP,S,NA,S,S,R,S,R,S,S,S,R,S,S,S,S,S,S,R,NA,NA,NA,NA,NA,NA,NA,NA,NA
573.13654,EKP,R,NA,R,R,R,R,R,R,R,R,R,S,S,S,S,R,R,R,NA,NA,NA,NA,NA,NA,NA,NA,NA
287.1482,PPA,S,NA,NA,R,NA,S,NA,NA,R,S,R,NA,S,NA,S,NA,NA,NA,NA,NA,NA,NA,NA,NA,NA,NA,NA
470.1556,PTX,R,NA,NA,R,NA,NA,NA,NA,R,NA,NA,R,S,NA,S,NA,NA,NA,NA,NA,NA,NA,NA,NA,NA,NA,NA
470.7684,PTX,S,NA,NA,S,NA,NA,NA,NA,S,NA,NA,S,S,NA,S,NA,NA,NA,NA,NA,NA,NA,NA,NA,NA,NA,NA
470.7987,PTX,R,NA,NA,R,NA,NA,NA,NA,R,NA,NA,R,S,NA,R,NA,NA,NA,NA,NA,NA,NA,NA,NA,NA,NA,NA
470.8022,PTX,S,NA,NA,R,NA,NA,NA,NA,S,NA,NA,S,S,NA,S,NA,NA,NA,NA,NA,NA,NA,NA,NA,NA,NA,NA
470.7771,PTX,S,NA,NA,S,NA,NA,NA,NA,S,NA,NA,S,S,NA,S,NA,NA,NA,NA,NA,NA,NA,NA,NA,NA,NA,NA
470.7988,PTX,R,NA,NA,R,NA,NA,NA,NA,R,NA,NA,R,S,NA,R,NA,NA,NA,NA,NA,NA,NA,NA,NA,NA,NA,NA
470.7414,PTX,R,NA,NA,R,NA,NA,NA,NA,R,NA,NA,R,S,NA,R,NA,NA,NA,NA,NA,NA,NA,NA,NA,NA,NA,NA
470.7519,PTX,S,NA,NA,S,NA,NA,NA,NA,S,NA,NA,S,S,NA,S,NA,NA,NA,NA,NA,NA,NA,NA,NA,NA,NA,NA
470.7462,PTX,S,NA,NA,R,NA,NA,NA,NA,R,NA,NA,R,R,NA,R,NA,NA,NA,NA,NA,NA,NA,NA,NA,NA,NA,NA
470.7499,PTX,R,NA,NA,R,NA,NA,NA,NA,R,NA,NA,R,S,NA,R,NA,NA,NA,NA,NA,NA,NA,NA,NA,NA,NA,NA
470.753,PTX,R,NA,NA,R,NA,NA,NA,NA,S,NA,NA,R,R,NA,S,NA,NA,NA,NA,NA,NA,NA,NA,NA,NA,NA,NA
470.7932,PTX,S,NA,NA,R,NA,NA,NA,NA,R,NA,NA,R,S,NA,S,NA,NA,NA,NA,NA,NA,NA,NA,NA,NA,NA,NA
470.8004,PTX,R,NA,NA,R,NA,NA,NA,NA,R,NA,NA,R,S,NA,S,NA,NA,NA,NA,NA,NA,NA,NA,NA,NA,NA,NA
470.7549,PTX,R,NA,NA,R,NA,NA,NA,NA,R,NA,NA,R,S,NA,R,NA,NA,NA,NA,NA,NA,NA,NA,NA,NA,NA,NA
470.8033,PTX,S,NA,NA,R,NA,NA,NA,NA,R,NA,NA,R,S,NA,S,NA,NA,NA,NA,NA,NA,NA,NA,NA,NA,NA,NA
470.7977,PTX,S,NA,NA,R,NA,NA,NA,NA,R,NA,NA,R,S,NA,S,NA,NA,NA,NA,NA,NA,NA,NA,NA,NA,NA,NA
470.1551,PTX,R,NA,NA,R,NA,NA,NA,NA,R,NA,NA,R,S,NA,R,NA,NA,NA,NA,NA,NA,NA,NA,NA,NA,NA,NA
470.7792,PTX,R,NA,NA,R,NA,NA,NA,NA,R,NA,NA,R,R,NA,S,NA,NA,NA,NA,NA,NA,NA,NA,NA,NA,NA,NA
470.7572,PTX,R,NA,NA,R,NA,NA,NA,NA,R,NA,NA,R,S,NA,R,NA,NA,NA,NA,NA,NA,NA,NA,NA,NA,NA,NA
470.7422,PTX,S,NA,NA,S,NA,NA,NA,NA,S,NA,NA,S,S,NA,S,NA,NA,NA,NA,NA,NA,NA,NA,NA,NA,NA,NA
470.7891,PTX,R,NA,NA,R,NA,NA,NA,NA,R,NA,NA,R,S,NA,S,NA,NA,NA,NA,NA,NA,NA,NA,NA,NA,NA,NA
470.7449,PTX,R,NA,NA,R,NA,NA,NA,NA,R,NA,NA,R,R,NA,R,NA,NA,NA,NA,NA,NA,NA,NA,NA,NA,NA,NA
470.7721,PTX,R,NA,NA,R,NA,NA,NA,NA,R,NA,NA,R,S,NA,R,NA,NA,NA,NA,NA,NA,NA,NA,NA,NA,NA,NA
470.8027,PTX,S,NA,NA,S,NA,NA,NA,NA,S,NA,NA,S,S,NA,S,NA,NA,NA,NA,NA,NA,NA,NA,NA,NA,NA,NA
470.7681,PTX,R,NA,NA,S,NA,NA,NA,NA,S,NA,NA,R,R,NA,S,NA,NA,NA,NA,NA,NA,NA,NA,NA,NA,NA,NA
470.7489,PTX,R,NA,NA,R,NA,NA,NA,NA,R,NA,NA,R,S,NA,R,NA,NA,NA,NA,NA,NA,NA,NA,NA,NA,NA,NA
470.7715,PTX,R,NA,NA,R,NA,NA,NA,NA,R,NA,NA,R,S,NA,R,NA,NA,NA,NA,NA,NA,NA,NA,NA,NA,NA,NA
470.7945,PTX,S,NA,NA,R,NA,NA,NA,NA,R,NA,NA,R,S,NA,S,NA,NA,NA,NA,NA,NA,NA,NA,NA,NA,NA,NA
470.7588,PTX,R,NA,NA,R,NA,NA,NA,NA,R,NA,NA,R,S,NA,R,NA,NA,NA,NA,NA,NA,NA,NA,NA,NA,NA,NA
470.7503,PTX,S,NA,NA,R,NA,NA,NA,NA,R,NA,NA,R,S,NA,S,NA,NA,NA,NA,NA,NA,NA,NA,NA,NA,NA,NA
470.8102,PTX,R,NA,NA,R,NA,NA,NA,NA,R,NA,NA,R,R,NA,R,NA,NA,NA,NA,NA,NA,NA,NA,NA,NA,NA,NA
470.7535,PTX,R,NA,NA,R,NA,NA,NA,NA,R,NA,NA,R,S,NA,S,NA,NA,NA,NA,NA,NA,NA,NA,NA,NA,NA,NA
470.7527,PTX,R,NA,NA,R,NA,NA,NA,NA,R,NA,NA,R,S,NA,R,NA,NA,NA,NA,NA,NA,NA,NA,NA,NA,NA,NA
470.7933,PTX,R,NA,NA,R,NA,NA,NA,NA,R,NA,NA,R,R,NA,R,NA,NA,NA,NA,NA,NA,NA,NA,NA,NA,NA,NA
470.8069,PTX,S,NA,NA,R,NA,NA,NA,NA,R,NA,NA,R,S,NA,S,NA,NA,NA,NA,NA,NA,NA,NA,NA,NA,NA,NA
470.7821,PTX,R,NA,NA,R,NA,NA,NA,NA,R,NA,NA,R,S,NA,R,NA,NA,NA,NA,NA,NA,NA,NA,NA,NA,NA,NA
470.7416,PTX,S,NA,NA,S,NA,NA,NA,NA,S,NA,NA,S,S,NA,S,NA,NA,NA,NA,NA,NA,NA,NA,NA,NA,NA,NA
470.8048,PTX,R,NA,NA,R,NA,NA,NA,NA,R,NA,NA,R,S,NA,R,NA,NA,NA,NA,NA,NA,NA,NA,NA,NA,NA,NA
470.746,PTX,R,NA,NA,R,NA,NA,NA,NA,R,NA,NA,R,R,NA,R,NA,NA,NA,NA,NA,NA,NA,NA,NA,NA,NA,NA
470.7942,PTX,R,NA,NA,R,NA,NA,NA,NA,R,NA,NA,R,S,NA,S,NA,NA,NA,NA,NA,NA,NA,NA,NA,NA,NA,NA
903921.3,PTX,NA,NA,NA,NA,NA,NA,NA,NA,NA,NA,NA,NA,NA,NA,NA,NA,NA,NA,NA,NA,NA,NA,NA,NA,NA,NA,NA
470.8085,PTX,S,NA,NA,R,NA,NA,NA,NA,R,NA,NA,R,S,NA,S,NA,NA,NA,NA,NA,NA,NA,NA,NA,NA,NA,NA
470.7505,PTX,S,NA,NA,R,NA,NA,NA,NA,R,NA,NA,R,S,NA,S,NA,NA,NA,NA,NA,NA,NA,NA,NA,NA,NA,NA
470.7643,PTX,R,NA,NA,R,NA,NA,NA,NA,R,NA,NA,R,R,NA,S,NA,NA,NA,NA,NA,NA,NA,NA,NA,NA,NA,NA
470.7552,PTX,S,NA,NA,S,NA,NA,NA,NA,S,NA,NA,S,S,NA,S,NA,NA,NA,NA,NA,NA,NA,NA,NA,NA,NA,NA
470.7646,PTX,R,NA,NA,R,NA,NA,NA,NA,R,NA,NA,R,S,NA,R,NA,NA,NA,NA,NA,NA,NA,NA,NA,NA,NA,NA
470.7616,PTX,S,NA,NA,S,NA,NA,NA,NA,S,NA,NA,S,S,NA,S,NA,NA,NA,NA,NA,NA,NA,NA,NA,NA,NA,NA
470.7956,PTX,R,NA,NA,R,NA,NA,NA,NA,R,NA,NA,R,S,NA,S,NA,NA,NA,NA,NA,NA,NA,NA,NA,NA,NA,NA
470.7802,PTX,R,NA,NA,R,NA,NA,NA,NA,R,NA,NA,R,S,NA,R,NA,NA,NA,NA,NA,NA,NA,NA,NA,NA,NA,NA
470.7751,PTX,R,NA,NA,R,NA,NA,NA,NA,R,NA,NA,R,R,NA,S,NA,NA,NA,NA,NA,NA,NA,NA,NA,NA,NA,NA
470.798,PTX,R,NA,NA,R,NA,NA,NA,NA,R,NA,NA,R,S,NA,S,NA,NA,NA,NA,NA,NA,NA,NA,NA,NA,NA,NA
470.8055,PTX,R,NA,NA,R,NA,NA,NA,NA,R,NA,NA,R,S,NA,R,NA,NA,NA,NA,NA,NA,NA,NA,NA,NA,NA,NA
470.7548,PTX,R,NA,NA,R,NA,NA,NA,NA,R,NA,NA,R,S,NA,R,NA,NA,NA,NA,NA,NA,NA,NA,NA,NA,NA,NA
470.8107,PTX,S,NA,NA,R,NA,NA,NA,NA,R,NA,NA,R,R,NA,S,NA,NA,NA,NA,NA,NA,NA,NA,NA,NA,NA,NA
470.7981,PTX,R,NA,NA,R,NA,NA,NA,NA,R,NA,NA,R,S,NA,R,NA,NA,NA,NA,NA,NA,NA,NA,NA,NA,NA,NA
470.7622,PTX,R,NA,NA,R,NA,NA,NA,NA,R,NA,NA,R,S,NA,S,NA,NA,NA,NA,NA,NA,NA,NA,NA,NA,NA,NA
470.8001,PTX,S,NA,NA,R,NA,NA,NA,NA,R,NA,NA,R,S,NA,S,NA,NA,NA,NA,NA,NA,NA,NA,NA,NA,NA,NA
470.7533,PTX,S,NA,NA,S,NA,NA,NA,NA,S,NA,NA,S,S,NA,S,NA,NA,NA,NA,NA,NA,NA,NA,NA,NA,NA,NA
470.7878,PTX,R,NA,NA,R,NA,NA,NA,NA,R,NA,NA,R,S,NA,R,NA,NA,NA,NA,NA,NA,NA,NA,NA,NA,NA,NA
470.7582,PTX,S,NA,NA,R,NA,NA,NA,NA,R,NA,NA,R,R,NA,R,NA,NA,NA,NA,NA,NA,NA,NA,NA,NA,NA,NA
470.8093,PTX,S,NA,NA,R,NA,NA,NA,NA,R,NA,NA,R,R,NA,R,NA,NA,NA,NA,NA,NA,NA,NA,NA,NA,NA,NA
903902.3,PTX,NA,NA,NA,NA,NA,NA,NA,NA,NA,NA,NA,NA,NA,NA,NA,NA,NA,NA,NA,NA,NA,NA,NA,NA,NA,NA,NA
470.755,PTX,R,NA,NA,R,NA,NA,NA,NA,R,NA,NA,R,S,NA,R,NA,NA,NA,NA,NA,NA,NA,NA,NA,NA,NA,NA
470.7647,PTX,R,NA,NA,R,NA,NA,NA,NA,R,NA,NA,R,S,NA,R,NA,NA,NA,NA,NA,NA,NA,NA,NA,NA,NA,NA
470.7888,PTX,S,NA,NA,R,NA,NA,NA,NA,R,NA,NA,R,S,NA,S,NA,NA,NA,NA,NA,NA,NA,NA,NA,NA,NA,NA
470.7471,PTX,S,NA,NA,S,NA,NA,NA,NA,S,NA,NA,S,S,NA,S,NA,NA,NA,NA,NA,NA,NA,NA,NA,NA,NA,NA
470.7786,PTX,R,NA,NA,R,NA,NA,NA,NA,R,NA,NA,R,R,NA,S,NA,NA,NA,NA,NA,NA,NA,NA,NA,NA,NA,NA
470.1549,PTX,S,NA,NA,R,NA,NA,NA,NA,R,NA,NA,R,S,NA,R,NA,NA,NA,NA,NA,NA,NA,NA,NA,NA,NA,NA
470.7926,PTX,S,NA,NA,R,NA,NA,NA,NA,R,NA,NA,R,S,NA,S,NA,NA,NA,NA,NA,NA,NA,NA,NA,NA,NA,NA
903909.3,PTX,NA,NA,NA,NA,NA,NA,NA,NA,NA,NA,NA,NA,NA,NA,NA,NA,NA,NA,NA,NA,NA,NA,NA,NA,NA,NA,NA
470.7645,PTX,R,NA,NA,R,NA,NA,NA,NA,R,NA,NA,R,S,NA,R,NA,NA,NA,NA,NA,NA,NA,NA,NA,NA,NA,NA
470.7961,PTX,R,NA,NA,R,NA,NA,NA,NA,S,NA,NA,R,S,NA,R,NA,NA,NA,NA,NA,NA,NA,NA,NA,NA,NA,NA
470.7699,PTX,R,NA,NA,R,NA,NA,NA,NA,R,NA,NA,R,S,NA,R,NA,NA,NA,NA,NA,NA,NA,NA,NA,NA,NA,NA
470.7829,PTX,R,NA,NA,R,NA,NA,NA,NA,R,NA,NA,R,R,NA,S,NA,NA,NA,NA,NA,NA,NA,NA,NA,NA,NA,NA
470.783,PTX,R,NA,NA,R,NA,NA,NA,NA,R,NA,NA,R,S,NA,R,NA,NA,NA,NA,NA,NA,NA,NA,NA,NA,NA,NA
470.7931,PTX,S,NA,NA,R,NA,NA,NA,NA,R,NA,NA,R,S,NA,S,NA,NA,NA,NA,NA,NA,NA,NA,NA,NA,NA,NA
470.7795,PTX,R,NA,NA,R,NA,NA,NA,NA,R,NA,NA,R,R,NA,S,NA,NA,NA,NA,NA,NA,NA,NA,NA,NA,NA,NA
470.7578,PTX,R,NA,NA,R,NA,NA,NA,NA,R,NA,NA,R,R,NA,R,NA,NA,NA,NA,NA,NA,NA,NA,NA,NA,NA,NA
470.7526,PTX,R,NA,NA,R,NA,NA,NA,NA,R,NA,NA,R,R,NA,R,NA,NA,NA,NA,NA,NA,NA,NA,NA,NA,NA,NA
470.78,PTX,R,NA,NA,R,NA,NA,NA,NA,R,NA,NA,R,R,NA,S,NA,NA,NA,NA,NA,NA,NA,NA,NA,NA,NA,NA
470.8076,PTX,R,NA,NA,R,NA,NA,NA,NA,R,NA,NA,R,R,NA,R,NA,NA,NA,NA,NA,NA,NA,NA,NA,NA,NA,NA
903896.3,PTX,NA,NA,NA,NA,NA,NA,NA,NA,NA,NA,NA,NA,NA,NA,NA,NA,NA,NA,NA,NA,NA,NA,NA,NA,NA,NA,NA
470.779,PTX,R,NA,NA,R,NA,NA,NA,NA,R,NA,NA,R,S,NA,R,NA,NA,NA,NA,NA,NA,NA,NA,NA,NA,NA,NA
470.7581,PTX,R,NA,NA,R,NA,NA,NA,NA,R,NA,NA,R,R,NA,R,NA,NA,NA,NA,NA,NA,NA,NA,NA,NA,NA,NA
470.7765,PTX,S,NA,NA,R,NA,NA,NA,NA,R,NA,NA,R,S,NA,R,NA,NA,NA,NA,NA,NA,NA,NA,NA,NA,NA,NA
470.7673,PTX,R,NA,NA,R,NA,NA,NA,NA,R,NA,NA,R,S,NA,R,NA,NA,NA,NA,NA,NA,NA,NA,NA,NA,NA,NA
903936.3,PTX,NA,NA,NA,NA,NA,NA,NA,NA,NA,NA,NA,NA,NA,NA,NA,NA,NA,NA,NA,NA,NA,NA,NA,NA,NA,NA,NA
470.7917,PTX,S,NA,NA,R,NA,NA,NA,NA,R,NA,NA,R,S,NA,S,NA,NA,NA,NA,NA,NA,NA,NA,NA,NA,NA,NA
470.786,PTX,R,NA,NA,R,NA,NA,NA,NA,R,NA,NA,R,R,NA,S,NA,NA,NA,NA,NA,NA,NA,NA,NA,NA,NA,NA
470.8038,PTX,S,NA,NA,R,NA,NA,NA,NA,R,NA,NA,R,S,NA,S,NA,NA,NA,NA,NA,NA,NA,NA,NA,NA,NA,NA
470.7421,PTX,S,NA,NA,R,NA,NA,NA,NA,R,NA,NA,S,S,NA,S,NA,NA,NA,NA,NA,NA,NA,NA,NA,NA,NA,NA
470.8077,PTX,S,NA,NA,R,NA,NA,NA,NA,R,NA,NA,R,R,NA,S,NA,NA,NA,NA,NA,NA,NA,NA,NA,NA,NA,NA
470.7936,PTX,R,NA,NA,R,NA,NA,NA,NA,R,NA,NA,R,R,NA,R,NA,NA,NA,NA,NA,NA,NA,NA,NA,NA,NA,NA
470.769,PTX,S,NA,NA,R,NA,NA,NA,NA,R,NA,NA,R,R,NA,S,NA,NA,NA,NA,NA,NA,NA,NA,NA,NA,NA,NA
470.7496,PTX,R,NA,NA,R,NA,NA,NA,NA,R,NA,NA,R,S,NA,S,NA,NA,NA,NA,NA,NA,NA,NA,NA,NA,NA,NA
470.7744,PTX,R,NA,NA,R,NA,NA,NA,NA,R,NA,NA,R,S,NA,S,NA,NA,NA,NA,NA,NA,NA,NA,NA,NA,NA,NA
470.7773,PTX,S,NA,NA,R,NA,NA,NA,NA,R,NA,NA,R,S,NA,R,NA,NA,NA,NA,NA,NA,NA,NA,NA,NA,NA,NA
470.7816,PTX,R,NA,NA,R,NA,NA,NA,NA,R,NA,NA,R,R,NA,S,NA,NA,NA,NA,NA,NA,NA,NA,NA,NA,NA,NA
470.7653,PTX,S,NA,NA,R,NA,NA,NA,NA,R,NA,NA,S,S,NA,S,NA,NA,NA,NA,NA,NA,NA,NA,NA,NA,NA,NA
903895.3,PTX,NA,NA,NA,NA,NA,NA,NA,NA,NA,NA,NA,NA,NA,NA,NA,NA,NA,NA,NA,NA,NA,NA,NA,NA,NA,NA,NA
470.7851,PTX,R,NA,NA,R,NA,NA,NA,NA,R,NA,NA,R,S,NA,R,NA,NA,NA,NA,NA,NA,NA,NA,NA,NA,NA,NA
470.7603,PTX,S,NA,NA,R,NA,NA,NA,NA,R,NA,NA,R,R,NA,S,NA,NA,NA,NA,NA,NA,NA,NA,NA,NA,NA,NA
470.7809,PTX,R,NA,NA,R,NA,NA,NA,NA,R,NA,NA,R,R,NA,S,NA,NA,NA,NA,NA,NA,NA,NA,NA,NA,NA,NA
470.7609,PTX,R,NA,NA,R,NA,NA,NA,NA,R,NA,NA,R,S,NA,S,NA,NA,NA,NA,NA,NA,NA,NA,NA,NA,NA,NA
903908.3,PTX,NA,NA,NA,NA,NA,NA,NA,NA,NA,NA,NA,NA,NA,NA,NA,NA,NA,NA,NA,NA,NA,NA,NA,NA,NA,NA,NA
470.7669,PTX,R,NA,NA,R,NA,NA,NA,NA,R,NA,NA,R,S,NA,S,NA,NA,NA,NA,NA,NA,NA,NA,NA,NA,NA,NA
470.7463,PTX,S,NA,NA,R,NA,NA,NA,NA,R,NA,NA,R,R,NA,R,NA,NA,NA,NA,NA,NA,NA,NA,NA,NA,NA,NA
470.7996,PTX,R,NA,NA,R,NA,NA,NA,NA,R,NA,NA,R,S,NA,R,NA,NA,NA,NA,NA,NA,NA,NA,NA,NA,NA,NA
470.7488,PTX,S,NA,NA,S,NA,NA,NA,NA,S,NA,NA,S,S,NA,S,NA,NA,NA,NA,NA,NA,NA,NA,NA,NA,NA,NA
470.7747,PTX,R,NA,NA,R,NA,NA,NA,NA,R,NA,NA,R,R,NA,S,NA,NA,NA,NA,NA,NA,NA,NA,NA,NA,NA,NA
470.7515,PTX,S,NA,NA,R,NA,NA,NA,NA,S,NA,NA,S,S,NA,S,NA,NA,NA,NA,NA,NA,NA,NA,NA,NA,NA,NA
903906.3,PTX,NA,NA,NA,NA,NA,NA,NA,NA,NA,NA,NA,NA,NA,NA,NA,NA,NA,NA,NA,NA,NA,NA,NA,NA,NA,NA,NA
470.7525,PTX,R,NA,NA,R,NA,NA,NA,NA,R,NA,NA,R,R,NA,R,NA,NA,NA,NA,NA,NA,NA,NA,NA,NA,NA,NA
470.7428,PTX,S,NA,NA,R,NA,NA,NA,NA,R,NA,NA,R,S,NA,S,NA,NA,NA,NA,NA,NA,NA,NA,NA,NA,NA,NA
470.787,PTX,R,NA,NA,R,NA,NA,NA,NA,R,NA,NA,R,S,NA,S,NA,NA,NA,NA,NA,NA,NA,NA,NA,NA,NA,NA
470.7841,PTX,R,NA,NA,R,NA,NA,NA,NA,R,NA,NA,R,S,NA,R,NA,NA,NA,NA,NA,NA,NA,NA,NA,NA,NA,NA
470.77,PTX,R,NA,NA,R,NA,NA,NA,NA,R,NA,NA,R,S,NA,R,NA,NA,NA,NA,NA,NA,NA,NA,NA,NA,NA,NA
903913.3,PTX,NA,NA,NA,NA,NA,NA,NA,NA,NA,NA,NA,NA,NA,NA,NA,NA,NA,NA,NA,NA,NA,NA,NA,NA,NA,NA,NA
470.7801,PTX,R,NA,NA,R,NA,NA,NA,NA,R,NA,NA,R,S,NA,R,NA,NA,NA,NA,NA,NA,NA,NA,NA,NA,NA,NA
470.745,PTX,S,NA,NA,R,NA,NA,NA,NA,R,NA,NA,R,S,NA,S,NA,NA,NA,NA,NA,NA,NA,NA,NA,NA,NA,NA
470.7685,PTX,S,NA,NA,R,NA,NA,NA,NA,R,NA,NA,R,S,NA,S,NA,NA,NA,NA,NA,NA,NA,NA,NA,NA,NA,NA
470.7938,PTX,S,NA,NA,R,NA,NA,NA,NA,R,NA,NA,R,S,NA,S,NA,NA,NA,NA,NA,NA,NA,NA,NA,NA,NA,NA
470.1564,PTX,R,NA,NA,R,NA,NA,NA,NA,R,NA,NA,R,R,NA,R,NA,NA,NA,NA,NA,NA,NA,NA,NA,NA,NA,NA
470.8002,PTX,S,NA,NA,R,NA,NA,NA,NA,R,NA,NA,R,S,NA,S,NA,NA,NA,NA,NA,NA,NA,NA,NA,NA,NA,NA
470.7946,PTX,R,NA,NA,R,NA,NA,NA,NA,R,NA,NA,R,R,NA,S,NA,NA,NA,NA,NA,NA,NA,NA,NA,NA,NA,NA
470.7964,PTX,S,NA,NA,R,NA,NA,NA,NA,R,NA,NA,R,S,NA,R,NA,NA,NA,NA,NA,NA,NA,NA,NA,NA,NA,NA
470.8011,PTX,S,NA,NA,R,NA,NA,NA,NA,R,NA,NA,R,S,NA,R,NA,NA,NA,NA,NA,NA,NA,NA,NA,NA,NA,NA
470.7654,PTX,R,NA,NA,R,NA,NA,NA,NA,R,NA,NA,R,S,NA,R,NA,NA,NA,NA,NA,NA,NA,NA,NA,NA,NA,NA
470.7702,PTX,R,NA,NA,R,NA,NA,NA,NA,R,NA,NA,R,S,NA,R,NA,NA,NA,NA,NA,NA,NA,NA,NA,NA,NA,NA
470.7803,PTX,R,NA,NA,R,NA,NA,NA,NA,R,NA,NA,R,S,NA,R,NA,NA,NA,NA,NA,NA,NA,NA,NA,NA,NA,NA
470.7825,PTX,R,NA,NA,R,NA,NA,NA,NA,R,NA,NA,R,S,NA,R,NA,NA,NA,NA,NA,NA,NA,NA,NA,NA,NA,NA
470.8,PTX,S,NA,NA,R,NA,NA,NA,NA,R,NA,NA,R,S,NA,S,NA,NA,NA,NA,NA,NA,NA,NA,NA,NA,NA,NA
903894.3,PTX,NA,NA,NA,NA,NA,NA,NA,NA,NA,NA,NA,NA,NA,NA,NA,NA,NA,NA,NA,NA,NA,NA,NA,NA,NA,NA,NA
470.8032,PTX,S,NA,NA,R,NA,NA,NA,NA,R,NA,NA,S,S,NA,S,NA,NA,NA,NA,NA,NA,NA,NA,NA,NA,NA,NA
470.7636,PTX,S,NA,NA,S,NA,NA,NA,NA,S,NA,NA,S,S,NA,S,NA,NA,NA,NA,NA,NA,NA,NA,NA,NA,NA,NA
470.7493,PTX,R,NA,NA,R,NA,NA,NA,NA,R,NA,NA,R,S,NA,R,NA,NA,NA,NA,NA,NA,NA,NA,NA,NA,NA,NA
470.8008,PTX,S,NA,NA,R,NA,NA,NA,NA,R,NA,NA,R,R,NA,S,NA,NA,NA,NA,NA,NA,NA,NA,NA,NA,NA,NA
470.768,PTX,R,NA,NA,R,NA,NA,NA,NA,R,NA,NA,R,R,NA,R,NA,NA,NA,NA,NA,NA,NA,NA,NA,NA,NA,NA
470.7778,PTX,R,NA,NA,R,NA,NA,NA,NA,R,NA,NA,R,R,NA,S,NA,NA,NA,NA,NA,NA,NA,NA,NA,NA,NA,NA
470.7674,PTX,R,NA,NA,S,NA,NA,NA,NA,S,NA,NA,R,S,NA,S,NA,NA,NA,NA,NA,NA,NA,NA,NA,NA,NA,NA
470.7451,PTX,S,NA,NA,R,NA,NA,NA,NA,R,NA,NA,R,S,NA,S,NA,NA,NA,NA,NA,NA,NA,NA,NA,NA,NA,NA
470.7748,PTX,S,NA,NA,R,NA,NA,NA,NA,R,NA,NA,R,S,NA,R,NA,NA,NA,NA,NA,NA,NA,NA,NA,NA,NA,NA
470.756,PTX,S,NA,NA,S,NA,NA,NA,NA,S,NA,NA,S,S,NA,S,NA,NA,NA,NA,NA,NA,NA,NA,NA,NA,NA,NA
470.7494,PTX,S,NA,NA,R,NA,NA,NA,NA,R,NA,NA,R,S,NA,S,NA,NA,NA,NA,NA,NA,NA,NA,NA,NA,NA,NA
470.7772,PTX,S,NA,NA,S,NA,NA,NA,NA,S,NA,NA,S,S,NA,S,NA,NA,NA,NA,NA,NA,NA,NA,NA,NA,NA,NA
470.7634,PTX,R,NA,NA,R,NA,NA,NA,NA,R,NA,NA,R,R,NA,S,NA,NA,NA,NA,NA,NA,NA,NA,NA,NA,NA,NA
1409927.3,PTX,NA,NA,NA,NA,NA,NA,NA,NA,NA,NA,NA,NA,NA,NA,NA,NA,NA,NA,NA,NA,NA,NA,NA,NA,NA,NA,NA
470.81,PTX,R,NA,NA,R,NA,NA,NA,NA,R,NA,NA,R,R,NA,R,NA,NA,NA,NA,NA,NA,NA,NA,NA,NA,NA,NA
470.7644,PTX,R,NA,NA,R,NA,NA,NA,NA,R,NA,NA,R,S,NA,R,NA,NA,NA,NA,NA,NA,NA,NA,NA,NA,NA,NA
470.7935,PTX,R,NA,NA,R,NA,NA,NA,NA,R,NA,NA,R,S,NA,S,NA,NA,NA,NA,NA,NA,NA,NA,NA,NA,NA,NA
470.7836,PTX,R,NA,NA,R,NA,NA,NA,NA,R,NA,NA,R,R,NA,S,NA,NA,NA,NA,NA,NA,NA,NA,NA,NA,NA,NA
903919.3,PTX,NA,NA,NA,NA,NA,NA,NA,NA,NA,NA,NA,NA,NA,NA,NA,NA,NA,NA,NA,NA,NA,NA,NA,NA,NA,NA,NA
470.7989,PTX,R,NA,NA,R,NA,NA,NA,NA,R,NA,NA,R,S,NA,R,NA,NA,NA,NA,NA,NA,NA,NA,NA,NA,NA,NA
470.7994,PTX,R,NA,NA,R,NA,NA,NA,NA,R,NA,NA,R,S,NA,R,NA,NA,NA,NA,NA,NA,NA,NA,NA,NA,NA,NA
470.7571,PTX,S,NA,NA,S,NA,NA,NA,NA,S,NA,NA,S,S,NA,S,NA,NA,NA,NA,NA,NA,NA,NA,NA,NA,NA,NA
470.7595,PTX,R,NA,NA,R,NA,NA,NA,NA,R,NA,NA,R,S,NA,S,NA,NA,NA,NA,NA,NA,NA,NA,NA,NA,NA,NA
470.7458,PTX,S,NA,NA,S,NA,NA,NA,NA,S,NA,NA,S,S,NA,S,NA,NA,NA,NA,NA,NA,NA,NA,NA,NA,NA,NA
470.7781,PTX,R,NA,NA,R,NA,NA,NA,NA,R,NA,NA,R,R,NA,S,NA,NA,NA,NA,NA,NA,NA,NA,NA,NA,NA,NA
470.7664,PTX,R,NA,NA,R,NA,NA,NA,NA,R,NA,NA,R,S,NA,R,NA,NA,NA,NA,NA,NA,NA,NA,NA,NA,NA,NA
470.7686,PTX,R,NA,NA,R,NA,NA,NA,NA,R,NA,NA,R,S,NA,R,NA,NA,NA,NA,NA,NA,NA,NA,NA,NA,NA,NA
470.7907,PTX,S,NA,NA,R,NA,NA,NA,NA,R,NA,NA,R,S,NA,S,NA,NA,NA,NA,NA,NA,NA,NA,NA,NA,NA,NA
470.8006,PTX,S,NA,NA,R,NA,NA,NA,NA,R,NA,NA,R,S,NA,S,NA,NA,NA,NA,NA,NA,NA,NA,NA,NA,NA,NA
470.7947,PTX,S,NA,NA,S,NA,NA,NA,NA,S,NA,NA,S,S,NA,S,NA,NA,NA,NA,NA,NA,NA,NA,NA,NA,NA,NA
480119.5,PTX,NA,NA,NA,NA,NA,NA,NA,NA,NA,NA,NA,NA,NA,NA,NA,NA,NA,NA,NA,NA,NA,NA,NA,NA,NA,NA,NA
470.7679,PTX,R,NA,NA,R,NA,NA,NA,NA,S,NA,NA,R,S,NA,S,NA,NA,NA,NA,NA,NA,NA,NA,NA,NA,NA,NA
470.8045,PTX,S,NA,NA,S,NA,NA,NA,NA,S,NA,NA,S,S,NA,S,NA,NA,NA,NA,NA,NA,NA,NA,NA,NA,NA,NA
470.7766,PTX,S,NA,NA,R,NA,NA,NA,NA,R,NA,NA,R,S,NA,R,NA,NA,NA,NA,NA,NA,NA,NA,NA,NA,NA,NA
470.7531,PTX,R,NA,NA,R,NA,NA,NA,NA,R,NA,NA,R,S,NA,S,NA,NA,NA,NA,NA,NA,NA,NA,NA,NA,NA,NA
405416.6,PTX,NA,NA,NA,NA,NA,NA,NA,NA,NA,NA,NA,NA,NA,NA,NA,NA,NA,NA,NA,NA,NA,NA,NA,NA,NA,NA,NA
470.7542,PTX,S,NA,NA,S,NA,NA,NA,NA,S,NA,NA,S,S,NA,S,NA,NA,NA,NA,NA,NA,NA,NA,NA,NA,NA,NA
470.7682,PTX,R,NA,NA,R,NA,NA,NA,NA,R,NA,NA,R,S,NA,S,NA,NA,NA,NA,NA,NA,NA,NA,NA,NA,NA,NA
470.79,PTX,R,NA,NA,R,NA,NA,NA,NA,R,NA,NA,R,S,NA,R,NA,NA,NA,NA,NA,NA,NA,NA,NA,NA,NA,NA
470.7978,PTX,R,NA,NA,R,NA,NA,NA,NA,R,NA,NA,R,S,NA,S,NA,NA,NA,NA,NA,NA,NA,NA,NA,NA,NA,NA
470.794,PTX,S,NA,NA,R,NA,NA,NA,NA,R,NA,NA,R,S,NA,S,NA,NA,NA,NA,NA,NA,NA,NA,NA,NA,NA,NA
470.7473,PTX,S,NA,NA,R,NA,NA,NA,NA,R,NA,NA,R,S,NA,R,NA,NA,NA,NA,NA,NA,NA,NA,NA,NA,NA,NA
903920.3,PTX,NA,NA,NA,NA,NA,NA,NA,NA,NA,NA,NA,NA,NA,NA,NA,NA,NA,NA,NA,NA,NA,NA,NA,NA,NA,NA,NA
470.7708,PTX,S,NA,NA,R,NA,NA,NA,NA,R,NA,NA,R,S,NA,S,NA,NA,NA,NA,NA,NA,NA,NA,NA,NA,NA,NA
470.7678,PTX,R,NA,NA,R,NA,NA,NA,NA,R,NA,NA,R,S,NA,S,NA,NA,NA,NA,NA,NA,NA,NA,NA,NA,NA,NA
470.781,PTX,R,NA,NA,R,NA,NA,NA,NA,R,NA,NA,R,R,NA,S,NA,NA,NA,NA,NA,NA,NA,NA,NA,NA,NA,NA
470.7875,PTX,R,NA,NA,R,NA,NA,NA,NA,R,NA,NA,R,R,NA,S,NA,NA,NA,NA,NA,NA,NA,NA,NA,NA,NA,NA
470.763,PTX,R,NA,NA,R,NA,NA,NA,NA,R,NA,NA,R,S,NA,R,NA,NA,NA,NA,NA,NA,NA,NA,NA,NA,NA,NA
470.7817,PTX,R,NA,NA,R,NA,NA,NA,NA,R,NA,NA,R,R,NA,S,NA,NA,NA,NA,NA,NA,NA,NA,NA,NA,NA,NA
470.7447,PTX,S,NA,NA,R,NA,NA,NA,NA,R,NA,NA,R,S,NA,S,NA,NA,NA,NA,NA,NA,NA,NA,NA,NA,NA,NA
470.7808,PTX,R,NA,NA,R,NA,NA,NA,NA,R,NA,NA,R,R,NA,S,NA,NA,NA,NA,NA,NA,NA,NA,NA,NA,NA,NA
470.7856,PTX,R,NA,NA,R,NA,NA,NA,NA,R,NA,NA,R,R,NA,S,NA,NA,NA,NA,NA,NA,NA,NA,NA,NA,NA,NA
470.803,PTX,S,NA,NA,R,NA,NA,NA,NA,R,NA,NA,R,S,NA,S,NA,NA,NA,NA,NA,NA,NA,NA,NA,NA,NA,NA
470.8103,PTX,R,NA,NA,R,NA,NA,NA,NA,R,NA,NA,R,R,NA,R,NA,NA,NA,NA,NA,NA,NA,NA,NA,NA,NA,NA
470.7629,PTX,R,NA,NA,R,NA,NA,NA,NA,S,NA,NA,R,S,NA,S,NA,NA,NA,NA,NA,NA,NA,NA,NA,NA,NA,NA
470.7874,PTX,R,NA,NA,R,NA,NA,NA,NA,R,NA,NA,R,S,NA,R,NA,NA,NA,NA,NA,NA,NA,NA,NA,NA,NA,NA
470.793,PTX,S,NA,NA,S,NA,NA,NA,NA,S,NA,NA,S,S,NA,S,NA,NA,NA,NA,NA,NA,NA,NA,NA,NA,NA,NA
470.7638,PTX,R,NA,NA,R,NA,NA,NA,NA,R,NA,NA,R,S,NA,R,NA,NA,NA,NA,NA,NA,NA,NA,NA,NA,NA,NA
509173.8,PTX,NA,NA,NA,NA,NA,NA,NA,NA,NA,NA,NA,NA,NA,NA,NA,NA,NA,NA,NA,NA,NA,NA,NA,NA,NA,NA,NA
470.7997,PTX,R,NA,NA,R,NA,NA,NA,NA,S,NA,NA,R,S,NA,S,NA,NA,NA,NA,NA,NA,NA,NA,NA,NA,NA,NA
470.7556,PTX,R,NA,NA,S,NA,NA,NA,NA,S,NA,NA,R,S,NA,R,NA,NA,NA,NA,NA,NA,NA,NA,NA,NA,NA,NA
470.7492,PTX,R,NA,NA,R,NA,NA,NA,NA,R,NA,NA,R,S,NA,R,NA,NA,NA,NA,NA,NA,NA,NA,NA,NA,NA,NA
470.7452,PTX,R,NA,NA,R,NA,NA,NA,NA,R,NA,NA,R,S,NA,R,NA,NA,NA,NA,NA,NA,NA,NA,NA,NA,NA,NA
470.7586,PTX,S,NA,NA,R,NA,NA,NA,NA,R,NA,NA,R,S,NA,S,NA,NA,NA,NA,NA,NA,NA,NA,NA,NA,NA,NA
470.7746,PTX,R,NA,NA,R,NA,NA,NA,NA,R,NA,NA,R,S,NA,S,NA,NA,NA,NA,NA,NA,NA,NA,NA,NA,NA,NA
470.7632,PTX,R,NA,NA,R,NA,NA,NA,NA,R,NA,NA,R,R,NA,S,NA,NA,NA,NA,NA,NA,NA,NA,NA,NA,NA,NA
470.7468,PTX,R,NA,NA,R,NA,NA,NA,NA,R,NA,NA,R,S,NA,R,NA,NA,NA,NA,NA,NA,NA,NA,NA,NA,NA,NA
470.7568,PTX,R,NA,NA,R,NA,NA,NA,NA,R,NA,NA,R,S,NA,S,NA,NA,NA,NA,NA,NA,NA,NA,NA,NA,NA,NA
470.7924,PTX,S,NA,NA,R,NA,NA,NA,NA,R,NA,NA,R,S,NA,S,NA,NA,NA,NA,NA,NA,NA,NA,NA,NA,NA,NA
470.7509,PTX,S,NA,NA,S,NA,NA,NA,NA,S,NA,NA,S,S,NA,S,NA,NA,NA,NA,NA,NA,NA,NA,NA,NA,NA,NA
470.7713,PTX,R,NA,NA,R,NA,NA,NA,NA,R,NA,NA,R,S,NA,R,NA,NA,NA,NA,NA,NA,NA,NA,NA,NA,NA,NA
470.7661,PTX,R,NA,NA,S,NA,NA,NA,NA,S,NA,NA,R,S,NA,S,NA,NA,NA,NA,NA,NA,NA,NA,NA,NA,NA,NA
470.7557,PTX,S,NA,NA,S,NA,NA,NA,NA,S,NA,NA,S,S,NA,S,NA,NA,NA,NA,NA,NA,NA,NA,NA,NA,NA,NA
470.7962,PTX,R,NA,NA,R,NA,NA,NA,NA,R,NA,NA,R,R,NA,R,NA,NA,NA,NA,NA,NA,NA,NA,NA,NA,NA,NA
470.8095,PTX,S,NA,NA,R,NA,NA,NA,NA,R,NA,NA,R,R,NA,S,NA,NA,NA,NA,NA,NA,NA,NA,NA,NA,NA,NA
470.7668,PTX,R,NA,NA,R,NA,NA,NA,NA,R,NA,NA,R,S,NA,R,NA,NA,NA,NA,NA,NA,NA,NA,NA,NA,NA,NA
470.7914,PTX,S,NA,NA,R,NA,NA,NA,NA,R,NA,NA,R,S,NA,S,NA,NA,NA,NA,NA,NA,NA,NA,NA,NA,NA,NA
470.776,PTX,R,NA,NA,R,NA,NA,NA,NA,R,NA,NA,R,S,NA,R,NA,NA,NA,NA,NA,NA,NA,NA,NA,NA,NA,NA
470.7427,PTX,S,NA,NA,S,NA,NA,NA,NA,S,NA,NA,R,S,NA,S,NA,NA,NA,NA,NA,NA,NA,NA,NA,NA,NA,NA
470.7442,PTX,R,NA,NA,R,NA,NA,NA,NA,R,NA,NA,R,S,NA,R,NA,NA,NA,NA,NA,NA,NA,NA,NA,NA,NA,NA
470.792,PTX,R,NA,NA,R,NA,NA,NA,NA,R,NA,NA,R,R,NA,S,NA,NA,NA,NA,NA,NA,NA,NA,NA,NA,NA,NA
470.7849,PTX,R,NA,NA,R,NA,NA,NA,NA,R,NA,NA,R,R,NA,S,NA,NA,NA,NA,NA,NA,NA,NA,NA,NA,NA,NA
470.777,PTX,S,NA,NA,S,NA,NA,NA,NA,S,NA,NA,S,S,NA,S,NA,NA,NA,NA,NA,NA,NA,NA,NA,NA,NA,NA
470.7763,PTX,R,NA,NA,R,NA,NA,NA,NA,R,NA,NA,R,S,NA,R,NA,NA,NA,NA,NA,NA,NA,NA,NA,NA,NA,NA
470.8087,PTX,R,NA,NA,R,NA,NA,NA,NA,R,NA,NA,R,R,NA,R,NA,NA,NA,NA,NA,NA,NA,NA,NA,NA,NA,NA
470.7555,PTX,R,NA,NA,R,NA,NA,NA,NA,R,NA,NA,R,R,NA,R,NA,NA,NA,NA,NA,NA,NA,NA,NA,NA,NA,NA
470.767,PTX,R,NA,NA,R,NA,NA,NA,NA,R,NA,NA,R,S,NA,R,NA,NA,NA,NA,NA,NA,NA,NA,NA,NA,NA,NA
470.8014,PTX,S,NA,NA,R,NA,NA,NA,NA,R,NA,NA,R,S,NA,R,NA,NA,NA,NA,NA,NA,NA,NA,NA,NA,NA,NA
470.7918,PTX,R,NA,NA,R,NA,NA,NA,NA,R,NA,NA,R,R,NA,R,NA,NA,NA,NA,NA,NA,NA,NA,NA,NA,NA,NA
470.808,PTX,R,NA,NA,R,NA,NA,NA,NA,R,NA,NA,R,R,NA,R,NA,NA,NA,NA,NA,NA,NA,NA,NA,NA,NA,NA
470.8007,PTX,S,NA,NA,R,NA,NA,NA,NA,R,NA,NA,S,R,NA,R,NA,NA,NA,NA,NA,NA,NA,NA,NA,NA,NA,NA
470.7469,PTX,R,NA,NA,R,NA,NA,NA,NA,R,NA,NA,R,R,NA,S,NA,NA,NA,NA,NA,NA,NA,NA,NA,NA,NA,NA
470.7835,PTX,R,NA,NA,R,NA,NA,NA,NA,R,NA,NA,R,S,NA,R,NA,NA,NA,NA,NA,NA,NA,NA,NA,NA,NA,NA
470.8091,PTX,R,NA,NA,R,NA,NA,NA,NA,R,NA,NA,R,R,NA,R,NA,NA,NA,NA,NA,NA,NA,NA,NA,NA,NA,NA
470.7916,PTX,R,NA,NA,R,NA,NA,NA,NA,R,NA,NA,R,S,NA,R,NA,NA,NA,NA,NA,NA,NA,NA,NA,NA,NA,NA
470.1557,PTX,R,NA,NA,R,NA,NA,NA,NA,R,NA,NA,R,S,NA,R,NA,NA,NA,NA,NA,NA,NA,NA,NA,NA,NA,NA
470.7522,PTX,S,NA,NA,S,NA,NA,NA,NA,S,NA,NA,S,S,NA,S,NA,NA,NA,NA,NA,NA,NA,NA,NA,NA,NA,NA
470.7823,PTX,R,NA,NA,R,NA,NA,NA,NA,R,NA,NA,R,R,NA,S,NA,NA,NA,NA,NA,NA,NA,NA,NA,NA,NA,NA
903915.3,PTX,NA,NA,NA,NA,NA,NA,NA,NA,NA,NA,NA,NA,NA,NA,NA,NA,NA,NA,NA,NA,NA,NA,NA,NA,NA,NA,NA
470.7536,PTX,S,NA,NA,R,NA,NA,NA,NA,R,NA,NA,R,R,NA,S,NA,NA,NA,NA,NA,NA,NA,NA,NA,NA,NA,NA
470.7692,PTX,R,NA,NA,R,NA,NA,NA,NA,R,NA,NA,R,S,NA,S,NA,NA,NA,NA,NA,NA,NA,NA,NA,NA,NA,NA
470.7969,PTX,S,NA,NA,R,NA,NA,NA,NA,R,NA,NA,R,S,NA,S,NA,NA,NA,NA,NA,NA,NA,NA,NA,NA,NA,NA
470.7534,PTX,S,NA,NA,R,NA,NA,NA,NA,R,NA,NA,R,S,NA,S,NA,NA,NA,NA,NA,NA,NA,NA,NA,NA,NA,NA
470.7546,PTX,S,NA,NA,S,NA,NA,NA,NA,S,NA,NA,S,S,NA,S,NA,NA,NA,NA,NA,NA,NA,NA,NA,NA,NA,NA
470.8068,PTX,R,NA,NA,S,NA,NA,NA,NA,S,NA,NA,R,S,NA,R,NA,NA,NA,NA,NA,NA,NA,NA,NA,NA,NA,NA
470.7508,PTX,S,NA,NA,S,NA,NA,NA,NA,S,NA,NA,S,S,NA,S,NA,NA,NA,NA,NA,NA,NA,NA,NA,NA,NA,NA
470.7712,PTX,R,NA,NA,R,NA,NA,NA,NA,R,NA,NA,R,S,NA,R,NA,NA,NA,NA,NA,NA,NA,NA,NA,NA,NA,NA
470.7965,PTX,R,NA,NA,R,NA,NA,NA,NA,R,NA,NA,R,R,NA,R,NA,NA,NA,NA,NA,NA,NA,NA,NA,NA,NA,NA
470.782,PTX,R,NA,NA,R,NA,NA,NA,NA,R,NA,NA,R,S,NA,R,NA,NA,NA,NA,NA,NA,NA,NA,NA,NA,NA,NA
470.795,PTX,S,NA,NA,R,NA,NA,NA,NA,R,NA,NA,R,S,NA,S,NA,NA,NA,NA,NA,NA,NA,NA,NA,NA,NA,NA
470.7649,PTX,R,NA,NA,R,NA,NA,NA,NA,R,NA,NA,R,S,NA,R,NA,NA,NA,NA,NA,NA,NA,NA,NA,NA,NA,NA
470.1554,PTX,R,NA,NA,R,NA,NA,NA,NA,R,NA,NA,R,R,NA,R,NA,NA,NA,NA,NA,NA,NA,NA,NA,NA,NA,NA
470.7928,PTX,R,NA,NA,R,NA,NA,NA,NA,R,NA,NA,R,S,NA,R,NA,NA,NA,NA,NA,NA,NA,NA,NA,NA,NA,NA
470.7925,PTX,S,NA,NA,R,NA,NA,NA,NA,R,NA,NA,R,S,NA,S,NA,NA,NA,NA,NA,NA,NA,NA,NA,NA,NA,NA
470.7544,PTX,R,NA,NA,R,NA,NA,NA,NA,R,NA,NA,R,S,NA,R,NA,NA,NA,NA,NA,NA,NA,NA,NA,NA,NA,NA
470.8105,PTX,R,NA,NA,R,NA,NA,NA,NA,R,NA,NA,R,R,NA,R,NA,NA,NA,NA,NA,NA,NA,NA,NA,NA,NA,NA
470.7897,PTX,R,NA,NA,R,NA,NA,NA,NA,R,NA,NA,R,S,NA,S,NA,NA,NA,NA,NA,NA,NA,NA,NA,NA,NA,NA
470.7725,PTX,R,NA,NA,R,NA,NA,NA,NA,R,NA,NA,R,S,NA,R,NA,NA,NA,NA,NA,NA,NA,NA,NA,NA,NA,NA
470.7905,PTX,S,NA,NA,R,NA,NA,NA,NA,R,NA,NA,R,S,NA,S,NA,NA,NA,NA,NA,NA,NA,NA,NA,NA,NA,NA
470.7465,PTX,R,NA,NA,R,NA,NA,NA,NA,R,NA,NA,R,S,NA,R,NA,NA,NA,NA,NA,NA,NA,NA,NA,NA,NA,NA
470.7701,PTX,S,NA,NA,R,NA,NA,NA,NA,R,NA,NA,R,S,NA,S,NA,NA,NA,NA,NA,NA,NA,NA,NA,NA,NA,NA
470.8046,PTX,S,NA,NA,R,NA,NA,NA,NA,R,NA,NA,R,S,NA,S,NA,NA,NA,NA,NA,NA,NA,NA,NA,NA,NA,NA
470.7435,PTX,R,NA,NA,R,NA,NA,NA,NA,R,NA,NA,R,S,NA,R,NA,NA,NA,NA,NA,NA,NA,NA,NA,NA,NA,NA
470.801,PTX,S,NA,NA,R,NA,NA,NA,NA,R,NA,NA,R,S,NA,R,NA,NA,NA,NA,NA,NA,NA,NA,NA,NA,NA,NA
470.7975,PTX,S,NA,NA,S,NA,NA,NA,NA,S,NA,NA,S,S,NA,S,NA,NA,NA,NA,NA,NA,NA,NA,NA,NA,NA,NA
470.7537,PTX,R,NA,NA,R,NA,NA,NA,NA,R,NA,NA,R,S,NA,R,NA,NA,NA,NA,NA,NA,NA,NA,NA,NA,NA,NA
470.8039,PTX,S,NA,NA,R,NA,NA,NA,NA,R,NA,NA,R,S,NA,S,NA,NA,NA,NA,NA,NA,NA,NA,NA,NA,NA,NA
470.7506,PTX,R,NA,NA,R,NA,NA,NA,NA,R,NA,NA,R,S,NA,R,NA,NA,NA,NA,NA,NA,NA,NA,NA,NA,NA,NA
470.7604,PTX,R,NA,NA,R,NA,NA,NA,NA,R,NA,NA,R,S,NA,R,NA,NA,NA,NA,NA,NA,NA,NA,NA,NA,NA,NA
470.7847,PTX,R,NA,NA,R,NA,NA,NA,NA,R,NA,NA,R,R,NA,R,NA,NA,NA,NA,NA,NA,NA,NA,NA,NA,NA,NA
470.8047,PTX,R,NA,NA,R,NA,NA,NA,NA,R,NA,NA,R,R,NA,R,NA,NA,NA,NA,NA,NA,NA,NA,NA,NA,NA,NA
470.8013,PTX,R,NA,NA,R,NA,NA,NA,NA,R,NA,NA,R,S,NA,S,NA,NA,NA,NA,NA,NA,NA,NA,NA,NA,NA,NA
470.806,PTX,S,NA,NA,R,NA,NA,NA,NA,R,NA,NA,R,S,NA,S,NA,NA,NA,NA,NA,NA,NA,NA,NA,NA,NA,NA
470.7727,PTX,S,NA,NA,R,NA,NA,NA,NA,R,NA,NA,R,S,NA,S,NA,NA,NA,NA,NA,NA,NA,NA,NA,NA,NA,NA
470.7972,PTX,R,NA,NA,R,NA,NA,NA,NA,R,NA,NA,R,S,NA,R,NA,NA,NA,NA,NA,NA,NA,NA,NA,NA,NA,NA
470.804,PTX,R,NA,NA,R,NA,NA,NA,NA,R,NA,NA,R,S,NA,R,NA,NA,NA,NA,NA,NA,NA,NA,NA,NA,NA,NA
470.7529,PTX,R,NA,NA,R,NA,NA,NA,NA,R,NA,NA,R,S,NA,R,NA,NA,NA,NA,NA,NA,NA,NA,NA,NA,NA,NA
470.8031,PTX,R,NA,NA,R,NA,NA,NA,NA,R,NA,NA,R,R,NA,R,NA,NA,NA,NA,NA,NA,NA,NA,NA,NA,NA,NA
470.7607,PTX,R,NA,NA,R,NA,NA,NA,NA,R,NA,NA,R,S,NA,S,NA,NA,NA,NA,NA,NA,NA,NA,NA,NA,NA,NA
470.156,PTX,R,NA,NA,R,NA,NA,NA,NA,R,NA,NA,R,R,NA,R,NA,NA,NA,NA,NA,NA,NA,NA,NA,NA,NA,NA
470.7864,PTX,S,NA,NA,R,NA,NA,NA,NA,R,NA,NA,R,S,NA,S,NA,NA,NA,NA,NA,NA,NA,NA,NA,NA,NA,NA
470.7992,PTX,R,NA,NA,R,NA,NA,NA,NA,R,NA,NA,R,S,NA,R,NA,NA,NA,NA,NA,NA,NA,NA,NA,NA,NA,NA
470.8065,PTX,S,NA,NA,R,NA,NA,NA,NA,R,NA,NA,R,R,NA,S,NA,NA,NA,NA,NA,NA,NA,NA,NA,NA,NA,NA
470.8081,PTX,R,NA,NA,R,NA,NA,NA,NA,R,NA,NA,R,S,NA,R,NA,NA,NA,NA,NA,NA,NA,NA,NA,NA,NA,NA
470.7735,PTX,R,NA,NA,R,NA,NA,NA,NA,R,NA,NA,R,S,NA,S,NA,NA,NA,NA,NA,NA,NA,NA,NA,NA,NA,NA
470.789,PTX,R,NA,NA,R,NA,NA,NA,NA,R,NA,NA,R,S,NA,R,NA,NA,NA,NA,NA,NA,NA,NA,NA,NA,NA,NA
470.1359,PTX,R,NA,NA,R,NA,NA,NA,NA,R,NA,NA,R,S,NA,R,NA,NA,NA,NA,NA,NA,NA,NA,NA,NA,NA,NA
470.7789,PTX,R,NA,NA,R,NA,NA,NA,NA,R,NA,NA,R,R,NA,S,NA,NA,NA,NA,NA,NA,NA,NA,NA,NA,NA,NA
470.1562,PTX,R,NA,NA,R,NA,NA,NA,NA,R,NA,NA,R,R,NA,R,NA,NA,NA,NA,NA,NA,NA,NA,NA,NA,NA,NA
470.7658,PTX,S,NA,NA,R,NA,NA,NA,NA,R,NA,NA,R,S,NA,S,NA,NA,NA,NA,NA,NA,NA,NA,NA,NA,NA,NA
470.7562,PTX,R,NA,NA,R,NA,NA,NA,NA,R,NA,NA,R,S,NA,R,NA,NA,NA,NA,NA,NA,NA,NA,NA,NA,NA,NA
470.7575,PTX,R,NA,NA,R,NA,NA,NA,NA,R,NA,NA,R,R,NA,R,NA,NA,NA,NA,NA,NA,NA,NA,NA,NA,NA,NA
470.7443,PTX,R,NA,NA,R,NA,NA,NA,NA,R,NA,NA,R,R,NA,R,NA,NA,NA,NA,NA,NA,NA,NA,NA,NA,NA,NA
470.7894,PTX,S,NA,NA,R,NA,NA,NA,NA,R,NA,NA,R,S,NA,S,NA,NA,NA,NA,NA,NA,NA,NA,NA,NA,NA,NA
903904.3,PTX,NA,NA,NA,NA,NA,NA,NA,NA,NA,NA,NA,NA,NA,NA,NA,NA,NA,NA,NA,NA,NA,NA,NA,NA,NA,NA,NA
470.8079,PTX,S,NA,NA,R,NA,NA,NA,NA,R,NA,NA,R,S,NA,S,NA,NA,NA,NA,NA,NA,NA,NA,NA,NA,NA,NA
470.785,PTX,R,NA,NA,R,NA,NA,NA,NA,R,NA,NA,R,R,NA,S,NA,NA,NA,NA,NA,NA,NA,NA,NA,NA,NA,NA
470.7758,PTX,S,NA,NA,S,NA,NA,NA,NA,S,NA,NA,S,S,NA,S,NA,NA,NA,NA,NA,NA,NA,NA,NA,NA,NA,NA
470.7853,PTX,R,NA,NA,R,NA,NA,NA,NA,S,NA,NA,R,S,NA,R,NA,NA,NA,NA,NA,NA,NA,NA,NA,NA,NA,NA
470.7567,PTX,R,NA,NA,R,NA,NA,NA,NA,R,NA,NA,R,S,NA,R,NA,NA,NA,NA,NA,NA,NA,NA,NA,NA,NA,NA
470.7824,PTX,R,NA,NA,R,NA,NA,NA,NA,R,NA,NA,R,R,NA,S,NA,NA,NA,NA,NA,NA,NA,NA,NA,NA,NA,NA
470.7545,PTX,R,NA,NA,R,NA,NA,NA,NA,R,NA,NA,R,S,NA,S,NA,NA,NA,NA,NA,NA,NA,NA,NA,NA,NA,NA
470.7453,PTX,S,NA,NA,S,NA,NA,NA,NA,S,NA,NA,R,S,NA,S,NA,NA,NA,NA,NA,NA,NA,NA,NA,NA,NA,NA
470.7655,PTX,R,NA,NA,R,NA,NA,NA,NA,R,NA,NA,R,S,NA,R,NA,NA,NA,NA,NA,NA,NA,NA,NA,NA,NA,NA
470.8009,PTX,S,NA,NA,S,NA,NA,NA,NA,S,NA,NA,S,S,NA,S,NA,NA,NA,NA,NA,NA,NA,NA,NA,NA,NA,NA
903931.3,PTX,NA,NA,NA,NA,NA,NA,NA,NA,NA,NA,NA,NA,NA,NA,NA,NA,NA,NA,NA,NA,NA,NA,NA,NA,NA,NA,NA
470.7593,PTX,R,NA,NA,R,NA,NA,NA,NA,R,NA,NA,R,S,NA,R,NA,NA,NA,NA,NA,NA,NA,NA,NA,NA,NA,NA
470.7954,PTX,R,NA,NA,R,NA,NA,NA,NA,R,NA,NA,R,R,NA,R,NA,NA,NA,NA,NA,NA,NA,NA,NA,NA,NA,NA
470.7885,PTX,R,NA,NA,S,NA,NA,NA,NA,S,NA,NA,R,S,NA,S,NA,NA,NA,NA,NA,NA,NA,NA,NA,NA,NA,NA
470.7985,PTX,S,NA,NA,R,NA,NA,NA,NA,R,NA,NA,R,S,NA,R,NA,NA,NA,NA,NA,NA,NA,NA,NA,NA,NA,NA
470.7683,PTX,R,NA,NA,R,NA,NA,NA,NA,R,NA,NA,R,S,NA,S,NA,NA,NA,NA,NA,NA,NA,NA,NA,NA,NA,NA
470.7504,PTX,S,NA,NA,R,NA,NA,NA,NA,R,NA,NA,R,S,NA,S,NA,NA,NA,NA,NA,NA,NA,NA,NA,NA,NA,NA
470.8041,PTX,R,NA,NA,R,NA,NA,NA,NA,R,NA,NA,R,R,NA,R,NA,NA,NA,NA,NA,NA,NA,NA,NA,NA,NA,NA
470.7648,PTX,R,NA,NA,R,NA,NA,NA,NA,R,NA,NA,R,S,NA,R,NA,NA,NA,NA,NA,NA,NA,NA,NA,NA,NA,NA
470.7814,PTX,R,NA,NA,R,NA,NA,NA,NA,R,NA,NA,R,S,NA,R,NA,NA,NA,NA,NA,NA,NA,NA,NA,NA,NA,NA
470.757,PTX,R,NA,NA,R,NA,NA,NA,NA,R,NA,NA,R,S,NA,R,NA,NA,NA,NA,NA,NA,NA,NA,NA,NA,NA,NA
470.8016,PTX,S,NA,NA,R,NA,NA,NA,NA,R,NA,NA,R,S,NA,S,NA,NA,NA,NA,NA,NA,NA,NA,NA,NA,NA,NA
470.7574,PTX,R,NA,NA,R,NA,NA,NA,NA,R,NA,NA,R,R,NA,R,NA,NA,NA,NA,NA,NA,NA,NA,NA,NA,NA,NA
470.7865,PTX,S,NA,NA,S,NA,NA,NA,NA,S,NA,NA,S,S,NA,S,NA,NA,NA,NA,NA,NA,NA,NA,NA,NA,NA,NA
470.7704,PTX,R,NA,NA,R,NA,NA,NA,NA,R,NA,NA,R,S,NA,R,NA,NA,NA,NA,NA,NA,NA,NA,NA,NA,NA,NA
470.8078,PTX,S,NA,NA,R,NA,NA,NA,NA,R,NA,NA,R,R,NA,S,NA,NA,NA,NA,NA,NA,NA,NA,NA,NA,NA,NA
470.7705,PTX,R,NA,NA,R,NA,NA,NA,NA,R,NA,NA,R,S,NA,R,NA,NA,NA,NA,NA,NA,NA,NA,NA,NA,NA,NA
470.7998,PTX,R,NA,NA,R,NA,NA,NA,NA,S,NA,NA,R,S,NA,S,NA,NA,NA,NA,NA,NA,NA,NA,NA,NA,NA,NA
470.7974,PTX,S,NA,NA,R,NA,NA,NA,NA,R,NA,NA,R,S,NA,S,NA,NA,NA,NA,NA,NA,NA,NA,NA,NA,NA,NA
470.807,PTX,S,NA,NA,R,NA,NA,NA,NA,R,NA,NA,R,S,NA,S,NA,NA,NA,NA,NA,NA,NA,NA,NA,NA,NA,NA
903903.3,PTX,NA,NA,NA,NA,NA,NA,NA,NA,NA,NA,NA,NA,NA,NA,NA,NA,NA,NA,NA,NA,NA,NA,NA,NA,NA,NA,NA
470.7726,PTX,R,NA,NA,R,NA,NA,NA,NA,R,NA,NA,R,R,NA,S,NA,NA,NA,NA,NA,NA,NA,NA,NA,NA,NA,NA
470.8097,PTX,R,NA,NA,R,NA,NA,NA,NA,R,NA,NA,R,R,NA,R,NA,NA,NA,NA,NA,NA,NA,NA,NA,NA,NA,NA
470.8034,PTX,S,NA,NA,R,NA,NA,NA,NA,R,NA,NA,R,S,NA,S,NA,NA,NA,NA,NA,NA,NA,NA,NA,NA,NA,NA
470.7602,PTX,R,NA,NA,R,NA,NA,NA,NA,R,NA,NA,R,S,NA,S,NA,NA,NA,NA,NA,NA,NA,NA,NA,NA,NA,NA
470.8017,PTX,S,NA,NA,R,NA,NA,NA,NA,R,NA,NA,R,R,NA,S,NA,NA,NA,NA,NA,NA,NA,NA,NA,NA,NA,NA
1409928.3,PTX,NA,NA,NA,NA,NA,NA,NA,NA,NA,NA,NA,NA,NA,NA,NA,NA,NA,NA,NA,NA,NA,NA,NA,NA,NA,NA,NA
470.748,PTX,S,NA,NA,R,NA,NA,NA,NA,R,NA,NA,R,S,NA,S,NA,NA,NA,NA,NA,NA,NA,NA,NA,NA,NA,NA
470.7706,PTX,R,NA,NA,R,NA,NA,NA,NA,R,NA,NA,R,S,NA,R,NA,NA,NA,NA,NA,NA,NA,NA,NA,NA,NA,NA
470.7724,PTX,R,NA,NA,R,NA,NA,NA,NA,R,NA,NA,R,S,NA,R,NA,NA,NA,NA,NA,NA,NA,NA,NA,NA,NA,NA
470.7893,PTX,R,NA,NA,R,NA,NA,NA,NA,R,NA,NA,R,S,NA,R,NA,NA,NA,NA,NA,NA,NA,NA,NA,NA,NA,NA
470.8057,PTX,R,NA,NA,R,NA,NA,NA,NA,R,NA,NA,R,S,NA,R,NA,NA,NA,NA,NA,NA,NA,NA,NA,NA,NA,NA
470.7448,PTX,S,NA,NA,R,NA,NA,NA,NA,R,NA,NA,R,S,NA,S,NA,NA,NA,NA,NA,NA,NA,NA,NA,NA,NA,NA
903923.3,PTX,NA,NA,NA,NA,NA,NA,NA,NA,NA,NA,NA,NA,NA,NA,NA,NA,NA,NA,NA,NA,NA,NA,NA,NA,NA,NA,NA
470.7551,PTX,R,NA,NA,R,NA,NA,NA,NA,R,NA,NA,R,R,NA,S,NA,NA,NA,NA,NA,NA,NA,NA,NA,NA,NA,NA
470.7873,PTX,S,NA,NA,R,NA,NA,NA,NA,R,NA,NA,R,S,NA,S,NA,NA,NA,NA,NA,NA,NA,NA,NA,NA,NA,NA
470.7741,PTX,S,NA,NA,S,NA,NA,NA,NA,S,NA,NA,S,S,NA,S,NA,NA,NA,NA,NA,NA,NA,NA,NA,NA,NA,NA
470.7892,PTX,R,NA,NA,R,NA,NA,NA,NA,R,NA,NA,R,S,NA,S,NA,NA,NA,NA,NA,NA,NA,NA,NA,NA,NA,NA
470.7785,PTX,R,NA,NA,R,NA,NA,NA,NA,R,NA,NA,R,S,NA,R,NA,NA,NA,NA,NA,NA,NA,NA,NA,NA,NA,NA
470.8043,PTX,R,NA,NA,R,NA,NA,NA,NA,S,NA,NA,R,S,NA,R,NA,NA,NA,NA,NA,NA,NA,NA,NA,NA,NA,NA
470.7597,PTX,R,NA,NA,R,NA,NA,NA,NA,R,NA,NA,R,S,NA,R,NA,NA,NA,NA,NA,NA,NA,NA,NA,NA,NA,NA
470.7642,PTX,R,NA,NA,R,NA,NA,NA,NA,R,NA,NA,R,S,NA,R,NA,NA,NA,NA,NA,NA,NA,NA,NA,NA,NA,NA
470.7861,PTX,S,NA,NA,R,NA,NA,NA,NA,R,NA,NA,R,S,NA,R,NA,NA,NA,NA,NA,NA,NA,NA,NA,NA,NA,NA
470.8104,PTX,S,NA,NA,R,NA,NA,NA,NA,R,NA,NA,R,R,NA,R,NA,NA,NA,NA,NA,NA,NA,NA,NA,NA,NA,NA
470.7446,PTX,S,NA,NA,R,NA,NA,NA,NA,R,NA,NA,R,S,NA,S,NA,NA,NA,NA,NA,NA,NA,NA,NA,NA,NA,NA
470.7842,PTX,R,NA,NA,R,NA,NA,NA,NA,R,NA,NA,R,S,NA,R,NA,NA,NA,NA,NA,NA,NA,NA,NA,NA,NA,NA
470.8052,PTX,S,NA,NA,R,NA,NA,NA,NA,R,NA,NA,R,S,NA,S,NA,NA,NA,NA,NA,NA,NA,NA,NA,NA,NA,NA
470.7628,PTX,R,NA,NA,R,NA,NA,NA,NA,R,NA,NA,R,S,NA,R,NA,NA,NA,NA,NA,NA,NA,NA,NA,NA,NA,NA
903899.3,PTX,NA,NA,NA,NA,NA,NA,NA,NA,NA,NA,NA,NA,NA,NA,NA,NA,NA,NA,NA,NA,NA,NA,NA,NA,NA,NA,NA
470.7707,PTX,R,NA,NA,R,NA,NA,NA,NA,R,NA,NA,R,S,NA,R,NA,NA,NA,NA,NA,NA,NA,NA,NA,NA,NA,NA
470.8108,PTX,S,NA,NA,R,NA,NA,NA,NA,R,NA,NA,R,R,NA,R,NA,NA,NA,NA,NA,NA,NA,NA,NA,NA,NA,NA
470.797,PTX,R,NA,NA,R,NA,NA,NA,NA,S,NA,NA,R,S,NA,R,NA,NA,NA,NA,NA,NA,NA,NA,NA,NA,NA,NA
470.7762,PTX,R,NA,NA,R,NA,NA,NA,NA,R,NA,NA,R,S,NA,S,NA,NA,NA,NA,NA,NA,NA,NA,NA,NA,NA,NA
470.7532,PTX,S,NA,NA,R,NA,NA,NA,NA,R,NA,NA,R,S,NA,S,NA,NA,NA,NA,NA,NA,NA,NA,NA,NA,NA,NA
470.7565,PTX,S,NA,NA,S,NA,NA,NA,NA,S,NA,NA,R,S,NA,S,NA,NA,NA,NA,NA,NA,NA,NA,NA,NA,NA,NA
470.7722,PTX,R,NA,NA,R,NA,NA,NA,NA,R,NA,NA,R,S,NA,R,NA,NA,NA,NA,NA,NA,NA,NA,NA,NA,NA,NA
470.7943,PTX,S,NA,NA,R,NA,NA,NA,NA,R,NA,NA,R,S,NA,S,NA,NA,NA,NA,NA,NA,NA,NA,NA,NA,NA,NA
470.7484,PTX,R,NA,NA,R,NA,NA,NA,NA,R,NA,NA,R,S,NA,R,NA,NA,NA,NA,NA,NA,NA,NA,NA,NA,NA,NA
470.7601,PTX,R,NA,NA,R,NA,NA,NA,NA,R,NA,NA,R,S,NA,S,NA,NA,NA,NA,NA,NA,NA,NA,NA,NA,NA,NA
470.7793,PTX,R,NA,NA,R,NA,NA,NA,NA,R,NA,NA,R,S,NA,S,NA,NA,NA,NA,NA,NA,NA,NA,NA,NA,NA,NA
470.7689,PTX,S,NA,NA,R,NA,NA,NA,NA,R,NA,NA,R,R,NA,S,NA,NA,NA,NA,NA,NA,NA,NA,NA,NA,NA,NA
470.7475,PTX,S,NA,NA,R,NA,NA,NA,NA,R,NA,NA,R,S,NA,R,NA,NA,NA,NA,NA,NA,NA,NA,NA,NA,NA,NA
470.7561,PTX,R,NA,NA,R,NA,NA,NA,NA,R,NA,NA,R,R,NA,R,NA,NA,NA,NA,NA,NA,NA,NA,NA,NA,NA,NA
470.7967,PTX,R,NA,NA,R,NA,NA,NA,NA,R,NA,NA,R,S,NA,R,NA,NA,NA,NA,NA,NA,NA,NA,NA,NA,NA,NA
470.7831,PTX,R,NA,NA,R,NA,NA,NA,NA,R,NA,NA,R,R,NA,S,NA,NA,NA,NA,NA,NA,NA,NA,NA,NA,NA,NA
470.7929,PTX,R,NA,NA,R,NA,NA,NA,NA,R,NA,NA,R,S,NA,S,NA,NA,NA,NA,NA,NA,NA,NA,NA,NA,NA,NA
470.7754,PTX,R,NA,NA,R,NA,NA,NA,NA,R,NA,NA,R,S,NA,R,NA,NA,NA,NA,NA,NA,NA,NA,NA,NA,NA,NA
470.7811,PTX,R,NA,NA,R,NA,NA,NA,NA,R,NA,NA,R,R,NA,S,NA,NA,NA,NA,NA,NA,NA,NA,NA,NA,NA,NA
470.7913,PTX,S,NA,NA,R,NA,NA,NA,NA,R,NA,NA,R,S,NA,S,NA,NA,NA,NA,NA,NA,NA,NA,NA,NA,NA,NA
470.7939,PTX,R,NA,NA,R,NA,NA,NA,NA,S,NA,NA,R,S,NA,R,NA,NA,NA,NA,NA,NA,NA,NA,NA,NA,NA,NA
470.8021,PTX,S,NA,NA,R,NA,NA,NA,NA,R,NA,NA,S,S,NA,S,NA,NA,NA,NA,NA,NA,NA,NA,NA,NA,NA,NA
470.762,PTX,R,NA,NA,R,NA,NA,NA,NA,R,NA,NA,R,S,NA,R,NA,NA,NA,NA,NA,NA,NA,NA,NA,NA,NA,NA
470.7538,PTX,R,NA,NA,R,NA,NA,NA,NA,R,NA,NA,R,S,NA,S,NA,NA,NA,NA,NA,NA,NA,NA,NA,NA,NA,NA
470.7626,PTX,R,NA,NA,R,NA,NA,NA,NA,R,NA,NA,R,S,NA,R,NA,NA,NA,NA,NA,NA,NA,NA,NA,NA,NA,NA
470.8019,PTX,S,NA,NA,R,NA,NA,NA,NA,R,NA,NA,R,S,NA,S,NA,NA,NA,NA,NA,NA,NA,NA,NA,NA,NA,NA
470.7714,PTX,R,NA,NA,R,NA,NA,NA,NA,R,NA,NA,R,S,NA,R,NA,NA,NA,NA,NA,NA,NA,NA,NA,NA,NA,NA
470.8086,PTX,R,NA,NA,R,NA,NA,NA,NA,R,NA,NA,R,S,NA,R,NA,NA,NA,NA,NA,NA,NA,NA,NA,NA,NA,NA
470.7631,PTX,R,NA,NA,R,NA,NA,NA,NA,R,NA,NA,R,S,NA,R,NA,NA,NA,NA,NA,NA,NA,NA,NA,NA,NA,NA
470.758,PTX,S,NA,NA,R,NA,NA,NA,NA,R,NA,NA,R,R,NA,S,NA,NA,NA,NA,NA,NA,NA,NA,NA,NA,NA,NA
470.7973,PTX,R,NA,NA,R,NA,NA,NA,NA,R,NA,NA,R,S,NA,R,NA,NA,NA,NA,NA,NA,NA,NA,NA,NA,NA,NA
470.7621,PTX,R,NA,NA,R,NA,NA,NA,NA,R,NA,NA,R,S,NA,R,NA,NA,NA,NA,NA,NA,NA,NA,NA,NA,NA,NA
470.7753,PTX,R,NA,NA,R,NA,NA,NA,NA,R,NA,NA,R,S,NA,R,NA,NA,NA,NA,NA,NA,NA,NA,NA,NA,NA,NA
470.7612,PTX,R,NA,NA,R,NA,NA,NA,NA,R,NA,NA,R,S,NA,S,NA,NA,NA,NA,NA,NA,NA,NA,NA,NA,NA,NA
470.7759,PTX,R,NA,NA,R,NA,NA,NA,NA,R,NA,NA,R,S,NA,R,NA,NA,NA,NA,NA,NA,NA,NA,NA,NA,NA,NA
470.7844,PTX,R,NA,NA,R,NA,NA,NA,NA,R,NA,NA,R,S,NA,S,NA,NA,NA,NA,NA,NA,NA,NA,NA,NA,NA,NA
470.7749,PTX,R,NA,NA,R,NA,NA,NA,NA,S,NA,NA,R,S,NA,S,NA,NA,NA,NA,NA,NA,NA,NA,NA,NA,NA,NA
470.773,PTX,S,NA,NA,R,NA,NA,NA,NA,R,NA,NA,R,S,NA,S,NA,NA,NA,NA,NA,NA,NA,NA,NA,NA,NA,NA
470.7834,PTX,R,NA,NA,R,NA,NA,NA,NA,R,NA,NA,R,R,NA,S,NA,NA,NA,NA,NA,NA,NA,NA,NA,NA,NA,NA
470.7912,PTX,S,NA,NA,R,NA,NA,NA,NA,R,NA,NA,R,S,NA,S,NA,NA,NA,NA,NA,NA,NA,NA,NA,NA,NA,NA
470.7693,PTX,S,NA,NA,R,NA,NA,NA,NA,R,NA,NA,R,S,NA,S,NA,NA,NA,NA,NA,NA,NA,NA,NA,NA,NA,NA
470.7779,PTX,R,NA,NA,R,NA,NA,NA,NA,R,NA,NA,R,R,NA,S,NA,NA,NA,NA,NA,NA,NA,NA,NA,NA,NA,NA
470.7904,PTX,R,NA,NA,R,NA,NA,NA,NA,R,NA,NA,R,S,NA,R,NA,NA,NA,NA,NA,NA,NA,NA,NA,NA,NA,NA
470.7941,PTX,S,NA,NA,R,NA,NA,NA,NA,R,NA,NA,R,S,NA,S,NA,NA,NA,NA,NA,NA,NA,NA,NA,NA,NA,NA
470.7855,PTX,R,NA,NA,R,NA,NA,NA,NA,R,NA,NA,R,R,NA,S,NA,NA,NA,NA,NA,NA,NA,NA,NA,NA,NA,NA
470.7507,PTX,S,NA,NA,R,NA,NA,NA,NA,R,NA,NA,R,S,NA,S,NA,NA,NA,NA,NA,NA,NA,NA,NA,NA,NA,NA
470.7734,PTX,R,NA,NA,R,NA,NA,NA,NA,R,NA,NA,R,S,NA,R,NA,NA,NA,NA,NA,NA,NA,NA,NA,NA,NA,NA
470.1553,PTX,R,NA,NA,R,NA,NA,NA,NA,R,NA,NA,R,R,NA,R,NA,NA,NA,NA,NA,NA,NA,NA,NA,NA,NA,NA
470.1561,PTX,R,NA,NA,R,NA,NA,NA,NA,R,NA,NA,R,R,NA,R,NA,NA,NA,NA,NA,NA,NA,NA,NA,NA,NA,NA
470.7429,PTX,R,NA,NA,S,NA,NA,NA,NA,S,NA,NA,R,S,NA,S,NA,NA,NA,NA,NA,NA,NA,NA,NA,NA,NA,NA
470.7739,PTX,R,NA,NA,R,NA,NA,NA,NA,R,NA,NA,R,S,NA,R,NA,NA,NA,NA,NA,NA,NA,NA,NA,NA,NA,NA
470.7796,PTX,R,NA,NA,R,NA,NA,NA,NA,R,NA,NA,R,S,NA,R,NA,NA,NA,NA,NA,NA,NA,NA,NA,NA,NA,NA
470.7633,PTX,R,NA,NA,S,NA,NA,NA,NA,S,NA,NA,R,S,NA,S,NA,NA,NA,NA,NA,NA,NA,NA,NA,NA,NA,NA
470.7852,PTX,R,NA,NA,R,NA,NA,NA,NA,R,NA,NA,R,R,NA,S,NA,NA,NA,NA,NA,NA,NA,NA,NA,NA,NA,NA
903925.3,PTX,NA,NA,NA,NA,NA,NA,NA,NA,NA,NA,NA,NA,NA,NA,NA,NA,NA,NA,NA,NA,NA,NA,NA,NA,NA,NA,NA
470.7813,PTX,R,NA,NA,R,NA,NA,NA,NA,R,NA,NA,R,R,NA,S,NA,NA,NA,NA,NA,NA,NA,NA,NA,NA,NA,NA
470.8073,PTX,R,NA,NA,R,NA,NA,NA,NA,R,NA,NA,R,R,NA,R,NA,NA,NA,NA,NA,NA,NA,NA,NA,NA,NA,NA
470.7576,PTX,S,NA,NA,S,NA,NA,NA,NA,S,NA,NA,S,S,NA,S,NA,NA,NA,NA,NA,NA,NA,NA,NA,NA,NA,NA
470.7906,PTX,R,NA,NA,R,NA,NA,NA,NA,R,NA,NA,R,S,NA,R,NA,NA,NA,NA,NA,NA,NA,NA,NA,NA,NA,NA
470.7787,PTX,R,NA,NA,R,NA,NA,NA,NA,R,NA,NA,R,S,NA,R,NA,NA,NA,NA,NA,NA,NA,NA,NA,NA,NA,NA
470.7423,PTX,S,NA,NA,R,NA,NA,NA,NA,R,NA,NA,R,R,NA,R,NA,NA,NA,NA,NA,NA,NA,NA,NA,NA,NA,NA
470.7921,PTX,R,NA,NA,R,NA,NA,NA,NA,S,NA,NA,R,S,NA,R,NA,NA,NA,NA,NA,NA,NA,NA,NA,NA,NA,NA
470.809,PTX,R,NA,NA,R,NA,NA,NA,NA,R,NA,NA,R,R,NA,R,NA,NA,NA,NA,NA,NA,NA,NA,NA,NA,NA,NA
470.7991,PTX,R,NA,NA,R,NA,NA,NA,NA,R,NA,NA,R,R,NA,R,NA,NA,NA,NA,NA,NA,NA,NA,NA,NA,NA,NA
470.7495,PTX,R,NA,NA,R,NA,NA,NA,NA,R,NA,NA,R,S,NA,R,NA,NA,NA,NA,NA,NA,NA,NA,NA,NA,NA,NA
470.7476,PTX,R,NA,NA,R,NA,NA,NA,NA,R,NA,NA,R,S,NA,R,NA,NA,NA,NA,NA,NA,NA,NA,NA,NA,NA,NA
470.7782,PTX,R,NA,NA,R,NA,NA,NA,NA,R,NA,NA,R,R,NA,S,NA,NA,NA,NA,NA,NA,NA,NA,NA,NA,NA,NA
470.8071,PTX,R,NA,NA,R,NA,NA,NA,NA,R,NA,NA,R,R,NA,R,NA,NA,NA,NA,NA,NA,NA,NA,NA,NA,NA,NA
470.7995,PTX,R,NA,NA,R,NA,NA,NA,NA,R,NA,NA,R,S,NA,R,NA,NA,NA,NA,NA,NA,NA,NA,NA,NA,NA,NA
470.7999,PTX,R,NA,NA,R,NA,NA,NA,NA,R,NA,NA,R,S,NA,S,NA,NA,NA,NA,NA,NA,NA,NA,NA,NA,NA,NA
470.743,PTX,R,NA,NA,R,NA,NA,NA,NA,R,NA,NA,R,S,NA,R,NA,NA,NA,NA,NA,NA,NA,NA,NA,NA,NA,NA
470.7437,PTX,R,NA,NA,R,NA,NA,NA,NA,R,NA,NA,R,R,NA,R,NA,NA,NA,NA,NA,NA,NA,NA,NA,NA,NA,NA
470.8003,PTX,R,NA,NA,R,NA,NA,NA,NA,R,NA,NA,R,S,NA,R,NA,NA,NA,NA,NA,NA,NA,NA,NA,NA,NA,NA
470.76,PTX,R,NA,NA,S,NA,NA,NA,NA,S,NA,NA,R,R,NA,S,NA,NA,NA,NA,NA,NA,NA,NA,NA,NA,NA,NA
470.7718,PTX,R,NA,NA,R,NA,NA,NA,NA,R,NA,NA,R,R,NA,R,NA,NA,NA,NA,NA,NA,NA,NA,NA,NA,NA,NA
470.796,PTX,S,NA,NA,R,NA,NA,NA,NA,R,NA,NA,R,S,NA,S,NA,NA,NA,NA,NA,NA,NA,NA,NA,NA,NA,NA
470.7524,PTX,S,NA,NA,S,NA,NA,NA,NA,S,NA,NA,S,S,NA,S,NA,NA,NA,NA,NA,NA,NA,NA,NA,NA,NA,NA
470.7862,PTX,R,NA,NA,R,NA,NA,NA,NA,S,NA,NA,R,S,NA,R,NA,NA,NA,NA,NA,NA,NA,NA,NA,NA,NA,NA
903898.3,PTX,NA,NA,NA,NA,NA,NA,NA,NA,NA,NA,NA,NA,NA,NA,NA,NA,NA,NA,NA,NA,NA,NA,NA,NA,NA,NA,NA
470.788,PTX,R,NA,NA,R,NA,NA,NA,NA,R,NA,NA,R,S,NA,R,NA,NA,NA,NA,NA,NA,NA,NA,NA,NA,NA,NA
470.7589,PTX,R,NA,NA,R,NA,NA,NA,NA,R,NA,NA,R,S,NA,R,NA,NA,NA,NA,NA,NA,NA,NA,NA,NA,NA,NA
1409925.3,PTX,NA,NA,NA,NA,NA,NA,NA,NA,NA,NA,NA,NA,NA,NA,NA,NA,NA,NA,NA,NA,NA,NA,NA,NA,NA,NA,NA
470.7908,PTX,R,NA,NA,R,NA,NA,NA,NA,R,NA,NA,R,S,NA,S,NA,NA,NA,NA,NA,NA,NA,NA,NA,NA,NA,NA
470.8059,PTX,R,NA,NA,R,NA,NA,NA,NA,R,NA,NA,R,S,NA,S,NA,NA,NA,NA,NA,NA,NA,NA,NA,NA,NA,NA
470.7832,PTX,S,NA,NA,R,NA,NA,NA,NA,R,NA,NA,R,R,NA,S,NA,NA,NA,NA,NA,NA,NA,NA,NA,NA,NA,NA
470.7881,PTX,R,NA,NA,R,NA,NA,NA,NA,R,NA,NA,R,S,NA,S,NA,NA,NA,NA,NA,NA,NA,NA,NA,NA,NA,NA
470.7477,PTX,S,NA,NA,S,NA,NA,NA,NA,S,NA,NA,S,S,NA,S,NA,NA,NA,NA,NA,NA,NA,NA,NA,NA,NA,NA
470.7587,PTX,S,NA,NA,R,NA,NA,NA,NA,R,NA,NA,S,S,NA,S,NA,NA,NA,NA,NA,NA,NA,NA,NA,NA,NA,NA
470.7993,PTX,S,NA,NA,R,NA,NA,NA,NA,R,NA,NA,R,S,NA,S,NA,NA,NA,NA,NA,NA,NA,NA,NA,NA,NA,NA
470.7937,PTX,S,NA,NA,R,NA,NA,NA,NA,S,NA,NA,S,S,NA,S,NA,NA,NA,NA,NA,NA,NA,NA,NA,NA,NA,NA
470.7596,PTX,S,NA,NA,R,NA,NA,NA,NA,R,NA,NA,R,S,NA,R,NA,NA,NA,NA,NA,NA,NA,NA,NA,NA,NA,NA
470.7583,PTX,S,NA,NA,S,NA,NA,NA,NA,S,NA,NA,S,S,NA,S,NA,NA,NA,NA,NA,NA,NA,NA,NA,NA,NA,NA
470.7592,PTX,R,NA,NA,S,NA,NA,NA,NA,S,NA,NA,R,S,NA,S,NA,NA,NA,NA,NA,NA,NA,NA,NA,NA,NA,NA
470.8066,PTX,R,NA,NA,R,NA,NA,NA,NA,R,NA,NA,R,S,NA,R,NA,NA,NA,NA,NA,NA,NA,NA,NA,NA,NA,NA
470.1559,PTX,R,NA,NA,S,NA,NA,NA,NA,S,NA,NA,R,R,NA,S,NA,NA,NA,NA,NA,NA,NA,NA,NA,NA,NA,NA
470.7478,PTX,S,NA,NA,S,NA,NA,NA,NA,S,NA,NA,S,S,NA,S,NA,NA,NA,NA,NA,NA,NA,NA,NA,NA,NA,NA
470.7605,PTX,S,NA,NA,S,NA,NA,NA,NA,S,NA,NA,S,S,NA,S,NA,NA,NA,NA,NA,NA,NA,NA,NA,NA,NA,NA
470.7784,PTX,R,NA,NA,R,NA,NA,NA,NA,R,NA,NA,R,R,NA,S,NA,NA,NA,NA,NA,NA,NA,NA,NA,NA,NA,NA
470.7577,PTX,S,NA,NA,S,NA,NA,NA,NA,S,NA,NA,S,S,NA,S,NA,NA,NA,NA,NA,NA,NA,NA,NA,NA,NA,NA
470.8084,PTX,R,NA,NA,R,NA,NA,NA,NA,R,NA,NA,R,S,NA,R,NA,NA,NA,NA,NA,NA,NA,NA,NA,NA,NA,NA
470.7419,PTX,R,NA,NA,R,NA,NA,NA,NA,R,NA,NA,R,S,NA,S,NA,NA,NA,NA,NA,NA,NA,NA,NA,NA,NA,NA
470.8023,PTX,S,NA,NA,R,NA,NA,NA,NA,R,NA,NA,R,S,NA,S,NA,NA,NA,NA,NA,NA,NA,NA,NA,NA,NA,NA
470.7731,PTX,R,NA,NA,R,NA,NA,NA,NA,R,NA,NA,R,S,NA,R,NA,NA,NA,NA,NA,NA,NA,NA,NA,NA,NA,NA
470.8058,PTX,R,NA,NA,R,NA,NA,NA,NA,R,NA,NA,R,S,NA,S,NA,NA,NA,NA,NA,NA,NA,NA,NA,NA,NA,NA
470.8063,PTX,R,NA,NA,R,NA,NA,NA,NA,R,NA,NA,R,S,NA,R,NA,NA,NA,NA,NA,NA,NA,NA,NA,NA,NA,NA
470.7554,PTX,R,NA,NA,R,NA,NA,NA,NA,R,NA,NA,R,S,NA,R,NA,NA,NA,NA,NA,NA,NA,NA,NA,NA,NA,NA
470.7444,PTX,S,NA,NA,R,NA,NA,NA,NA,R,NA,NA,R,S,NA,S,NA,NA,NA,NA,NA,NA,NA,NA,NA,NA,NA,NA
470.7694,PTX,S,NA,NA,R,NA,NA,NA,NA,R,NA,NA,R,S,NA,S,NA,NA,NA,NA,NA,NA,NA,NA,NA,NA,NA,NA
470.7909,PTX,S,NA,NA,R,NA,NA,NA,NA,R,NA,NA,R,S,NA,S,NA,NA,NA,NA,NA,NA,NA,NA,NA,NA,NA,NA
470.7959,PTX,R,NA,NA,R,NA,NA,NA,NA,R,NA,NA,R,S,NA,R,NA,NA,NA,NA,NA,NA,NA,NA,NA,NA,NA,NA
470.7869,PTX,S,NA,NA,R,NA,NA,NA,NA,R,NA,NA,R,R,NA,S,NA,NA,NA,NA,NA,NA,NA,NA,NA,NA,NA,NA
903893.3,PTX,NA,NA,NA,NA,NA,NA,NA,NA,NA,NA,NA,NA,NA,NA,NA,NA,NA,NA,NA,NA,NA,NA,NA,NA,NA,NA,NA
470.774,PTX,R,NA,NA,R,NA,NA,NA,NA,R,NA,NA,R,S,NA,S,NA,NA,NA,NA,NA,NA,NA,NA,NA,NA,NA,NA
470.7804,PTX,S,NA,NA,R,NA,NA,NA,NA,R,NA,NA,R,S,NA,R,NA,NA,NA,NA,NA,NA,NA,NA,NA,NA,NA,NA
470.7573,PTX,R,NA,NA,R,NA,NA,NA,NA,R,NA,NA,R,R,NA,R,NA,NA,NA,NA,NA,NA,NA,NA,NA,NA,NA,NA
470.7665,PTX,R,NA,NA,R,NA,NA,NA,NA,R,NA,NA,R,S,NA,S,NA,NA,NA,NA,NA,NA,NA,NA,NA,NA,NA,NA
470.7426,PTX,R,NA,NA,R,NA,NA,NA,NA,R,NA,NA,R,S,NA,R,NA,NA,NA,NA,NA,NA,NA,NA,NA,NA,NA,NA
470.7768,PTX,S,NA,NA,R,NA,NA,NA,NA,R,NA,NA,R,S,NA,S,NA,NA,NA,NA,NA,NA,NA,NA,NA,NA,NA,NA
470.7415,PTX,R,NA,NA,R,NA,NA,NA,NA,R,NA,NA,R,R,NA,R,NA,NA,NA,NA,NA,NA,NA,NA,NA,NA,NA,NA
470.7819,PTX,R,NA,NA,R,NA,NA,NA,NA,R,NA,NA,R,S,NA,S,NA,NA,NA,NA,NA,NA,NA,NA,NA,NA,NA,NA
470.7736,PTX,S,NA,NA,S,NA,NA,NA,NA,S,NA,NA,S,S,NA,S,NA,NA,NA,NA,NA,NA,NA,NA,NA,NA,NA,NA
470.7585,PTX,S,NA,NA,R,NA,NA,NA,NA,R,NA,NA,R,R,NA,R,NA,NA,NA,NA,NA,NA,NA,NA,NA,NA,NA,NA
470.7743,PTX,R,NA,NA,R,NA,NA,NA,NA,R,NA,NA,R,R,NA,S,NA,NA,NA,NA,NA,NA,NA,NA,NA,NA,NA,NA
470.8072,PTX,R,NA,NA,R,NA,NA,NA,NA,R,NA,NA,R,R,NA,R,NA,NA,NA,NA,NA,NA,NA,NA,NA,NA,NA,NA
470.7752,PTX,R,NA,NA,R,NA,NA,NA,NA,R,NA,NA,R,S,NA,R,NA,NA,NA,NA,NA,NA,NA,NA,NA,NA,NA,NA
470.8029,PTX,R,NA,NA,R,NA,NA,NA,NA,R,NA,NA,R,S,NA,R,NA,NA,NA,NA,NA,NA,NA,NA,NA,NA,NA,NA
470.8051,PTX,R,NA,NA,R,NA,NA,NA,NA,R,NA,NA,R,S,NA,R,NA,NA,NA,NA,NA,NA,NA,NA,NA,NA,NA,NA
470.23142,PTX,NA,NA,NA,S,NA,NA,NA,NA,NA,NA,NA,S,R,S,R,NA,R,NA,NA,NA,NA,NA,NA,NA,NA,NA,NA
470.7717,PTX,R,NA,NA,R,NA,NA,NA,NA,R,NA,NA,R,S,NA,R,NA,NA,NA,NA,NA,NA,NA,NA,NA,NA,NA,NA
470.8082,PTX,R,NA,NA,R,NA,NA,NA,NA,R,NA,NA,R,R,NA,R,NA,NA,NA,NA,NA,NA,NA,NA,NA,NA,NA,NA
470.7927,PTX,S,NA,NA,R,NA,NA,NA,NA,R,NA,NA,R,S,NA,S,NA,NA,NA,NA,NA,NA,NA,NA,NA,NA,NA,NA
903905.3,PTX,NA,NA,NA,NA,NA,NA,NA,NA,NA,NA,NA,NA,NA,NA,NA,NA,NA,NA,NA,NA,NA,NA,NA,NA,NA,NA,NA
470.747,PTX,R,NA,NA,R,NA,NA,NA,NA,S,NA,NA,R,S,NA,S,NA,NA,NA,NA,NA,NA,NA,NA,NA,NA,NA,NA
470.778,PTX,R,NA,NA,R,NA,NA,NA,NA,R,NA,NA,R,S,NA,S,NA,NA,NA,NA,NA,NA,NA,NA,NA,NA,NA,NA
470.7884,PTX,R,NA,NA,R,NA,NA,NA,NA,R,NA,NA,R,R,NA,S,NA,NA,NA,NA,NA,NA,NA,NA,NA,NA,NA,NA
903889.3,PTX,NA,NA,NA,NA,NA,NA,NA,NA,NA,NA,NA,NA,NA,NA,NA,NA,NA,NA,NA,NA,NA,NA,NA,NA,NA,NA,NA
470.1565,PTX,R,NA,NA,R,NA,NA,NA,NA,R,NA,NA,R,R,NA,R,NA,NA,NA,NA,NA,NA,NA,NA,NA,NA,NA,NA
903918.3,PTX,NA,NA,NA,NA,NA,NA,NA,NA,NA,NA,NA,NA,NA,NA,NA,NA,NA,NA,NA,NA,NA,NA,NA,NA,NA,NA,NA
470.8026,PTX,S,NA,NA,S,NA,NA,NA,NA,S,NA,NA,S,S,NA,S,NA,NA,NA,NA,NA,NA,NA,NA,NA,NA,NA,NA
470.799,PTX,S,NA,NA,R,NA,NA,NA,NA,R,NA,NA,R,S,NA,S,NA,NA,NA,NA,NA,NA,NA,NA,NA,NA,NA,NA
470.7764,PTX,R,NA,NA,R,NA,NA,NA,NA,R,NA,NA,R,S,NA,R,NA,NA,NA,NA,NA,NA,NA,NA,NA,NA,NA,NA
470.7709,PTX,R,NA,NA,R,NA,NA,NA,NA,R,NA,NA,R,R,NA,S,NA,NA,NA,NA,NA,NA,NA,NA,NA,NA,NA,NA
470.7579,PTX,R,NA,NA,R,NA,NA,NA,NA,R,NA,NA,R,S,NA,R,NA,NA,NA,NA,NA,NA,NA,NA,NA,NA,NA,NA
470.7767,PTX,R,NA,NA,R,NA,NA,NA,NA,R,NA,NA,R,S,NA,R,NA,NA,NA,NA,NA,NA,NA,NA,NA,NA,NA,NA
470.8056,PTX,R,NA,NA,R,NA,NA,NA,NA,S,NA,NA,R,S,NA,R,NA,NA,NA,NA,NA,NA,NA,NA,NA,NA,NA,NA
470.8074,PTX,R,NA,NA,R,NA,NA,NA,NA,R,NA,NA,R,R,NA,R,NA,NA,NA,NA,NA,NA,NA,NA,NA,NA,NA,NA
470.7769,PTX,S,NA,NA,S,NA,NA,NA,NA,S,NA,NA,S,S,NA,S,NA,NA,NA,NA,NA,NA,NA,NA,NA,NA,NA,NA
470.7857,PTX,R,NA,NA,R,NA,NA,NA,NA,R,NA,NA,R,R,NA,S,NA,NA,NA,NA,NA,NA,NA,NA,NA,NA,NA,NA
470.7656,PTX,R,NA,NA,R,NA,NA,NA,NA,R,NA,NA,R,S,NA,R,NA,NA,NA,NA,NA,NA,NA,NA,NA,NA,NA,NA
470.7553,PTX,R,NA,NA,S,NA,NA,NA,NA,S,NA,NA,R,S,NA,S,NA,NA,NA,NA,NA,NA,NA,NA,NA,NA,NA,NA
470.7514,PTX,S,NA,NA,R,NA,NA,NA,NA,R,NA,NA,R,S,NA,S,NA,NA,NA,NA,NA,NA,NA,NA,NA,NA,NA,NA
470.7457,PTX,S,NA,NA,S,NA,NA,NA,NA,S,NA,NA,S,S,NA,S,NA,NA,NA,NA,NA,NA,NA,NA,NA,NA,NA,NA
470.7666,PTX,R,NA,NA,S,NA,NA,NA,NA,S,NA,NA,R,S,NA,S,NA,NA,NA,NA,NA,NA,NA,NA,NA,NA,NA,NA
470.7783,PTX,R,NA,NA,R,NA,NA,NA,NA,R,NA,NA,R,S,NA,R,NA,NA,NA,NA,NA,NA,NA,NA,NA,NA,NA,NA
470.7517,PTX,S,NA,NA,S,NA,NA,NA,NA,S,NA,NA,S,S,NA,S,NA,NA,NA,NA,NA,NA,NA,NA,NA,NA,NA,NA
470.7434,PTX,S,NA,NA,R,NA,NA,NA,NA,R,NA,NA,R,S,NA,S,NA,NA,NA,NA,NA,NA,NA,NA,NA,NA,NA,NA
470.7637,PTX,R,NA,NA,R,NA,NA,NA,NA,R,NA,NA,R,S,NA,R,NA,NA,NA,NA,NA,NA,NA,NA,NA,NA,NA,NA
470.7899,PTX,R,NA,NA,R,NA,NA,NA,NA,R,NA,NA,R,S,NA,S,NA,NA,NA,NA,NA,NA,NA,NA,NA,NA,NA,NA
470.7951,PTX,R,NA,NA,R,NA,NA,NA,NA,S,NA,NA,R,S,NA,R,NA,NA,NA,NA,NA,NA,NA,NA,NA,NA,NA,NA
470.8025,PTX,S,NA,NA,S,NA,NA,NA,NA,S,NA,NA,S,S,NA,S,NA,NA,NA,NA,NA,NA,NA,NA,NA,NA,NA,NA
470.7598,PTX,R,NA,NA,S,NA,NA,NA,NA,S,NA,NA,R,S,NA,S,NA,NA,NA,NA,NA,NA,NA,NA,NA,NA,NA,NA
470.7566,PTX,R,NA,NA,R,NA,NA,NA,NA,R,NA,NA,R,S,NA,S,NA,NA,NA,NA,NA,NA,NA,NA,NA,NA,NA,NA
470.7459,PTX,R,NA,NA,R,NA,NA,NA,NA,R,NA,NA,R,S,NA,R,NA,NA,NA,NA,NA,NA,NA,NA,NA,NA,NA,NA
470.8062,PTX,R,NA,NA,R,NA,NA,NA,NA,R,NA,NA,R,S,NA,R,NA,NA,NA,NA,NA,NA,NA,NA,NA,NA,NA,NA
470.7983,PTX,S,NA,NA,R,NA,NA,NA,NA,R,NA,NA,R,S,NA,R,NA,NA,NA,NA,NA,NA,NA,NA,NA,NA,NA,NA
470.7676,PTX,R,NA,NA,R,NA,NA,NA,NA,R,NA,NA,R,S,NA,S,NA,NA,NA,NA,NA,NA,NA,NA,NA,NA,NA,NA
470.7501,PTX,R,NA,NA,R,NA,NA,NA,NA,R,NA,NA,R,R,NA,R,NA,NA,NA,NA,NA,NA,NA,NA,NA,NA,NA,NA
470.7433,PTX,S,NA,NA,S,NA,NA,NA,NA,S,NA,NA,S,S,NA,S,NA,NA,NA,NA,NA,NA,NA,NA,NA,NA,NA,NA
470.7963,PTX,R,NA,NA,S,NA,NA,NA,NA,S,NA,NA,R,S,NA,S,NA,NA,NA,NA,NA,NA,NA,NA,NA,NA,NA,NA
470.7838,PTX,S,NA,NA,R,NA,NA,NA,NA,R,NA,NA,R,S,NA,R,NA,NA,NA,NA,NA,NA,NA,NA,NA,NA,NA,NA
470.8092,PTX,R,NA,NA,R,NA,NA,NA,NA,R,NA,NA,R,R,NA,R,NA,NA,NA,NA,NA,NA,NA,NA,NA,NA,NA,NA
470.7818,PTX,R,NA,NA,R,NA,NA,NA,NA,R,NA,NA,R,R,NA,S,NA,NA,NA,NA,NA,NA,NA,NA,NA,NA,NA,NA
470.7986,PTX,R,NA,NA,R,NA,NA,NA,NA,R,NA,NA,R,S,NA,S,NA,NA,NA,NA,NA,NA,NA,NA,NA,NA,NA,NA
470.754,PTX,R,NA,NA,S,NA,NA,NA,NA,S,NA,NA,R,S,NA,S,NA,NA,NA,NA,NA,NA,NA,NA,NA,NA,NA,NA
470.7697,PTX,R,NA,NA,R,NA,NA,NA,NA,R,NA,NA,R,S,NA,R,NA,NA,NA,NA,NA,NA,NA,NA,NA,NA,NA,NA
470.7436,PTX,R,NA,NA,R,NA,NA,NA,NA,R,NA,NA,R,R,NA,R,NA,NA,NA,NA,NA,NA,NA,NA,NA,NA,NA,NA
470.7424,PTX,R,NA,NA,R,NA,NA,NA,NA,R,NA,NA,R,R,NA,R,NA,NA,NA,NA,NA,NA,NA,NA,NA,NA,NA,NA
470.7625,PTX,R,NA,NA,R,NA,NA,NA,NA,R,NA,NA,R,S,NA,R,NA,NA,NA,NA,NA,NA,NA,NA,NA,NA,NA,NA
470.7659,PTX,S,NA,NA,R,NA,NA,NA,NA,R,NA,NA,R,S,NA,R,NA,NA,NA,NA,NA,NA,NA,NA,NA,NA,NA,NA
470.775,PTX,R,NA,NA,R,NA,NA,NA,NA,R,NA,NA,R,S,NA,R,NA,NA,NA,NA,NA,NA,NA,NA,NA,NA,NA,NA
470.7563,PTX,R,NA,NA,R,NA,NA,NA,NA,R,NA,NA,R,R,NA,R,NA,NA,NA,NA,NA,NA,NA,NA,NA,NA,NA,NA
470.7845,PTX,R,NA,NA,R,NA,NA,NA,NA,S,NA,NA,R,S,NA,S,NA,NA,NA,NA,NA,NA,NA,NA,NA,NA,NA,NA
903901.3,PTX,NA,NA,NA,NA,NA,NA,NA,NA,NA,NA,NA,NA,NA,NA,NA,NA,NA,NA,NA,NA,NA,NA,NA,NA,NA,NA,NA
470.7487,PTX,R,NA,NA,R,NA,NA,NA,NA,R,NA,NA,R,S,NA,R,NA,NA,NA,NA,NA,NA,NA,NA,NA,NA,NA,NA
470.764,PTX,R,NA,NA,R,NA,NA,NA,NA,R,NA,NA,R,S,NA,R,NA,NA,NA,NA,NA,NA,NA,NA,NA,NA,NA,NA
470.1552,PTX,S,NA,NA,R,NA,NA,NA,NA,R,NA,NA,R,S,NA,R,NA,NA,NA,NA,NA,NA,NA,NA,NA,NA,NA,NA
470.7919,PTX,R,NA,NA,R,NA,NA,NA,NA,R,NA,NA,R,S,NA,R,NA,NA,NA,NA,NA,NA,NA,NA,NA,NA,NA,NA
470.7756,PTX,R,NA,NA,R,NA,NA,NA,NA,R,NA,NA,R,S,NA,R,NA,NA,NA,NA,NA,NA,NA,NA,NA,NA,NA,NA
470.8053,PTX,R,NA,NA,R,NA,NA,NA,NA,R,NA,NA,R,S,NA,S,NA,NA,NA,NA,NA,NA,NA,NA,NA,NA,NA,NA
470.7651,PTX,R,NA,NA,R,NA,NA,NA,NA,R,NA,NA,R,S,NA,R,NA,NA,NA,NA,NA,NA,NA,NA,NA,NA,NA,NA
470.7934,PTX,R,NA,NA,R,NA,NA,NA,NA,R,NA,NA,R,S,NA,R,NA,NA,NA,NA,NA,NA,NA,NA,NA,NA,NA,NA
470.7623,PTX,R,NA,NA,R,NA,NA,NA,NA,R,NA,NA,R,S,NA,R,NA,NA,NA,NA,NA,NA,NA,NA,NA,NA,NA,NA
470.8083,PTX,R,NA,NA,R,NA,NA,NA,NA,R,NA,NA,R,R,NA,R,NA,NA,NA,NA,NA,NA,NA,NA,NA,NA,NA,NA
470.7828,PTX,R,NA,NA,R,NA,NA,NA,NA,R,NA,NA,R,R,NA,S,NA,NA,NA,NA,NA,NA,NA,NA,NA,NA,NA,NA
470.7843,PTX,S,NA,NA,R,NA,NA,NA,NA,R,NA,NA,S,R,NA,S,NA,NA,NA,NA,NA,NA,NA,NA,NA,NA,NA,NA
470.7703,PTX,R,NA,NA,R,NA,NA,NA,NA,S,NA,NA,R,S,NA,S,NA,NA,NA,NA,NA,NA,NA,NA,NA,NA,NA,NA
470.7523,PTX,S,NA,NA,R,NA,NA,NA,NA,S,NA,NA,S,S,NA,S,NA,NA,NA,NA,NA,NA,NA,NA,NA,NA,NA,NA
470.7729,PTX,R,NA,NA,R,NA,NA,NA,NA,R,NA,NA,R,S,NA,R,NA,NA,NA,NA,NA,NA,NA,NA,NA,NA,NA,NA
903916.3,PTX,NA,NA,NA,NA,NA,NA,NA,NA,NA,NA,NA,NA,NA,NA,NA,NA,NA,NA,NA,NA,NA,NA,NA,NA,NA,NA,NA
470.7732,PTX,R,NA,NA,R,NA,NA,NA,NA,R,NA,NA,R,S,NA,S,NA,NA,NA,NA,NA,NA,NA,NA,NA,NA,NA,NA
470.7611,PTX,R,NA,NA,R,NA,NA,NA,NA,R,NA,NA,R,S,NA,R,NA,NA,NA,NA,NA,NA,NA,NA,NA,NA,NA,NA
470.7971,PTX,S,NA,NA,R,NA,NA,NA,NA,R,NA,NA,R,S,NA,S,NA,NA,NA,NA,NA,NA,NA,NA,NA,NA,NA,NA
470.7812,PTX,R,NA,NA,R,NA,NA,NA,NA,R,NA,NA,R,S,NA,R,NA,NA,NA,NA,NA,NA,NA,NA,NA,NA,NA,NA
470.7481,PTX,R,NA,NA,R,NA,NA,NA,NA,R,NA,NA,R,S,NA,R,NA,NA,NA,NA,NA,NA,NA,NA,NA,NA,NA,NA
1409922.5,PTX,NA,NA,NA,NA,NA,NA,NA,NA,NA,NA,NA,NA,NA,NA,NA,NA,NA,NA,NA,NA,NA,NA,NA,NA,NA,NA,NA
470.772,PTX,R,NA,NA,R,NA,NA,NA,NA,R,NA,NA,R,R,NA,S,NA,NA,NA,NA,NA,NA,NA,NA,NA,NA,NA,NA
470.7799,PTX,R,NA,NA,R,NA,NA,NA,NA,R,NA,NA,R,R,NA,S,NA,NA,NA,NA,NA,NA,NA,NA,NA,NA,NA,NA
470.7528,PTX,R,NA,NA,S,NA,NA,NA,NA,S,NA,NA,R,S,NA,S,NA,NA,NA,NA,NA,NA,NA,NA,NA,NA,NA,NA
470.8098,PTX,R,NA,NA,R,NA,NA,NA,NA,R,NA,NA,R,R,NA,R,NA,NA,NA,NA,NA,NA,NA,NA,NA,NA,NA,NA
470.744,PTX,R,NA,NA,R,NA,NA,NA,NA,R,NA,NA,R,S,NA,R,NA,NA,NA,NA,NA,NA,NA,NA,NA,NA,NA,NA
470.7955,PTX,S,NA,NA,S,NA,NA,NA,NA,S,NA,NA,S,S,NA,S,NA,NA,NA,NA,NA,NA,NA,NA,NA,NA,NA,NA
470.7757,PTX,R,NA,NA,R,NA,NA,NA,NA,R,NA,NA,R,R,NA,S,NA,NA,NA,NA,NA,NA,NA,NA,NA,NA,NA,NA
470.7667,PTX,R,NA,NA,R,NA,NA,NA,NA,S,NA,NA,R,S,NA,S,NA,NA,NA,NA,NA,NA,NA,NA,NA,NA,NA,NA
470.7807,PTX,R,NA,NA,R,NA,NA,NA,NA,R,NA,NA,R,R,NA,S,NA,NA,NA,NA,NA,NA,NA,NA,NA,NA,NA,NA
470.7868,PTX,S,NA,NA,R,NA,NA,NA,NA,R,NA,NA,R,S,NA,R,NA,NA,NA,NA,NA,NA,NA,NA,NA,NA,NA,NA
470.8094,PTX,R,NA,NA,R,NA,NA,NA,NA,R,NA,NA,R,R,NA,S,NA,NA,NA,NA,NA,NA,NA,NA,NA,NA,NA,NA
470.7775,PTX,R,NA,NA,R,NA,NA,NA,NA,R,NA,NA,R,S,NA,R,NA,NA,NA,NA,NA,NA,NA,NA,NA,NA,NA,NA
470.7745,PTX,R,NA,NA,R,NA,NA,NA,NA,R,NA,NA,R,R,NA,S,NA,NA,NA,NA,NA,NA,NA,NA,NA,NA,NA,NA
470.8044,PTX,R,NA,NA,R,NA,NA,NA,NA,R,NA,NA,R,S,NA,R,NA,NA,NA,NA,NA,NA,NA,NA,NA,NA,NA,NA
470.7898,PTX,S,NA,NA,R,NA,NA,NA,NA,R,NA,NA,R,S,NA,S,NA,NA,NA,NA,NA,NA,NA,NA,NA,NA,NA,NA
470.7663,PTX,R,NA,NA,R,NA,NA,NA,NA,R,NA,NA,R,S,NA,R,NA,NA,NA,NA,NA,NA,NA,NA,NA,NA,NA,NA
470.7431,PTX,S,NA,NA,R,NA,NA,NA,NA,R,NA,NA,R,S,NA,S,NA,NA,NA,NA,NA,NA,NA,NA,NA,NA,NA,NA
470.7618,PTX,R,NA,NA,R,NA,NA,NA,NA,R,NA,NA,R,S,NA,R,NA,NA,NA,NA,NA,NA,NA,NA,NA,NA,NA,NA
470.7738,PTX,R,NA,NA,R,NA,NA,NA,NA,R,NA,NA,R,S,NA,S,NA,NA,NA,NA,NA,NA,NA,NA,NA,NA,NA,NA
470.7953,PTX,R,NA,NA,R,NA,NA,NA,NA,R,NA,NA,R,S,NA,S,NA,NA,NA,NA,NA,NA,NA,NA,NA,NA,NA,NA
470.7867,PTX,S,NA,NA,R,NA,NA,NA,NA,R,NA,NA,S,R,NA,S,NA,NA,NA,NA,NA,NA,NA,NA,NA,NA,NA,NA
470.7968,PTX,S,NA,NA,R,NA,NA,NA,NA,R,NA,NA,R,S,NA,S,NA,NA,NA,NA,NA,NA,NA,NA,NA,NA,NA,NA
470.7432,PTX,R,NA,NA,R,NA,NA,NA,NA,R,NA,NA,R,R,NA,R,NA,NA,NA,NA,NA,NA,NA,NA,NA,NA,NA,NA
470.8015,PTX,R,NA,NA,R,NA,NA,NA,NA,R,NA,NA,R,R,NA,R,NA,NA,NA,NA,NA,NA,NA,NA,NA,NA,NA,NA
470.7948,PTX,R,NA,NA,R,NA,NA,NA,NA,R,NA,NA,R,S,NA,S,NA,NA,NA,NA,NA,NA,NA,NA,NA,NA,NA,NA
470.1558,PTX,R,NA,NA,S,NA,NA,NA,NA,S,NA,NA,R,S,NA,S,NA,NA,NA,NA,NA,NA,NA,NA,NA,NA,NA,NA
470.7886,PTX,R,NA,NA,R,NA,NA,NA,NA,R,NA,NA,R,S,NA,R,NA,NA,NA,NA,NA,NA,NA,NA,NA,NA,NA,NA
470.7872,PTX,R,NA,NA,S,NA,NA,NA,NA,S,NA,NA,R,S,NA,S,NA,NA,NA,NA,NA,NA,NA,NA,NA,NA,NA,NA
470.8049,PTX,R,NA,NA,R,NA,NA,NA,NA,R,NA,NA,R,S,NA,R,NA,NA,NA,NA,NA,NA,NA,NA,NA,NA,NA,NA
470.7672,PTX,R,NA,NA,R,NA,NA,NA,NA,R,NA,NA,R,S,NA,S,NA,NA,NA,NA,NA,NA,NA,NA,NA,NA,NA,NA
470.7547,PTX,S,NA,NA,S,NA,NA,NA,NA,S,NA,NA,S,S,NA,S,NA,NA,NA,NA,NA,NA,NA,NA,NA,NA,NA,NA
470.7723,PTX,R,NA,NA,R,NA,NA,NA,NA,R,NA,NA,R,S,NA,R,NA,NA,NA,NA,NA,NA,NA,NA,NA,NA,NA,NA
470.7671,PTX,R,NA,NA,R,NA,NA,NA,NA,R,NA,NA,R,S,NA,R,NA,NA,NA,NA,NA,NA,NA,NA,NA,NA,NA,NA
470.7486,PTX,R,NA,NA,R,NA,NA,NA,NA,R,NA,NA,R,S,NA,R,NA,NA,NA,NA,NA,NA,NA,NA,NA,NA,NA,NA
470.7901,PTX,R,NA,NA,R,NA,NA,NA,NA,R,NA,NA,R,R,NA,R,NA,NA,NA,NA,NA,NA,NA,NA,NA,NA,NA,NA
470.7902,PTX,R,NA,NA,R,NA,NA,NA,NA,R,NA,NA,R,S,NA,R,NA,NA,NA,NA,NA,NA,NA,NA,NA,NA,NA,NA
470.7882,PTX,S,NA,NA,R,NA,NA,NA,NA,R,NA,NA,R,S,NA,S,NA,NA,NA,NA,NA,NA,NA,NA,NA,NA,NA,NA
470.7798,PTX,R,NA,NA,R,NA,NA,NA,NA,R,NA,NA,R,R,NA,S,NA,NA,NA,NA,NA,NA,NA,NA,NA,NA,NA,NA
470.7543,PTX,R,NA,NA,R,NA,NA,NA,NA,R,NA,NA,R,S,NA,R,NA,NA,NA,NA,NA,NA,NA,NA,NA,NA,NA,NA
470.7652,PTX,R,NA,NA,R,NA,NA,NA,NA,R,NA,NA,R,S,NA,R,NA,NA,NA,NA,NA,NA,NA,NA,NA,NA,NA,NA
470.7624,PTX,R,NA,NA,R,NA,NA,NA,NA,S,NA,NA,R,S,NA,S,NA,NA,NA,NA,NA,NA,NA,NA,NA,NA,NA,NA
470.8099,PTX,R,NA,NA,R,NA,NA,NA,NA,R,NA,NA,R,R,NA,R,NA,NA,NA,NA,NA,NA,NA,NA,NA,NA,NA,NA
470.7635,PTX,S,NA,NA,S,NA,NA,NA,NA,S,NA,NA,S,S,NA,S,NA,NA,NA,NA,NA,NA,NA,NA,NA,NA,NA,NA
470.7711,PTX,R,NA,NA,R,NA,NA,NA,NA,R,NA,NA,R,S,NA,R,NA,NA,NA,NA,NA,NA,NA,NA,NA,NA,NA,NA
470.7822,PTX,R,NA,NA,R,NA,NA,NA,NA,R,NA,NA,R,R,NA,S,NA,NA,NA,NA,NA,NA,NA,NA,NA,NA,NA,NA
903927.3,PTX,NA,NA,NA,NA,NA,NA,NA,NA,NA,NA,NA,NA,NA,NA,NA,NA,NA,NA,NA,NA,NA,NA,NA,NA,NA,NA,NA
470.8036,PTX,S,NA,NA,R,NA,NA,NA,NA,R,NA,NA,R,S,NA,S,NA,NA,NA,NA,NA,NA,NA,NA,NA,NA,NA,NA
470.7733,PTX,R,NA,NA,R,NA,NA,NA,NA,R,NA,NA,R,S,NA,R,NA,NA,NA,NA,NA,NA,NA,NA,NA,NA,NA,NA
470.752,PTX,R,NA,NA,R,NA,NA,NA,NA,R,NA,NA,R,R,NA,R,NA,NA,NA,NA,NA,NA,NA,NA,NA,NA,NA,NA
470.7788,PTX,R,NA,NA,R,NA,NA,NA,NA,R,NA,NA,R,S,NA,R,NA,NA,NA,NA,NA,NA,NA,NA,NA,NA,NA,NA
470.7879,PTX,S,NA,NA,R,NA,NA,NA,NA,R,NA,NA,R,S,NA,S,NA,NA,NA,NA,NA,NA,NA,NA,NA,NA,NA,NA
470.8064,PTX,R,NA,NA,R,NA,NA,NA,NA,R,NA,NA,R,S,NA,S,NA,NA,NA,NA,NA,NA,NA,NA,NA,NA,NA,NA
470.8028,PTX,R,NA,NA,R,NA,NA,NA,NA,R,NA,NA,R,S,NA,S,NA,NA,NA,NA,NA,NA,NA,NA,NA,NA,NA,NA
1409924.3,PTX,NA,NA,NA,NA,NA,NA,NA,NA,NA,NA,NA,NA,NA,NA,NA,NA,NA,NA,NA,NA,NA,NA,NA,NA,NA,NA,NA
470.7698,PTX,R,NA,NA,R,NA,NA,NA,NA,R,NA,NA,R,S,NA,R,NA,NA,NA,NA,NA,NA,NA,NA,NA,NA,NA,NA
470.7755,PTX,S,NA,NA,R,NA,NA,NA,NA,R,NA,NA,R,S,NA,S,NA,NA,NA,NA,NA,NA,NA,NA,NA,NA,NA,NA
470.7608,PTX,R,NA,NA,R,NA,NA,NA,NA,R,NA,NA,R,S,NA,R,NA,NA,NA,NA,NA,NA,NA,NA,NA,NA,NA,NA
470.7826,PTX,S,NA,NA,R,NA,NA,NA,NA,R,NA,NA,S,R,NA,S,NA,NA,NA,NA,NA,NA,NA,NA,NA,NA,NA,NA
903917.3,PTX,NA,NA,NA,NA,NA,NA,NA,NA,NA,NA,NA,NA,NA,NA,NA,NA,NA,NA,NA,NA,NA,NA,NA,NA,NA,NA,NA
470.7696,PTX,S,NA,NA,R,NA,NA,NA,NA,R,NA,NA,R,S,NA,S,NA,NA,NA,NA,NA,NA,NA,NA,NA,NA,NA,NA
470.7837,PTX,R,NA,NA,R,NA,NA,NA,NA,R,NA,NA,R,R,NA,S,NA,NA,NA,NA,NA,NA,NA,NA,NA,NA,NA,NA
470.8042,PTX,S,NA,NA,R,NA,NA,NA,NA,R,NA,NA,R,R,NA,S,NA,NA,NA,NA,NA,NA,NA,NA,NA,NA,NA,NA
470.8005,PTX,S,NA,NA,R,NA,NA,NA,NA,R,NA,NA,R,S,NA,S,NA,NA,NA,NA,NA,NA,NA,NA,NA,NA,NA,NA
1409923.3,PTX,NA,NA,NA,NA,NA,NA,NA,NA,NA,NA,NA,NA,NA,NA,NA,NA,NA,NA,NA,NA,NA,NA,NA,NA,NA,NA,NA
470.7895,PTX,S,NA,NA,R,NA,NA,NA,NA,R,NA,NA,R,S,NA,S,NA,NA,NA,NA,NA,NA,NA,NA,NA,NA,NA,NA
470.7691,PTX,S,NA,NA,R,NA,NA,NA,NA,R,NA,NA,R,R,NA,S,NA,NA,NA,NA,NA,NA,NA,NA,NA,NA,NA,NA
470.7833,PTX,R,NA,NA,R,NA,NA,NA,NA,R,NA,NA,R,R,NA,S,NA,NA,NA,NA,NA,NA,NA,NA,NA,NA,NA,NA
470.7806,PTX,R,NA,NA,R,NA,NA,NA,NA,R,NA,NA,R,R,NA,S,NA,NA,NA,NA,NA,NA,NA,NA,NA,NA,NA,NA
470.7479,PTX,S,NA,NA,R,NA,NA,NA,NA,R,NA,NA,R,S,NA,R,NA,NA,NA,NA,NA,NA,NA,NA,NA,NA,NA,NA
470.7594,PTX,R,NA,NA,S,NA,NA,NA,NA,S,NA,NA,R,S,NA,S,NA,NA,NA,NA,NA,NA,NA,NA,NA,NA,NA,NA
470.7441,PTX,R,NA,NA,R,NA,NA,NA,NA,R,NA,NA,R,R,NA,R,NA,NA,NA,NA,NA,NA,NA,NA,NA,NA,NA,NA
470.7794,PTX,R,NA,NA,R,NA,NA,NA,NA,R,NA,NA,R,R,NA,S,NA,NA,NA,NA,NA,NA,NA,NA,NA,NA,NA,NA
470.7558,PTX,S,NA,NA,R,NA,NA,NA,NA,S,NA,NA,S,S,NA,S,NA,NA,NA,NA,NA,NA,NA,NA,NA,NA,NA,NA
470.7915,PTX,S,NA,NA,R,NA,NA,NA,NA,R,NA,NA,R,S,NA,R,NA,NA,NA,NA,NA,NA,NA,NA,NA,NA,NA,NA
470.7466,PTX,R,NA,NA,R,NA,NA,NA,NA,R,NA,NA,R,R,NA,S,NA,NA,NA,NA,NA,NA,NA,NA,NA,NA,NA,NA
470.7425,PTX,R,NA,NA,R,NA,NA,NA,NA,R,NA,NA,R,R,NA,R,NA,NA,NA,NA,NA,NA,NA,NA,NA,NA,NA,NA
470.7591,PTX,R,NA,NA,R,NA,NA,NA,NA,R,NA,NA,R,S,NA,R,NA,NA,NA,NA,NA,NA,NA,NA,NA,NA,NA,NA
470.8106,PTX,R,NA,NA,R,NA,NA,NA,NA,R,NA,NA,R,R,NA,R,NA,NA,NA,NA,NA,NA,NA,NA,NA,NA,NA,NA
470.7511,PTX,R,NA,NA,R,NA,NA,NA,NA,R,NA,NA,R,R,NA,R,NA,NA,NA,NA,NA,NA,NA,NA,NA,NA,NA,NA
470.7498,PTX,R,NA,NA,R,NA,NA,NA,NA,R,NA,NA,R,S,NA,R,NA,NA,NA,NA,NA,NA,NA,NA,NA,NA,NA,NA
470.7454,PTX,R,NA,NA,R,NA,NA,NA,NA,R,NA,NA,R,S,NA,R,NA,NA,NA,NA,NA,NA,NA,NA,NA,NA,NA,NA
470.7903,PTX,R,NA,NA,R,NA,NA,NA,NA,R,NA,NA,R,S,NA,R,NA,NA,NA,NA,NA,NA,NA,NA,NA,NA,NA,NA
470.7614,PTX,R,NA,NA,R,NA,NA,NA,NA,R,NA,NA,R,S,NA,R,NA,NA,NA,NA,NA,NA,NA,NA,NA,NA,NA,NA
470.7777,PTX,R,NA,NA,S,NA,NA,NA,NA,S,NA,NA,R,S,NA,S,NA,NA,NA,NA,NA,NA,NA,NA,NA,NA,NA,NA
470.7474,PTX,S,NA,NA,R,NA,NA,NA,NA,R,NA,NA,R,R,NA,S,NA,NA,NA,NA,NA,NA,NA,NA,NA,NA,NA,NA
470.7979,PTX,R,NA,NA,R,NA,NA,NA,NA,R,NA,NA,R,R,NA,S,NA,NA,NA,NA,NA,NA,NA,NA,NA,NA,NA,NA
470.7472,PTX,S,NA,NA,S,NA,NA,NA,NA,S,NA,NA,S,S,NA,S,NA,NA,NA,NA,NA,NA,NA,NA,NA,NA,NA,NA
470.7491,PTX,R,NA,NA,R,NA,NA,NA,NA,R,NA,NA,R,S,NA,R,NA,NA,NA,NA,NA,NA,NA,NA,NA,NA,NA,NA
470.7774,PTX,R,NA,NA,R,NA,NA,NA,NA,R,NA,NA,R,R,NA,S,NA,NA,NA,NA,NA,NA,NA,NA,NA,NA,NA,NA
903922.3,PTX,NA,NA,NA,NA,NA,NA,NA,NA,NA,NA,NA,NA,NA,NA,NA,NA,NA,NA,NA,NA,NA,NA,NA,NA,NA,NA,NA
470.7485,PTX,S,NA,NA,R,NA,NA,NA,NA,R,NA,NA,R,R,NA,R,NA,NA,NA,NA,NA,NA,NA,NA,NA,NA,NA,NA
470.7483,PTX,R,NA,NA,R,NA,NA,NA,NA,R,NA,NA,R,S,NA,R,NA,NA,NA,NA,NA,NA,NA,NA,NA,NA,NA,NA
470.8054,PTX,R,NA,NA,R,NA,NA,NA,NA,R,NA,NA,R,S,NA,S,NA,NA,NA,NA,NA,NA,NA,NA,NA,NA,NA,NA
470.8101,PTX,R,NA,NA,R,NA,NA,NA,NA,R,NA,NA,R,R,NA,R,NA,NA,NA,NA,NA,NA,NA,NA,NA,NA,NA,NA
470.7521,PTX,S,NA,NA,R,NA,NA,NA,NA,R,NA,NA,R,S,NA,S,NA,NA,NA,NA,NA,NA,NA,NA,NA,NA,NA,NA
470.7966,PTX,R,NA,NA,R,NA,NA,NA,NA,R,NA,NA,R,S,NA,R,NA,NA,NA,NA,NA,NA,NA,NA,NA,NA,NA,NA
470.791,PTX,S,NA,NA,R,NA,NA,NA,NA,R,NA,NA,R,S,NA,S,NA,NA,NA,NA,NA,NA,NA,NA,NA,NA,NA,NA
470.742,PTX,S,NA,NA,R,NA,NA,NA,NA,R,NA,NA,R,S,NA,S,NA,NA,NA,NA,NA,NA,NA,NA,NA,NA,NA,NA
470.1563,PTX,R,NA,NA,R,NA,NA,NA,NA,R,NA,NA,R,R,NA,R,NA,NA,NA,NA,NA,NA,NA,NA,NA,NA,NA,NA
470.7438,PTX,S,NA,NA,S,NA,NA,NA,NA,S,NA,NA,S,S,NA,S,NA,NA,NA,NA,NA,NA,NA,NA,NA,NA,NA,NA
470.7761,PTX,R,NA,NA,R,NA,NA,NA,NA,R,NA,NA,R,S,NA,S,NA,NA,NA,NA,NA,NA,NA,NA,NA,NA,NA,NA
470.7513,PTX,S,NA,NA,S,NA,NA,NA,NA,S,NA,NA,S,S,NA,S,NA,NA,NA,NA,NA,NA,NA,NA,NA,NA,NA,NA
470.771,PTX,R,NA,NA,R,NA,NA,NA,NA,R,NA,NA,R,S,NA,R,NA,NA,NA,NA,NA,NA,NA,NA,NA,NA,NA,NA
470.155,PTX,R,NA,NA,R,NA,NA,NA,NA,R,NA,NA,R,S,NA,R,NA,NA,NA,NA,NA,NA,NA,NA,NA,NA,NA,NA
470.7569,PTX,R,NA,NA,R,NA,NA,NA,NA,R,NA,NA,R,S,NA,S,NA,NA,NA,NA,NA,NA,NA,NA,NA,NA,NA,NA
470.7854,PTX,S,NA,NA,S,NA,NA,NA,NA,S,NA,NA,S,S,NA,S,NA,NA,NA,NA,NA,NA,NA,NA,NA,NA,NA,NA
470.7482,PTX,S,NA,NA,R,NA,NA,NA,NA,R,NA,NA,R,S,NA,R,NA,NA,NA,NA,NA,NA,NA,NA,NA,NA,NA,NA
470.7896,PTX,S,NA,NA,R,NA,NA,NA,NA,R,NA,NA,R,R,NA,S,NA,NA,NA,NA,NA,NA,NA,NA,NA,NA,NA,NA
470.7846,PTX,S,NA,NA,S,NA,NA,NA,NA,S,NA,NA,S,S,NA,S,NA,NA,NA,NA,NA,NA,NA,NA,NA,NA,NA,NA
470.7613,PTX,R,NA,NA,S,NA,NA,NA,NA,S,NA,NA,R,S,NA,S,NA,NA,NA,NA,NA,NA,NA,NA,NA,NA,NA,NA
470.7467,PTX,R,NA,NA,R,NA,NA,NA,NA,R,NA,NA,R,S,NA,S,NA,NA,NA,NA,NA,NA,NA,NA,NA,NA,NA,NA
470.7516,PTX,S,NA,NA,R,NA,NA,NA,NA,S,NA,NA,S,S,NA,S,NA,NA,NA,NA,NA,NA,NA,NA,NA,NA,NA,NA
470.7877,PTX,R,NA,NA,R,NA,NA,NA,NA,R,NA,NA,R,S,NA,R,NA,NA,NA,NA,NA,NA,NA,NA,NA,NA,NA,NA
470.8037,PTX,R,NA,NA,R,NA,NA,NA,NA,S,NA,NA,R,S,NA,R,NA,NA,NA,NA,NA,NA,NA,NA,NA,NA,NA,NA
470.7464,PTX,R,NA,NA,R,NA,NA,NA,NA,R,NA,NA,R,R,NA,R,NA,NA,NA,NA,NA,NA,NA,NA,NA,NA,NA,NA
470.7617,PTX,R,NA,NA,R,NA,NA,NA,NA,R,NA,NA,R,S,NA,R,NA,NA,NA,NA,NA,NA,NA,NA,NA,NA,NA,NA
470.7742,PTX,R,NA,NA,R,NA,NA,NA,NA,R,NA,NA,R,S,NA,S,NA,NA,NA,NA,NA,NA,NA,NA,NA,NA,NA,NA
470.7695,PTX,R,NA,NA,R,NA,NA,NA,NA,R,NA,NA,R,S,NA,R,NA,NA,NA,NA,NA,NA,NA,NA,NA,NA,NA,NA
470.7952,PTX,S,NA,NA,R,NA,NA,NA,NA,R,NA,NA,R,S,NA,S,NA,NA,NA,NA,NA,NA,NA,NA,NA,NA,NA,NA
470.766,PTX,R,NA,NA,S,NA,NA,NA,NA,S,NA,NA,R,S,NA,S,NA,NA,NA,NA,NA,NA,NA,NA,NA,NA,NA,NA
470.7871,PTX,S,NA,NA,R,NA,NA,NA,NA,R,NA,NA,S,R,NA,S,NA,NA,NA,NA,NA,NA,NA,NA,NA,NA,NA,NA
470.7944,PTX,S,NA,NA,R,NA,NA,NA,NA,R,NA,NA,R,S,NA,S,NA,NA,NA,NA,NA,NA,NA,NA,NA,NA,NA,NA
470.8096,PTX,R,NA,NA,R,NA,NA,NA,NA,R,NA,NA,R,R,NA,R,NA,NA,NA,NA,NA,NA,NA,NA,NA,NA,NA,NA
470.7559,PTX,S,NA,NA,S,NA,NA,NA,NA,S,NA,NA,S,S,NA,S,NA,NA,NA,NA,NA,NA,NA,NA,NA,NA,NA,NA
470.751,PTX,S,NA,NA,S,NA,NA,NA,NA,S,NA,NA,S,S,NA,S,NA,NA,NA,NA,NA,NA,NA,NA,NA,NA,NA,NA
470.7791,PTX,S,NA,NA,S,NA,NA,NA,NA,S,NA,NA,S,S,NA,S,NA,NA,NA,NA,NA,NA,NA,NA,NA,NA,NA,NA
470.8089,PTX,R,NA,NA,R,NA,NA,NA,NA,R,NA,NA,R,R,NA,R,NA,NA,NA,NA,NA,NA,NA,NA,NA,NA,NA,NA
470.7688,PTX,S,NA,NA,R,NA,NA,NA,NA,R,NA,NA,R,R,NA,S,NA,NA,NA,NA,NA,NA,NA,NA,NA,NA,NA,NA
470.7863,PTX,R,NA,NA,R,NA,NA,NA,NA,R,NA,NA,R,S,NA,R,NA,NA,NA,NA,NA,NA,NA,NA,NA,NA,NA,NA
470.7641,PTX,S,NA,NA,R,NA,NA,NA,NA,R,NA,NA,R,S,NA,S,NA,NA,NA,NA,NA,NA,NA,NA,NA,NA,NA,NA
470.8012,PTX,R,NA,NA,R,NA,NA,NA,NA,R,NA,NA,R,S,NA,S,NA,NA,NA,NA,NA,NA,NA,NA,NA,NA,NA,NA
470.7848,PTX,R,NA,NA,R,NA,NA,NA,NA,R,NA,NA,R,S,NA,R,NA,NA,NA,NA,NA,NA,NA,NA,NA,NA,NA,NA
470.7615,PTX,R,NA,NA,S,NA,NA,NA,NA,S,NA,NA,R,S,NA,S,NA,NA,NA,NA,NA,NA,NA,NA,NA,NA,NA,NA
470.7883,PTX,S,NA,NA,R,NA,NA,NA,NA,R,NA,NA,R,R,NA,S,NA,NA,NA,NA,NA,NA,NA,NA,NA,NA,NA,NA
470.7439,PTX,S,NA,NA,R,NA,NA,NA,NA,R,NA,NA,R,S,NA,S,NA,NA,NA,NA,NA,NA,NA,NA,NA,NA,NA,NA
470.7619,PTX,R,NA,NA,R,NA,NA,NA,NA,R,NA,NA,R,S,NA,S,NA,NA,NA,NA,NA,NA,NA,NA,NA,NA,NA,NA
470.8088,PTX,R,NA,NA,R,NA,NA,NA,NA,R,NA,NA,R,R,NA,R,NA,NA,NA,NA,NA,NA,NA,NA,NA,NA,NA,NA
470.8075,PTX,R,NA,NA,R,NA,NA,NA,NA,R,NA,NA,R,R,NA,R,NA,NA,NA,NA,NA,NA,NA,NA,NA,NA,NA,NA
903897.3,PTX,NA,NA,NA,NA,NA,NA,NA,NA,NA,NA,NA,NA,NA,NA,NA,NA,NA,NA,NA,NA,NA,NA,NA,NA,NA,NA,NA
470.7687,PTX,R,NA,NA,R,NA,NA,NA,NA,R,NA,NA,R,S,NA,S,NA,NA,NA,NA,NA,NA,NA,NA,NA,NA,NA,NA
470.7539,PTX,R,NA,NA,R,NA,NA,NA,NA,R,NA,NA,R,S,NA,R,NA,NA,NA,NA,NA,NA,NA,NA,NA,NA,NA,NA
470.7417,PTX,S,NA,NA,S,NA,NA,NA,NA,S,NA,NA,S,S,NA,S,NA,NA,NA,NA,NA,NA,NA,NA,NA,NA,NA,NA
470.7911,PTX,R,NA,NA,R,NA,NA,NA,NA,R,NA,NA,R,S,NA,R,NA,NA,NA,NA,NA,NA,NA,NA,NA,NA,NA,NA
470.7639,PTX,R,NA,NA,R,NA,NA,NA,NA,R,NA,NA,R,S,NA,R,NA,NA,NA,NA,NA,NA,NA,NA,NA,NA,NA,NA
470.7512,PTX,S,NA,NA,S,NA,NA,NA,NA,S,NA,NA,R,S,NA,S,NA,NA,NA,NA,NA,NA,NA,NA,NA,NA,NA,NA
470.7502,PTX,R,NA,NA,R,NA,NA,NA,NA,R,NA,NA,R,R,NA,R,NA,NA,NA,NA,NA,NA,NA,NA,NA,NA,NA,NA
470.7461,PTX,R,NA,NA,R,NA,NA,NA,NA,R,NA,NA,R,S,NA,S,NA,NA,NA,NA,NA,NA,NA,NA,NA,NA,NA,NA
470.7737,PTX,R,NA,NA,R,NA,NA,NA,NA,R,NA,NA,R,S,NA,R,NA,NA,NA,NA,NA,NA,NA,NA,NA,NA,NA,NA
470.7922,PTX,S,NA,NA,S,NA,NA,NA,NA,S,NA,NA,S,S,NA,S,NA,NA,NA,NA,NA,NA,NA,NA,NA,NA,NA,NA
470.7606,PTX,R,NA,NA,R,NA,NA,NA,NA,R,NA,NA,R,S,NA,S,NA,NA,NA,NA,NA,NA,NA,NA,NA,NA,NA,NA
470.7677,PTX,S,NA,NA,R,NA,NA,NA,NA,R,NA,NA,R,S,NA,S,NA,NA,NA,NA,NA,NA,NA,NA,NA,NA,NA,NA
470.7719,PTX,R,NA,NA,R,NA,NA,NA,NA,R,NA,NA,R,S,NA,R,NA,NA,NA,NA,NA,NA,NA,NA,NA,NA,NA,NA
470.802,PTX,R,NA,NA,R,NA,NA,NA,NA,R,NA,NA,R,S,NA,R,NA,NA,NA,NA,NA,NA,NA,NA,NA,NA,NA,NA
470.761,PTX,R,NA,NA,R,NA,NA,NA,NA,R,NA,NA,R,S,NA,R,NA,NA,NA,NA,NA,NA,NA,NA,NA,NA,NA,NA
470.749,PTX,R,NA,NA,R,NA,NA,NA,NA,R,NA,NA,R,S,NA,R,NA,NA,NA,NA,NA,NA,NA,NA,NA,NA,NA,NA
470.8024,PTX,R,NA,NA,R,NA,NA,NA,NA,R,NA,NA,R,R,NA,R,NA,NA,NA,NA,NA,NA,NA,NA,NA,NA,NA,NA
470.7776,PTX,S,NA,NA,R,NA,NA,NA,NA,R,NA,NA,R,S,NA,R,NA,NA,NA,NA,NA,NA,NA,NA,NA,NA,NA,NA
470.8067,PTX,R,NA,NA,S,NA,NA,NA,NA,S,NA,NA,R,S,NA,R,NA,NA,NA,NA,NA,NA,NA,NA,NA,NA,NA,NA
470.7564,PTX,R,NA,NA,R,NA,NA,NA,NA,R,NA,NA,R,S,NA,R,NA,NA,NA,NA,NA,NA,NA,NA,NA,NA,NA,NA
470.7657,PTX,R,NA,NA,R,NA,NA,NA,NA,R,NA,NA,R,S,NA,R,NA,NA,NA,NA,NA,NA,NA,NA,NA,NA,NA,NA
470.7728,PTX,R,NA,NA,R,NA,NA,NA,NA,R,NA,NA,R,R,NA,S,NA,NA,NA,NA,NA,NA,NA,NA,NA,NA,NA,NA
470.7887,PTX,S,NA,NA,S,NA,NA,NA,NA,S,NA,NA,S,S,NA,S,NA,NA,NA,NA,NA,NA,NA,NA,NA,NA,NA,NA
470.7958,PTX,S,NA,NA,R,NA,NA,NA,NA,R,NA,NA,R,S,NA,S,NA,NA,NA,NA,NA,NA,NA,NA,NA,NA,NA,NA
470.8035,PTX,R,NA,NA,R,NA,NA,NA,NA,R,NA,NA,R,S,NA,R,NA,NA,NA,NA,NA,NA,NA,NA,NA,NA,NA,NA
470.7876,PTX,S,NA,NA,S,NA,NA,NA,NA,S,NA,NA,S,S,NA,S,NA,NA,NA,NA,NA,NA,NA,NA,NA,NA,NA,NA
470.765,PTX,R,NA,NA,R,NA,NA,NA,NA,R,NA,NA,R,S,NA,R,NA,NA,NA,NA,NA,NA,NA,NA,NA,NA,NA,NA
470.7957,PTX,R,NA,NA,R,NA,NA,NA,NA,S,NA,NA,R,S,NA,R,NA,NA,NA,NA,NA,NA,NA,NA,NA,NA,NA,NA
470.7627,PTX,R,NA,NA,R,NA,NA,NA,NA,R,NA,NA,R,S,NA,R,NA,NA,NA,NA,NA,NA,NA,NA,NA,NA,NA,NA
470.7976,PTX,S,NA,NA,S,NA,NA,NA,NA,S,NA,NA,S,S,NA,S,NA,NA,NA,NA,NA,NA,NA,NA,NA,NA,NA,NA
470.7889,PTX,S,NA,NA,R,NA,NA,NA,NA,R,NA,NA,R,S,NA,S,NA,NA,NA,NA,NA,NA,NA,NA,NA,NA,NA,NA
470.8018,PTX,S,NA,NA,R,NA,NA,NA,NA,R,NA,NA,S,S,NA,S,NA,NA,NA,NA,NA,NA,NA,NA,NA,NA,NA,NA
470.7797,PTX,R,NA,NA,R,NA,NA,NA,NA,R,NA,NA,R,R,NA,S,NA,NA,NA,NA,NA,NA,NA,NA,NA,NA,NA,NA
470.7584,PTX,R,NA,NA,R,NA,NA,NA,NA,R,NA,NA,R,R,NA,R,NA,NA,NA,NA,NA,NA,NA,NA,NA,NA,NA,NA
470.7518,PTX,R,NA,NA,R,NA,NA,NA,NA,R,NA,NA,R,R,NA,S,NA,NA,NA,NA,NA,NA,NA,NA,NA,NA,NA,NA
470.7984,PTX,R,NA,NA,R,NA,NA,NA,NA,R,NA,NA,R,R,NA,R,NA,NA,NA,NA,NA,NA,NA,NA,NA,NA,NA,NA
470.759,PTX,R,NA,NA,R,NA,NA,NA,NA,R,NA,NA,R,S,NA,S,NA,NA,NA,NA,NA,NA,NA,NA,NA,NA,NA,NA
470.7662,PTX,R,NA,NA,R,NA,NA,NA,NA,R,NA,NA,R,S,NA,R,NA,NA,NA,NA,NA,NA,NA,NA,NA,NA,NA,NA
470.7866,PTX,S,NA,NA,R,NA,NA,NA,NA,R,NA,NA,R,S,NA,S,NA,NA,NA,NA,NA,NA,NA,NA,NA,NA,NA,NA
470.7805,PTX,R,NA,NA,R,NA,NA,NA,NA,R,NA,NA,R,R,NA,S,NA,NA,NA,NA,NA,NA,NA,NA,NA,NA,NA,NA
470.7716,PTX,R,NA,NA,R,NA,NA,NA,NA,R,NA,NA,R,S,NA,R,NA,NA,NA,NA,NA,NA,NA,NA,NA,NA,NA,NA
470.784,PTX,S,NA,NA,S,NA,NA,NA,NA,S,NA,NA,S,S,NA,S,NA,NA,NA,NA,NA,NA,NA,NA,NA,NA,NA,NA
470.7923,PTX,S,NA,NA,R,NA,NA,NA,NA,R,NA,NA,R,S,NA,S,NA,NA,NA,NA,NA,NA,NA,NA,NA,NA,NA,NA
470.7456,PTX,S,NA,NA,S,NA,NA,NA,NA,S,NA,NA,S,S,NA,S,NA,NA,NA,NA,NA,NA,NA,NA,NA,NA,NA,NA
470.7982,PTX,S,NA,NA,R,NA,NA,NA,NA,R,NA,NA,R,R,NA,S,NA,NA,NA,NA,NA,NA,NA,NA,NA,NA,NA,NA
470.7445,PTX,R,NA,NA,S,NA,NA,NA,NA,S,NA,NA,R,S,NA,S,NA,NA,NA,NA,NA,NA,NA,NA,NA,NA,NA,NA
470.7815,PTX,R,NA,NA,R,NA,NA,NA,NA,R,NA,NA,R,S,NA,S,NA,NA,NA,NA,NA,NA,NA,NA,NA,NA,NA,NA
470.7675,PTX,R,NA,NA,S,NA,NA,NA,NA,S,NA,NA,R,R,NA,S,NA,NA,NA,NA,NA,NA,NA,NA,NA,NA,NA,NA
470.7541,PTX,R,NA,NA,R,NA,NA,NA,NA,R,NA,NA,R,S,NA,R,NA,NA,NA,NA,NA,NA,NA,NA,NA,NA,NA,NA
470.7827,PTX,R,NA,NA,R,NA,NA,NA,NA,R,NA,NA,R,S,NA,R,NA,NA,NA,NA,NA,NA,NA,NA,NA,NA,NA,NA
470.7859,PTX,R,NA,NA,S,NA,NA,NA,NA,S,NA,NA,R,S,NA,S,NA,NA,NA,NA,NA,NA,NA,NA,NA,NA,NA,NA
470.7455,PTX,R,NA,NA,R,NA,NA,NA,NA,R,NA,NA,R,S,NA,R,NA,NA,NA,NA,NA,NA,NA,NA,NA,NA,NA,NA
470.7839,PTX,R,NA,NA,R,NA,NA,NA,NA,R,NA,NA,R,R,NA,S,NA,NA,NA,NA,NA,NA,NA,NA,NA,NA,NA,NA
470.7858,PTX,S,NA,NA,R,NA,NA,NA,NA,R,NA,NA,S,S,NA,S,NA,NA,NA,NA,NA,NA,NA,NA,NA,NA,NA,NA
470.7497,PTX,S,NA,NA,S,NA,NA,NA,NA,S,NA,NA,S,S,NA,S,NA,NA,NA,NA,NA,NA,NA,NA,NA,NA,NA,NA
470.805,PTX,R,NA,NA,R,NA,NA,NA,NA,R,NA,NA,R,S,NA,S,NA,NA,NA,NA,NA,NA,NA,NA,NA,NA,NA,NA
470.7599,PTX,R,NA,NA,R,NA,NA,NA,NA,R,NA,NA,R,S,NA,R,NA,NA,NA,NA,NA,NA,NA,NA,NA,NA,NA,NA
470.8061,PTX,S,NA,NA,R,NA,NA,NA,NA,R,NA,NA,R,S,NA,S,NA,NA,NA,NA,NA,NA,NA,NA,NA,NA,NA,NA
470.7418,PTX,R,NA,NA,R,NA,NA,NA,NA,R,NA,NA,R,R,NA,R,NA,NA,NA,NA,NA,NA,NA,NA,NA,NA,NA,NA
