Sample_ID_IfH,Organism_Code,imipenem,amikacin,tetracycline,gentamicin,cefepime,meropenem,levofloxacin,trimethoprim/sulfamethoxazole,ertapenem,aztreonam,ciprofloxacin,piperacillin/tazobactam,tobramycin,cefoxitin,colistin,cefotaxime,cefalotin,cefuroxime,ampicillin,amoxicillin/clavulanic acid,ceftazidime,tigecycline,fosfomycin,ceftazidime/avibactam,chloramphenicol,cefotetan,cefpodoxime,ceftazidime/clavulanic acid,minocycline,cefmetazole,ceftriaxone,cefoperazone/sulbactam,doripenem,cefozopran,ampicillin/sulbactam,piperacillin,imipenem/relebactam,cefepime_taniborbactam,ceftolozane/tazobactam,ceftaroline,cefazolin,polymyxin B,trimethoprim_sulfamethoxazole,piperacillin_tazobactam,extended spectrum beta lactamase,cefotaxime/clavulanic acid,doxycycline,nitrofurantoin,cephalothin,ofloxacin,kanamycin,nalidixic acid,carbenicillin,penicillin,streptomycin,erythromycin,neomycin,spectinomycin,rifampin,cefiderocol,ticarcillin/clavulanic acid,trimethoprim_sulfonamide,amoxicillin,aminogycosides,fluoroquinolones,beta-lactam,trimotheprim,cefoperazone,florfenicol,sulfamethoxazole,ceftriaxone/cefpodoxime
573.66337,EKP,,4,,,>=64,,,,>=8,,,,,,,>=64,>=64,>=64,>=32,>=32,>=64,,,,,,,,,,,,,,,,,,,,,,,,,,,,,,,,,,,,,,,,,,,,,,,,,,
573.29931,EKP,,16,,<=1,,128,,,>1,,>2,,,,<=1,,,,,,,1,>128,<=1/4,>16,,,,,,,,,,,,,,,,,,,,,,,,,,,,,,,,,,,,,,,,,,,,,,
573.29944,EKP,>8,8,,,,128,,,>1,,>2,,,,2,,,,,,,1,16,<=1/4,>16,,,,,,,,,,,,,,,,,,,,,,,,,,,,,,,,,,,,,,,,,,,,,,
72407.2326,EKP,,,,<=1,,,<=0.5,<=1/19,,<=1,,<=4,,,<=1,<=0.5,,16,,,16,4,16,,>16,<=1,1,1,>8,4,1,<=8/4,<=0.5,<=1,32/16,64,,,,,,,,,,,,,,,,,,,,,,,,,,,,,,,,,,,
573.5638,EKP,>=64,<=1,,,>64,>32,,>64/128,,>64,>16,,>=8,,>64,>32,,,>64,,>=64,<=2,,,>64,,,,<=8,,,,,,>64/,,,,,>32,>64,>64,,,,,,,,,,,,,,,,,,,,,,,,,,,,,
573.66466,EKP,,,,,>=32,>=16,,,>=8,,,,,,,32,,>=64,>=32,>=32,32,,,,,,,,,,,,,,,,,,,,,,,,,,,,,,,,,,,,,,,,,,,,,,,,,,
72407.2845,EKP,<=0.5,,,,,<=0.5,2,>2/38,,>16,,<=4,,,<=1,>128,,32,,,8,4,16,,16,<=1,>64,1,>8,2,>64,>32/16,<=0.5,>16,>32/16,>64,,,,,,,,,,,,,,,,,,,,,,,,,,,,,,,,,,,
573.66047,EKP,<=0.5,,,,>16,1,1,,,>16,2,,4,,>8,>128,,>32,,,>16,1,>16,,<=8,>32,>64,>32,2,>32,>64,32/16,<=0.5,>16,>32/16,>64,,,,,,,,,,8,,,,,,,,,,,,,,,,,,,,,,,,,
573.65913,EKP,,<=4,,<=1,,<=0.5,<=0.5,<=1/19,,<=1,<=0.25,,<=1,,<=1,<=0.5,,8,,,<=1,<=0.25,<=4,,<=8,<=1,<=0.5,1,<=1,4,<=0.5,<=8/4,<=0.5,<=1,>32/16,64,,,,,,,,,,<=0.12,,,,,,,,,,,,,,,,,,,,,,,,,
573.20064,EKP,,,,,>32,>8,,,,,,,,>16,>8,>64,,,>32,>32/16,>128,=2,,,,,,,,,>32,,=8,,>32/16,,,,,,>8,>8,,,,,,,,,,,,,,,,,,,,,,,,,,,,,
72407.2402,EKP,,,,<=1,>16,,,,,4,,,<=1,,<=1,>128,,4,,,<=1,1,16,,<=8,<=1,>64,,8,1,>64,16/8,<=0.5,>16,32/16,>64,,,,,,,,,,<=0.12,,,,,,,,,,,,,,,,,,,,,,,,,
573.5767,EKP,>=64,64,<=4,<=2,>64,>32,,>64/128,,>64,>16,>128/,64,>64,>64,>32,,,>64,,>64,,19,,>64,,,,4,,,,,,>64/,,,,,>32,>64,>=64,,,,,,,,,,,,,,,,,,,,,,,,,,,,,
72407.2391,EKP,,<=4,,,,,<=0.5,,,,,<=4,,,<=1,32,,<=2,,,<=1,1,16,,<=8,<=1,64,<=0.12,4,<=0.5,64,<=8/4,<=0.5,8,16/8,64,,,,,,,,,,<=0.12,,,,,,,,,,,,,,,,,,,,,,,,,
573.66351,EKP,,16,,<=1,>=32,>=16,,,,>=64,>=4,,,,,>=64,,>=64,>=32,>=32,>=64,,,,,,,,,,,,,,,,,,,,,,,,,,,,,,,,,,,,,,,,,,,,,,,,,,
72407.2378,EKP,<=0.5,<=4,,,,,,>2/38,,2,,<=4,,,<=1,32,,4,,,2,1,16,,>16,<=1,64,<=0.12,>8,2,32,<=8/4,<=0.5,4,32/16,>64,,,,,,,,,,<=0.12,,,,,,,,,,,,,,,,,,,,,,,,,
573.66387,EKP,,16,,<=1,,>=16,,,>=8,>=64,,,,,,>=64,,>=64,>=32,>=32,>=64,,,,,,,,,,,,,,,,,,,,,,,,,,,,,,,,,,,,,,,,,,,,,,,,,,
573.46857,EKP,,>32,,,,=4,>8,>8/152,1,>32,>1,,,,=1,,,,,>64/2,>64,=0.5,16,>32,,,,,,,>4,,,,,,,,>64/4,,,,,,,,,>64,,,,,,,,,,,,0.5,,,,,,,,,,,
573.9724,EKP,=16,=32,=4,>16,>32,>8,>8,>8/152,>8,>64,>8,>128/4,>16,>16,<=0.25,>64,,,>32,>32/16,=128,=1,,,,,,,,,>32,,=8,,>32/16,,,,,,>8,=0.5,,,,,,,,,,,,,,,,,,,,,,,,,,,,,
573.66095,EKP,,,,<=1,,,,,,>16,1,<=4,<=1,,<=1,>128,,4,,,>16,1,<=4,,<=8,<=1,>64,,2,1,>64,16/8,<=0.5,>16,32/16,>64,,,,,,,,,,<=0.12,,,,,,,,,,,,,,,,,,,,,,,,,
573.66325,EKP,,,,,>=64,,,,>=8,,>=4,,,>=64,,>=64,>=64,>=64,>=32,>=32,>=64,,,,,,,,,,,,,,,,,,,,,,,,,,,,,,,,,,,,,,,,,,,,,,,,,,
72407.228,EKP,4,<=4,,>8,,,<=0.5,>2/38,>4,>16,>2,>64/4,>8,,<=0.25,128,,>32,,,>16,1,<=4,,<=8,>32,>64,>32,4,>32,>64,>32/16,>2,16,>32/16,16,,,,,,1,,,,>32,8,,,,,,,,,,,,,,>128/2,,,,,,,,,,
573.66262,EKP,,>=64,,,>=32,,,,>=8,>=64,,,,>=64,,>=64,,>=64,>=32,>=32,>=64,,,,,,,,,,,,,,,,,,,,,,,,,,,,,,,,,,,,,,,,,,,,,,,,,,
72407.2384,EKP,,<=4,,,,,4,,,,>4,<=4,4,,<=1,>128,,4,,,2,1,>16,,>16,<=1,>64,,4,2,>64,32/16,<=0.5,>16,>32/16,>64,,,,,,,,,,<=0.12,,,,,,,,,,,,,,,,,,,,,,,,,
72407.2442,EKP,<=0.5,,,<=1,16,,,>2/38,,,>4,,8,,<=1,>128,,4,,,8,1,<=4,,<=8,<=1,>64,<=0.12,4,<=0.5,>64,16/8,<=0.5,>16,32/16,>64,,,,,,,,,,<=0.12,,,,,,,,,,,,,,,,,,,,,,,,,
573.31602,EKP,>16,,,4,,,,,>=8,,>4,>=128,,,>16,>=64,,,>=32,>=32,>=64,4,128,,,,,,,,,,,,,,,,,,,,,,,,,,,,,,,,,,,,,,,<=20,,,,,,,,,
72407.2568,EKP,,<=4,,,>16,,<=0.5,<=1/19,,4,<=0.25,,,,<=1,>128,,8,,,<=1,<=0.25,16,,<=8,<=1,>64,<=0.12,2,<=0.5,>64,16/8,<=0.5,>16,16/8,>64,,,,,,,,,,<=0.12,,,,,,,,,,,,,,,,,,,,,,,,,
573.29943,EKP,>8,,,>4,,128,,,>1,,>2,,,,>8,,,,,,,1,>128,2/4,>16,,,,,,,,,,,,,,,,,,,,,,,,,,,,,,,,,,,,,,,,,,,,,,
573.4123,EKP,0.12,,256,,,,,,,,,,,,,8,,32,,8,64,2,,,,,,,8,,,,,,,,,,,,,,,,,,,,,,,,,,,,,,,,,,512.0,,,,,,,,
574.9,EKP,,<=4,,,,,,<=1/19,,<=1,1,>64,<=1,,<=1,>128,,>32,,,>16,2,16,,<=8,>32,>64,>32,8,32,>64,>32/16,>8,>16,>32/16,>64,,,,,,,,,,>32,,,,,,,,,,,,,,,,,,,,,,,,,
573.5647,EKP,>=64,>64,>64,,>64,>32,,>64/128,,,,>128/,>64,,16,>32,,,>64,,>64,,<=20,,>64,,,,16,,,,,,>64/,,,,,>32,>64,8,,,,,,,,,,,,,,,,,,,,,,,,,,,,,
72407.2398,EKP,,,,,>16,<=0.5,,,,>16,2,,,,<=1,>128,,8,,,4,2,<=4,,<=8,<=1,>64,,4,2,>64,32/16,<=0.5,>16,>32/16,>64,,,,,,,,,,<=0.12,,,,,,,,,,,,,,,,,,,,,,,,,
72407.2584,EKP,<=0.5,<=4,,,,,>8,,,>16,,<=4,>8,,<=1,>128,,>32,,,>16,1,<=4,,<=8,>32,>64,8,2,>32,>64,>32/16,8,>16,32/16,>64,,,,,,,,,,16,,,,,,,,,,,,,,,,,,,,,,,,,
72407.251,EKP,<=0.5,,,>8,,<=0.5,,>2/38,>4,,<=0.25,<=4,,,0.5,>128,,<=2,,,>16,1,16,,16,<=1,>64,<=0.12,8,<=0.5,>64,16/8,<=0.5,>16,8/4,>64,,,,,,1,,,,<=0.12,8,,,,,,,,,,,,,,>128/2,,,,,,,,,,
72407.2649,EKP,,,,,,>8,,,,16,,<=4,,,8,>128,,>32,,,16,1,<=4,,<=8,>32,>64,8,4,>32,>64,>32/16,>8,>16,32/16,>64,,,,,,,,,,8,,,,,,,,,,,,,,,,,,,,,,,,,
72407.2266,EKP,<=0.5,,,,,<=0.5,<=0.5,>2/38,,,1,,,,<=1,>128,,<=2,,,>16,<=0.25,16,,>16,<=1,>64,,<=1,1,>64,16/8,2,>16,32/16,>64,,,,,,,,,,<=0.12,,,,,,,,,,,,,,,,,,,,,,,,,
72407.2547,EKP,,8,,,>16,,,<=1/19,,>16,,,,,<=1,>128,,<=2,,,>16,1,<=4,,<=8,<=1,>64,1,4,1,>64,32/16,<=0.5,>16,>32/16,>64,,,,,,,,,,<=0.12,,,,,,,,,,,,,,,,,,,,,,,,,
72407.2537,EKP,<=0.5,,,<=1,>16,,,<=1/19,,16,,,<=1,,<=1,>128,,<=2,,,2,1,>16,,<=8,<=1,>64,<=0.12,4,1,>64,32/16,<=0.5,>16,32/16,>64,,,,,,,,,,<=0.12,,,,,,,,,,,,,,,,,,,,,,,,,
573.66045,EKP,<=0.5,,,<=1,>16,,,>2/38,,>16,,64,4,,<=1,>128,,4,,,>16,2,>16,,16,<=1,>64,2,>8,1,>64,32/16,<=0.5,>16,>32/16,>64,,,,,,,,,,<=0.12,,,,,,,,,,,,,,,,,,,,,,,,,
573.24336,EKP,>16,<8,,,,>8,,>8/152,,,>8,>128/4,>16,,=0.5,>64,,,>32,>32/16,>128,>=8,,,,,,=64/4,,,>32,,>8,,,,,,,,>8,=1,,,,=32/4,,,,,,,,,,,,,,,,,,,,,,,,,
573.65973,EKP,,<=4,,,,,<=0.5,,,16,4,,>8,,<=1,>128,,<=2,,,8,1,<=4,,<=8,<=1,>64,<=0.12,4,<=0.5,>64,<=8/4,<=0.5,>16,16/8,>64,,,,,,,,,,<=0.12,,,,,,,,,,,,,,,,,,,,,,,,,
573.46414,EKP,1,,,,>256,4,,,,,,,,,,>256,,,,,256,2,128,,,,,,32,,>256,,,,,>256,,,,,,0.5,,,,,,,,,,,,,,,,,,,,,,,,,,64,,,
72407.2738,EKP,<=0.5,,,,,<=0.5,<=0.5,,,,,,,,<=1,64,,8,,,<=1,<=0.25,>16,,<=8,<=1,>64,<=0.12,<=1,2,>64,16/8,<=0.5,>16,32/16,8,,,,,,,,,,<=0.12,,,,,,,,,,,,,,,,,,,,,,,,,
573.66266,EKP,,,,,,,,,>=8,>=64,>=4,,,,,>=64,,>=64,>=32,>=32,32,,,,,,,,,,,,,,,,,,,,,,,,,,,,,,,,,,,,,,,,,,,,,,,,,,
72407.2296,EKP,<=0.5,,,,>16,<=0.5,,>2/38,,>16,1,,<=1,,<=1,>128,,<=2,,,>16,1,<=4,,<=8,<=1,>64,,4,1,>64,16/8,<=0.5,>16,32/16,>64,,,,,,,,,,<=0.12,,,,,,,,,,,,,,,,,,,,,,,,,
72407.2221,EKP,2,,,,,<=0.5,<=0.5,>2/38,,2,,<=4,,,<=1,4,,>32,,,4,1,<=4,,>16,16,32,>32,8,32,<=0.5,<=8/4,<=0.5,<=1,>32/16,>64,,,,,,,,,,8,,,,,,,,,,,,,,,,,,,,,,,,,
573.4186,EKP,0.059999999,,8,0.5,,,,,,,,,,16,,0.12,,8,,8,2,1,,,,,,,8,,,,,,,,,,,,,,,,,,,,,,,,,,,,,,,,,,512.0,,,,,,,,
72407.2205,EKP,<=0.5,<=4,,<=1,,,<=0.5,,,,,<=4,<=1,,<=1,128,,<=2,,,<=1,1,16,,<=8,<=1,>64,<=0.12,2,<=0.5,>64,<=8/4,<=0.5,16,16/8,>64,,,,,,,,,,<=0.12,,,,,,,,,,,,,,,,,,,,,,,,,
72407.2482,EKP,,,,<=1,>16,,,,,,,>64,,,<=1,>128,,16,,,>16,1,>16,,<=8,4,>64,8,<=1,16,>64,>32/16,2,>16,>32/16,>64,,,,,,,,,,>32,,,,,,,,,,,,,,,,,,,,,,,,,
573.30007,EKP,,>32,,>4,,128,,,,,>2,,,,>8,,,,,,,1,8,<=1/4,16,,,,,,,,,,,,,,,,,,,,,,,,,,,,,,,,,,,,,,,,,,,,,,
573.30015,EKP,>8,16,,<=1,,128,,,>1,,>2,,,,2,,,,,,,1,16,<=1/4,>16,,,,,,,,,,,,,,,,,,,,,,,,,,,,,,,,,,,,,,,,,,,,,,
72407.2853,EKP,1,,,<=1,,<=0.5,,>2/38,,8,4,>64,8,,<=1,128,,>32,,,>16,<=0.25,16,,>16,>32,>64,>32,4,>32,32,>32/16,<=0.5,8,>32/16,>64,,,,,,,,,,>32,,,,,,,,,,,,,,,,,,,,,,,,,
573.24436,EKP,>8,=32,,>=16,,>8,>8,,,>64,>8,,,>=32,=0.25,>64,,,>32,>32/16,>128,<0.5,,,,,,=64/4,,,>32,,>=4,,,,,,,,>8,=0.5,,,,=16/4,,,,,,,,,,,,,,,,,,,,,,,,,
573.46379,EKP,,,,,64,>32,32,,,,64,,,128,,>256,,,,,32,2,>256,,,,,,4,,>256,,,,,>256,,,,,,0.5,,,,,,,,,,,,,,,,,,,,,,,,,,>256,,,
72407.165,EKP,,32,,,>16,,,,>4,,,>64/4,,,0.5,>32,,,,,>16,<0.25,,,,,,,4,,,,>2,,,,,,,,,0.5,,,,,4,,,,,,,,,,,,,,>128/2,,,,,,,,,,
573.4228,EKP,0.5,,2,64,,,,,,,,64,,32,,128,,256,,16,16,0.5,,,,,,,2,,,,,,,,,,,,,,,,,,,,,,,,,,,,,,,,,,512.0,,,,,,,,
573.46334,EKP,4,,,,,16,16,,,,,,,128,,256,,,,,>256,0.5,256,,,,,,4,,>256,,,,,256,,,,,,0.25,,,,,,,,,,,,,,,,,,,,,,,,,,256,,,
72407.1435,EKP,=0.25,,,=16,=64,=0.06,=8,,,,,,,,,=128,,,,,=32,=0.5,=32,,,,,,=4,,,,,,,,,,,,,=0.5,,,,,=8,,,,,,,,,,,,,,,,,,,,,,,,
72407.242,EKP,<=0.5,<=4,,>8,,>8,,<=1/19,>4,,>2,<=4,8,,<=1,>32,,4,,,>16,0.5,<=4,,<=8,<=1,>64,<=0.12,2,2,>64,<=8/4,<=0.5,>16,32/16,>64,,,,,,1,,,,<=0.12,4,,,,,,,,,,,,,,>128/2,,,,,,,,,,
1304918.4,EKP,>8,16,,<=1,>16,>8,>8,>4/76,>4,>16,>2,>64/4,>8,,<=0.25,>32,,,,,>16,0.5,,,,,,,8,,,,>2,,,,,,,,,0.5,,,,,4,,,,,,,,,,,,,,>128/2,,,,,,,,,,
573.22555,EKP,,,,,,0.015,,>16,0.015,,,256,,,0.125,8,,,,16,1,1,,,,,,,,,,,,,,,,,,,,,,,,,,64,,,,,,,,,,,,,,,,,,,,,>32,,
72407.2825,EKP,,<=4,,,16,,,,,,,<=4,<=1,,<=1,>128,,<=2,,,2,1,>16,,<=8,<=1,>64,<=0.12,4,<=0.5,>64,16/8,<=0.5,>16,32/16,>64,,,,,,,,,,<=0.12,,,,,,,,,,,,,,,,,,,,,,,,,
72407.2761,EKP,,<=4,,>8,>16,,,>2/38,,,,,>8,,<=1,>128,,<=2,,,16,1,<=4,,<=8,<=1,>64,<=0.12,4,2,>64,<=8/4,<=0.5,>16,32/16,>64,,,,,,,,,,<=0.12,,,,,,,,,,,,,,,,,,,,,,,,,
72407.2418,EKP,<=0.5,<=4,,<=1,,,<=0.5,>2/38,,,,<=4,,,2,>128,,<=2,,,16,<=0.25,>16,,>16,<=1,>64,,<=1,<=0.5,>64,<=8/4,<=0.5,>16,8/4,>64,,,,,,,,,,<=0.12,,,,,,,,,,,,,,,,,,,,,,,,,
72407.2248,EKP,<=0.5,,,<=1,<=1,<=0.5,<=0.5,<=1/19,,,,<=4,<=1,,<=1,<=0.5,,<=2,,,<=1,<=0.25,<=4,,<=8,<=1,<=0.5,<=0.12,<=1,<=0.5,<=0.5,<=8/4,<=0.5,<=1,<=4/2,>64,,,,,,,,,,<=0.12,,,,,,,,,,,,,,,,,,,,,,,,,
72407.2577,EKP,,,,<=1,16,,<=0.5,>2/38,,,,,,,<=1,>128,,<=2,,,8,1,<=4,,<=8,<=1,>64,<=0.12,4,1,>64,<=8/4,<=0.5,>16,8/4,>64,,,,,,,,,,<=0.12,,,,,,,,,,,,,,,,,,,,,,,,,
72407.2609,EKP,,,,,4,,<=0.5,,,,1,<=4,<=1,,<=1,128,,<=2,,,<=1,1,>16,,<=8,<=1,>64,<=0.12,4,<=0.5,>64,<=8/4,<=0.5,16,16/8,>64,,,,,,,,,,<=0.12,,,,,,,,,,,,,,,,,,,,,,,,,
573.66399,EKP,,,,,>=32,,,,,>=64,,,,,,>=64,,>=64,>=32,>=32,>=64,,,,,,,,,,,,,,,,,,,,,,,,,,,,,,,,,,,,,,,,,,,,,,,,,,
72407.2536,EKP,<=0.5,,,<=1,>16,<=0.5,<=0.5,<=1/19,,,,<=4,<=1,,<=1,>128,,8,,,4,1,>16,,<=8,<=1,>64,<=0.12,8,2,>64,>32/16,<=0.5,>16,>32/16,>64,,,,,,,,,,<=0.12,,,,,,,,,,,,,,,,,,,,,,,,,
573.4127,EKP,,,,64,,,,,,,128,128,,32,,512,,256,,16,128,1,,,,,,,4,,,,,,,,,,,,,,,,,,,,,,,,,,,,,,,,,,512.0,,,,,,,,
573.29862,EKP,,,,,,128,,>4/76,>1,,>2,,,,<=1,,,,,,,0.5,,<=1/4,>16,,,,,,,,,,,,,,,,,,,,,,,,,,,,,,,,,,,,,,,,,,,,,,
72407.2354,EKP,,,,>8,,<=0.5,,,,>16,,<=4,,,<=1,>128,,4,,,2,1,16,,>16,<=1,>64,,>8,2,>64,<=8/4,<=0.5,>16,16/8,>64,,,,,,,,,,<=0.12,,,,,,,,,,,,,,,,,,,,,,,,,
574.98,EKP,,,,,>16,,,<=1/19,,>16,,<=4,<=1,,>8,>128,,<=2,,,16,1,<=4,,<=8,<=1,>64,<=0.12,4,<=0.5,>64,<=8/4,<=0.5,>16,8/4,>64,,,,,,,,,,<=0.12,,,,,,,,,,,,,,,,,,,,,,,,,
573.66381,EKP,,16,,<=1,>=32,,,,>=8,,,,,>=64,,>=64,,>=64,>=32,>=32,>=64,,,,,,,,,,,,,,,,,,,,,,,,,,,,,,,,,,,,,,,,,,,,,,,,,,
573.66446,EKP,,16,,,,,,,,,,,,,,>=64,,>=64,>=32,>=32,>=64,,,,,,,,,,,,,,,,,,,,,,,,,,,,,,,,,,,,,,,,,,,,,,,,,,
72407.237,EKP,<=0.5,>32,,>8,,>8,>8,>4/76,,>16,,>64/4,,,>4,>32,,<=2,,,>16,1,>16,,<=8,<=1,>64,<=0.12,2,<=0.5,>64,16/8,>2,>16,>32/16,>64,,,,,,>4,,,,<=0.12,8,,,,,,,,,,,,,,>128/2,,,,,,,,,,
72407.264,EKP,<=0.5,16,,,>16,,<=0.5,>4/76,,>16,2,>64,4,,<=1,32,,8,,,>16,0.5,16,,<=8,<=1,>64,<=0.12,4,4,>64,>32/16,<=0.5,>16,>32/16,>64,,,,,,>4,,,,<=0.12,<2,,,,,,,,,,,,,,>128/2,,,,,,,,,,
573.66078,EKP,,,,<=1,>16,>8,<=0.5,<=1/19,,,<=0.25,32,,,<=1,128,,>32,,,>16,1,>16,,<=8,>32,>64,>32,2,>32,>64,>32/16,>8,>16,>32/16,64,,,,,,,,,,>32,,,,,,,,,,,,,,,,,,,,,,,,,
573.46835,EKP,,,,>8,,=64,,,,<=0.25,,>128/4,,,<=0.5,,,,,>64/2,>64,=1,16,>32,,,,,,,>4,,,,,,,,>64/4,,,,,,,,,>64,,,,,,,,,,,,1,,,,,,,,,,,
573.4217,EKP,,,,,,,,,,,4,,,32,,0.25,,32,,16,0.25,2,,,,,,,8,,,,,,,,,,,,,,,,,,,,,,,,,,,,,,,,,,512.0,,,,,,,,
573.4185,EKP,0.059999999,,,,,,,,,,256,,,,,512,,256,,16,64,1,,,,,,,16,,,,,,,,,,,,,,,,,,,,,,,,,,,,,,,,,,512.0,,,,,,,,
1284814.3,EKP,<=1,32,,<=1,>16,<=1,>8,>4/76,1,>16,>2,>64/4,>8,,>4,>32,,,,,>16,0.5,,,,,,,8,,,,0.25,,,,,,,,,>4,,,,,8,,,,,,,,,,,,,,128/2,,,,,,,,,,
72407.2215,EKP,<=0.5,,,<=1,,,<=0.5,,,,,,,,<=1,>128,,<=2,,,2,1,16,,<=8,<=1,>64,,4,1,>64,<=8/4,<=0.5,>16,8/4,>64,,,,,,,,,,<=0.12,,,,,,,,,,,,,,,,,,,,,,,,,
72407.2289,EKP,<=0.5,<=4,,,,,<=0.5,,,,,<=4,,,<=1,>128,,<=2,,,>16,2,16,,<=8,<=1,>64,,8,<=0.5,>64,32/16,<=0.5,>16,>32/16,>64,,,,,,,,,,<=0.12,,,,,,,,,,,,,,,,,,,,,,,,,
72407.2494,EKP,<=0.5,8,,>8,>16,,,,,,,,>8,,8,>128,,4,,,>16,1,<=4,,<=8,<=1,>64,1,2,4,>64,32/16,<=0.5,>16,>32/16,>64,,,,,,,,,,<=0.12,,,,,,,,,,,,,,,,,,,,,,,,,
573.24407,EKP,>16,<1,>32,,>32,>8,,,>8,,,,,>=32,=4,>64,,,>32,>32/16,>128,<0.5,,,,,,=64/4,,,>32,,>8,,,,,,,,>8,=4,,,,=32/4,,,,,,,,,,,,,,,,,,,,,,,,,
573.66401,EKP,,,,,,>=16,,,,,,,,>=64,,>=64,,>=64,>=32,>=32,>=64,,,,,,,,,,,,,,,,,,,,,,,,,,,,,,,,,,,,,,,,,,,,,,,,,,
573.24422,EKP,>8,,,,,>8,,<1/19,,,,,,,=0.5,>64,,,>32,>32/16,>128,<1,,,,,,=64/4,,,>32,,>=4,,,,,,,,>8,=0.5,,,,=16/4,,,,,,,,,,,,,,,,,,,,,,,,,
72407.2502,EKP,,<=4,,,,<=0.5,,>2/38,,>16,,8,>8,,<=1,128,,8,,,>16,2,<=4,,16,<=1,>64,,>8,4,>64,32/16,<=0.5,>16,>32/16,>64,,,,,,,,,,<=0.12,,,,,,,,,,,,,,,,,,,,,,,,,
573.66456,EKP,,,,,>=32,>=16,,,,,,,,>=64,,>=64,,>=64,>=32,>=32,>=64,,,,,,,,,,,,,,,,,,,,,,,,,,,,,,,,,,,,,,,,,,,,,,,,,,
72407.2605,EKP,,,,,<=1,<=0.5,<=0.5,,,2,,,,,<=1,16,,<=2,,,<=1,1,<=4,,<=8,<=1,64,<=0.12,8,<=0.5,32,<=8/4,<=0.5,8,32/16,>64,,,,,,,,,,<=0.12,,,,,,,,,,,,,,,,,,,,,,,,,
573.65928,EKP,<=0.5,,,,8,,,,,,<=0.25,8,,,<=1,>128,,32,,,2,4,16,,>16,<=1,>64,1,>8,8,>64,16/8,<=0.5,>16,32/16,>64,,,,,,,,,,,,,,,,,,,,,,,,,,,,,,,,,,,
573.66384,EKP,,,,,>=32,,,,,>=64,,,,,,>=64,,>=64,>=32,>=32,>=64,,,,,,,,,,,,,,,,,,,,,,,,,,,,,,,,,,,,,,,,,,,,,,,,,,
573.66295,EKP,,8,,,>=64,,,,>=8,,,,,>=64,,>=64,>=64,>=64,>=32,>=32,>=64,,,,,,,,,,,,,,,,,,,,,,,,,,,,,,,,,,,,,,,,,,,,,,,,,,
573.15043,EKP,=8,=32,>32,,>32,,>8,>8/152,,,>8,,=16,,=0.5,>64,,,>32,>32/16,>128,=2,,,,,,,,,>32,,>8,,>32/16,,,,,,>8,=0.5,,,,,,,,,,,,,,,,,,,,,,,,,,,,,
573.29979,EKP,>8,16,,,,128,,,>1,,>2,,,,>8,,,,,,,1,,<=1/4,>16,,,,,,,,,,,,,,,,,,,,,,,,,,,,,,,,,,,,,,,,,,,,,,
573.65938,EKP,<=0.5,<=4,,<=1,,,1,>2/38,,<=1,,<=4,<=1,,<=1,128,,<=2,,,<=1,<=0.25,16,,16,<=1,>64,,2,1,>64,<=8/4,<=0.5,8,8/4,<=4,,,,,,,,,,<=0.12,,,,,,,,,,,,,,,,,,,,,,,,,
72407.2529,EKP,,<=4,,,,<=0.5,<=0.5,,,,<=0.25,<=4,<=1,,<=1,>128,,<=2,,,16,1,<=4,,<=8,<=1,>64,<=0.12,2,<=0.5,>64,<=8/4,<=0.5,>16,8/4,>64,,,,,,,,,,<=0.12,,,,,,,,,,,,,,,,,,,,,,,,,
573.46326,EKP,0.125,4,,,,0.125,,,,,>64,,,,,256,,,,,256,8,>256,,,,,,128,,>256,,,,,>256,,,,,,0.5,,,,,,,,,,,,,,,,,,,,,,,,,,64,,,
573.66242,EKP,,<=2,,<=1,,,,,,>=64,>=4,,,,,>=64,,>=64,>=32,>=32,32,,,,,,,,,,,,,,,,,,,,,,,,,,,,,,,,,,,,,,,,,,,,,,,,,,
72407.2236,EKP,,,,,>16,,,<=1/19,,,,<=4,>8,,<=1,>128,,<=2,,,>16,1,<=4,,<=8,<=1,>64,,2,<=0.5,>64,16/8,<=0.5,>16,32/16,>64,,,,,,,,,,<=0.12,,,,,,,,,,,,,,,,,,,,,,,,,
72407.2427,EKP,<=0.5,,,,,<=0.5,,,,,1,<=4,,,<=1,128,,4,,,>16,1,>16,,>16,<=1,>64,,2,1,64,<=8/4,<=0.5,16,16/8,<=4,,,,,,,,,,<=0.12,,,,,,,,,,,,,,,,,,,,,,,,,
72407.2283,EKP,,>32,,,8,<=0.5,>8,>2/38,,,>4,,>8,,<=1,>128,,>32,,,>16,1,>16,,>16,16,>64,>32,>8,>32,>64,<=8/4,<=0.5,>16,>32/16,>64,,,,,,,,,,8,,,,,,,,,,,,,,,,,,,,,,,,,
573.65972,EKP,1,,,,>16,4,,,,>16,4,,,,<=1,>128,,>32,,,>16,4,>16,,16,>32,>64,>32,8,>32,>64,>32/16,2,>16,>32/16,>64,,,,,,,,,,8,,,,,,,,,,,,,,,,,,,,,,,,,
573.66312,EKP,,,,,>=64,,,,>=8,,>=4,,,>=64,,>=64,>=64,>=64,>=32,>=32,>=64,,,,,,,,,,,,,,,,,,,,,,,,,,,,,,,,,,,,,,,,,,,,,,,,,,
72407.2397,EKP,<=0.5,<=4,,,>16,,<=0.5,>2/38,,>16,<=0.25,,<=1,,<=1,>128,,<=2,,,16,1,16,,<=8,<=1,>64,<=0.12,2,<=0.5,>64,<=8/4,<=0.5,>16,16/8,>64,,,,,,,,,,<=0.12,,,,,,,,,,,,,,,,,,,,,,,,,
72407.219,EKP,<=0.5,,,>8,4,,,>4/76,,>16,1,,<=1,,0.5,>32,,8,,,>16,<=0.25,<=4,,<=8,<=1,2,1,4,2,2,>32/16,>2,2,>32/16,<=4,,,,,,1,,,,<=0.12,4,,,,,,,,,,,,,,>128/2,,,,,,,,,,
72407.238,EKP,8,,,2,>16,,>8,>2/38,>4,>16,<=0.25,>64,,,<=1,>128,,>32,,,>16,1,>16,,>16,4,>64,8,16,>32,>64,32/16,>2,>16,32/16,<=4,,,,,,1,,,,2,16,,,,,,,,,,,,,,>128/2,,,,,,,,,,
573.29924,EKP,>8,<=4,,,,,,>4/76,,,,,,,4,,,,,,,0.5,,<=1/4,16,,,,,,,,,,,,,,,,,,,,,,,,,,,,,,,,,,,,,,,,,,,,,,
573.29888,EKP,,,,<=1,,,,,>1,,>2,,,,>8,,,,,,,0.5,,2/4,>16,,,,,,,,,,,,,,,,,,,,,,,,,,,,,,,,,,,,,,,,,,,,,,
72407.2459,EKP,<=0.5,<=4,,,>16,<=0.5,,,,,<=0.25,<=4,<=1,,<=1,>128,,<=2,,,4,1,<=4,,<=8,<=1,>64,<=0.12,2,<=0.5,>64,<=8/4,<=0.5,>16,16/8,>64,,,,,,,,,,<=0.12,,,,,,,,,,,,,,,,,,,,,,,,,
573.4227,EKP,,,4,8,,,,,,,0.12,512,,,,32,,64,,16,512,0.5,,,,,,,4,,,,,,,,,,,,,,,,,,,,,,,,,,,,,,,,,,512.0,,,,,,,,
574.74,EKP,,,,<=1,>16,,,,,,1,,2,,<=1,64,,>32,,,>16,4,>16,,>16,>32,>64,>32,>8,>32,32,>32/16,>8,>16,>32/16,64,,,,,,,,,,32,,,,,,,,,,,,,,,,,,,,,,,,,
573.5636,EKP,,>64,,>64,,>=16,,>64/128,,,>16,>128/,>64,,64,>32,,,>64,,>64,>=2,<=19,,32,,,,<=8,,,,,,>64/,,,,,>32,>64,64,,,,,,,,,,,,,,,,,,,,,,,,,,,,,
72407.2356,EKP,,,,,,,<=0.5,,,>16,,>64,<=1,,<=1,8,,<=2,,,16,<=0.25,>16,,<=8,<=1,32,16,<=1,1,4,>32/16,<=0.5,>16,>32/16,>64,,,,,,,,,,4,,,,,,,,,,,,,,,,,,,,,,,,,
72407.2473,EKP,<=0.5,<=4,,,,<=0.5,1,>2/38,,,,,,,<=1,>128,,4,,,4,1,16,,<=8,<=1,>64,,<=1,1,>64,32/16,<=0.5,>16,32/16,>64,,,,,,,,,,<=0.12,,,,,,,,,,,,,,,,,,,,,,,,,
1328415.3,EKP,,>32,,,>32,0.125,,>8,,,>2,>64,>8,,,,,,,,>32,,,,,,,,,,>32,,,,>16,,,,,,>32,,,,,,,256,,,,,,,,,,,,,,,,,,,,,,,
72407.2433,EKP,,>32,,>8,,,,,,>16,,,>8,,<=1,>128,,16,,,>16,4,16,,>16,2,>64,1,>8,8,>64,>32/16,<=0.5,>16,>32/16,>64,,,,,,,,,,<=0.12,,,,,,,,,,,,,,,,,,,,,,,,,
573.66429,EKP,,<=2,,<=1,2,>=16,,,,,,,,,,8,,>=64,>=32,>=32,0.5,,,,,,,,,,,,,,,,,,,,,,,,,,,,,,,,,,,,,,,,,,,,,,,,,,
574.97,EKP,<=0.5,<=4,,>8,,<=0.5,,,,,4,64,4,,<=1,32,,>32,,,8,2,16,,>16,4,64,1,>8,>32,16,16/8,<=0.5,>16,>32/16,<=4,,,,,,,,,,1,,,,,,,,,,,,,,,,,,,,,,,,,
72407.2519,EKP,1,<=4,,,,<=0.5,>8,>2/38,,4,,8,,,<=1,16,,>32,,,8,1,<=4,,>16,16,16,>32,2,>32,1,<=8/4,<=0.5,<=1,>32/16,32,,,,,,,,,,8,,,,,,,,,,,,,,,,,,,,,,,,,
573.46413,EKP,>32,,,,>256,>32,16,,,,32,,,256,,>256,,,,,256,1,256,,,,,,4,,>256,,,,,>256,,,,,,0.25,,,,,,,,,,,,,,,,,,,,,,,,,,>256,,,
573.66366,EKP,,32,,<=1,>=32,,,,>=8,>=64,>=4,,,>=64,,>=64,,>=64,>=32,>=32,>=64,,,,,,,,,,,,,,,,,,,,,,,,,,,,,,,,,,,,,,,,,,,,,,,,,,
573.66511,EKP,,<=2,,,>=32,>=16,,,,,>=4,,,,,>=64,,>=64,>=32,>=32,>=64,,,,,,,,,,,,,,,,,,,,,,,,,,,,,,,,,,,,,,,,,,,,,,,,,,
573.65926,EKP,<=0.5,8,,,,2,,,,,,,>8,,<=1,>128,,>32,,,>16,4,>16,,>16,16,>64,1,>8,>32,>64,>32/16,1,>16,>32/16,>64,,,,,,,,,,2,,,,,,,,,,,,,,,,,,,,,,,,,
72407.2202,EKP,,<=4,,<=1,>16,<=0.5,<=0.5,>2/38,,>16,4,,8,,<=1,>128,,4,,,16,1,<=4,,<=8,<=1,>64,<=0.12,4,1,>64,<=8/4,<=0.5,>16,32/16,>64,,,,,,,,,,<=0.12,,,,,,,,,,,,,,,,,,,,,,,,,
72407.203,EKP,,,,>8,,>8,>8,>4/76,,>16,>2,,,,>4,>32,,,,,>16,4,,,,,,,>16,,,,>2,,,,,,,,,>4,,,,,>16,,,,,,,,,,,,,,>128/2,,,,,,,,,,
573.46397,EKP,,>256,,,32,32,32,,,,,,,256,,64,,,,,32,1,>256,,,,,,8,,128,,,,,>256,,,,,,0.5,,,,,,,,,,,,,,,,,,,,,,,,,,>256,,,
573.66061,EKP,<=0.5,,,<=1,,<=0.5,,,,,,,>8,,<=1,>128,,4,,,16,1,<=4,,<=8,<=1,>64,<=0.12,4,1,>64,<=8/4,<=0.5,>16,32/16,>64,,,,,,,,,,<=0.12,,,,,,,,,,,,,,,,,,,,,,,,,
573.46401,EKP,,>1024,,,,32,,,,,,,,,,256,,,,,32,0.125,,,,,,,2,,>256,,,,,>256,,,,,,0.125,,,,,,,,,,,,,,,,,,,,,,,,,,256,,,
573.4055,EKP,0.5,,2,16,,,,,,,4,4,,2,,,,32,,8,128,1,,,,,,,4,,,,,,,,,,,,,,,,,,,,,,,,,,,,,,,,,,512.0,,,,,,,,
573.24271,EKP,=4,,,,>32,=8,>8,,,,>8,>128/4,,,=0.5,>64,,,>32,>32/16,>128,=1,,,=16,,,>64/4,<4,,>32,,=8,,>32/16,,,,,,>8,=0.5,,,,>32/4,,,,,,,,,,,,,,,,,,,,,,,,,
573.29886,EKP,>8,16,,2,,64,,2/38,>1,,>2,,,,<=1,,,,,,,0.5,128,<=1/4,>16,,,,,,,,,,,,,,,,,,,,,,,,,,,,,,,,,,,,,,,,,,,,,,
573.46351,EKP,>32,,,,128,,,,,,,,,256,,128,,,,,32,2,,,,,,,128,,256,,,,,>256,,,,,,0.125,,,,,,,,,,,,,,,,,,,,,,,,,,256,,,
573.7057,EKP,0.5,,2,32,,,,,,,128,16,,8,,256,,256,,16,16,0.25,,,,,,,1,,,,,,,,,,,,,,,,,,,,,,,,,,,,,,,,,,512.0,,,,,,,,
573.66023,EKP,<=0.5,<=4,,<=1,,<=0.5,,<=1/19,,,<=0.25,,,,<=1,>128,,<=2,,,4,<=0.25,>16,,<=8,<=1,>64,<=0.12,<=1,1,>64,<=8/4,<=0.5,>16,8/4,32,,,,,,,,,,<=0.12,,,,,,,,,,,,,,,,,,,,,,,,,
573.66353,EKP,,,,4,,,,,,>=64,,,,>=64,,>=64,,>=64,>=32,>=32,>=64,,,,,,,,,,,,,,,,,,,,,,,,,,,,,,,,,,,,,,,,,,,,,,,,,,
573.29898,EKP,,,,,,32,,>4/76,>1,,,,,,<=1,,,,,,,1,>128,<=1/4,16,,,,,,,,,,,,,,,,,,,,,,,,,,,,,,,,,,,,,,,,,,,,,,
72407.2633,EKP,,,,,,,<=0.5,,,,,<=4,,,<=1,8,,>32,,,16,<=0.25,<=4,,<=8,16,32,16,<=1,>32,2,<=8/4,<=0.5,<=1,>32/16,64,,,,,,,,,,4,,,,,,,,,,,,,,,,,,,,,,,,,
72407.2662,EKP,<=0.5,<=4,,,8,<=0.5,,>2/38,,16,,<=4,,,<=1,>128,,4,,,8,1,16,,<=8,<=1,>64,,4,<=0.5,>64,<=8/4,<=0.5,>16,16/8,>64,,,,,,,,,,<=0.12,,,,,,,,,,,,,,,,,,,,,,,,,
72407.2343,EKP,,<=4,,<=1,>16,<=0.5,<=0.5,,,>16,,,,,<=1,>128,,8,,,>16,4,16,,<=8,4,>64,1,4,4,>64,16/8,<=0.5,>16,>32/16,>64,,,,,,,,,,<=0.12,,,,,,,,,,,,,,,,,,,,,,,,,
72407.2385,EKP,,,,<=1,4,,,,,2,,,,,<=1,32,,>32,,,>16,1,<=4,,>16,>32,>64,>32,>8,>32,64,>32/16,1,4,>32/16,>64,,,,,,,,,,16,,,,,,,,,,,,,,,,,,,,,,,,,
573.46875,EKP,,,,,,,>8,>8/152,,1,,,,,=1,,,,,>64/2,>64,=0.5,32,>32,,,,,,,>4,,,,,,,,>64/4,,,,,,,,,>64,,,,,,,,,,,,1,,,,,,,,,,,
72407.2646,EKP,<=0.5,<=4,,,>16,,<=0.5,,,,1,,,,<=1,>128,,4,,,<=1,1,16,,<=8,<=1,>64,<=0.12,4,1,>64,32/16,<=0.5,>16,32/16,>64,,,,,,,,,,<=0.12,,,,,,,,,,,,,,,,,,,,,,,,,
72407.2706,EKP,<=0.5,<=4,,,>16,<=0.5,,,,,>4,,>8,,<=1,>128,,<=2,,,16,1,16,,<=8,<=1,>64,<=0.12,4,<=0.5,>64,16/8,<=0.5,>16,32/16,>64,,,,,,,,,,<=0.12,,,,,,,,,,,,,,,,,,,,,,,,,
573.66065,EKP,,<=4,,<=1,4,<=0.5,8,,,,,<=4,4,,<=1,>128,,4,,,2,2,16,,>16,<=1,>64,<=0.12,>8,2,>64,16/8,<=0.5,16,32/16,16,,,,,,,,,,<=0.12,,,,,,,,,,,,,,,,,,,,,,,,,
573.65905,EKP,,<=4,,,,,,>2/38,,,<=0.25,32,8,,<=1,64,,<=2,,,2,1,<=4,,<=8,4,>64,<=0.12,>8,<=0.5,64,<=8/4,<=0.5,16,32/16,>64,,,,,,,,,,<=0.12,,,,,,,,,,,,,,,,,,,,,,,,,
573.24397,EKP,,<2,<=4,<0.25,,,,<=2/1,,>64,,>128/4,,=16,=0.5,>16,,,>32,=16/8,>=16,<=2,,,,,,=4/4,,,>32,,>=4,,,,,,,,>8,=0.5,,,,=1/4,,,,,,,,,,,,,,,,,,,,,,,,,
573.4162,EKP,0.12,,2,64,,,,,,,32,8,,2,,64,,256,,16,16,0.5,,,,,,,2,,,,,,,,,,,,,,,,,,,,,,,,,,,,,,,,,,512.0,,,,,,,,
573.24248,EKP,=4,,=16,,,>8,>8,>8/152,,>64,,>128/4,,,=0.5,>64,,,>32,>32/16,=128,=4,,,>16,,,>64/4,=16,,>32,,=8,,>32/16,,,,,,>8,=0.5,,,,>32/4,,,,,,,,,,,,,,,,,,,,,,,,,
72407.2287,EKP,<=0.5,<=4,,,16,<=0.5,,,,4,<=0.25,,<=1,,<=1,>128,,<=2,,,4,1,16,,<=8,<=1,>64,<=0.12,2,2,>64,<=8/4,<=0.5,>16,>32/16,>64,,,,,,,,,,<=0.12,,,,,,,,,,,,,,,,,,,,,,,,,
72407.2622,EKP,,<=4,,,>16,,<=0.5,,,>16,<=0.25,,,,<=1,>128,,<=2,,,4,<=0.25,>16,,<=8,<=1,>64,<=0.12,<=1,<=0.5,>64,<=8/4,<=0.5,>16,16/8,>64,,,,,,,,,,<=0.12,,,,,,,,,,,,,,,,,,,,,,,,,
573.66231,EKP,,32,,>=16,>=32,>=16,,,>=8,>=64,,,,,,>=64,,>=64,>=32,>=32,>=64,,,,,,,,,,,,,,,,,,,,,,,,,,,,,,,,,,,,,,,,,,,,,,,,,,
72407.2184,EKP,<=0.5,,,>8,4,<=0.5,1,,,2,,,8,,<=1,128,,4,,,<=1,2,16,,<=8,<=1,>64,<=0.12,8,1,>64,32/16,<=0.5,>16,32/16,>64,,,,,,,,,,<=0.12,,,,,,,,,,,,,,,,,,,,,,,,,
573.66542,EKP,,,,>=16,,,,,>=8,,>=4,,,>=64,,32,,>=64,>=32,>=32,>=64,,,,,,,,,,,,,,,,,,,,,,,,,,,,,,,,,,,,,,,,,,,,,,,,,,
573.29972,EKP,>8,,,<=1,,>128,,>4/76,>1,,,,,,<=1,,,,,,,0.5,16,>16/4,16,,,,,,,,,,,,,,,,,,,,,,,,,,,,,,,,,,,,,,,,,,,,,,
573.66315,EKP,,32,,,>=32,,,,>=8,>=64,,,,,,>=64,,>=64,>=32,>=32,>=64,,,,,,,,,,,,,,,,,,,,,,,,,,,,,,,,,,,,,,,,,,,,,,,,,,
573.46368,EKP,,,,,16,2,,,,,32,,,16,,32,,,,,64,2,16,,,,,,8,,128,,,,,>256,,,,,,0.25,,,,,,,,,,,,,,,,,,,,,,,,,,128,,,
1284819.3,EKP,>8,8,,>8,>16,>8,>8,>4/76,>4,>16,>2,>64/4,>8,,>4,>32,,,,,>16,0.5,,,,,,,4,,,,>2,,,,,,,,,>4,,,,,4,,,,,,,,,,,,,,>128/2,,,,,,,,,,
1304916.4,EKP,>8,32,,<=1,>16,>8,>8,>4/76,>4,>16,>2,>64/4,>8,,<=0.25,>32,,,,,>16,2,,,,,,,16,,,,>2,,,,,,,,,0.5,,,,,16,,,,,,,,,,,,,,>128/2,,,,,,,,,,
573.66389,EKP,,,,,,,,,,,>=4,,,>=64,,>=64,,>=64,>=32,>=32,>=64,,,,,,,,,,,,,,,,,,,,,,,,,,,,,,,,,,,,,,,,,,,,,,,,,,
1284831.3,EKP,4,8,,>8,4,4,>8,>4/76,4,>16,>2,>64/4,>8,,<=0.25,4,,,,,>16,1,,,,,,,4,,,,2,,,,,,,,,0.5,,,,,4,,,,,,,,,,,,,,>128/2,,,,,,,,,,
573.24417,EKP,,=32,,<2,>=16,,>8,,>4,,>8,>128/4,,>=32,=0.5,>64,,,>32,>=32/16,>128,=4,,,,,,=32/4,,,>32,,=2,,,,,,,,>8,=2,,,,=2/4,,,,,,,,,,,,,,,,,,,,,,,,,
72407.2659,EKP,<=0.5,,,<=1,<=1,,<=0.5,<=1/19,,<=1,,<=4,<=1,,<=1,<=0.5,,<=2,,,<=1,1,16,,<=8,<=1,<=0.5,<=0.12,2,<=0.5,<=0.5,<=8/4,<=0.5,<=1,8/4,>64,,,,,,,,,,<=0.12,,,,,,,,,,,,,,,,,,,,,,,,,
1284811.3,EKP,>8,16,,8,>16,>8,>8,>4/76,>4,>16,>2,>64/4,>8,,<=0.25,>32,,,,,>16,1,,,,,,,8,,,,>2,,,,,,,,,0.5,,,,,8,,,,,,,,,,,,,,>128/2,,,,,,,,,,
573.7046,EKP,0.059999999,,32,0.5,,,,,,,0.25,16,,64,,0.5,,64,,8,0.5,4,,,,,,,32,,,,,,,,,,,,,,,,,,,,,,,,,,,,,,,,,,64.0,,,,,,,,
72407.2237,EKP,,,,<=1,>16,<=0.5,<=0.5,,,,,,>8,,<=1,>128,,<=2,,,>16,1,16,,<=8,<=1,>64,,2,1,>64,16/8,<=0.5,>16,32/16,>64,,,,,,,,,,<=0.12,,,,,,,,,,,,,,,,,,,,,,,,,
573.7026,EKP,=4,=4,>32,=8,>32,=4,>8,>8/152,=4,>64,>8,>128/4,=8,=8,<=0.25,>64,,,>32,>32/16,=32,=2,,,,,,,,,>32,,=4,,>32/16,,,,,,>16,=0.5,,,,,,,,,,,,,,,,,,,,,,,,,,,,,
573.66515,EKP,,<=2,,,,>=16,,,>=8,>=64,>=4,,,32,,>=64,,>=64,>=32,>=32,>=64,,,,,,,,,,,,,,,,,,,,,,,,,,,,,,,,,,,,,,,,,,,,,,,,,,
573.46866,EKP,,,,>8,,=64,,,>2,,>1,>128/4,,,=1,,,,,>64/2,>64,=0.5,4,>32,,,,,,,>4,,,,,,,,>64/4,,,,,,,,,>64,,,,,,,,,,,,0.5,,,,,,,,,,,
573.29915,EKP,>8,,,,,128,,2/38,,,>2,,,,>8,,,,,,,1,,<=1/4,>16,,,,,,,,,,,,,,,,,,,,,,,,,,,,,,,,,,,,,,,,,,,,,,
573.4189,EKP,0.5,,,,,,,,,,16,16,,32,,512,,256,,16,64,0.25,,,,,,,1,,,,,,,,,,,,,,,,,,,,,,,,,,,,,,,,,,512.0,,,,,,,,
573.24375,EKP,,,=8,<1,>32,>8,,>8/152,,>64,,>128/4,>=16,,=0.5,>64,,,>32,>32/16,>128,<1,,,,,,=64/4,,,>32,,>8,,,,,,,,>8,=1,,,,=32/4,,,,,,,,,,,,,,,,,,,,,,,,,
72407.255,EKP,,32,,,>16,>8,>8,>4/76,,,>2,>64/4,,,1,>32,,,,,>16,1,,,,,,,8,,,,>2,,,,,,,,,1,,,,,8,,,,,,,,,,,,,,>128/2,,,,,,,,,,
573.4086,EKP,0.059999999,,4,0.25,,,,,,,8,16,,16,,4,,32,,8,128,1,,,,,,,4,,,,,,,,,,,,,,,,,,,,,,,,,,,,,,,,,,512.0,,,,,,,,
573.65974,EKP,>8,,,,>16,,>8,>2/38,,>16,,<=4,,,<=1,>128,,>32,,,>16,4,16,,>16,>32,>64,>32,>8,>32,>64,>32/16,>8,>16,>32/16,>64,,,,,,,,,,32,,,,,,,,,,,,,,,,,,,,,,,,,
72407.2812,EKP,<=0.5,,,<=1,,,4,<=1/19,,,,,,,<=1,64,,>32,,,>16,4,<=4,,>16,2,>64,1,>8,16,>64,32/16,<=0.5,>16,>32/16,>64,,,,,,,,,,,,,,,,,,,,,,,,,,,,,,,,,,,
72407.2627,EKP,<=0.5,<=4,,,,,,>2/38,,,,<=4,,,<=1,>128,,<=2,,,8,<=0.25,>16,,<=8,<=1,>64,<=0.12,<=1,<=0.5,>64,<=8/4,<=0.5,>16,16/8,>64,,,,,,,,,,<=0.12,,,,,,,,,,,,,,,,,,,,,,,,,
72407.2576,EKP,<=0.5,<=4,,<=1,>16,<=0.5,,,,4,1,<=4,,,<=1,>128,,4,,,<=1,1,16,,<=8,<=1,>64,<=0.12,4,2,>64,32/16,<=0.5,>16,>32/16,8,,,,,,,,,,<=0.12,,,,,,,,,,,,,,,,,,,,,,,,,
573.24368,EKP,,<=16,,<1,>32,,>8,<0.5/9.5,,>64,>8,>128/4,>=16,,=0.5,>64,,,>32,>32/16,>128,<0.5,,,,,,=64/4,,,>32,,>8,,,,,,,,>8,=1,,,,=32/4,,,,,,,,,,,,,,,,,,,,,,,,,
72407.2852,EKP,1,<=4,,<=1,<=1,<=0.5,2,>2/38,,>16,,,4,,<=1,8,,>32,,,>16,1,>16,,>16,16,>64,>32,>8,32,4,<=8/4,<=0.5,<=1,>32/16,>64,,,,,,,,,,16,,,,,,,,,,,,,,,,,,,,,,,,,
573.65914,EKP,,<=4,,<=1,,<=0.5,1,,,,,,,,<=1,32,,<=2,,,4,<=0.25,<=4,,<=8,<=1,>64,<=0.12,<=1,<=0.5,64,<=8/4,<=0.5,16,8/4,16,,,,,,,,,,<=0.12,,,,,,,,,,,,,,,,,,,,,,,,,
573.66495,EKP,,<=2,,<=1,>=32,,,,<=0.12,,,,,,,>=64,,>=64,>=32,>=32,4,,,,,,,,,,,,,,,,,,,,,,,,,,,,,,,,,,,,,,,,,,,,,,,,,,
573.66236,EKP,,16,,,,>=16,,,>=8,,<=0.25,,,>=64,,>=64,,>=64,>=32,>=32,>=64,,,,,,,,,,,,,,,,,,,,,,,,,,,,,,,,,,,,,,,,,,,,,,,,,,
72407.2416,EKP,<=0.5,<=4,,,>16,<=0.5,<=0.5,,,,,<=4,,,<=1,>128,,<=2,,,16,<=0.25,<=4,,>16,<=1,>64,<=0.12,<=1,<=0.5,>64,16/8,<=0.5,>16,>32/16,16,,,,,,,,,,<=0.12,,,,,,,,,,,,,,,,,,,,,,,,,
72407.2705,EKP,,<=4,,,>16,,>8,,,>16,>4,,,,<=1,>128,,4,,,>16,1,16,,<=8,<=1,>64,<=0.12,2,1,>64,<=8/4,<=0.5,>16,32/16,>64,,,,,,,,,,<=0.12,,,,,,,,,,,,,,,,,,,,,,,,,
573.24396,EKP,>16,,,<0.25,,>8,>8,,,,,,,,=0.5,>64,,,>32,>32/16,>128,<0.5,,,,,,=64/4,,,>32,,>8,,,,,,,,>8,=1,,,,=32/4,,,,,,,,,,,,,,,,,,,,,,,,,
573.65935,EKP,>8,,,>8,>16,8,>8,>2/38,,,,,,,<=1,>128,,>32,,,>16,4,>16,,>16,>32,>64,>32,>8,>32,16,32/16,8,>16,>32/16,>64,,,,,,,,,,>32,,,,,,,,,,,,,,,,,,,,,,,,,
573.4187,EKP,,,,,,,,,,,256,,,,,512,,256,,16,64,1,,,,,,,4,,,,,,,,,,,,,,,,,,,,,,,,,,,,,,,,,,512.0,,,,,,,,
72407.2755,EKP,1,<=4,,>8,,,1,>2/38,,>16,,,,,<=1,>128,,>32,,,16,1,>16,,<=8,8,>64,4,4,>32,>64,>32/16,2,>16,>32/16,>64,,,,,,,,,,>32,,,,,,,,,,,,,,,,,,,,,,,,,
574.118,EKP,<=0.5,,,<=1,<=1,,,<=1/19,,,,,<=1,,<=1,<=0.5,,<=2,,,<=1,1,<=4,,<=8,<=1,<=0.5,<=0.12,2,<=0.5,<=0.5,<=8/4,<=0.5,<=1,<=4/2,>64,,,,,,,,,,<=0.12,,,,,,,,,,,,,,,,,,,,,,,,,
72407.2511,EKP,2,,,>8,8,<=0.5,,>2/38,,,1,,4,,<=1,>128,,>32,,,>16,1,>16,,>16,>32,>64,>32,4,>32,>64,>32/16,1,>16,>32/16,>64,,,,,,,,,,>32,,,,,,,,,,,,,,,,,,,,,,,,,
72407.2382,EKP,<=0.5,,,<=1,<=1,<=0.5,>8,,,16,,32,8,,<=1,16,,>32,,,>16,2,<=4,,>16,>32,>64,>32,>8,>32,8,<=8/4,<=0.5,2,>32/16,>64,,,,,,,,,,8,,,,,,,,,,,,,,,,,,,,,,,,,
573.17943,EKP,,,>32,>16,,,,,,>64,>8,>128/4,>16,>16,=0.5,>128,,,>32,>32/16,>128,<=0.5,,,,,,,,,>32,,=2,,>32/16,,,,,,>8,=0.5,,,,,,,,,,,,,,,,,,,,,,,,,,,,,
573.29864,EKP,,16,,<=1,,128,,,,,,,,,<=1,,,,,,,0.5,64,4/4,>16,,,,,,,,,,,,,,,,,,,,,,,,,,,,,,,,,,,,,,,,,,,,,,
72407.2651,EKP,<=0.5,,,>8,>16,<=0.5,,,,>16,,<=4,8,,<=1,>128,,<=2,,,>16,1,<=4,,<=8,<=1,>64,<=0.12,4,1,>64,32/16,<=0.5,>16,>32/16,>64,,,,,,,,,,<=0.12,,,,,,,,,,,,,,,,,,,,,,,,,
573.46381,EKP,,,,,64,>32,,,,,64,,,,,256,,,,,16,0.5,>256,,,,,,2,,>256,,,,,>256,,,,,,0.5,,,,,,,,,,,,,,,,,,,,,,,,,,256,,,
72407.2487,EKP,<=0.5,<=4,,,>16,,,,,,,<=4,,,<=1,>128,,4,,,<=1,1,<=4,,<=8,<=1,>64,<=0.12,2,1,>64,16/8,<=0.5,>16,32/16,<=4,,,,,,,,,,<=0.12,,,,,,,,,,,,,,,,,,,,,,,,,
72407.2522,EKP,,,,,>16,<=0.5,,>2/38,,,<=0.25,,,,8,>128,,16,,,>16,1,16,,<=8,<=1,>64,1,2,2,>64,32/16,<=0.5,>16,>32/16,>64,,,,,,,,,,<=0.12,,,,,,,,,,,,,,,,,,,,,,,,,
573.66411,EKP,,<=2,,>=16,,,,,,>=64,,,,,,>=64,,>=64,>=32,>=32,>=64,,,,,,,,,,,,,,,,,,,,,,,,,,,,,,,,,,,,,,,,,,,,,,,,,,
72407.2365,EKP,<=0.5,<=4,,,,,4,,,>16,2,16,,,<=1,>128,,16,,,>16,4,<=4,,>16,<=1,>64,1,>8,4,>64,32/16,<=0.5,>16,>32/16,>64,,,,,,,,,,,,,,,,,,,,,,,,,,,,,,,,,,,
573.18541,EKP,,,,>=16,,,>=8,,,,,,,,=4,,,>=64,,,,=4,,,,,,,,,>=64,,,,,,,,,,>=64,,,,,,,,,,,,,,,,,,,,,,,,,,,,,,
72407.2437,EKP,<=0.5,<=4,,>8,,<=0.5,,,,>16,>4,,>8,,<=1,>128,,32,,,>16,1,16,,>16,<=1,>64,,>8,4,>64,<=8/4,<=0.5,>16,16/8,>64,,,,,,,,,,<=0.12,,,,,,,,,,,,,,,,,,,,,,,,,
72407.2436,EKP,,<=4,,,>16,<=0.5,,,,>16,,32,<=1,,<=1,>128,,32,,,16,1,>16,,<=8,4,>64,1,>8,32,>64,>32/16,<=0.5,>16,>32/16,>64,,,,,,,,,,,,,,,,,,,,,,,,,,,,,,,,,,,
72407.2294,EKP,<=0.5,,,>8,>16,<=0.5,,>2/38,,,<=0.25,<=4,4,,<=1,>128,,4,,,4,1,16,,<=8,<=1,>64,,2,1,>64,32/16,<=0.5,>16,32/16,>64,,,,,,,,,,<=0.12,,,,,,,,,,,,,,,,,,,,,,,,,
72407.2614,EKP,<=0.5,<=4,,<=1,>16,<=0.5,,,,,1,64,<=1,,<=1,>128,,<=2,,,>16,1,16,,<=8,<=1,>64,<=0.12,8,<=0.5,>64,32/16,<=0.5,>16,>32/16,>64,,,,,,,,,,<=0.12,,,,,,,,,,,,,,,,,,,,,,,,,
72407.2732,EKP,,,,<=1,,,<=0.5,>2/38,,,1,,,,<=1,>128,,<=2,,,>16,1,16,,<=8,<=1,>64,<=0.12,<=1,<=0.5,>64,<=8/4,<=0.5,>16,32/16,>64,,,,,,,,,,<=0.12,,,,,,,,,,,,,,,,,,,,,,,,,
573.46873,EKP,,,,,,=64,>8,>8/152,2,>32,>1,>128/4,,,<=0.5,,,,,>64/2,>64,=0.5,<=8,>32,,,,,,,>4,,,,,,,,>64/4,,,,,,,,,>64,,,,,,,,,,,,1,,,,,,,,,,,
574.65,EKP,1,<=4,,<=1,,2,,>2/38,,,,,4,,<=1,>128,,>32,,,>16,2,16,,>16,32,>64,<=0.12,>8,32,>64,>32/16,2,>16,>32/16,>64,,,,,,,,,,,,,,,,,,,,,,,,,,,,,,,,,,,
72407.2452,EKP,<=0.5,,,,>16,,,,,,2,,,,<=1,>128,,<=2,,,16,1,<=4,,<=8,<=1,>64,<=0.12,4,<=0.5,>64,<=8/4,<=0.5,>16,32/16,>64,,,,,,,,,,<=0.12,,,,,,,,,,,,,,,,,,,,,,,,,
72407.2818,EKP,,<=4,,,,<=0.5,<=0.5,<=1/19,,,<=0.25,,,,<=1,<=0.5,,<=2,,,4,1,<=4,,<=8,<=1,<=0.5,<=0.12,<=1,<=0.5,<=0.5,<=8/4,<=0.5,<=1,<=4/2,<=4,,,,,,,,,,<=0.12,,,,,,,,,,,,,,,,,,,,,,,,,
573.29966,EKP,,8,,,,128,,,>1,,>2,,,,<=1,,,,,,,1,,2/4,>16,,,,,,,,,,,,,,,,,,,,,,,,,,,,,,,,,,,,,,,,,,,,,,
72407.2644,EKP,<=0.5,<=4,,>8,,,,,,,>4,,>8,,<=1,>128,,16,,,2,1,16,,>16,<=1,>64,,>8,8,>64,32/16,<=0.5,>16,>32/16,>64,,,,,,,,,,<=0.12,,,,,,,,,,,,,,,,,,,,,,,,,
573.24356,EKP,>64,,<=4,<1,,>8,,,>8,>64,,,>=16,>=32,=8,>64,,,>32,>32/16,>128,<1,,,,,,=64/4,,,>32,,>8,,,,,,,,>8,=8,,,,=32/4,,,,,,,,,,,,,,,,,,,,,,,,,
573.24418,EKP,,,=8,>=16,=8,,,<=2/1,>4,,>8,>128/4,,>=32,=0.5,>32,,,>32,>32/16,>128,<=2,,,,,,=32/4,,,>32,,>=4,,,,,,,,>8,=0.5,,,,=2/4,,,,,,,,,,,,,,,,,,,,,,,,,
1284800.4,EKP,>8,16,,<=1,>16,>8,>8,<=0.5/9.5,>4,>16,>2,>64/4,>8,,0.5,>32,,,,,>16,0.5,,,,,,,4,,,,>2,,,,,,,,,1,,,,,4,,,,,,,,,,,,,,>128/2,,,,,,,,,,
573.66499,EKP,,<=2,,,,>=16,,,,,,,,>=64,,32,,>=64,>=32,>=32,>=64,,,,,,,,,,,,,,,,,,,,,,,,,,,,,,,,,,,,,,,,,,,,,,,,,,
573.15108,EKP,=32,>64,,>16,>32,,,>8/152,>8,,>8,,>16,,=1,>128,,,>32,>32/16,>128,=2,,,,,,,,,>32,,>8,,>32/16,,,,,,>16,=1,,,,,,,,,,,,,,,,,,,,,,,,,,,,,
72407.2696,EKP,<=0.5,<=4,,,16,8,<=0.5,<=1/19,,4,<=0.25,,4,,<=1,>128,,>32,,,8,1,<=4,,<=8,>32,>64,8,8,>32,>64,32/16,2,>16,>32/16,>64,,,,,,,,,,16,,,,,,,,,,,,,,,,,,,,,,,,,
72407.2786,EKP,<=0.5,<=4,,<=1,,<=0.5,<=0.5,,,<=1,,<=4,<=1,,<=1,<=0.5,,4,,,<=1,1,16,,<=8,<=1,<=0.5,<=0.12,2,2,<=0.5,<=8/4,<=0.5,<=1,8/4,32,,,,,,,,,,<=0.12,,,,,,,,,,,,,,,,,,,,,,,,,
573.7065,EKP,0.25,,2,64,,,,,,,128,8,,4,,512,,256,,16,16,2,,,,,,,4,,,,,,,,,,,,,,,,,,,,,,,,,,,,,,,,,,512.0,,,,,,,,
72407.2206,EKP,,,,,,<=0.5,<=0.5,,,2,,<=4,,,<=1,16,,4,,,<=1,1,16,,<=8,<=1,64,<=0.12,2,<=0.5,32,<=8/4,<=0.5,8,16/8,>64,,,,,,,,,,<=0.12,,,,,,,,,,,,,,,,,,,,,,,,,
573.24434,EKP,>64,,>32,,>32,>8,,,,,,>128/4,,>=32,=0.5,>64,,,>32,>32/16,>128,<1,,,,,,=64/4,,,>32,,>8,,,,,,,,>8,=1,,,,=32/4,,,,,,,,,,,,,,,,,,,,,,,,,
573.65993,EKP,2,16,,>8,,,1,>2/38,,>16,,>64,>8,,<=1,>128,,>32,,,>16,1,16,,<=8,32,>64,32,2,>32,>64,>32/16,4,>16,>32/16,>64,,,,,,,,,,>32,,,,,,,,,,,,,,,,,,,,,,,,,
573.66367,EKP,,8,,>=16,>=32,,,,,,>=4,,,,,>=64,,>=64,>=32,>=32,>=64,,,,,,,,,,,,,,,,,,,,,,,,,,,,,,,,,,,,,,,,,,,,,,,,,,
573.4213,EKP,0.12,,,,,,,,,,2,16,,,,0.059999999,,32,,16,1,1,,,,,,,4,,,,,,,,,,,,,,,,,,,,,,,,,,,,,,,,,,512.0,,,,,,,,
72407.2485,EKP,,,,,>16,8,,,,,,>64,8,,<=1,>128,,>32,,,>16,2,>16,,>16,>32,>64,8,>8,>32,>64,>32/16,4,>16,>32/16,>64,,,,,,,,,,8,,,,,,,,,,,,,,,,,,,,,,,,,
573.66483,EKP,,16,,,,,,,,>=64,,,,>=64,,>=64,,>=64,>=32,>=32,32,,,,,,,,,,,,,,,,,,,,,,,,,,,,,,,,,,,,,,,,,,,,,,,,,,
573.4147,EKP,,,,,,,,,,,8,,,,,0.5,,8,,128,1,0.5,,,,,,,2,,,,,,,,,,,,,,,,,,,,,,,,,,,,,,,,,,512.0,,,,,,,,
573.24347,EKP,,,<2,,,>8,>8,,,,>8,>128/4,,,=0.5,>64,,,>32,>32/16,>128,<0.5,,,,,,=64/4,,,>32,,>8,,,,,,,,>8,=0.5,,,,=16/4,,,,,,,,,,,,,,,,,,,,,,,,,
574.115,EKP,,,,<=1,,,,,,<=1,,,<=1,,<=1,8,,>32,,,16,<=0.25,<=4,,<=8,32,32,16,<=1,>32,8,<=8/4,<=0.5,2,16/8,>64,,,,,,,,,,4,,,,,,,,,,,,,,,,,,,,,,,,,
72407.2849,EKP,,<=4,,,>16,<=0.5,,,,,>4,8,,,<=1,>128,,8,,,16,2,16,,>16,<=1,>64,,>8,4,>64,>32/16,<=0.5,>16,>32/16,64,,,,,,,,,,<=0.12,,,,,,,,,,,,,,,,,,,,,,,,,
573.24326,EKP,>8,,<=4,<2,,,,>8/152,,>64,>8,>128/4,>16,,=0.5,>64,,,>32,>32/16,>128,<=2,,,,,,=64/4,,,>32,,>=4,,,,,,,,>8,=0.5,,,,=16/4,,,,,,,,,,,,,,,,,,,,,,,,,
573.66024,EKP,,,,<=1,,<=0.5,<=0.5,,,,<=0.25,<=4,<=1,,<=1,>128,,4,,,2,<=0.25,>16,,<=8,<=1,>64,,<=1,1,>64,<=8/4,<=0.5,>16,32/16,>64,,,,,,,,,,<=0.12,,,,,,,,,,,,,,,,,,,,,,,,,
573.46869,EKP,,>32,,,,=64,>8,,2,>32,>1,>128/4,,,<=0.5,,,,,>64/2,>64,=0.5,32,>32,,,,,,,>4,,,,,,,,>64/4,,,,,,,,,>64,,,,,,,,,,,,1,,,,,,,,,,,
573.46863,EKP,,>32,,,,,>8,>8/152,2,,>1,>128/4,,,<=0.5,,,,,>64/2,>64,=0.5,<=8,>32,,,,,,,>4,,,,,,,,>64/4,,,,,,,,,>64,,,,,,,,,,,,1,,,,,,,,,,,
72407.2396,EKP,<=0.5,,,,,<=0.5,,,,16,2,<=4,,,<=1,>128,,<=2,,,8,1,16,,>16,<=1,>64,<=0.12,4,<=0.5,>64,16/8,<=0.5,>16,>32/16,>64,,,,,,,,,,<=0.12,,,,,,,,,,,,,,,,,,,,,,,,,
573.66538,EKP,,,,,>=32,>=16,,,,,>=4,,,,,32,,>=64,>=32,>=32,>=64,,,,,,,,,,,,,,,,,,,,,,,,,,,,,,,,,,,,,,,,,,,,,,,,,,
72407.2778,EKP,,<=4,,,,<=0.5,<=0.5,,,,1,,<=1,,<=1,>128,,4,,,16,1,16,,<=8,<=1,>64,<=0.12,8,1,>64,<=8/4,<=0.5,>16,32/16,>64,,,,,,,,,,<=0.12,,,,,,,,,,,,,,,,,,,,,,,,,
72407.2643,EKP,,8,,,,,<=0.5,,,4,<=0.25,32,,,<=1,64,,>32,,,>16,1,<=4,,16,>32,>64,>32,<=1,>32,32,32/16,<=0.5,16,>32/16,>64,,,,,,,,,,16,,,,,,,,,,,,,,,,,,,,,,,,,
573.46349,EKP,16,,,,,>32,,,,,32,,,,,128,,,,,32,1,>256,,,,,,8,,256,,,,,>256,,,,,,0.5,,,,,,,,,,,,,,,,,,,,,,,,,,>256,,,
573.24337,EKP,=2,,,,>32,<0.5,,>=4/76,>=2,>64,,,,,=0.5,>64,,,>32,>=32/16,>128,<=2,,,,,,=16/4,,,>32,,<0.5,,,,,,,,>8,=1,,,,=2/4,,,,,,,,,,,,,,,,,,,,,,,,,
72407.2753,EKP,,,,,16,2,,,,>16,,32,>8,,<=1,128,,>32,,,16,2,16,,>16,32,>64,1,8,>32,>64,>32/16,1,>16,>32/16,>64,,,,,,,,,,,,,,,,,,,,,,,,,,,,,,,,,,,
72407.2625,EKP,1,,,,>16,4,<=0.5,>2/38,,,,,,,<=1,>128,,>32,,,>16,2,>16,,>16,32,>64,2,8,>32,>64,>32/16,2,>16,>32/16,>64,,,,,,,,,,2,,,,,,,,,,,,,,,,,,,,,,,,,
573.29889,EKP,>8,<=4,,>4,,,,,>1,,>2,,,,<=1,,,,,,,0.5,16,2/4,>16,,,,,,,,,,,,,,,,,,,,,,,,,,,,,,,,,,,,,,,,,,,,,,
573.66076,EKP,,,,,16,4,4,,,<=1,,,<=1,,<=1,128,,>32,,,>16,2,16,,>16,>32,>64,>32,>8,>32,>64,>32/16,4,>16,>32/16,>64,,,,,,,,,,32,,,,,,,,,,,,,,,,,,,,,,,,,
72407.2787,EKP,<=0.5,,,,>16,,,,,>16,,>64,,,<=1,>128,,16,,,>16,1,16,,<=8,4,>64,<=0.12,4,8,>64,>32/16,<=0.5,>16,>32/16,>64,,,,,,,,,,<=0.12,,,,,,,,,,,,,,,,,,,,,,,,,
573.5779,EKP,>64,<=16,<=2,<=0.5,>=64,>32,,>64/128,,>64,>16,>128/,>=16,>64,>=64,>32,,,>64,,>=64,,<=15,,8,,,,<=4,,,,,,>64/,,,,,>32,>64,64,,,,,,,,,,,,,,,,,,,,,,,,,,,,,
1284805.4,EKP,2,8,,>8,8,<=1,>8,>4/76,2,>16,>2,>64/4,>8,,<=0.25,32,,,,,>16,<=0.25,,,,,,,4,,,,1,,,,,,,,,0.5,,,,,4,,,,,,,,,,,,,,>128/2,,,,,,,,,,
72407.2832,EKP,<=0.5,<=4,,<=1,2,<=0.5,<=0.5,<=1/19,,<=1,<=0.25,>64,,,<=1,<=0.5,,<=2,,,8,1,16,,<=8,<=1,2,<=0.12,>8,1,<=0.5,>32/16,<=0.5,<=1,>32/16,>64,,,,,,,,,,<=0.12,,,,,,,,,,,,,,,,,,,,,,,,,
573.29905,EKP,>8,>32,,>4,,,,<=1/19,,,>2,,,,>8,,,,,,,1,,2/4,<=8,,,,,,,,,,,,,,,,,,,,,,,,,,,,,,,,,,,,,,,,,,,,,,
72407.2817,EKP,<=0.5,,,<=1,,,,>2/38,,,1,<=4,,,<=1,64,,<=2,,,<=1,1,<=4,,<=8,<=1,>64,<=0.12,>8,<=0.5,>64,32/16,<=0.5,>16,>32/16,>64,,,,,,,,,,<=0.12,,,,,,,,,,,,,,,,,,,,,,,,,
574.85,EKP,2,<=4,,,16,,,,,,,,2,,<=1,128,,>32,,,>16,1,16,,>16,>32,>64,>32,>8,>32,>64,>32/16,4,16,>32/16,>64,,,,,,,,,,32,,,,,,,,,,,,,,,,,,,,,,,,,
72407.158,EKP,>8,>32,,>8,>16,>8,>8,>4/76,>4,>16,>2,>64/4,>8,,>4,>32,,,,,>16,1,,,,,,,8,,,,>2,,,,,,,,,>4,,,,,8,,,,,,,,,,,,,,>128/2,,,,,,,,,,
72407.2438,EKP,,>32,,,>16,,,>2/38,,>16,>4,,>8,,<=1,>128,,32,,,16,>4,16,,>16,2,>64,,>8,8,>64,32/16,<=0.5,>16,>32/16,>64,,,,,,,,,,<=0.12,,,,,,,,,,,,,,,,,,,,,,,,,
573.65932,EKP,,<=4,,>8,8,,,,,,2,<=4,,,<=1,>128,,8,,,<=1,4,<=4,,16,<=1,>64,1,>8,2,>64,16/8,<=0.5,16,32/16,<=4,,,,,,,,,,<=0.12,,,,,,,,,,,,,,,,,,,,,,,,,
72407.244,EKP,8,,,>8,>16,,>8,>4/76,>4,,,>64/4,>8,,>4,>32,,,,,>16,1,,,,,,,8,,,,>2,,,,,,,,,4,,,,,4,,,,,,,,,,,,,,>128/2,,,,,,,,,,
72407.2688,EKP,,<=4,,<=1,,<=0.5,,<=1/19,,<=1,<=0.25,<=4,,,<=1,<=0.5,,<=2,,,<=1,1,16,,<=8,<=1,<=0.5,<=0.12,2,1,<=0.5,<=8/4,<=0.5,<=1,8/4,32,,,,,,,,,,<=0.12,,,,,,,,,,,,,,,,,,,,,,,,,
72407.2489,EKP,<=0.5,,,,,<=0.5,,>2/38,,,1,<=4,>8,,<=1,128,,4,,,<=1,1,<=4,,>16,<=1,>64,<=0.12,4,<=0.5,>64,16/8,<=0.5,16,32/16,>64,,,,,,,,,,<=0.12,,,,,,,,,,,,,,,,,,,,,,,,,
72407.2739,EKP,,>32,,>8,>16,<=0.5,,>2/38,,,>4,,>8,,<=1,>128,,>32,,,>16,1,16,,>16,32,>64,>32,8,>32,>64,>32/16,<=0.5,>16,>32/16,>64,,,,,,,,,,8,,,,,,,,,,,,,,,,,,,,,,,,,
72407.2439,EKP,<=0.5,,,>8,,,,>2/38,,>16,,,,,<=1,>128,,4,,,>16,1,<=4,,<=8,<=1,>64,,8,1,>64,16/8,<=0.5,>16,32/16,>64,,,,,,,,,,<=0.12,,,,,,,,,,,,,,,,,,,,,,,,,
573.66431,EKP,,,,<=1,,>=16,,,,,,,,>=64,,>=64,>=64,>=64,>=32,>=32,>=64,,,,,,,,,,,,,,,,,,,,,,,,,,,,,,,,,,,,,,,,,,,,,,,,,,
573.66409,EKP,,<=2,,>=16,,>=16,,,,>=64,,,,,,>=64,,>=64,>=32,>=32,>=64,,,,,,,,,,,,,,,,,,,,,,,,,,,,,,,,,,,,,,,,,,,,,,,,,,
72407.2523,EKP,<=0.5,<=4,,<=1,16,,,,,8,<=0.25,,,,<=1,>128,,<=2,,,2,1,>16,,<=8,<=1,>64,<=0.12,4,1,>64,16/8,<=0.5,>16,32/16,>64,,,,,,,,,,<=0.12,,,,,,,,,,,,,,,,,,,,,,,,,
573.17908,EKP,=4,=32,=16,>16,,>8,>8,,>8,,,>128/4,,>16,=1,>64,,,>32,>32/16,>128,=4,,,,,,,,,>32,,>8,,>32/16,,,,,,>8,=1,,,,,,,,,,,,,,,,,,,,,,,,,,,,,
72407.2223,EKP,,<=4,,,>16,,,<=1/19,,,,<=4,<=1,,<=1,>128,,<=2,,,>16,1,16,,<=8,<=1,>64,<=0.12,2,<=0.5,>64,<=8/4,<=0.5,>16,32/16,>64,,,,,,,,,,<=0.12,,,,,,,,,,,,,,,,,,,,,,,,,
573.66368,EKP,,<=2,,<=1,2,>=16,,,,,,,,>=64,,8,,>=64,>=32,>=32,0.5,,,,,,,,,,,,,,,,,,,,,,,,,,,,,,,,,,,,,,,,,,,,,,,,,,
573.66471,EKP,,,,<=1,,<=0.25,,,,,,,,<=4,,>=64,,>=64,>=32,>=32,32,,,,,,,,,,,,,,,,,,,,,,,,,,,,,,,,,,,,,,,,,,,,,,,,,,
573.46339,EKP,>32,>256,,,128,>32,,,,,,,,,,128,,,,,128,1,>256,,,,,,8,,256,,,,,>256,,,,,,0.25,,,,,,,,,,,,,,,,,,,,,,,,,,>256,,,
573.66299,EKP,,4,,<=1,,,,,,>=64,>=4,,,>=64,,>=64,>=64,>=64,>=32,>=32,>=64,,,,,,,,,,,,,,,,,,,,,,,,,,,,,,,,,,,,,,,,,,,,,,,,,,
72407.2276,EKP,<=0.5,<=4,,,>16,,,<=1/19,,4,<=0.25,,<=1,,<=1,>128,,<=2,,,<=1,1,<=4,,<=8,<=1,>64,<=0.12,4,<=0.5,>64,16/8,<=0.5,>16,32/16,>64,,,,,,,,,,<=0.12,,,,,,,,,,,,,,,,,,,,,,,,,
573.66275,EKP,,,,,>=32,,,,>=8,,>=4,,,,,>=64,,>=64,>=32,>=32,32,,,,,,,,,,,,,,,,,,,,,,,,,,,,,,,,,,,,,,,,,,,,,,,,,,
72407.2477,EKP,<=0.5,<=4,,,,<=0.5,<=0.5,2/38,,<=1,<=0.25,32,<=1,,<=1,2,,>32,,,4,2,>16,,>16,2,4,2,8,32,1,<=8/4,<=0.5,<=1,32/16,64,,,,,,,,,,1,,,,,,,,,,,,,,,,,,,,,,,,,
573.46342,EKP,32,1,,,64,>32,32,,,,,,,,,128,,,,,64,4,>256,,,,,,128,,256,,,,,>256,,,,,,0.25,,,,,,,,,,,,,,,,,,,,,,,,,,>256,,,
573.66454,EKP,,,,,,>=16,,,,>=64,>=4,,,>=64,,>=64,,>=64,>=32,>=32,>=64,,,,,,,,,,,,,,,,,,,,,,,,,,,,,,,,,,,,,,,,,,,,,,,,,,
573.66214,EKP,,<=2,,>=16,,>=16,,,,,,,,,,>=64,,>=64,>=32,>=32,>=64,,,,,,,,,,,,,,,,,,,,,,,,,,,,,,,,,,,,,,,,,,,,,,,,,,
72407.2881,EKP,<=0.5,<=4,,,,<=0.5,<=0.5,,,<=1,,<=4,,,<=1,<=0.5,,<=2,,,<=1,<=0.25,<=4,,<=8,<=1,<=0.5,<=0.12,<=1,<=0.5,<=0.5,<=8/4,<=0.5,<=1,<=4/2,>64,,,,,,,,,,<=0.12,,,,,,,,,,,,,,,,,,,,,,,,,
573.31616,EKP,>16,,,,>=64,>16,,,,,>4,,,>=64,>16,>=64,,,,>=32,>=64,4,64,,,,,,,,,,,,,,,,,,,,,,,,,,,,,,,,,,,,,,,>320,,,,,,,,,
72407.2369,EKP,<=0.5,<=4,,<=1,,4,,,,>16,,,,,<=1,>128,,>32,,,>16,4,>16,,>16,>32,>64,2,>8,>32,>64,>32/16,1,>16,>32/16,>64,,,,,,,,,,2,,,,,,,,,,,,,,,,,,,,,,,,,
72407.2231,EKP,,,,<=1,8,,<=0.5,,,2,,<=4,,,<=1,128,,<=2,,,<=1,1,16,,>16,<=1,>64,<=0.12,>8,<=0.5,>64,16/8,<=0.5,>16,32/16,>64,,,,,,,,,,<=0.12,,,,,,,,,,,,,,,,,,,,,,,,,
573.66498,EKP,,,,,,,,,>=8,,,,,>=64,,>=64,,>=64,>=32,>=32,>=64,,,,,,,,,,,,,,,,,,,,,,,,,,,,,,,,,,,,,,,,,,,,,,,,,,
72407.2329,EKP,,<=4,,,,,>8,>2/38,,,>4,,8,,4,>128,,>32,,,>16,4,>16,,16,>32,>64,2,>8,>32,>64,>32/16,1,>16,>32/16,>64,,,,,,,,,,1,,,,,,,,,,,,,,,,,,,,,,,,,
72407.2421,EKP,,,,<=1,,<=0.5,1,>2/38,,,,,,,<=1,>128,,8,,,>16,2,<=4,,<=8,<=1,>64,,8,2,>64,16/8,<=0.5,>16,32/16,>64,,,,,,,,,,<=0.12,,,,,,,,,,,,,,,,,,,,,,,,,
573.29986,EKP,8,<=4,,>4,,16,,>4/76,>1,,>2,,,,<=1,,,,,,,<=0,<=4,<=1/4,<=8,,,,,,,,,,,,,,,,,,,,,,,,,,,,,,,,,,,,,,,,,,,,,,
1304922.3,EKP,8,<=4,,4,16,>8,>8,<=0.5/9.5,>4,>16,>2,>64/4,>8,,<=0.25,>32,,,,,>16,1,,,,,,,8,,,,>2,,,,,,,,,4,,,,,8,,,,,,,,,,,,,,>128/2,,,,,,,,,,
573.24455,EKP,>64,=32,,,,,>8,>8/152,>8,,,,>=16,,=0.5,>64,,,>32,>32/16,>128,<1,,,,,,=64/4,,,>32,,>8,,,,,,,,>8,=1,,,,=32/4,,,,,,,,,,,,,,,,,,,,,,,,,
573.66015,EKP,<=0.5,,,<=1,>16,<=0.5,<=0.5,>2/38,,>16,,,<=1,,<=1,>128,,<=2,,,8,2,<=4,,<=8,<=1,>64,<=0.12,8,2,>64,<=8/4,<=0.5,>16,8/4,>64,,,,,,,,,,<=0.12,,,,,,,,,,,,,,,,,,,,,,,,,
72407.2219,EKP,,,,,,<=0.5,4,>2/38,,,>4,<=4,,,<=1,128,,8,,,2,2,<=4,,<=8,<=1,>64,<=0.12,>8,2,>64,32/16,<=0.5,>16,>32/16,<=4,,,,,,,,,,<=0.12,,,,,,,,,,,,,,,,,,,,,,,,,
1400167.3,EKP,,,,<=1,<=1,<=.25,,>8,,,<=.25,<=4,<=1,,,,,,,,<=1,,,,,,,,,,<=1,,,,4,,,,,,<=4,,,,,,,32,,,,,,,,,,,,,,,,,,,,,,,
72407.2667,EKP,<=0.5,<=4,,<=1,>16,<=0.5,<=0.5,>2/38,,>16,<=0.25,,,,<=1,>128,,4,,,16,1,<=4,,<=8,<=1,>64,<=0.12,4,<=0.5,>64,<=8/4,<=0.5,>16,32/16,>64,,,,,,,,,,<=0.12,,,,,,,,,,,,,,,,,,,,,,,,,
573.31614,EKP,,>64,,,,,,,>=8,,,>=128,,>=64,>16,>=64,,,>=32,>=32,>=64,>=8,>=256,,,,,,,,,,,,,,,,,,,,,,,,,,,,,,,,,,,,,,,<=20,,,,,,,,,
1284827.3,EKP,>8,32,,2,>16,>8,>8,>4/76,>4,>16,>2,>64/4,>8,,<=0.25,>32,,,,,>16,0.5,,,,,,,4,,,,>2,,,,,,,,,0.5,,,,,4,,,,,,,,,,,,,,>128/2,,,,,,,,,,
573.4132,EKP,,,,512,,,,,,,4,,,8,,2,,32,,64,0.5,1,,,,,,,4,,,,,,,,,,,,,,,,,,,,,,,,,,,,,,,,,,512.0,,,,,,,,
573.31609,EKP,>16,,,4,,,,,,,>4,>=128,,,>16,>=64,,,>=32,>=32,>=64,4,64,,,,,,,,,,,,,,,,,,,,,,,,,,,,,,,,,,,,,,,<=20,,,,,,,,,
72407.2655,EKP,<=0.5,>32,,,>16,,>8,>2/38,,,,,,,>8,>128,,>32,,,>16,1,16,,>16,8,>64,2,>8,>32,>64,>32/16,<=0.5,>16,>32/16,>64,,,,,,,,,,4,,,,,,,,,,,,,,,,,,,,,,,,,
573.19877,EKP,,,,,>32,>8,,=1/19,>8,>64,>8,>128/4,,,>8,>64,,,>32,,>128,<=0.5,,=16/4,,,,,,,>32,,>8,,>32/16,,,,,,>8,>8,,,,,,,,,,,,,,,,,,,,,,,,,,,,,
72407.2174,EKP,,<=4,,,<=1,<=0.5,,,,,1,,,,<=1,16,,>32,,,>16,<=0.25,>16,,<=8,<=1,64,>32,<=1,32,2,<=8/4,<=0.5,<=1,>32/16,>64,,,,,,,,,,32,,,,,,,,,,,,,,,,,,,,,,,,,
573.46346,EKP,,,,,64,>32,,,,,,,,,,128,,,,,32,4,128,,,,,,64,,256,,,,,>256,,,,,,0.25,,,,,,,,,,,,,,,,,,,,,,,,,,256,,,
573.66048,EKP,<=0.5,<=4,,<=1,<=1,,<=0.5,,,<=1,<=0.25,>64,<=1,,<=1,32,,<=2,,,<=1,1,<=4,,<=8,<=1,64,<=0.12,2,1,16,32/16,<=0.5,4,>32/16,8,,,,,,,,,,<=0.12,,,,,,,,,,,,,,,,,,,,,,,,,
72407.2224,EKP,<=0.5,,,,>16,<=0.5,,>2/38,,,4,16,,,<=1,>128,,16,,,16,>4,16,,>16,<=1,>64,1,>8,4,>64,>32/16,<=0.5,>16,>32/16,>64,,,,,,,,,,,,,,,,,,,,,,,,,,,,,,,,,,,
573.46868,EKP,,,,,,=32,,,>2,>32,>1,>128/4,,,=1,,,,,>64/2,>64,=1,<=8,>32,,,,,,,>4,,,,,,,,>64/4,,,,,,,,,>64,,,,,,,,,,,,1,,,,,,,,,,,
72407.2534,EKP,<=0.5,<=4,,<=1,,,,,,8,,<=4,<=1,,<=1,>128,,4,,,2,1,>16,,<=8,<=1,>64,<=0.12,8,1,>64,16/8,<=0.5,>16,32/16,>64,,,,,,,,,,<=0.12,,,,,,,,,,,,,,,,,,,,,,,,,
573.4075,EKP,0.12,,256,32,,,,,,,64,32,,16,,512,,256,,16,128,2,,,,,,,4,,,,,,,,,,,,,,,,,,,,,,,,,,,,,,,,,,512.0,,,,,,,,
72407.2556,EKP,,,,>8,16,8,4,>2/38,,<=1,,64,,,<=1,8,,>32,,,>16,2,>16,,>16,>32,32,>32,8,>32,4,>32/16,4,>16,>32/16,>64,,,,,,,,,,8,,,,,,,,,,,,,,,,,,,,,,,,,
573.18088,EKP,,,,>16,,=8,>8,,>8,>64,>8,,>16,,=0.5,>64,,,>32,>32/16,=128,=1,,,,,,,,,>32,,=8,,>32/16,,,,,,>8,=0.5,,,,,,,,,,,,,,,,,,,,,,,,,,,,,
573.31625,EKP,,>64,,,,>16,,,,,>4,>=128,,,>16,>=64,,,>=32,>=32,>=64,4,64,,,,,,,,,,,,,,,,,,,,,,,,,,,,,,,,,,,,,,,>320,,,,,,,,,
573.66378,EKP,,,,,,4,,,>=8,>=64,>=4,,,,,>=64,,>=64,>=32,>=32,>=64,,,,,,,,,,,,,,,,,,,,,,,,,,,,,,,,,,,,,,,,,,,,,,,,,,
573.66422,EKP,,,,,,,,,,,>=4,,,>=64,,>=64,,>=64,>=32,>=32,>=64,,,,,,,,,,,,,,,,,,,,,,,,,,,,,,,,,,,,,,,,,,,,,,,,,,
72407.2736,EKP,,<=4,,,>16,<=0.5,<=0.5,,,,,,,,<=1,>128,,4,,,>16,1,16,,<=8,<=1,>64,,4,1,>64,16/8,<=0.5,>16,32/16,8,,,,,,,,,,<=0.12,,,,,,,,,,,,,,,,,,,,,,,,,
1328420.3,EKP,,,,<=1,<=1,<=.25,,<=1,,,<=.25,,<=1,,,,,,,,<=1,,,,,,,,,,<=1,,,,4,,,,,,<=4,,,,,,,256,,,,,,,,,,,,,,,,,,,,,,,
573.31612,EKP,>16,>64,,4,,>16,,,,,,>=128,,>=64,>16,>=64,,,>=32,>=32,>=64,4,64,,,,,,,,,,,,,,,,,,,,,,,,,,,,,,,,,,,,,,,>320,,,,,,,,,
573.4103,EKP,0.25,,,,,,,,,,,,,16,,0.25,,16,,16,0.5,2,,,,,,,4,,,,,,,,,,,,,,,,,,,,,,,,,,,,,,,,,,512.0,,,,,,,,
72407.2481,EKP,4,,,,>16,8,,>2/38,,,,,<=1,,<=1,>128,,>32,,,>16,2,>16,,>16,16,>64,32,8,>32,>64,>32/16,4,>16,>32/16,>64,,,,,,,,,,>32,,,,,,,,,,,,,,,,,,,,,,,,,
573.29955,EKP,>8,8,,>4,,128,,,,,,,,,<=1,,,,,,,1,>128,<=1/4,>16,,,,,,,,,,,,,,,,,,,,,,,,,,,,,,,,,,,,,,,,,,,,,,
573.4172,EKP,0.12,,4,0.25,,,,,,,1,4,,8,,0.029999999,,4,,16,0.25,2,,,,,,,8,,,,,,,,,,,,,,,,,,,,,,,,,,,,,,,,,,512.0,,,,,,,,
72407.2737,EKP,<=0.5,,,,16,<=0.5,,>2/38,,16,,<=4,>8,,<=1,>128,,4,,,16,1,<=4,,<=8,<=1,>64,<=0.12,4,1,>64,<=8/4,<=0.5,>16,32/16,8,,,,,,,,,,<=0.12,,,,,,,,,,,,,,,,,,,,,,,,,
573.29934,EKP,>8,16,,,,64,,,,,>2,,,,>8,,,,,,,1,,<=1/4,>16,,,,,,,,,,,,,,,,,,,,,,,,,,,,,,,,,,,,,,,,,,,,,,
573.24277,EKP,,,,,>32,,,>8/152,>8,>64,>8,>128/4,,=16,=1,>128,,,>32,>32/16,>128,=1,,,=8,,,=128/4,=8,,>32,,=4,,>32/16,,,,,,>16,=1,,,,>128/4,,,,,,,,,,,,,,,,,,,,,,,,,
72407.2796,EKP,,,,<=1,,<=0.5,>8,>2/38,,8,>4,,8,,<=1,>128,,<=2,,,4,1,<=4,,<=8,<=1,>64,<=0.12,2,1,>64,<=8/4,<=0.5,>16,16/8,<=4,,,,,,,,,,<=0.12,,,,,,,,,,,,,,,,,,,,,,,,,
573.31603,EKP,,>64,,,,>16,,,>=8,,,>=128,,,>16,>=64,,,>=32,>=32,>=64,4,128,,,,,,,,,,,,,,,,,,,,,,,,,,,,,,,,,,,,,,,<=20,,,,,,,,,
573.46844,EKP,,,,>8,,,,>8/152,2,,>1,>128/4,,,<=0.5,,,,,>64/2,>64,=0.5,>128,>32,,,,,,,>4,,,,,,,,>64/4,,,,,,,,,>64,,,,,,,,,,,,0.5,,,,,,,,,,,
573.46402,EKP,,2,,,128,2,,,,,,,,,,>256,,,,,>256,4,>256,,,,,,32,,>256,,,,,256,,,,,,0.5,,,,,,,,,,,,,,,,,,,,,,,,,,64,,,
72407.241,EKP,,>32,,,>16,<=0.5,,,>4,>16,>2,>64,8,,<=1,>128,,16,,,>16,0.5,16,,>16,4,>64,2,>8,8,>64,>32/16,<=0.5,>16,>32/16,>64,,,,,,1,,,,1,16,,,,,,,,,,,,,,>128/2,,,,,,,,,,
72407.2251,EKP,<=0.5,<=4,,<=1,,<=0.5,<=0.5,,,,,,<=1,,<=1,>128,,16,,,>16,4,16,,>16,<=1,>64,1,>8,4,>64,<=8/4,<=0.5,>16,16/8,<=4,,,,,,,,,,,,,,,,,,,,,,,,,,,,,,,,,,,
72407.239,EKP,>8,,,>8,,,,,>4,,>2,,,,>4,>32,,,,,>16,1,,,,,,,8,,,,>2,,,,,,,,,>4,,,,,8,,,,,,,,,,,,,,>128/2,,,,,,,,,,
573.4225,EKP,,,256,32,,,,,,,128,,,4,,512,,256,,16,16,1,,,,,,,4,,,,,,,,,,,,,,,,,,,,,,,,,,,,,,,,,,512.0,,,,,,,,
573.24251,EKP,,,>32,>16,,>8,>8,,,>64,>8,,,>16,=0.5,>64,,,>32,>32/16,>128,=4,,,>16,,,>64/4,>16,,>32,,>8,,>32/16,,,,,,>8,=0.5,,,,>32/4,,,,,,,,,,,,,,,,,,,,,,,,,
72407.2653,EKP,<=0.5,<=4,,,,,<=0.5,>2/38,,>16,,64,,,<=1,>128,,4,,,>16,<=0.25,<=4,,<=8,<=1,>64,,<=1,1,>64,32/16,<=0.5,>16,>32/16,>64,,,,,,,,,,<=0.12,,,,,,,,,,,,,,,,,,,,,,,,,
72407.2214,EKP,,<=4,,<=1,,,,>2/38,,,,<=4,<=1,,<=1,>128,,<=2,,,>16,<=0.25,<=4,,>16,<=1,>64,,<=1,1,>64,32/16,<=0.5,>16,32/16,>64,,,,,,,,,,<=0.12,,,,,,,,,,,,,,,,,,,,,,,,,
72407.2831,EKP,,,,<=1,2,,<=0.5,>2/38,,<=1,,<=4,<=1,,<=1,128,,<=2,,,<=1,1,16,,<=8,<=1,>64,<=0.12,>8,<=0.5,>64,<=8/4,<=0.5,8,32/16,>64,,,,,,,,,,<=0.12,,,,,,,,,,,,,,,,,,,,,,,,,
573.65921,EKP,,,,,2,<=0.5,,<=1/19,,<=1,<=0.25,<=4,<=1,,<=1,128,,<=2,,,<=1,1,<=4,,<=8,<=1,>64,<=0.12,2,<=0.5,>64,<=8/4,<=0.5,>16,16/8,16,,,,,,,,,,<=0.12,,,,,,,,,,,,,,,,,,,,,,,,,
573.2006,EKP,,=16,>32,>16,,,>8,>8/152,,,>8,>128/4,>16,,=0.5,=128,,,>32,>32/16,>256,=2,,,,,,,,,>32,,>8,,>32/16,,,,,,>16,=1,,,,,,,,,,,,,,,,,,,,,,,,,,,,,
72407.248,EKP,1,<=4,,<=1,,,8,>2/38,,,,>64,<=1,,<=1,>32,,>32,,,>16,2,>16,,>16,8,>64,4,16,>32,>64,>32/16,>2,>16,>32/16,8,,,,,,>4,,,,>32,8,,,,,,,,,,,,,,>128/2,,,,,,,,,,
573.5768,EKP,32,<=32,1,<=1,>=64,>=8,,>64/128,,>64,>16,>128/,>=16,64,64,>32,,,>64,,>64,2,,,>64,,,,<=4,,,,,,>64/,,,,,>32,>64,>=32,,,,,,,,,,,,,,,,,,,,,,,,,,,,,
573.30011,EKP,>8,16,,<=1,,128,,>4/76,,,>2,,,,>8,,,,,,,0.5,16,<=1/4,>16,,,,,,,,,,,,,,,,,,,,,,,,,,,,,,,,,,,,,,,,,,,,,,
72407.2873,EKP,<=0.5,,,,,<=0.5,<=0.5,,,<=1,<=0.25,<=4,,,<=1,128,,<=2,,,<=1,1,<=4,,<=8,<=1,>64,<=0.12,2,<=0.5,>64,<=8/4,<=0.5,>16,16/8,>64,,,,,,,,,,<=0.12,,,,,,,,,,,,,,,,,,,,,,,,,
573.66314,EKP,,16,,>=16,,>=16,,,,>=64,,,,,,>=64,>=64,>=64,>=32,>=32,>=64,,,,,,,,,,,,,,,,,,,,,,,,,,,,,,,,,,,,,,,,,,,,,,,,,,
573.29968,EKP,>8,,,,,,,>4/76,>1,,,,,,>8,,,,,,,1,>128,2/4,>16,,,,,,,,,,,,,,,,,,,,,,,,,,,,,,,,,,,,,,,,,,,,,,
573.46374,EKP,>32,,,,64,,,,,,,,,256,,128,,,,,32,0.5,,,,,,,8,,256,,,,,>256,,,,,,0.25,,,,,,,,,,,,,,,,,,,,,,,,,,>256,,,
573.66449,EKP,,,,>=16,>=32,,,,,,,,,,,>=64,,>=64,>=32,>=32,>=64,,,,,,,,,,,,,,,,,,,,,,,,,,,,,,,,,,,,,,,,,,,,,,,,,,
72407.2673,EKP,,,,,,<=0.5,,,,>16,>4,8,>8,,<=1,>128,,<=2,,,8,1,16,,<=8,<=1,>64,<=0.12,4,1,>64,16/8,<=0.5,>16,32/16,>64,,,,,,,,,,<=0.12,,,,,,,,,,,,,,,,,,,,,,,,,
573.66361,EKP,,,,,>=32,,,,,,,,,,,>=64,,>=64,>=32,>=32,>=64,,,,,,,,,,,,,,,,,,,,,,,,,,,,,,,,,,,,,,,,,,,,,,,,,,
573.66259,EKP,,,,,,>=16,,,,,,,,,,>=64,,>=64,>=32,>=32,>=64,,,,,,,,,,,,,,,,,,,,,,,,,,,,,,,,,,,,,,,,,,,,,,,,,,
573.29936,EKP,,,,,,8,,>4/76,,,>2,,,,<=1,,,,,,,0.5,,<=1/4,>16,,,,,,,,,,,,,,,,,,,,,,,,,,,,,,,,,,,,,,,,,,,,,,
72407.2672,EKP,,,,,>16,<=0.5,1,>2/38,,,>4,,>8,,<=1,>128,,4,,,>16,1,16,,<=8,<=1,>64,<=0.12,8,1,>64,32/16,<=0.5,>16,>32/16,>64,,,,,,,,,,<=0.12,,,,,,,,,,,,,,,,,,,,,,,,,
72407.2751,EKP,,<=4,,,>16,<=0.5,,>2/38,,,,<=4,<=1,,<=1,>128,,<=2,,,<=1,1,16,,<=8,<=1,>64,<=0.12,>8,1,>64,<=8/4,<=0.5,>16,16/8,>64,,,,,,,,,,<=0.12,,,,,,,,,,,,,,,,,,,,,,,,,
72407.249,EKP,>8,,,,>16,,<=0.5,>2/38,,>16,,,>8,,<=1,>32,,<=2,,,>16,1,<=4,,16,<=1,>64,<=0.12,2,<=0.5,>64,<=8/4,<=0.5,>16,8/4,16,,,,,,>4,,,,<=0.12,16,,,,,,,,,,,,,,>128/2,,,,,,,,,,
573.65953,EKP,,,,,>16,<=0.5,<=0.5,<=1/19,,8,,<=4,,,<=1,>128,,4,,,<=1,1,16,,<=8,<=1,>64,<=0.12,8,<=0.5,>64,16/8,<=0.5,>16,32/16,>64,,,,,,,,,,<=0.12,,,,,,,,,,,,,,,,,,,,,,,,,
72407.268,EKP,<=0.5,<=4,,,,<=0.5,,<=1/19,>4,>16,,,<=1,,1,<=0.5,,<=2,,,>16,1,<=4,,<=8,<=1,<=0.5,<=0.12,2,<=0.5,<=0.5,<=8/4,>2,<=1,8/4,>64,,,,,,2,,,,<=0.12,4,,,,,,,,,,,,,,>128/2,,,,,,,,,,
573.5763,EKP,>=16,<=32,8,<=0.5,>64,>=8,,>64/128,,>64,>16,>128/,>=16,>64,64,>32,,,>64,,>64,>=4,,,64,,,,>=8,,,,,,>64/,,,,,>32,>64,64,,,,,,,,,,,,,,,,,,,,,,,,,,,,,
72407.2669,EKP,,<=4,,,>16,<=0.5,<=0.5,,,>16,2,,4,,<=1,>128,,<=2,,,16,2,16,,<=8,<=1,>64,<=0.12,4,<=0.5,>64,16/8,<=0.5,>16,>32/16,>64,,,,,,,,,,<=0.12,,,,,,,,,,,,,,,,,,,,,,,,,
72407.2371,EKP,<=0.5,<=4,,<=1,>16,<=0.5,,>2/38,,>16,2,,,,<=1,>128,,4,,,8,1,16,,>16,<=1,>64,<=0.12,4,<=0.5,>64,32/16,<=0.5,>16,>32/16,>64,,,,,,,,,,<=0.12,,,,,,,,,,,,,,,,,,,,,,,,,
72407.2596,EKP,,,,<=1,,<=0.5,<=0.5,>2/38,,,1,8,4,,<=1,>128,,<=2,,,>16,1,16,,>16,<=1,>64,,8,1,>64,>32/16,<=0.5,>16,>32/16,16,,,,,,,,,,<=0.12,,,,,,,,,,,,,,,,,,,,,,,,,
573.24348,EKP,,<1,,<0.25,>=16,,,>8/152,,>64,,>128/4,<0.5,,=0.5,>16,,,>32,>32/16,>64,<=2,,,,,,=32/4,,,>32,,>=4,,,,,,,,>8,=0.5,,,,=2/4,,,,,,,,,,,,,,,,,,,,,,,,,
573.65962,EKP,<=0.5,,,,,<=0.5,<=0.5,,,,,,<=1,,<=1,>128,,<=2,,,<=1,1,<=4,,<=8,<=1,>64,<=0.12,4,<=0.5,>64,<=8/4,<=0.5,>16,8/4,>64,,,,,,,,,,<=0.12,,,,,,,,,,,,,,,,,,,,,,,,,
573.46347,EKP,8,,,,64,,32,,,,32,,,,,64,,,,,32,1,>256,,,,,,8,,128,,,,,>256,,,,,,0.25,,,,,,,,,,,,,,,,,,,,,,,,,,>256,,,
72407.2288,EKP,<=0.5,,,<=1,4,<=0.5,<=0.5,>2/38,,2,1,,,,<=1,128,,4,,,<=1,1,<=4,,<=8,<=1,>64,<=0.12,>8,<=0.5,>64,16/8,<=0.5,>16,32/16,>64,,,,,,,,,,<=0.12,,,,,,,,,,,,,,,,,,,,,,,,,
573.65971,EKP,<=0.5,<=4,,,>16,<=0.5,1,,,,,,,,<=1,>128,,<=2,,,4,1,<=4,,<=8,2,>64,,<=1,<=0.5,>64,32/16,<=0.5,>16,32/16,>64,,,,,,,,,,<=0.12,,,,,,,,,,,,,,,,,,,,,,,,,
573.66531,EKP,,,,>=16,>=32,>=16,,,,,,,,,,>=64,,>=64,>=32,>=32,>=64,,,,,,,,,,,,,,,,,,,,,,,,,,,,,,,,,,,,,,,,,,,,,,,,,,
573.4221,EKP,1,,,,,,,,,,,,,,,0.029999999,,4,,4,0.059999999,2,,,,,,,4,,,,,,,,,,,,,,,,,,,,,,,,,,,,,,,,,,512.0,,,,,,,,
1284801.3,EKP,4,8,,>8,4,8,>8,>4/76,>4,>16,>2,>64/4,>8,,<=0.25,32,,,,,>16,0.5,,,,,,,8,,,,>2,,,,,,,,,0.5,,,,,8,,,,,,,,,,,,,,>128/2,,,,,,,,,,
72407.2797,EKP,,,,<=1,>16,4,,>2/38,,>16,>4,,>8,,<=1,>128,,32,,,>16,1,<=4,,>16,32,>64,1,>8,32,>64,>32/16,1,>16,>32/16,>64,,,,,,,,,,1,,,,,,,,,,,,,,,,,,,,,,,,,
573.31621,EKP,,>64,,4,>=64,,,,,,>4,,,,>16,>=64,,,>=32,>=32,>=64,>=8,128,,,,,,,,,,,,,,,,,,,,,,,,,,,,,,,,,,,,,,,>320,,,,,,,,,
574.106,EKP,<=0.5,,,<=1,>16,,<=0.5,<=1/19,,8,,<=4,,,<=1,>128,,<=2,,,<=1,1,<=4,,<=8,<=1,>64,<=0.12,2,1,>64,16/8,<=0.5,>16,32/16,>64,,,,,,,,,,<=0.12,,,,,,,,,,,,,,,,,,,,,,,,,
574.104,EKP,<=0.5,,,>8,,,>8,>2/38,,,>4,32,>8,,>8,>128,,>32,,,>16,2,>16,,>16,8,>64,1,>8,>32,>64,>32/16,<=0.5,>16,>32/16,<=4,,,,,,,,,,2,,,,,,,,,,,,,,,,,,,,,,,,,
574.88,EKP,<=0.5,<=4,,,,<=0.5,,,,,>4,8,,,<=1,>128,,4,,,>16,1,<=4,,<=8,<=1,>64,<=0.12,4,1,>64,<=8/4,<=0.5,>16,32/16,>64,,,,,,,,,,<=0.12,,,,,,,,,,,,,,,,,,,,,,,,,
573.15217,EKP,=16,=16,=4,,=32,,>8,>8/152,>8,,>8,,,>32,,>64,,,>64,>32/16,>128,,,,,,,,,,>64,,>8,,,,,,,,>32,=2,,,,,,,,,,,,,,,,,,,,,,,,,,,,,
72407.2377,EKP,,<=4,,<=1,,2,,,,,>4,>64,,,<=1,64,,>32,,,>16,1,16,,>16,>32,>64,>32,>8,>32,32,>32/16,1,8,>32/16,>64,,,,,,,,,,16,,,,,,,,,,,,,,,,,,,,,,,,,
72407.2256,EKP,,<=4,,,,,<=0.5,>2/38,,>16,,>64,<=1,,<=1,128,,>32,,,>16,1,<=4,,<=8,32,>64,>32,4,>32,32,32/16,<=0.5,>16,>32/16,>64,,,,,,,,,,>32,,,,,,,,,,,,,,,,,,,,,,,,,
574.117,EKP,,<=4,,,>16,,<=0.5,,,>16,,,<=1,,<=1,>128,,8,,,>16,1,<=4,,>16,<=1,>64,<=0.12,8,2,>64,16/8,<=0.5,>16,16/8,>64,,,,,,,,,,<=0.12,,,,,,,,,,,,,,,,,,,,,,,,,
72407.2791,EKP,,,,<=1,,,,,,>16,4,8,>8,,<=1,>128,,4,,,>16,1,<=4,,<=8,<=1,>64,,8,2,>64,32/16,<=0.5,>16,>32/16,>64,,,,,,,,,,<=0.12,,,,,,,,,,,,,,,,,,,,,,,,,
573.24345,EKP,,=32,,<1,,>8,,>8/152,,>64,>8,,>16,,=4,>64,,,>32,>32/16,>128,<0.5,,,,,,=64/4,,,>32,,>8,,,,,,,,>8,=4,,,,=32/4,,,,,,,,,,,,,,,,,,,,,,,,,
573.31607,EKP,>16,>64,,,>=64,>16,,,,,>4,,,>=64,>16,>=64,,,>=32,>=32,>=64,4,64,,,,,,,,,,,,,,,,,,,,,,,,,,,,,,,,,,,,,,,>320,,,,,,,,,
573.24366,EKP,>64,<=16,<=4,,,,>8,,>8,>64,>8,,,>=32,=0.5,>64,,,>32,>32/16,>128,<1,,,,,,=64/4,,,>32,,>8,,,,,,,,>8,=1,,,,=32/4,,,,,,,,,,,,,,,,,,,,,,,,,
72407.2227,EKP,<=0.5,,,<=1,8,<=0.5,,,,16,,,,,8,32,,16,,,4,1,<=4,,16,<=1,>64,,4,8,64,16/8,<=0.5,16,32/16,64,,,,,,,,,,<=0.12,,,,,,,,,,,,,,,,,,,,,,,,,
573.66307,EKP,,16,,>=16,,>=16,,,4,,,,,>=64,,>=64,>=64,>=64,>=32,>=32,>=64,,,,,,,,,,,,,,,,,,,,,,,,,,,,,,,,,,,,,,,,,,,,,,,,,,
573.66081,EKP,1,,,,<=1,,1,,,,,,<=1,,<=1,16,,>32,,,>16,1,16,,16,>32,64,32,4,>32,8,32/16,<=0.5,2,32/16,64,,,,,,,,,,8,,,,,,,,,,,,,,,,,,,,,,,,,
573.66493,EKP,,32,,,,,,,>=8,,>=4,,,,,>=64,,>=64,>=32,>=32,>=64,,,,,,,,,,,,,,,,,,,,,,,,,,,,,,,,,,,,,,,,,,,,,,,,,,
72407.2821,EKP,,<=4,,,,,<=0.5,,,>16,,8,<=1,,<=1,>128,,32,,,8,>4,16,,>16,2,>64,1,>8,32,>64,>32/16,<=0.5,>16,>32/16,>64,,,,,,,,,,1,,,,,,,,,,,,,,,,,,,,,,,,,
72407.153,EKP,>8,>32,,>8,>16,>8,>8,>4/76,>4,>16,>2,>64/4,>8,,>4,>32,,,,,>16,2,,,,,,,16,,,,>2,,,,,,,,,>4,,,,,8,,,,,,,,,,,,,,>128/2,,,,,,,,,,
72407.2843,EKP,,,,<=1,<=1,,,>2/38,,,>4,<=4,,,<=1,<=0.5,,4,,,<=1,1,16,,<=8,<=1,<=0.5,<=0.12,<=1,<=0.5,<=0.5,<=8/4,<=0.5,<=1,8/4,32,,,,,,,,,,<=0.12,,,,,,,,,,,,,,,,,,,,,,,,,
573.4146,EKP,0.5,,,64,,,,,,,,4,,4,,256,,256,,16,16,0.5,,,,,,,4,,,,,,,,,,,,,,,,,,,,,,,,,,,,,,,,,,512.0,,,,,,,,
72407.2463,EKP,,<=4,,,,<=0.5,,>2/38,,>16,,<=4,<=1,,<=1,>128,,4,,,8,1,16,,<=8,<=1,>64,,4,1,>64,>32/16,<=0.5,>16,>32/16,<=4,,,,,,,,,,<=0.12,,,,,,,,,,,,,,,,,,,,,,,,,
573.31604,EKP,>16,>64,,,,>16,,,>=8,,,,,,4,>=64,,,>=32,>=32,>=64,2,>=256,,,,,,,,,,,,,,,,,,,,,,,,,,,,,,,,,,,,,,,>320,,,,,,,,,
72407.2602,EKP,,,,<=1,>16,,<=0.5,<=1/19,,16,<=0.25,,<=1,,<=1,>128,,<=2,,,<=1,1,<=4,,<=8,<=1,>64,,8,1,>64,16/8,<=0.5,>16,32/16,>64,,,,,,,,,,<=0.12,,,,,,,,,,,,,,,,,,,,,,,,,
573.46877,EKP,,>32,,>8,>16,=32,>8,,2,,>1,>128/4,,,<=0.5,,,,,>64/2,>64,=0.5,16,>32,,,,,,,>4,,,,,,,,>64/4,,,,,,,,,>64,,,,,,,,,,,,0.5,,,,,,,,,,,
573.66468,EKP,,<=2,,,,,,,,,,,,,,>=64,,>=64,>=32,>=32,>=64,,,,,,,,,,,,,,,,,,,,,,,,,,,,,,,,,,,,,,,,,,,,,,,,,,
573.66225,EKP,,16,,,>=32,>=16,,,,,,,,,,>=64,,>=64,>=32,>=32,>=64,,,,,,,,,,,,,,,,,,,,,,,,,,,,,,,,,,,,,,,,,,,,,,,,,,
72407.269,EKP,>8,,,,>16,>8,,<=0.5/9.5,>4,,,>64/4,,,>4,>32,,,,,>16,0.5,,,,,,,4,,,,>2,,,,,,,,,>4,,,,,4,,,,,,,,,,,,,,>128/2,,,,,,,,,,
573.65937,EKP,,>32,,,,,,,,>16,>4,,,,<=1,>128,,>32,,,>16,>4,>16,,>16,>32,>64,32,>8,>32,>64,>32/16,>8,>16,>32/16,>64,,,,,,,,,,32,,,,,,,,,,,,,,,,,,,,,,,,,
72407.2249,EKP,,,,,>16,,,<=1/19,,16,1,,,,<=1,>128,,8,,,4,1,16,,>16,<=1,>64,,8,2,>64,<=8/4,<=0.5,>16,32/16,8,,,,,,,,,,<=0.12,,,,,,,,,,,,,,,,,,,,,,,,,
573.20061,EKP,,,<=2,,,,,,>8,<=2,<=0.25,,,,=1,=8,,,>32,>32/16,<=1,<=0.5,,,,,,,,,=2,,=8,,>32/16,,,,,,>8,=1,,,,,,,,,,,,,,,,,,,,,,,,,,,,,
72407.2824,EKP,<=0.5,<=4,,<=1,>16,,4,>2/38,,,,,<=1,,<=1,>128,,16,,,>16,4,<=4,,>16,<=1,>64,1,>8,2,>64,32/16,<=0.5,>16,32/16,>64,,,,,,,,,,<=0.12,,,,,,,,,,,,,,,,,,,,,,,,,
573.29868,EKP,>8,>32,,>4,,128,,<=1/19,>1,,,,,,<=1,,,,,,,0.5,,<=1/4,16,,,,,,,,,,,,,,,,,,,,,,,,,,,,,,,,,,,,,,,,,,,,,,
72407.2829,EKP,1,<=4,,<=1,>16,<=0.5,<=0.5,<=1/19,,>16,,<=4,,,<=1,>128,,4,,,4,1,16,,<=8,<=1,>64,,8,1,>64,>32/16,<=0.5,>16,>32/16,>64,,,,,,,,,,<=0.12,,,,,,,,,,,,,,,,,,,,,,,,,
72407.2604,EKP,,<=4,,,>16,,>8,>2/38,,,>4,,,,<=1,>128,,4,,,>16,1,<=4,,<=8,<=1,>64,<=0.12,4,1,>64,16/8,<=0.5,>16,32/16,>64,,,,,,,,,,<=0.12,,,,,,,,,,,,,,,,,,,,,,,,,
573.24346,EKP,,,,,>32,>8,,,>8,,,,>=16,>=32,=1,>64,,,>32,>32/16,>128,<=2,,,,,,=64/4,,,>32,,>8,,,,,,,,>8,=2,,,,=32/4,,,,,,,,,,,,,,,,,,,,,,,,,
573.46404,EKP,,>256,,,128,,32,,,,,,,256,,>256,,,,,64,0.5,>256,,,,,,2,,>256,,,,,>256,,,,,,0.5,,,,,,,,,,,,,,,,,,,,,,,,,,>256,,,
72407.2745,EKP,<=0.5,<=4,,,2,<=0.5,,<=1/19,,4,4,,,,<=1,64,,16,,,<=1,<=0.25,<=4,,>16,<=1,>64,,4,16,>64,<=8/4,<=0.5,8,16/8,32,,,,,,,,,,<=0.12,,,,,,,,,,,,,,,,,,,,,,,,,
72407.2613,EKP,<=0.5,,,>8,>16,<=0.5,8,>2/38,,>16,>4,16,>8,,<=1,>128,,4,,,>16,1,16,,<=8,<=1,>64,1,<=1,4,>64,>32/16,<=0.5,>16,>32/16,>64,,,,,,,,,,<=0.12,,,,,,,,,,,,,,,,,,,,,,,,,
72407.235,EKP,,>32,,>8,,,2,>4/76,>4,>16,>4,,8,,<=1,>32,,>32,,,>16,1,16,,<=8,>32,>64,32,4,>32,>64,>32/16,>2,>16,>32/16,16,,,,,,0.5,,,,32,4,,,,,,,,,,,,,,>128/2,,,,,,,,,,
72407.233,EKP,<=0.5,,,<=1,,1,>8,,,,>4,8,,,2,>128,,32,,,>16,2,16,,16,8,>64,2,8,32,>64,16/8,<=0.5,>16,16/8,>64,,,,,,,,,,1,,,,,,,,,,,,,,,,,,,,,,,,,
573.66273,EKP,,<=2,,<=1,,>=16,,,>=8,,,,,,,32,>=64,>=64,>=32,>=32,16,,,,,,,,,,,,,,,,,,,,,,,,,,,,,,,,,,,,,,,,,,,,,,,,,,
72407.252,EKP,>8,<=4,,,>16,<=0.5,,>2/38,,2,,,8,,>4,32,,>32,,,>16,1,16,,>16,32,>64,>32,2,>32,4,16/8,>2,4,>32/16,>64,,,,,,>4,,,,16,4,,,,,,,,,,,,,,>128/2,,,,,,,,,,
72407.2866,EKP,,,,,,,<=0.5,>2/38,,>16,,16,,,<=1,64,,>32,,,>16,1,<=4,,>16,>32,>64,>32,>8,>32,64,<=8/4,1,8,>32/16,>64,,,,,,,,,,16,,,,,,,,,,,,,,,,,,,,,,,,,
72407.2443,EKP,<=0.5,<=4,,<=1,,<=0.5,1,,,,,<=4,,,<=1,4,,32,,,4,1,<=4,,>16,2,32,4,4,8,4,<=8/4,<=0.5,<=1,>32/16,32,,,,,,,,,,2,,,,,,,,,,,,,,,,,,,,,,,,,
72407.2246,EKP,<=0.5,,,,8,,<=0.5,>2/38,,,,8,,,<=1,8,,>32,,,4,4,>16,,>16,>32,32,2,>8,>32,4,<=8/4,<=0.5,16,>32/16,64,,,,,,,,,,4,,,,,,,,,,,,,,,,,,,,,,,,,
72407.217,EKP,<=0.5,<=4,,,>16,8,>8,>4/76,>4,<2,,<=4,>8,,<=1,8,,4,,,8,0.5,>16,,<=8,<=1,>64,<=0.12,4,1,>64,<=8/4,<=0.5,>16,32/16,>64,,,,,,1,,,,<=0.12,4,,,,,,,,,,,,,,>128/2,,,,,,,,,,
72407.2478,EKP,<=0.5,,,<=1,<=1,1,,,,<=1,,,,,<=1,2,,>32,,,<=1,4,>16,,>16,8,4,1,>8,>32,1,<=8/4,<=0.5,<=1,16/8,32,,,,,,,,,,1,,,,,,,,,,,,,,,,,,,,,,,,,
573.5764,EKP,>64,<=32,<=0.5,<=0.5,>64,>32,,>64/128,,>64,>16,>128/,>=16,>64,16,>32,,,>64,,>64,,,,>64,,,,<=1,,,,,,>64/,,,,,>32,>64,16,,,,,,,,,,,,,,,,,,,,,,,,,,,,,
573.7032,EKP,=8,>64,>32,>16,>32,>8,=8,>8/152,=4,>64,>8,>128/4,>16,>32,=0.5,>64,,,>32,>32/16,=32,=1,,,,,,,,,>32,,>8,,>32/16,,,,,,>16,=1,,,,,,,,,,,,,,,,,,,,,,,,,,,,,
573.20059,EKP,=4,,,>16,=32,=4,,>8/152,,,,>128/4,>16,>16,=0.5,=64,,,>32,>32/16,>128,<=0.5,,,,,,,,,=32,,=4,,>32/16,,,,,,>8,=0.5,,,,,,,,,,,,,,,,,,,,,,,,,,,,,
72407.2198,EKP,<=0.5,,,<=1,,,<=0.5,,,,<=0.25,,<=1,,,64,,<=2,,,>16,1,16,,<=8,<=1,>64,<=0.12,2,<=0.5,64,<=8/4,<=0.5,2,8/4,>64,,,,,,,,,,<=0.12,,,,,,,,,,,,,,,,,,,,,,,,,
574.68,EKP,,,,<=1,,,,,,,1,,<=1,,<=1,>128,,4,,,2,1,<=4,,<=8,<=1,>64,,2,1,>64,>32/16,<=0.5,>16,>32/16,32,,,,,,,,,,<=0.12,,,,,,,,,,,,,,,,,,,,,,,,,
1284821.3,EKP,>8,16,,<=1,>16,>8,>8,<=0.5/9.5,>4,>16,>2,>64/4,>8,,<=0.25,>32,,,,,>16,1,,,,,,,8,,,,>2,,,,,,,,,0.5,,,,,8,,,,,,,,,,,,,,>128/2,,,,,,,,,,
72407.2342,EKP,<=0.5,<=4,,,2,,<=0.5,,,<=1,,,<=1,,<=1,<=0.5,,4,,,4,1,<=4,,<=8,<=1,2,,>8,1,<=0.5,>32/16,<=0.5,<=1,>32/16,>64,,,,,,,,,,<=0.12,,,,,,,,,,,,,,,,,,,,,,,,,
573.66438,EKP,,16,,<=1,,,,,,>=64,>=4,,,>=64,,>=64,,>=64,>=32,>=32,>=64,,,,,,,,,,,,,,,,,,,,,,,,,,,,,,,,,,,,,,,,,,,,,,,,,,
72407.2399,EKP,<=0.5,<=4,,,,,,,,,1,,>8,,<=1,>128,,<=2,,,<=1,1,16,,<=8,<=1,>64,<=0.12,2,<=0.5,>64,16/8,<=0.5,>16,32/16,>64,,,,,,,,,,<=0.12,,,,,,,,,,,,,,,,,,,,,,,,,
573.4097,EKP,0.5,,256,16,,,,,,,256,256,,8,,512,,256,,32,256,2,,,,,,,16,,,,,,,,,,,,,,,,,,,,,,,,,,,,,,,,,,512.0,,,,,,,,
72407.2508,EKP,,,,>8,,<=0.5,,,,>16,,<=4,>8,,<=1,>128,,<=2,,,>16,1,<=4,,<=8,<=1,>64,<=0.12,2,1,>64,16/8,<=0.5,>16,32/16,>64,,,,,,,,,,<=0.12,,,,,,,,,,,,,,,,,,,,,,,,,
573.65976,EKP,,<=4,,,,,1,,,>16,,,,,<=1,>128,,32,,,4,1,16,,<=8,2,>64,1,>8,16,>64,>32/16,<=0.5,>16,>32/16,64,,,,,,,,,,,,,,,,,,,,,,,,,,,,,,,,,,,
72407.2435,EKP,<=0.5,>32,,,>16,,>8,,,,,,>8,,<=1,>128,,16,,,>16,>4,16,,>16,2,>64,1,>8,8,>64,>32/16,<=0.5,>16,>32/16,>64,,,,,,,,,,<=0.12,,,,,,,,,,,,,,,,,,,,,,,,,
72407.2484,EKP,<=0.5,,,,,1,<=0.5,,,>16,2,,,,<=1,>128,,>32,,,>16,1,16,,16,16,>64,2,2,>32,>64,>32/16,<=0.5,>16,>32/16,>64,,,,,,,,,,,,,,,,,,,,,,,,,,,,,,,,,,,
573.66093,EKP,<=0.5,,,,>16,<=0.5,,,,>16,1,,8,,<=1,>128,,>32,,,>16,1,>16,,>16,32,>64,32,4,>32,>64,>32/16,<=0.5,>16,>32/16,>64,,,,,,,,,,4,,,,,,,,,,,,,,,,,,,,,,,,,
573.24412,EKP,>16,,,<2,>32,>8,,>8/152,>8,,,,>=16,>=32,=0.5,>64,,,>32,>32/16,>128,<=2,,,,,,=64/4,,,>32,,>8,,,,,,,,>8,=0.5,,,,=16/4,,,,,,,,,,,,,,,,,,,,,,,,,
72407.2575,EKP,,<=4,,,>16,<=0.5,<=0.5,,,,<=0.25,16,<=1,,<=1,>128,,32,,,>16,2,<=4,,16,<=1,>64,1,>8,8,>64,>32/16,<=0.5,>16,>32/16,>64,,,,,,,,,,<=0.12,,,,,,,,,,,,,,,,,,,,,,,,,
573.4136,EKP,0.12,,16,,,,,,,,0.25,,,,,0.5,,32,,4,1,4,,,,,,,32,,,,,,,,,,,,,,,,,,,,,,,,,,,,,,,,,,256.0,,,,,,,,
573.29989,EKP,8,<=4,,>4,,,,,,,,,,,<=1,,,,,,,1,,<=1/4,>16,,,,,,,,,,,,,,,,,,,,,,,,,,,,,,,,,,,,,,,,,,,,,,
573.46356,EKP,,,,,,>32,32,,,,64,,,128,,>256,,,,,64,0.25,>256,,,,,,1,,>256,,,,,>256,,,,,,0.5,,,,,,,,,,,,,,,,,,,,,,,,,,>256,,,
72407.2767,EKP,2,,,<=1,,8,,>2/38,,>16,,,<=1,,<=1,>128,,>32,,,>16,2,>16,,>16,32,>64,8,8,>32,>64,>32/16,4,>16,>32/16,>64,,,,,,,,,,16,,,,,,,,,,,,,,,,,,,,,,,,,
573.29932,EKP,,,,4,,64,,,,,>2,,,,<=1,,,,,,,0.5,,<=1/4,>16,,,,,,,,,,,,,,,,,,,,,,,,,,,,,,,,,,,,,,,,,,,,,,
573.65923,EKP,<=0.5,,,<=1,,<=0.5,<=0.5,,,2,<=0.25,<=4,,,<=1,128,,<=2,,,<=1,1,<=4,,<=8,<=1,>64,<=0.12,4,1,>64,32/16,<=0.5,16,>32/16,>64,,,,,,,,,,<=0.12,,,,,,,,,,,,,,,,,,,,,,,,,
72407.2207,EKP,,,,,>16,,,>2/38,,,<=0.25,,2,,<=1,>128,,4,,,8,1,<=4,,<=8,<=1,>64,,8,1,>64,32/16,<=0.5,>16,>32/16,>64,,,,,,,,,,<=0.12,,,,,,,,,,,,,,,,,,,,,,,,,
573.24363,EKP,,<2,=8,,>32,,,>8/152,,>64,,,,,=0.5,>64,,,>32,>32/16,>128,<=2,,,,,,=64/4,,,>32,,>8,,,,,,,,>8,=1,,,,=32/4,,,,,,,,,,,,,,,,,,,,,,,,,
573.24265,EKP,=32,,,,,,,>8/152,>8,,>8,,>16,,=0.5,>64,,,>32,>32/16,>128,=4,,,>16,,,>64/4,=16,,>32,,>8,,>32/16,,,,,,>8,=0.5,,,,>32/4,,,,,,,,,,,,,,,,,,,,,,,,,
573.4214,EKP,1,,,64,,,,,,,4,,,,,512,,256,,16,64,2,,,,,,,4,,,,,,,,,,,,,,,,,,,,,,,,,,,,,,,,,,512.0,,,,,,,,
573.66091,EKP,,,,,,<=0.5,,>2/38,,,1,<=4,,,<=1,>128,,<=2,,,2,1,16,,<=8,<=1,>64,,8,<=0.5,>64,32/16,<=0.5,>16,32/16,>64,,,,,,,,,,<=0.12,,,,,,,,,,,,,,,,,,,,,,,,,
72407.2637,EKP,<=0.5,,,<=1,>16,,,>2/38,,>16,>4,64,8,,<=1,>128,,8,,,>16,2,16,,>16,<=1,>64,1,8,2,>64,>32/16,<=0.5,>16,>32/16,>64,,,,,,,,,,<=0.12,,,,,,,,,,,,,,,,,,,,,,,,,
573.46398,EKP,,2,,,>256,2,1,,,,4,,,128,,>256,,,,,32,1,>256,,,,,,4,,>256,,,,,>256,,,,,,0.5,,,,,,,,,,,,,,,,,,,,,,,,,,>256,,,
72407.2819,EKP,1,<=4,,,>16,,<=0.5,>2/38,,>16,,,<=1,,<=1,>128,,8,,,16,1,16,,<=8,<=1,>64,1,4,2,>64,>32/16,<=0.5,>16,>32/16,>64,,,,,,,,,,<=0.12,,,,,,,,,,,,,,,,,,,,,,,,,
72407.2312,EKP,,<=4,,,2,,<=0.5,,,<=1,<=0.25,<=4,2,,<=1,64,,>32,,,>16,1,16,,<=8,32,>64,16,<=1,>32,64,>32/16,2,16,16/8,32,,,,,,,,,,16,,,,,,,,,,,,,,,,,,,,,,,,,
573.24413,EKP,>8,>=64,,>16,>32,>=4,,>8/152,,>64,,,>16,=16,=0.5,>64,,,>32,>=32/16,>128,<0.5,,,,,,=4/4,,,>32,,=2,,,,,,,,>8,=0.5,,,,=0.25/4,,,,,,,,,,,,,,,,,,,,,,,,,
573.4135,EKP,0.059999999,,,,,,,,,,8,8,,32,,0.12,,32,,4,0.25,2,,,,,,,16,,,,,,,,,,,,,,,,,,,,,,,,,,,,,,,,,,256.0,,,,,,,,
573.5649,EKP,,,>32,,>32,=4,>8,>8/152,,,>8,>128/4,=8,=32,<0.25,>64,,,>32,>32/16,>32,=2,,,>16,,,,=16,,>32,,=4,,>32/16,,,,,,>16,=0.5,,,,,,,,,,,,,,,,,,,,,,,,,,,,,
573.29935,EKP,,32,,<=1,,64,,>4/76,>1,,,,,,<=1,,,,,,,1,,<=1/4,>16,,,,,,,,,,,,,,,,,,,,,,,,,,,,,,,,,,,,,,,,,,,,,,
574.75,EKP,<=0.5,<=4,,<=1,>16,,,<=1/19,,,,,,,<=1,>128,,<=2,,,<=1,<=0.25,16,,<=8,<=1,>64,<=0.12,<=1,<=0.5,>64,>32/16,<=0.5,>16,>32/16,>64,,,,,,,,,,<=0.12,,,,,,,,,,,,,,,,,,,,,,,,,
72407.2401,EKP,<=0.5,<=4,,,,,<=0.5,>2/38,,,1,<=4,,,<=1,2,,>32,,,16,1,<=4,,<=8,4,32,16,2,32,<=0.5,<=8/4,<=0.5,<=1,>32/16,32,,,,,,,,,,4,,,,,,,,,,,,,,,,,,,,,,,,,
574.82,EKP,2,<=4,,<=1,,,,>2/38,,,>4,,,,<=1,64,,>32,,,>16,1,16,,>16,>32,>64,>32,>8,>32,64,>32/16,2,16,>32/16,>64,,,,,,,,,,32,,,,,,,,,,,,,,,,,,,,,,,,,
573.22557,EKP,,,,32,,,,,,,,,,,0.125,8,,,,16,0.5,0.5,256,,,,,,,,,,,,,,,,,,,,,,,,,,,,,,,,,,,,,,,,,,,,,,>32,,
72407.2507,EKP,,,,,,,1,,,,,<=4,,,<=1,>128,,4,,,>16,1,<=4,,<=8,<=1,>64,,2,1,>64,<=8/4,<=0.5,>16,32/16,>64,,,,,,,,,,<=0.12,,,,,,,,,,,,,,,,,,,,,,,,,
573.66405,EKP,,16,,<=1,>=32,>=16,,,,,,,,>=64,,>=64,,>=64,>=32,>=32,>=64,,,,,,,,,,,,,,,,,,,,,,,,,,,,,,,,,,,,,,,,,,,,,,,,,,
573.66519,EKP,,,,>=16,>=32,,,,>=8,2,,,,,,>=64,,>=64,>=32,>=32,>=64,,,,,,,,,,,,,,,,,,,,,,,,,,,,,,,,,,,,,,,,,,,,,,,,,,
573.46391,EKP,>32,1,,,,,>64,,,,>64,,,128,,>256,,,,,64,4,>256,,,,,,64,,256,,,,,>256,,,,,,0.5,,,,,,,,,,,,,,,,,,,,,,,,,,>256,,,
573.66524,EKP,,4,,,,,,,,>=64,,,,>=64,,>=64,,>=64,>=32,>=32,>=64,,,,,,,,,,,,,,,,,,,,,,,,,,,,,,,,,,,,,,,,,,,,,,,,,,
573.46859,EKP,,,,,,=64,>8,,,>32,>1,,,,<=0.5,,,,,>64/2,>64,=0.5,32,>32,,,,,,,>4,,,,,,,,>64/4,,,,,,,,,>64,,,,,,,,,,,,0.5,,,,,,,,,,,
72407.2626,EKP,2,,,,,8,,>2/38,,,4,>64,8,,<=1,>128,,>32,,,>16,1,>16,,<=8,32,>64,>32,2,>32,>64,>32/16,4,>16,>32/16,>64,,,,,,,,,,>32,,,,,,,,,,,,,,,,,,,,,,,,,
573.66294,EKP,,,,,,,,,,>=64,,,,,,>=64,>=64,>=64,>=32,>=32,>=64,,,,,,,,,,,,,,,,,,,,,,,,,,,,,,,,,,,,,,,,,,,,,,,,,,
72407.2863,EKP,,,,<=1,<=1,<=0.5,,>2/38,,,<=0.25,<=4,,,<=1,32,,16,,,16,<=0.25,16,,>16,<=1,64,,<=1,8,32,<=8/4,<=0.5,2,<=4/2,64,,,,,,,,,,,,,,,,,,,,,,,,,,,,,,,,,,,
573.24431,EKP,,<4,<=4,,,>=4,>8,,>8,,>8,>128/4,,,=8,>64,,,>32,>32/16,>128,<1,,,,,,=128/4,,,>32,,>=4,,,,,,,,>8,=4,,,,=64/4,,,,,,,,,,,,,,,,,,,,,,,,,
72407.2349,EKP,<=0.5,<=4,,,,,,,,<=1,1,,,,<=1,128,,<=2,,,<=1,1,16,,<=8,<=1,>64,<=0.12,4,<=0.5,>64,<=8/4,<=0.5,16,16/8,>64,,,,,,,,,,<=0.12,,,,,,,,,,,,,,,,,,,,,,,,,
573.4047,EKP,0.25,,,128,,,,,,,2,512,,2,,,,16,,32,128,,,,,,,,,,,,,,,,,,,,,,,,,,,,,,,,,,,,,,,,,,512.0,,,,,,,,
72407.2807,EKP,2,<=4,,,2,,<=0.5,<=1/19,,<=1,<=0.25,<=4,,,<=1,64,,>32,,,>16,1,>16,,>16,>32,>64,>32,2,>32,32,>32/16,2,8,32/16,32,,,,,,,,,,32,,,,,,,,,,,,,,,,,,,,,,,,,
72407.196,EKP,8,<4,,8,,,>8,,>4,,>2,,>8,,0.5,>32,,,,,>16,<0.25,,,,,,,<2,,,,>2,,,,,,,,,0.5,,,,,<2,,,,,,,,,,,,,,>128/2,,,,,,,,,,
573.24416,EKP,,<=16,>32,>=16,>32,,,,>8,>64,,,>16,,=1,>128,,,>32,>=32/16,>128,<=2,,,,,,=64/4,,,>32,,>8,,,,,,,,>8,=2,,,,=64/4,,,,,,,,,,,,,,,,,,,,,,,,,
72407.2582,EKP,,,,<=1,,,>8,>2/38,,,,,,,<=1,>128,,<=2,,,>16,1,<=4,,<=8,<=1,>64,<=0.12,<=1,1,>64,16/8,<=0.5,>16,32/16,>64,,,,,,,,,,<=0.12,,,,,,,,,,,,,,,,,,,,,,,,,
573.4224,EKP,0.12,,8,0.5,,,,,,,64,,,16,,0.25,,16,,4,0.5,2,,,,,,,8,,,,,,,,,,,,,,,,,,,,,,,,,,,,,,,,,,128.0,,,,,,,,
72407.2748,EKP,<=0.5,,,,>16,<=0.5,<=0.5,<=1/19,,>16,,,,,<=1,>128,,<=2,,,16,1,16,,<=8,<=1,>64,<=0.12,2,1,>64,<=8/4,<=0.5,>16,16/8,>64,,,,,,,,,,<=0.12,,,,,,,,,,,,,,,,,,,,,,,,,
573.66408,EKP,,,,,,,,,>=8,>=64,,,,>=64,,>=64,,>=64,>=32,>=32,>=64,,,,,,,,,,,,,,,,,,,,,,,,,,,,,,,,,,,,,,,,,,,,,,,,,,
573.4169,EKP,0.25,,16,128,,,,,,,256,512,,256,,512,,256,,64,128,2,,,,,,,16,,,,,,,,,,,,,,,,,,,,,,,,,,,,,,,,,,512.0,,,,,,,,
573.65922,EKP,<=0.5,,,>8,,,8,>2/38,,,>4,,,,<=1,>128,,<=2,,,16,1,16,,<=8,<=1,>64,<=0.12,4,<=0.5,>64,16/8,<=0.5,>16,32/16,>64,,,,,,,,,,<=0.12,,,,,,,,,,,,,,,,,,,,,,,,,
573.66301,EKP,,,,<=1,>=32,,,,>=8,,,,,>=64,,>=64,,>=64,>=32,>=32,>=64,,,,,,,,,,,,,,,,,,,,,,,,,,,,,,,,,,,,,,,,,,,,,,,,,,
573.65948,EKP,<=0.5,<=4,,<=1,>16,,<=0.5,>2/38,,>16,1,<=4,<=1,,<=1,>128,,4,,,>16,1,<=4,,<=8,<=1,>64,<=0.12,2,1,>64,32/16,<=0.5,>16,32/16,>64,,,,,,,,,,<=0.12,,,,,,,,,,,,,,,,,,,,,,,,,
72407.2678,EKP,,,,>8,,,8,,,8,>4,,8,,<=1,64,,4,,,4,4,16,,>16,<=1,64,,>8,2,>64,32/16,<=0.5,>16,>32/16,>64,,,,,,,,,,<=0.12,,,,,,,,,,,,,,,,,,,,,,,,,
573.65902,EKP,<=0.5,<=4,,,,,,<=1/19,,16,1,<=4,<=1,,<=1,>128,,4,,,8,1,16,,<=8,<=1,>64,<=0.12,2,<=0.5,>64,16/8,<=0.5,>16,16/8,>64,,,,,,,,,,<=0.12,,,,,,,,,,,,,,,,,,,,,,,,,
573.4126,EKP,,,,,,,,,,,1,,,16,,0.25,,32,,4,0.5,2,,,,,,,16,,,,,,,,,,,,,,,,,,,,,,,,,,,,,,,,,,512.0,,,,,,,,
72407.2445,EKP,<=0.5,<=4,,>8,,,<=0.5,,,2,,,,,<=1,>128,,<=2,,,<=1,1,<=4,,<=8,<=1,>64,<=0.12,4,<=0.5,>64,<=8/4,<=0.5,>16,32/16,>64,,,,,,,,,,<=0.12,,,,,,,,,,,,,,,,,,,,,,,,,
573.46363,EKP,,,,,32,32,32,,,,,,,128,,128,,,,,256,0.5,>256,,,,,,4,,128,,,,,>256,,,,,,0.25,,,,,,,,,,,,,,,,,,,,,,,,,,256,,,
573.66453,EKP,,<=2,,,>=32,>=16,,,,,,,,,,>=64,,>=64,>=32,>=32,>=64,,,,,,,,,,,,,,,,,,,,,,,,,,,,,,,,,,,,,,,,,,,,,,,,,,
573.24426,EKP,>16,,>32,,>32,>8,>8,>8/152,,>64,>8,>128/4,,,=0.5,>64,,,>32,>32/16,>128,<0.5,,,,,,=64/4,,,>32,,>8,,,,,,,,>8,=0.5,,,,=16/4,,,,,,,,,,,,,,,,,,,,,,,,,
573.66025,EKP,1,>32,,>8,>16,4,,>2/38,,>16,>4,,,,>8,>128,,>32,,,>16,1,>16,,>16,>32,>64,4,>8,>32,>64,>32/16,2,>16,>32/16,16,,,,,,,,,,16,,,,,,,,,,,,,,,,,,,,,,,,,
72407.2461,EKP,,,,<=1,,,<=0.5,,,,1,,<=1,,<=1,>128,,4,,,<=1,1,16,,<=8,<=1,>64,<=0.12,4,1,>64,16/8,<=0.5,>16,32/16,>64,,,,,,,,,,<=0.12,,,,,,,,,,,,,,,,,,,,,,,,,
1284806.4,EKP,4,8,,>8,4,4,>8,>4/76,4,>16,>2,64/4,>8,,<=0.25,16,,,,,>16,0.5,,,,,,,4,,,,2,,,,,,,,,0.5,,,,,4,,,,,,,,,,,,,,>128/2,,,,,,,,,,
573.66543,EKP,,<=2,,>=16,>=32,>=16,,,>=8,,,,,>=64,,>=64,,>=64,>=32,>=32,>=64,,,,,,,,,,,,,,,,,,,,,,,,,,,,,,,,,,,,,,,,,,,,,,,,,,
573.22559,EKP,,,,,,,,8,0.015,,,4,,,,8,,,,16,,1,,,,,,,,,,,,,,,,,,,,,,,,,,,,,,,,,,,,,,,,,,,,,,,,,
72407.2708,EKP,,,,,,,1,,,>16,1,<=4,<=1,,<=1,>128,,16,,,4,2,<=4,,16,<=1,>64,<=0.12,2,8,>64,32/16,<=0.5,>16,>32/16,>64,,,,,,,,,,<=0.12,,,,,,,,,,,,,,,,,,,,,,,,,
72407.2228,EKP,,<=4,,>8,16,,,,,,,<=4,,,<=1,>128,,4,,,4,1,<=4,,>16,<=1,>64,,4,1,>64,>32/16,<=0.5,>16,>32/16,>64,,,,,,,,,,<=0.12,,,,,,,,,,,,,,,,,,,,,,,,,
72407.273,EKP,>8,<=4,,>8,>16,>8,>8,>2/38,>4,,4,<=4,<=1,,>4,>128,,4,,,>16,1,<=4,,16,<=1,>64,,>8,1,>64,16/8,>2,>16,>32/16,>64,,,,,,>4,,,,<=0.12,8,,,,,,,,,,,,,,>128/2,,,,,,,,,,
72407.2792,EKP,<=0.5,,,>8,8,,,,,,<=0.25,,,,<=1,>128,,4,,,2,1,<=4,,<=8,<=1,>64,<=0.12,2,<=0.5,>64,16/8,<=0.5,>16,32/16,>64,,,,,,,,,,<=0.12,,,,,,,,,,,,,,,,,,,,,,,,,
573.66487,EKP,,>=64,,,,,,,>=8,>=64,>=4,,,>=64,,>=64,,>=64,>=32,>=32,>=64,,,,,,,,,,,,,,,,,,,,,,,,,,,,,,,,,,,,,,,,,,,,,,,,,,
72407.2592,EKP,<=0.5,<=4,,<=1,<=1,<=0.5,,<=1/19,,<=1,,>64,,,<=1,<=0.5,,4,,,4,1,<=4,,<=8,2,1,1,2,2,<=0.5,>32/16,<=0.5,<=1,>32/16,>64,,,,,,,,,,<=0.12,,,,,,,,,,,,,,,,,,,,,,,,,
573.24406,EKP,>16,=32,,>=16,,,>8,>8/152,>8,>64,>8,,,>=32,=0.5,>64,,,>32,>32/16,>128,<1,,,,,,=64/4,,,>32,,>8,,,,,,,,>8,=0.5,,,,=32/4,,,,,,,,,,,,,,,,,,,,,,,,,
573.12771,EKP,,,<=2,<=0.25,,,<=0.25,,,=32,,,=8,,=0.5,=128,,,>32,>32/16,=16,=0.5,,,,,,,,,=64,,,,>32/16,,,,,,>32,=1,,,,,,,,,,,,,,,,,,,,,,,,,,,,,
72407.2253,EKP,,<=4,,<=1,>16,,,,,,,<=4,,,<=1,>128,,8,,,16,<=0.25,>16,,<=8,<=1,>64,,2,2,>64,<=8/4,<=0.5,>16,16/8,>64,,,,,,,,,,<=0.12,,,,,,,,,,,,,,,,,,,,,,,,,
573.66305,EKP,,4,,,,>=16,,,>=8,,,,,>=64,,>=64,,>=64,>=32,>=32,>=64,,,,,,,,,,,,,,,,,,,,,,,,,,,,,,,,,,,,,,,,,,,,,,,,,,
573.15044,EKP,,,>32,=1,>32,=4,,,>16,,>8,,=16,>32,=4,>64,,,>32,>32/16,=64,=1,,,,,,,,,>32,,=4,,>32/16,,,,,,>32,=4,,,,,,,,,,,,,,,,,,,,,,,,,,,,,
573.66418,EKP,,<=2,,,>=32,>=16,,,,,,,,,,>=64,,>=64,>=32,>=32,32,,,,,,,,,,,,,,,,,,,,,,,,,,,,,,,,,,,,,,,,,,,,,,,,,,
573.65999,EKP,<=0.5,,,<=1,,<=0.5,<=0.5,<=1/19,,>16,1,,<=1,,<=1,>128,,4,,,16,1,<=4,,<=8,<=1,>64,<=0.12,4,<=0.5,>64,<=8/4,<=0.5,>16,16/8,>64,,,,,,,,,,<=0.12,,,,,,,,,,,,,,,,,,,,,,,,,
1284791.4,EKP,>8,32,,<=1,>16,>8,>8,>4/76,>4,>16,>2,>64/4,>8,,<=0.25,>32,,,,,>16,0.5,,,,,,,4,,,,>2,,,,,,,,,0.5,,,,,4,,,,,,,,,,,,,,>128/2,,,,,,,,,,
72407.2292,EKP,<=0.5,,,,>16,,2,>2/38,,>16,4,<=4,,,<=1,>128,,4,,,>16,4,<=4,,16,<=1,>64,,>8,2,>64,16/8,<=0.5,>16,>32/16,>64,,,,,,,,,,<=0.12,,,,,,,,,,,,,,,,,,,,,,,,,
573.66445,EKP,,<=2,,,,>=16,,,>=8,<=1,,,,,,4,,>=64,>=32,>=32,2,,,,,,,,,,,,,,,,,,,,,,,,,,,,,,,,,,,,,,,,,,,,,,,,,,
573.66482,EKP,,4,,,,,,,>=8,,>=4,,,>=64,,>=64,,>=64,>=32,>=32,>=64,,,,,,,,,,,,,,,,,,,,,,,,,,,,,,,,,,,,,,,,,,,,,,,,,,
72407.2277,EKP,,,,,,,,,,8,,16,,,<=1,64,,>32,,,2,4,>16,,>16,16,>64,1,>8,>32,>64,>32/16,1,>16,>32/16,>64,,,,,,,,,,2,,,,,,,,,,,,,,,,,,,,,,,,,
573.46842,EKP,,>32,,,,=64,,,>2,,,>128/4,,,>8,,,,,>64/2,>64,=1,16,>32,,,,,,,>4,,,,,,,,>64/4,,,,,,,,,>64,,,,,,,,,,,,1,,,,,,,,,,,
1328423.3,EKP,,>32,8,>8,,>8,,>8,,,>2,>64,>8,,>=4,,,,,,>32,2,,,,,,,,,>32,,,,>16,,,,,,>32,,,,,,,256,,,,,,,,,,,,,,,,,,,,,,,
1284830.3,EKP,>8,32,,2,>16,>8,>8,>4/76,>4,>16,>2,>64/4,>8,,<=0.25,>32,,,,,>16,0.5,,,,,,,8,,,,>2,,,,,,,,,0.5,,,,,4,,,,,,,,,,,,,,>128/2,,,,,,,,,,
72407.2585,EKP,<=0.5,,,<=1,4,,<=0.5,,,,,,,,<=1,128,,<=2,,,<=1,1,<=4,,>16,<=1,>64,<=0.12,>8,<=0.5,>64,16/8,<=0.5,16,32/16,>64,,,,,,,,,,<=0.12,,,,,,,,,,,,,,,,,,,,,,,,,
573.29861,EKP,>8,>32,,,,,,,,,>2,,,,<=1,,,,,,,1,>128,<=1/4,>16,,,,,,,,,,,,,,,,,,,,,,,,,,,,,,,,,,,,,,,,,,,,,,
72407.2475,EKP,,,,,<=1,,,,,<=1,,,,,<=1,4,,<=2,,,<=1,1,16,,<=8,<=1,16,<=0.12,>8,1,4,<=8/4,<=0.5,2,16/8,>64,,,,,,,,,,<=0.12,,,,,,,,,,,,,,,,,,,,,,,,,
573.66216,EKP,,,,,,,,,,,>=4,,,>=64,,>=64,,>=64,>=32,>=32,>=64,,,,,,,,,,,,,,,,,,,,,,,,,,,,,,,,,,,,,,,,,,,,,,,,,,
573.24384,EKP,,,,<0.5,,<0.12,,,<0.12,<2,<0.25,,<0.5,<=8,=0.5,<0.5,,,>32,<2/1,<1,<0.5,,,,,,=0.5/4,,,<1,,<0.12,,,,,,,,<=2,=0.5,,,,=0.25/4,,,,,,,,,,,,,,,,,,,,,,,,,
573.66323,EKP,,16,,<=1,,,,,,,>=4,,,>=64,,>=64,>=64,>=64,>=32,>=32,>=64,,,,,,,,,,,,,,,,,,,,,,,,,,,,,,,,,,,,,,,,,,,,,,,,,,
72407.2361,EKP,<=0.5,<=4,,<=1,>16,<=0.5,<=0.5,,,,,,<=1,,<=1,>128,,4,,,16,1,16,,<=8,<=1,>64,,2,<=0.5,>64,>32/16,<=0.5,>16,>32/16,>64,,,,,,,,,,<=0.12,,,,,,,,,,,,,,,,,,,,,,,,,
573.66342,EKP,,<=2,,,,,,,,>=64,>=4,,,,,32,>=64,>=64,>=32,>=32,16,,,,,,,,,,,,,,,,,,,,,,,,,,,,,,,,,,,,,,,,,,,,,,,,,,
573.5644,EKP,,,,<=4,>64,,,>64/128,,>64,,>128/,,,>=16,>32,,,>64,,>64,2,<=21,,>64,,,,16,,,,,,>64/,,,,,>32,>64,16,,,,,,,,,,,,,,,,,,,,,,,,,,,,,
573.66083,EKP,<=0.5,<=4,,>8,,<=0.5,,>2/38,,,,<=4,8,,<=1,>128,,4,,,8,1,<=4,,>16,<=1,>64,,>8,1,>64,32/16,<=0.5,>16,>32/16,>64,,,,,,,,,,<=0.12,,,,,,,,,,,,,,,,,,,,,,,,,
72407.2499,EKP,<=0.5,,,>8,,<=0.5,>8,,,,,<=4,,,<=1,>128,,4,,,8,2,>16,,>16,<=1,>64,<=0.12,8,2,>64,16/8,<=0.5,>16,16/8,>64,,,,,,,,,,<=0.12,,,,,,,,,,,,,,,,,,,,,,,,,
573.66448,EKP,,,,<=1,>=32,>=16,,,>=8,>=64,,,,,,>=64,,>=64,>=32,>=32,>=64,,,,,,,,,,,,,,,,,,,,,,,,,,,,,,,,,,,,,,,,,,,,,,,,,,
573.65924,EKP,,,,<=1,,,,<=1/19,,,,<=4,<=1,,<=1,>128,,<=2,,,>16,2,16,,<=8,<=1,>64,<=0.12,8,<=0.5,>64,32/16,<=0.5,>16,>32/16,>64,,,,,,,,,,<=0.12,,,,,,,,,,,,,,,,,,,,,,,,,
573.46845,EKP,,>32,,>8,>16,=64,>8,>8/152,2,0.5,>1,>128/4,,,<=0.5,,,,,>64/2,>64,=0.5,<=8,>32,,,,,,,>4,,,,,,,,>64/4,,,,,,,,,>64,,,,,,,,,,,,0.5,,,,,,,,,,,
72407.206,EKP,,,,,>16,>8,>8,,>4,>16,>2,>64/4,,,>4,>32,,,,,>16,2,,,,,,,8,,,,>2,,,,,,,,,>4,,,,,8,,,,,,,,,,,,,,>128/2,,,,,,,,,,
72407.2353,EKP,,,,,,,,<=1/19,,>16,<=0.25,,,,<=1,16,,<=2,,,8,<=0.25,>16,,<=8,<=1,32,16,<=1,<=0.5,8,>32/16,<=0.5,16,>32/16,>64,,,,,,,,,,8,,,,,,,,,,,,,,,,,,,,,,,,,
72407.2836,EKP,<=0.5,,,>8,16,<=0.5,1,,,,,,,,<=1,64,,4,,,16,<=0.25,<=4,,<=8,<=1,>64,,<=1,1,64,<=8/4,<=0.5,>16,32/16,>64,,,,,,,,,,<=0.12,,,,,,,,,,,,,,,,,,,,,,,,,
72407.2806,EKP,<=0.5,,,,>16,<=0.5,2,,,,,8,,,<=1,>128,,16,,,>16,1,>16,,<=8,<=1,>64,1,4,4,>64,32/16,<=0.5,>16,>32/16,32,,,,,,,,,,<=0.12,,,,,,,,,,,,,,,,,,,,,,,,,
573.46834,EKP,,<=2,,<=0.5,,,>8,,>2,1,,>128/4,,,<=0.5,,,,,>64/2,>64,<=0.25,8,>32,,,,,,,>4,,,,,,,,>64/4,,,,,,,,,>64,,,,,,,,,,,,1,,,,,,,,,,,
573.9721,EKP,=16,=16,=4,=8,>32,>8,=8,>8/152,>8,>64,=8,>128/4,>16,>32,,>64,,,>64,>32/16,>128,,,,,,,,,,>64,,>8,,>32/16,,,,,,>32,=1,,,,,,,,,,,,,,,,,,,,,,,,,,,,,
573.66009,EKP,,,,,,<=0.5,,<=1/19,,>16,,>64,,,<=1,>128,,4,,,>16,2,16,,<=8,<=1,>64,<=0.12,>8,1,>64,>32/16,<=0.5,>16,>32/16,>64,,,,,,,,,,<=0.12,,,,,,,,,,,,,,,,,,,,,,,,,
573.12782,EKP,,>64,>32,,>32,>8,,>8/152,,>64,,,>16,,=1,>64,,,>32,>32/16,>128,=2,,,,,,,,,>32,,>8,,>32/16,,,,,,>8,=1,,,,,,,,,,,,,,,,,,,,,,,,,,,,,
573.24365,EKP,>=4,,,>16,>=16,>8,,,,>64,>8,>128/4,>16,>=32,=0.5,>16,,,>32,>32/16,>128,<=2,,,,,,=64/4,,,>32,,>=4,,,,,,,,>8,=1,,,,=8/4,,,,,,,,,,,,,,,,,,,,,,,,,
72407.2293,EKP,<=0.5,,,<=1,>16,<=0.5,,,,,,,<=1,,<=1,>128,,<=2,,,16,1,16,,<=8,<=1,>64,<=0.12,4,<=0.5,>64,<=8/4,<=0.5,>16,16/8,>64,,,,,,,,,,<=0.12,,,,,,,,,,,,,,,,,,,,,,,,,
573.66465,EKP,,,,,8,>=16,,,>=8,>=64,>=4,,,,,32,,>=64,>=32,>=32,32,,,,,,,,,,,,,,,,,,,,,,,,,,,,,,,,,,,,,,,,,,,,,,,,,,
72407.2621,EKP,,,,,>16,,<=0.5,,,>16,1,,,,<=1,>128,,>32,,,>16,1,>16,,>16,8,>64,,4,>32,>64,>32/16,2,>16,>32/16,32,,,,,,,,,,1,,,,,,,,,,,,,,,,,,,,,,,,,
72407.2665,EKP,<=0.5,<=4,,>8,,<=0.5,,,,,>4,32,>8,,<=1,>128,,8,,,>16,2,<=4,,16,<=1,>64,1,4,2,>64,16/8,<=0.5,>16,>32/16,>64,,,,,,,,,,<=0.12,,,,,,,,,,,,,,,,,,,,,,,,,
574.93,EKP,<=0.5,,,,>16,,<=0.5,<=1/19,,>16,1,,,,<=1,>128,,32,,,>16,1,16,,>16,32,>64,1,4,32,>64,>32/16,<=0.5,>16,>32/16,>64,,,,,,,,,,,,,,,,,,,,,,,,,,,,,,,,,,,
574.91,EKP,,,,,<=1,,,>2/38,,16,,,,,<=1,32,,>32,,,>16,1,>16,,<=8,32,>64,>32,<=1,32,8,16/8,<=0.5,2,>32/16,>64,,,,,,,,,,16,,,,,,,,,,,,,,,,,,,,,,,,,
72407.2766,EKP,1,<=4,,,>16,4,,,,>16,>4,16,<=1,,<=1,>128,,32,,,>16,<=0.25,>16,,<=8,32,>64,1,<=1,32,>64,>32/16,2,>16,>32/16,>64,,,,,,,,,,1,,,,,,,,,,,,,,,,,,,,,,,,,
72407.2719,EKP,<=0.5,<=4,,<=1,,,<=0.5,<=1/19,,,,<=4,<=1,,<=1,>128,,<=2,,,16,1,16,,<=8,<=1,>64,<=0.12,4,2,>64,32/16,<=0.5,>16,>32/16,>64,,,,,,,,,,<=0.12,,,,,,,,,,,,,,,,,,,,,,,,,
573.20065,EKP,=64,=16,,>16,>32,>8,>8,,>8,=64,,>128/4,,,=4,>128,,,>32,>32/16,>128,=4,,,,,,,,,>32,,>8,,>32/16,,,,,,>16,=4,,,,,,,,,,,,,,,,,,,,,,,,,,,,,
573.5624,EKP,,,>64,>64,>64,,,>64/128,,,>16,,>64,,>=8,>32,,,>64,,>64,8,,,>64,,,,>64,,,,,,>64/,,,,,>32,>64,>=4,,,,,,,,,,,,,,,,,,,,,,,,,,,,,
573.15042,EKP,=16,<=1,,>16,>32,>8,,>8/152,,>64,>8,>128/4,=8,,=0.5,>64,,,>32,>32/16,>128,=1,,,,,,,,,>32,,>8,,>32/16,,,,,,>8,=0.5,,,,,,,,,,,,,,,,,,,,,,,,,,,,,
573.24391,EKP,,<1,<2,>=16,,,>8,,,>64,>8,,>16,>=32,,>64,,,>32,>32/16,>64,<0.5,,,,,,=32/4,,,>32,,>=4,,,,,,,,>8,=0.5,,,,=4/4,,,,,,,,,,,,,,,,,,,,,,,,,
573.31618,EKP,,>64,,,,,,,,,>4,,,,>16,>=64,,,>=32,>=32,>=64,>=8,64,,,,,,,,,,,,,,,,,,,,,,,,,,,,,,,,,,,,,,,>320,,,,,,,,,
1284817.3,EKP,>8,8,,>8,>16,>8,4,>4/76,>4,>16,>2,>64/4,>8,,<=0.25,>32,,,,,>16,0.5,,,,,,,4,,,,>2,,,,,,,,,0.5,,,,,16,,,,,,,,,,,,,,>128/2,,,,,,,,,,
573.17927,EKP,=4,=4,,,>32,,,<=0.5/9.5,=4,>64,=0.5,,>16,>16,=0.5,>64,,,>32,>32/16,>128,<=0.5,,,,,,,,,>32,,=8,,>32/16,,,,,,>8,=0.5,,,,,,,,,,,,,,,,,,,,,,,,,,,,,
573.66374,EKP,,,,<=1,,>=16,,,,,,,,>=64,,>=64,,>=64,>=32,>=32,>=64,,,,,,,,,,,,,,,,,,,,,,,,,,,,,,,,,,,,,,,,,,,,,,,,,,
72407.2618,EKP,<=0.5,<=4,,,,1,,>2/38,,<=1,,>64,<=1,,<=1,2,,>32,,,2,4,>16,,>16,8,8,2,>8,>32,2,>32/16,1,4,>32/16,>64,,,,,,,,,,2,,,,,,,,,,,,,,,,,,,,,,,,,
1328389.3,EKP,>=16,16,,4,,>=16,>=8,<=20,>=1,,>=4,,,>=64,,>=64,,,>=32,,>=64,<=2,,,,,,,,,,,,,>=32,,,,,,>=8,,,,,,,256,>=64,,,,,,,,,,,,,,,,,,,,,,
573.29878,EKP,>8,,,>4,,64,,2/38,,,,,,,<=1,,,,,,,0.5,,<=1/4,>16,,,,,,,,,,,,,,,,,,,,,,,,,,,,,,,,,,,,,,,,,,,,,,
573.65939,EKP,,<=4,,<=1,>16,<=0.5,<=0.5,,,,,<=4,,,<=1,>128,,<=2,,,4,1,16,,<=8,<=1,>64,,2,1,>64,32/16,<=0.5,>16,>32/16,>64,,,,,,,,,,<=0.12,,,,,,,,,,,,,,,,,,,,,,,,,
573.66335,EKP,,,,,,,,,,,>=4,,,>=64,,>=64,>=64,>=64,>=32,>=32,>=64,,,,,,,,,,,,,,,,,,,,,,,,,,,,,,,,,,,,,,,,,,,,,,,,,,
573.66289,EKP,,,,>=16,>=64,>=16,,,>=8,,>=4,,,,,>=64,>=64,>=64,>=32,>=32,>=64,,,,,,,,,,,,,,,,,,,,,,,,,,,,,,,,,,,,,,,,,,,,,,,,,,
72407.2848,EKP,1,<=4,,,<=1,,<=0.5,>2/38,,,1,,<=1,,>8,64,,>32,,,>16,<=0.25,<=4,,>16,>32,>64,>32,>8,>32,32,32/16,<=0.5,16,>32/16,>64,,,,,,,,,,16,,,,,,,,,,,,,,,,,,,,,,,,,
573.66563,EKP,,<=2,,,>=32,>=16,,,>=8,,>=4,,,,,>=64,,>=64,>=32,>=32,32,,,,,,,,,,,,,,,,,,,,,,,,,,,,,,,,,,,,,,,,,,,,,,,,,,
573.5781,EKP,>64,16,<=4,<=1,>64,>32,,>64/128,,>64,>16,>128/,>=16,>64,64,>32,,,>64,,>64,,,,>64,,,,<=4,,,,,,>64/,,,,,>32,>64,>=32,,,,,,,,,,,,,,,,,,,,,,,,,,,,,
72407.166,EKP,8,,,8,,,>8,1/19,,,>2,>64/4,>8,,0.5,16,,,,,>16,4,,,,,,,>16,,,,>2,,,,,,,,,1,,,,,>16,,,,,,,,,,,,,,>128/2,,,,,,,,,,
72407.2324,EKP,2,<=4,,<=1,,4,>8,>2/38,,,,>64,,,<=1,>128,,>32,,,>16,2,>16,,16,>32,>64,4,>8,>32,>64,>32/16,4,>16,>32/16,>64,,,,,,,,,,16,,,,,,,,,,,,,,,,,,,,,,,,,
573.65992,EKP,<=0.5,8,,,>16,<=0.5,1,,,,,16,>8,,<=1,>128,,<=2,,,>16,1,<=4,,<=8,<=1,>64,<=0.12,2,<=0.5,>64,16/8,<=0.5,>16,32/16,>64,,,,,,,,,,<=0.12,,,,,,,,,,,,,,,,,,,,,,,,,
573.66535,EKP,,,,<=1,>=32,,,,>=8,>=64,,,,>=64,,>=64,,>=64,>=32,>=32,>=64,,,,,,,,,,,,,,,,,,,,,,,,,,,,,,,,,,,,,,,,,,,,,,,,,,
72407.222,EKP,>8,<=4,,4,>16,,,>2/38,,>16,<=0.25,,>8,,>4,>128,,<=2,,,2,0.5,<=4,,<=8,<=1,>64,<=0.12,2,<=0.5,>64,<=8/4,<=0.5,>16,32/16,64,,,,,,>4,,,,<=0.12,4,,,,,,,,,,,,,,>128/2,,,,,,,,,,
573.66213,EKP,,,,<=1,,<=0.25,,,,,,,,>=64,,1,,32,>=32,4,0.5,,,,,,,,,,,,,,,,,,,,,,,,,,,,,,,,,,,,,,,,,,,,,,,,,,
72407.2182,EKP,,,,,>16,,<=0.5,,,,1,<=4,<=1,,<=1,>128,,4,,,>16,1,16,,<=8,<=1,>64,,8,1,>64,16/8,<=0.5,>16,32/16,>64,,,,,,,,,,<=0.12,,,,,,,,,,,,,,,,,,,,,,,,,
573.7054,EKP,0.25,,2,128,,,,,,,0.029999999,512,,8,,128,,256,,32,32,0.5,,,,,,,2,,,,,,,,,,,,,,,,,,,,,,,,,,,,,,,,,,512.0,,,,,,,,
573.66509,EKP,,<=2,,<=1,,>=16,,,,,,,,,,>=64,,>=64,>=32,>=32,>=64,,,,,,,,,,,,,,,,,,,,,,,,,,,,,,,,,,,,,,,,,,,,,,,,,,
72407.2345,EKP,,<=4,,<=1,<=1,,,,,<=1,,<=4,<=1,,<=1,1,,<=2,,,<=1,<=0.25,<=4,,<=8,<=1,2,<=0.12,<=1,<=0.5,2,<=8/4,<=0.5,<=1,<=4/2,16,,,,,,,,,,<=0.12,,,,,,,,,,,,,,,,,,,,,,,,,
573.29908,EKP,>8,,,<=1,,64,,>4/76,,,>2,,,,<=1,,,,,,,1,,<=1/4,>16,,,,,,,,,,,,,,,,,,,,,,,,,,,,,,,,,,,,,,,,,,,,,,
573.66092,EKP,1,16,,,<=1,<=0.5,,>2/38,,>16,1,,>8,,<=1,64,,>32,,,>16,<=0.25,16,,>16,16,>64,32,>8,32,64,<=8/4,<=0.5,2,>32/16,>64,,,,,,,,,,8,,,,,,,,,,,,,,,,,,,,,,,,,
574.76,EKP,,,,,8,,,>2/38,,,1,,,,<=1,>128,,4,,,<=1,1,16,,<=8,<=1,>64,<=0.12,>8,<=0.5,>64,<=8/4,<=0.5,16,32/16,>64,,,,,,,,,,<=0.12,,,,,,,,,,,,,,,,,,,,,,,,,
573.7058,EKP,0.25,,256,1,,,,,,,256,16,,8,,128,,256,,16,64,1,,,,,,,4,,,,,,,,,,,,,,,,,,,,,,,,,,,,,,,,,,512.0,,,,,,,,
573.29959,EKP,<=1,,,<=1,,2,,>4/76,,,,,,,<=1,,,,,,,0.5,,>16/4,<=8,,,,,,,,,,,,,,,,,,,,,,,,,,,,,,,,,,,,,,,,,,,,,,
72407.259,EKP,>8,<=4,,,>16,,<=0.5,<=1/19,>4,>16,,,>8,,<=1,128,,<=2,,,<=1,1,>16,,<=8,<=1,>64,<=0.12,2,<=0.5,>64,16/8,<=0.5,>16,32/16,>64,,,,,,2,,,,<=0.12,4,,,,,,,,,,,,,,>128/2,,,,,,,,,,
573.29917,EKP,,16,,,,64,,,>1,,>2,,,,<=1,,,,,,,0.5,,<=1/4,>16,,,,,,,,,,,,,,,,,,,,,,,,,,,,,,,,,,,,,,,,,,,,,,
573.24327,EKP,,=32,,,>32,>8,,<0.5/9.5,>8,>64,,,,,=1,>64,,,>32,>32/16,>128,<1,,,,,,=64/4,,,>32,,>8,,,,,,,,>8,=1,,,,=32/4,,,,,,,,,,,,,,,,,,,,,,,,,
72407.2743,EKP,<=0.5,,,,>16,<=0.5,,>2/38,,,,,8,,<=1,>128,,4,,,16,2,<=4,,>16,<=1,>64,1,8,2,>64,>32/16,<=0.5,>16,>32/16,>64,,,,,,,,,,<=0.12,,,,,,,,,,,,,,,,,,,,,,,,,
573.4105,EKP,1,,,1,,,,,,,,,,,,32,,128,,32,512,2,,,,,,,8,,,,,,,,,,,,,,,,,,,,,,,,,,,,,,,,,,512.0,,,,,,,,
573.66233,EKP,,,,>=16,>=32,,,,>=8,>=64,,,,,,>=64,,>=64,>=32,>=32,>=64,,,,,,,,,,,,,,,,,,,,,,,,,,,,,,,,,,,,,,,,,,,,,,,,,,
573.24389,EKP,>16,,,,,>8,>8,>8/152,,,,>128/4,,,=0.5,>64,,,>32,>32/16,>128,<=2,,,,,,=64/4,,,>32,,>8,,,,,,,,>8,=0.5,,,,=32/4,,,,,,,,,,,,,,,,,,,,,,,,,
573.29902,EKP,,8,,,,64,,<=1/19,>1,,>2,,,,>8,,,,,,,1,16,<=1/4,>16,,,,,,,,,,,,,,,,,,,,,,,,,,,,,,,,,,,,,,,,,,,,,,
573.24362,EKP,>=4,<2,,<0.25,>32,,,,>4,>64,>8,>128/4,=8,<4,=0.5,>64,,,>32,>=32/16,>128,<0.5,,,,,,=1/4,,,>32,,=2,,,,,,,,>8,=1,,,,=0.25/4,,,,,,,,,,,,,,,,,,,,,,,,,
72407.2742,EKP,,<=4,,<=1,>16,,8,,,>16,,<=4,4,,<=1,>128,,8,,,8,2,<=4,,>16,<=1,>64,1,8,4,>64,>32/16,<=0.5,>16,>32/16,>64,,,,,,,,,,<=0.12,,,,,,,,,,,,,,,,,,,,,,,,,
573.29938,EKP,,>32,,,,,,>4/76,>1,,,,,,8,,,,,,,1,,<=1/4,>16,,,,,,,,,,,,,,,,,,,,,,,,,,,,,,,,,,,,,,,,,,,,,,
1328427.3,EKP,,<=2,,8,2,<=.25,,>8,,,>2,,8,,,,,,,,>32,,,,,,,,,,>32,,,,>16,,,,,,>32,,,,,,,,,,,,,,,,,,,,,,,,,,,,,,
573.31611,EKP,>16,,,,>=64,>16,,,>=8,,,,,>=64,8,>=64,,,>=32,>=32,>=64,2,128,,,,,,,,,,,,,,,,,,,,,,,,,,,,,,,,,,,,,,,>320,,,,,,,,,
573.67357,EKP,1,,,>16,>64,0.12,,,2,,,>128,,,,,,,,,,,,2,,,,,,,,,,,,,1,4.0,>32,,,,,,,,,,,,,,,,,,,,,,,,,,,,,,,,
72407.227,EKP,<=0.5,,,<=1,>16,,,>4/76,,,>2,<=4,>8,,0.5,>128,,<=2,,,>16,2,16,,<=8,<=1,>64,<=0.12,<=1,<=0.5,>64,<=8/4,<=0.5,>16,8/4,8,,,,,,1,,,,<=0.12,8,,,,,,,,,,,,,,>128/2,,,,,,,,,,
573.7079,EKP,0.5,,256,64,,,,,,,128,32,,32,,256,,256,,32,256,1,,,,,,,64,,,,,,,,,,,,,,,,,,,,,,,,,,,,,,,,,,512.0,,,,,,,,
72407.2409,EKP,,,,<=1,>16,<=0.5,4,>2/38,,,,<=4,,,<=1,>128,,4,,,<=1,1,16,,<=8,<=1,>64,<=0.12,>8,2,>64,16/8,<=0.5,>16,32/16,>64,,,,,,,,,,<=0.12,,,,,,,,,,,,,,,,,,,,,,,,,
573.66564,EKP,,,,,,,,,,,>=4,,,>=64,,>=64,,>=64,>=32,>=32,32,,,,,,,,,,,,,,,,,,,,,,,,,,,,,,,,,,,,,,,,,,,,,,,,,,
573.7033,EKP,=1,=16,=4,>16,>32,=4,>8,>8/152,>8,>64,>8,>128/4,>16,>16,=0.5,>64,,,>32,>32/16,>128,<=0.5,,,,,,,,,>32,,=2,,>32/16,,,,,,>8,=0.5,,,,,,,,,,,,,,,,,,,,,,,,,,,,,
573.66316,EKP,,16,,<=1,>=64,,,,>=8,>=64,>=4,,,,,>=64,>=64,>=64,>=32,>=32,>=64,,,,,,,,,,,,,,,,,,,,,,,,,,,,,,,,,,,,,,,,,,,,,,,,,,
72407.2351,EKP,<=0.5,,,,,<=0.5,<=0.5,,,>16,1,<=4,,,<=1,>128,,<=2,,,16,1,16,,<=8,<=1,>64,<=0.12,2,<=0.5,>64,<=8/4,<=0.5,>16,32/16,>64,,,,,,,,,,<=0.12,,,,,,,,,,,,,,,,,,,,,,,,,
72407.2269,EKP,<=0.5,,,,,<=0.5,<=0.5,,,,,,,,<=1,>128,,4,,,<=1,1,<=4,,<=8,<=1,<=0.5,<=0.12,2,1,<=0.5,<=8/4,<=0.5,8,32/16,>64,,,,,,,,,,<=0.12,,,,,,,,,,,,,,,,,,,,,,,,,
72407.2201,EKP,,,,,,,<=0.5,,,>16,4,8,>8,,<=1,>128,,<=2,,,>16,1,<=4,,<=8,<=1,>64,<=0.12,<=1,1,>64,32/16,<=0.5,>16,>32/16,>64,,,,,,,,,,<=0.12,,,,,,,,,,,,,,,,,,,,,,,,,
574.8,EKP,1,<=4,,4,,,8,,,8,,,,,<=1,128,,>32,,,>16,1,>16,,>16,>32,>64,>32,>8,>32,>64,>32/16,2,16,>32/16,>64,,,,,,,,,,32,,,,,,,,,,,,,,,,,,,,,,,,,
72407.2735,EKP,<=0.5,<=4,,,,,,>2/38,,<=1,2,,,,<=1,64,,4,,,<=1,1,16,,>16,<=1,>64,<=0.12,>8,1,64,<=8/4,<=0.5,4,32/16,32,,,,,,,,,,<=0.12,,,,,,,,,,,,,,,,,,,,,,,,,
72407.2242,EKP,<=0.5,<=4,,>8,,<=0.5,,,,,,<=4,,,<=1,4,,4,,,<=1,<=0.25,<=4,,<=8,<=1,8,<=0.12,>8,1,4,<=8/4,<=0.5,4,16/8,>64,,,,,,,,,,<=0.12,,,,,,,,,,,,,,,,,,,,,,,,,
573.4159,EKP,0.25,,8,128,,,,,,,512,256,,32,,512,,256,,16,256,2,,,,,,,16,,,,,,,,,,,,,,,,,,,,,,,,,,,,,,,,,,512.0,,,,,,,,
574.102,EKP,,<=4,,<=1,,,<=0.5,,,>16,,,,,<=1,>128,,4,,,>16,1,16,,<=8,<=1,>64,<=0.12,>8,1,>64,32/16,<=0.5,>16,>32/16,>64,,,,,,,,,,<=0.12,,,,,,,,,,,,,,,,,,,,,,,,,
72407.2472,EKP,,16,,,>16,,>8,>2/38,,>16,,>64,>8,,<=1,>128,,32,,,>16,2,>16,,16,4,>64,1,8,16,>64,>32/16,<=0.5,>16,>32/16,>64,,,,,,,,,,,,,,,,,,,,,,,,,,,,,,,,,,,
573.29953,EKP,4,,,,,,,>4/76,>1,,>2,,,,<=1,,,,,,,<=0,,<=1/4,<=8,,,,,,,,,,,,,,,,,,,,,,,,,,,,,,,,,,,,,,,,,,,,,,
573.66472,EKP,,,,,,,,,,>=64,>=4,,,,,>=64,,>=64,>=32,>=32,>=64,,,,,,,,,,,,,,,,,,,,,,,,,,,,,,,,,,,,,,,,,,,,,,,,,,
72407.2589,EKP,<=0.5,,,>8,>16,,,,,>16,4,8,>8,,<=1,>128,,4,,,>16,1,<=4,,<=8,<=1,>64,<=0.12,4,1,>64,32/16,<=0.5,>16,>32/16,>64,,,,,,,,,,<=0.12,,,,,,,,,,,,,,,,,,,,,,,,,
72407.2337,EKP,,<=4,,<=1,16,,,>2/38,,16,,<=4,,,<=1,>128,,<=2,,,16,1,<=4,,<=8,<=1,>64,<=0.12,2,<=0.5,>64,<=8/4,<=0.5,>16,16/8,>64,,,,,,,,,,<=0.12,,,,,,,,,,,,,,,,,,,,,,,,,
573.66473,EKP,,,,,,>=16,,,,>=64,>=4,,,>=64,,>=64,,>=64,>=32,>=32,>=64,,,,,,,,,,,,,,,,,,,,,,,,,,,,,,,,,,,,,,,,,,,,,,,,,,
573.66082,EKP,,,,>8,>16,<=0.5,<=0.5,,,>16,,,>8,,<=1,>128,,4,,,>16,1,>16,,<=8,<=1,>64,1,4,1,>64,32/16,<=0.5,>16,32/16,>64,,,,,,,,,,<=0.12,,,,,,,,,,,,,,,,,,,,,,,,,
573.31622,EKP,>16,,,4,,,,,,,>4,>=128,,>=64,4,>=64,,,>=32,>=32,>=64,2,64,,,,,,,,,,,,,,,,,,,,,,,,,,,,,,,,,,,,,,,>320,,,,,,,,,
1304924.3,EKP,8,16,,8,16,>8,>8,<=0.5/9.5,>4,>16,>2,>64/4,>8,,<=0.25,>32,,,,,>16,0.5,,,,,,,8,,,,>2,,,,,,,,,1,,,,,8,,,,,,,,,,,,,,>128/2,,,,,,,,,,
573.65917,EKP,<=0.5,<=4,,<=1,>16,,,>2/38,,>16,,<=4,8,,<=1,>128,,4,,,16,1,<=4,,<=8,<=1,>64,<=0.12,4,1,>64,16/8,<=0.5,>16,32/16,8,,,,,,,,,,<=0.12,,,,,,,,,,,,,,,,,,,,,,,,,
573.24331,EKP,,<=16,<2,>16,>32,>8,>8,,,>64,>8,>128/4,,>=32,=0.5,>64,,,>32,>32/16,>64,<1,,,,,,=64/4,,,>32,,>8,,,,,,,,>8,=1,,,,=16/4,,,,,,,,,,,,,,,,,,,,,,,,,
72407.2186,EKP,,,,,>16,<=0.5,,>2/38,,,4,,>8,,<=1,>128,,<=2,,,>16,1,16,,<=8,<=1,>64,<=0.12,4,1,>64,32/16,<=0.5,>16,>32/16,>64,,,,,,,,,,<=0.12,,,,,,,,,,,,,,,,,,,,,,,,,
573.24247,EKP,>64,>64,,,,>8,,>8/152,>8,,>8,>128/4,,,=0.5,>64,,,>32,>32/16,>128,=2,,,>16,,,>64/4,=16,,>32,,>8,,>32/16,,,,,,>8,=0.5,,,,>32/4,,,,,,,,,,,,,,,,,,,,,,,,,
573.46848,EKP,,>32,,,,,>8,,2,0.5,>1,,,,<=0.5,,,,,>64/2,>64,=0.5,32,>32,,,,,,,>4,,,,,,,,>64/4,,,,,,,,,>64,,,,,,,,,,,,0.5,,,,,,,,,,,
573.66306,EKP,,,,<=1,,,,,>=8,>=64,,,,>=64,,>=64,,>=64,>=32,>=32,>=64,,,,,,,,,,,,,,,,,,,,,,,,,,,,,,,,,,,,,,,,,,,,,,,,,,
573.66221,EKP,,,,<=1,>=32,>=16,,,,>=64,,,,>=64,,>=64,,>=64,>=32,>=32,32,,,,,,,,,,,,,,,,,,,,,,,,,,,,,,,,,,,,,,,,,,,,,,,,,,
573.66523,EKP,,16,,,>=32,,,,>=8,2,1,,,>=64,,>=64,,>=64,>=32,>=32,>=64,,,,,,,,,,,,,,,,,,,,,,,,,,,,,,,,,,,,,,,,,,,,,,,,,,
573.65936,EKP,,<=4,,,>16,<=0.5,1,,,,1,,,,<=1,>128,,4,,,<=1,1,16,,<=8,<=1,>64,<=0.12,4,1,>64,16/8,<=0.5,>16,>32/16,>64,,,,,,,,,,<=0.12,,,,,,,,,,,,,,,,,,,,,,,,,
72407.2373,EKP,,,,,,<=0.5,,,,16,4,<=4,4,,<=1,128,,<=2,,,2,<=0.25,>16,,<=8,<=1,>64,<=0.12,<=1,2,>64,32/16,<=0.5,>16,>32/16,>64,,,,,,,,,,<=0.12,,,,,,,,,,,,,,,,,,,,,,,,,
573.66096,EKP,,16,,<=1,4,<=0.5,8,>2/38,,>16,,,,,<=1,128,,>32,,,>16,4,16,,>16,32,>64,>32,>8,>32,>64,<=8/4,<=0.5,8,>32/16,>64,,,,,,,,,,16,,,,,,,,,,,,,,,,,,,,,,,,,
573.31606,EKP,>16,,,4,,>16,,,>=8,,>4,,,,8,>=64,,,>=32,>=32,>=64,2,128,,,,,,,,,,,,,,,,,,,,,,,,,,,,,,,,,,,,,,,>320,,,,,,,,,
72407.246,EKP,,32,,<=1,8,,>8,>4/76,,>16,>2,>64/4,>8,,<=1,>128,,8,,,>16,1,>16,,<=8,<=1,>64,1,4,4,>64,16/8,<=0.5,>16,32/16,>64,,,,,,1,,,,<=0.12,8,,,,,,,,,,,,,,>128/2,,,,,,,,,,
573.66476,EKP,,,,,,<=0.25,,,<=0.12,>=64,,,,>=64,,>=64,,>=64,>=32,>=32,32,,,,,,,,,,,,,,,,,,,,,,,,,,,,,,,,,,,,,,,,,,,,,,,,,,
573.65988,EKP,<=0.5,,,,>16,<=0.5,1,>2/38,,>16,,16,>8,,<=1,>128,,<=2,,,>16,1,<=4,,<=8,<=1,>64,<=0.12,4,1,>64,16/8,<=0.5,>16,32/16,>64,,,,,,,,,,<=0.12,,,,,,,,,,,,,,,,,,,,,,,,,
72407.2823,EKP,<=0.5,<=4,,,,<=0.5,,,,>16,,,<=1,,<=1,>128,,<=2,,,4,1,<=4,,<=8,<=1,>64,<=0.12,8,1,>64,>32/16,<=0.5,>16,>32/16,>64,,,,,,,,,,<=0.12,,,,,,,,,,,,,,,,,,,,,,,,,
72407.1439,EKP,,,,,,=1,=8,,=4,,,,,,,=128,,,,,=64,=2,=16,,,,,,>64,,,,,,,,,,,,,=0.5,,,,,>64,,,,,,,,,,,,,,,,,,,,,,,,
72407.266,EKP,4,16,,,,4,>8,<=1/19,4,>16,,,,,8,>128,,>32,,,>16,2,<=4,,16,>32,>64,16,>8,>32,>64,>32/16,2,>16,>32/16,>64,,,,,,1,,,,32,4,,,,,,,,,,,,,,>128/2,,,,,,,,,,
574.92,EKP,<=0.5,<=4,,<=1,,<=0.5,<=0.5,,,8,,<=4,,,<=1,>128,,<=2,,,<=1,1,16,,<=8,<=1,>64,<=0.12,2,1,>64,16/8,<=0.5,>16,32/16,>64,,,,,,,,,,<=0.12,,,,,,,,,,,,,,,,,,,,,,,,,
72407.2189,EKP,,,,<=1,2,<=0.5,<=0.5,,,,,>64,<=1,,<=1,<=0.5,,4,,,16,1,<=4,,<=8,<=1,1,1,>8,2,4,>32/16,<=0.5,<=1,>32/16,8,,,,,,,,,,<=0.12,,,,,,,,,,,,,,,,,,,,,,,,,
72407.2528,EKP,<=0.5,8,,>8,>16,<=0.5,<=0.5,,,,4,16,,,<=1,>128,,<=2,,,>16,1,<=4,,<=8,<=1,>64,<=0.12,4,<=0.5,>64,16/8,<=0.5,>16,32/16,>64,,,,,,,,,,<=0.12,,,,,,,,,,,,,,,,,,,,,,,,,
573.24428,EKP,>8,,<=4,,,>8,,,>8,,>8,,,,=0.5,>64,,,>32,>32/16,>128,<1,,,,,,=64/4,,,>32,,>8,,,,,,,,>8,=1,,,,=16/4,,,,,,,,,,,,,,,,,,,,,,,,,
573.4091,EKP,0.25,,4,8,,,,,,,2,4,,8,,8,,32,,16,256,1,,,,,,,4,,,,,,,,,,,,,,,,,,,,,,,,,,,,,,,,,,512.0,,,,,,,,
573.29961,EKP,,,,,,32,,<=1/19,>1,,,,,,>8,,,,,,,0.5,,2/4,<=8,,,,,,,,,,,,,,,,,,,,,,,,,,,,,,,,,,,,,,,,,,,,,,
573.65907,EKP,<=0.5,,,<=1,,,1,>2/38,,8,1,,>8,,<=1,>128,,4,,,<=1,<=0.25,<=4,,<=8,<=1,>64,<=0.12,<=1,1,>64,16/8,<=0.5,16,32/16,>64,,,,,,,,,,<=0.12,,,,,,,,,,,,,,,,,,,,,,,,,
72407.2772,EKP,<=0.5,<=4,,,<=1,,,,,<=1,<=0.25,<=4,,,<=1,<=0.5,,4,,,<=1,1,<=4,,<=8,<=1,<=0.5,<=0.12,2,1,<=0.5,<=8/4,<=0.5,<=1,8/4,16,,,,,,,,,,<=0.12,,,,,,,,,,,,,,,,,,,,,,,,,
573.65969,EKP,1,,,<=1,,<=0.5,<=0.5,>2/38,,,,,>8,,<=1,64,,>32,,,>16,1,<=4,,>16,8,64,32,>8,>32,64,<=8/4,<=0.5,2,>32/16,>64,,,,,,,,,,4,,,,,,,,,,,,,,,,,,,,,,,,,
72407.204,EKP,8,,,>8,,>8,>8,>4/76,,,>2,>64/4,,,4,>32,,,,,>16,2,,,,,,,16,,,,>2,,,,,,,,,>4,,,,,8,,,,,,,,,,,,,,>128/2,,,,,,,,,,
573.66373,EKP,,>=64,,,>=32,1,,,,>=64,,,,>=64,,>=64,,>=64,>=32,>=32,>=64,,,,,,,,,,,,,,,,,,,,,,,,,,,,,,,,,,,,,,,,,,,,,,,,,,
72407.1437,EKP,,=2,,=0.25,>128,=128,=2,,,,,,,,,>128,,,,,>64,=2,=64,,,,,,=16,,,,,,,,,,,,,=0.5,,,,,=32,,,,,,,,,,,,,,,,,,,,,,,,
72407.2741,EKP,<=0.5,,,,,<=0.5,,>2/38,,,,,4,,<=1,>128,,4,,,>16,2,16,,>16,<=1,>64,1,>8,4,>64,>32/16,<=0.5,>16,>32/16,>64,,,,,,,,,,<=0.12,,,,,,,,,,,,,,,,,,,,,,,,,
573.24445,EKP,>16,,<=4,,,>8,>8,,,>64,,>128/4,>16,>=32,=0.25,>64,,,>32,>32/16,>128,<1,,,,,,=32/4,,,>32,,>8,,,,,,,,>8,=0.5,,,,=8/4,,,,,,,,,,,,,,,,,,,,,,,,,
573.66046,EKP,,<=4,,<=1,>16,,1,,,>16,1,<=4,4,,>8,>128,,>32,,,>16,1,16,,<=8,>32,>64,>32,2,>32,>64,>32/16,<=0.5,>16,>32/16,>64,,,,,,,,,,16,,,,,,,,,,,,,,,,,,,,,,,,,
573.31613,EKP,>16,,,4,>=64,>16,,,>=8,,,>=128,,>=64,>16,>=64,,,>=32,>=32,>=64,2,64,,,,,,,,,,,,,,,,,,,,,,,,,,,,,,,,,,,,,,,<=20,,,,,,,,,
573.66488,EKP,,4,,>=16,>=32,>=16,,,>=8,>=64,,,,,,>=64,,>=64,>=32,>=32,>=64,,,,,,,,,,,,,,,,,,,,,,,,,,,,,,,,,,,,,,,,,,,,,,,,,,
574.116,EKP,<=0.5,<=4,,,,<=0.5,,,,>16,,<=4,,,<=1,>128,,<=2,,,16,<=0.25,<=4,,<=8,<=1,>64,<=0.12,<=1,1,>64,16/8,<=0.5,>16,32/16,>64,,,,,,,,,,<=0.12,,,,,,,,,,,,,,,,,,,,,,,,,
72407.2593,EKP,,<=4,,<=1,,<=0.5,,<=1/19,,>16,,8,,,2,>128,,4,,,>16,1,16,,<=8,<=1,>64,,4,4,>64,>32/16,<=0.5,>16,>32/16,>64,,,,,,,,,,<=0.12,,,,,,,,,,,,,,,,,,,,,,,,,
573.66436,EKP,,,,,>=32,<=0.25,,,,16,,,,<=4,,>=64,,>=64,>=32,>=32,32,,,,,,,,,,,,,,,,,,,,,,,,,,,,,,,,,,,,,,,,,,,,,,,,,,
573.7224,EKP,,<=4,,<=1,>16,>8,,>2/38,>4,>16,>2,>64/4,<=1,>16,0.19,,,,,,>16,<=1,,,,,,,,,>32,,,,,,,,,,,,,,,,,,,,,,,,,,,,,,,,,,,,,,,,
72407.2809,EKP,,<=4,,,4,,,,,,1,16,,,<=1,128,,8,,,>16,1,16,,<=8,<=1,>64,,2,4,>64,<=8/4,<=0.5,8,32/16,>64,,,,,,,,,,<=0.12,,,,,,,,,,,,,,,,,,,,,,,,,
573.31605,EKP,,>64,,,,>16,,,,,>4,>=128,,,>16,>=64,,,>=32,>=32,>=64,4,128,,,,,,,,,,,,,,,,,,,,,,,,,,,,,,,,,,,,,,,<=20,,,,,,,,,
72407.2544,EKP,<=0.5,,,>8,>16,,,,,,,16,,,<=1,>128,,8,,,>16,1,<=4,,>16,2,>64,1,4,4,>64,32/16,<=0.5,>16,>32/16,>64,,,,,,,,,,<=0.12,,,,,,,,,,,,,,,,,,,,,,,,,
573.12779,EKP,<=0.5,,,>16,>32,,=8,,>8,>64,>8,,,>16,=1,>128,,,>32,>32/16,>128,=1,,,,,,,,,>32,,>8,,>32/16,,,,,,>16,=1,,,,,,,,,,,,,,,,,,,,,,,,,,,,,
72407.2532,EKP,<=0.5,,,,,,,,,,<=0.25,,4,,<=1,>128,,4,,,>16,2,16,,16,<=1,>64,1,>8,2,>64,32/16,<=0.5,>16,>32/16,>64,,,,,,,,,,<=0.12,,,,,,,,,,,,,,,,,,,,,,,,,
72407.2746,EKP,,,,<=1,,<=0.5,,,,8,,,,,<=1,>128,,8,,,<=1,1,>16,,>16,<=1,>64,4,>8,2,>64,>32/16,<=0.5,>16,>32/16,16,,,,,,,,,,<=0.12,,,,,,,,,,,,,,,,,,,,,,,,,
573.4056,EKP,0.5,,8,0.5,,,,,,,1,8,,16,,,,16,,2,0.5,4,,,,,,,16,,,,,,,,,,,,,,,,,,,,,,,,,,,,,,,,,,64.0,,,,,,,,
573.24371,EKP,,>64,,,<1,=2,>8,>8/152,,,,,>16,,=0.5,>32,,,>32,>32/16,>64,<1,,,,,,=64/4,,,>=4,,>=4,,,,,,,,>8,=1,,,,=32/4,,,,,,,,,,,,,,,,,,,,,,,,,
573.12773,EKP,>64,>64,=16,,,,,>8/152,,>64,>8,,>16,,=2,>64,,,>32,>32/16,>128,=4,,,,,,,,,>32,,>8,,>32/16,,,,,,>8,=0.5,,,,,,,,,,,,,,,,,,,,,,,,,,,,,
573.24424,EKP,>64,,,<1,,,,>8/152,>8,,>8,,>16,>=32,=0.5,>64,,,>32,>32/16,>128,<1,,,,,,=64/4,,,>32,,>8,,,,,,,,>8,=0.5,,,,=32/4,,,,,,,,,,,,,,,,,,,,,,,,,
573.24387,EKP,>64,<4,=8,,>32,>8,,,,,>8,>128/4,,>=32,=1,>64,,,>32,>32/16,>128,<=2,,,,,,=64/4,,,>32,,>8,,,,,,,,>8,=1,,,,=32/4,,,,,,,,,,,,,,,,,,,,,,,,,
72407.253,EKP,>8,<=4,,<=1,>16,<=0.5,1,>2/38,,,>2,>64/4,,,1,>32,,<=2,,,>16,2,<=4,,<=8,<=1,>64,,16,1,>64,<=8/4,<=0.5,>16,>32/16,>64,,,,,,1,,,,<=0.12,16,,,,,,,,,,,,,,>128/2,,,,,,,,,,
573.65991,EKP,,,,,,,,>2/38,,>16,,16,,,<=1,>128,,<=2,,,>16,1,<=4,,<=8,<=1,>64,<=0.12,4,1,>64,16/8,<=0.5,>16,32/16,>64,,,,,,,,,,<=0.12,,,,,,,,,,,,,,,,,,,,,,,,,
573.66339,EKP,,16,,,,<=0.25,,,<=0.5,>=64,>=4,,,8,,>=64,>=64,>=64,>=32,16,>=64,,,,,,,,,,,,,,,,,,,,,,,,,,,,,,,,,,,,,,,,,,,,,,,,,,
573.17915,EKP,=16,=32,,=4,,,>8,,>8,,>8,>128/4,>16,,<=0.25,>64,,,>32,,>128,=1,,=1/4,,,,,,,>32,,>8,,>32/16,,,,=64/4,,>8,=0.5,,,,,,,,,,,,,,,,,,,,,,,,,,,,,
72407.2313,EKP,4,,,<=1,<=1,,,<=1/19,,,,<=4,,,<=1,16,,>32,,,16,1,16,,<=8,16,64,4,<=1,32,16,16/8,1,4,16/8,8,,,,,,,,,,2,,,,,,,,,,,,,,,,,,,,,,,,,
573.24419,EKP,>=4,<8,,>16,>32,,,,>8,>64,,,,=16,=0.5,>64,,,>32,>32/16,>128,<1,,,,,,=4/4,,,>32,,=2,,,,,,,,>8,=0.5,,,,=2/4,,,,,,,,,,,,,,,,,,,,,,,,,
573.4216,EKP,0.059999999,,,,,,,,,,0.25,,,64,,0.5,,64,,8,0.5,4,,,,,,,32,,,,,,,,,,,,,,,,,,,,,,,,,,,,,,,,,,256.0,,,,,,,,
72407.2389,EKP,,,,,,<=0.5,2,>2/38,,,,16,<=1,,<=1,64,,>32,,,16,<=0.25,16,,>16,8,>64,2,4,>32,32,16/8,<=0.5,>16,>32/16,16,,,,,,,,,,1,,,,,,,,,,,,,,,,,,,,,,,,,
573.66546,EKP,,4,,,>=32,,,,2,,>=4,,,,,>=64,,>=64,>=32,>=32,>=64,,,,,,,,,,,,,,,,,,,,,,,,,,,,,,,,,,,,,,,,,,,,,,,,,,
1284826.3,EKP,>8,16,,<=1,>16,>8,>8,>4/76,>4,>16,>2,>64/4,>8,,<=0.25,>32,,,,,>16,0.5,,,,,,,8,,,,>2,,,,,,,,,0.5,,,,,8,,,,,,,,,,,,,,>128/2,,,,,,,,,,
573.24297,EKP,,,,>16,,=2,,>8/152,,,>8,>128/4,,,=0.5,>128,,,>32,>32/16,>128,<0.5,,,=8,,,=128/4,<4,,>32,,=2,,>32/16,,,,,,>8,=0.5,,,,>128/4,,,,,,,,,,,,,,,,,,,,,,,,,
574.101,EKP,,,,<=1,>16,<=0.5,,<=1/19,,,4,>64,<=1,,<=1,>128,,32,,,>16,2,16,,<=8,16,>64,2,>8,8,>64,>32/16,<=0.5,>16,>32/16,>64,,,,,,,,,,8,,,,,,,,,,,,,,,,,,,,,,,,,
573.66404,EKP,,,,2,>=32,>=16,,,>=8,>=64,,,,,,>=64,,>=64,>=32,>=32,>=64,,,,,,,,,,,,,,,,,,,,,,,,,,,,,,,,,,,,,,,,,,,,,,,,,,
72407.2379,EKP,<=0.5,,,,4,,<=0.5,,,<=1,,<=4,,,<=1,128,,<=2,,,<=1,2,<=4,,>16,<=1,>64,<=0.12,>8,<=0.5,>64,16/8,<=0.5,16,32/16,>64,,,,,,,,,,<=0.12,,,,,,,,,,,,,,,,,,,,,,,,,
72407.2308,EKP,<=0.5,,,,>16,,2,>2/38,,,2,,<=1,,<=1,>128,,4,,,>16,2,<=4,,>16,<=1,>64,<=0.12,8,4,>64,16/8,<=0.5,>16,>32/16,>64,,,,,,,,,,<=0.12,,,,,,,,,,,,,,,,,,,,,,,,,
573.24364,EKP,>8,=32,=8,>16,>=16,>8,,>8/152,,,,,>16,,=4,>32,,,>32,>32/16,>128,<1,,,,,,=64/4,,,>32,,>8,,,,,,,,>8,=4,,,,=8/4,,,,,,,,,,,,,,,,,,,,,,,,,
1284825.3,EKP,>8,32,,>8,>16,>8,>8,>4/76,>4,>16,>2,>64/4,>8,,0.5,32,,,,,>16,0.5,,,,,,,4,,,,>2,,,,,,,,,0.5,,,,,4,,,,,,,,,,,,,,>128/2,,,,,,,,,,
72407.2525,EKP,,<=4,,,>16,,,>2/38,,,>4,,>8,,<=1,>128,,16,,,>16,4,<=4,,>16,<=1,>64,1,>8,4,>64,>32/16,<=0.5,>16,>32/16,>64,,,,,,,,,,,,,,,,,,,,,,,,,,,,,,,,,,,
72407.2274,EKP,1,<=4,,,>16,,,>2/38,,>16,1,>64,,,>8,>128,,>32,,,16,1,>16,,<=8,16,>64,1,4,32,>64,>32/16,1,>16,>32/16,>64,,,,,,,,,,>32,,,,,,,,,,,,,,,,,,,,,,,,,
72407.243,EKP,<=0.5,,,8,>16,,2,2/38,,>16,1,,>8,,1,32,,<=2,,,>16,1,16,,16,<=1,>64,<=0.12,4,<=0.5,64,<=8/4,2,16,16/8,>64,,,,,,1,,,,<=0.12,4,,,,,,,,,,,,,,>128/2,,,,,,,,,,
72407.2426,EKP,<=0.5,,,<=1,,,,,,16,,,<=1,,4,>128,,<=2,,,16,<=0.25,16,,<=8,<=1,>64,<=0.12,<=1,<=0.5,>64,<=8/4,<=0.5,>16,8/4,>64,,,,,,,,,,<=0.12,,,,,,,,,,,,,,,,,,,,,,,,,
573.66072,EKP,<=0.5,,,<=1,>16,,<=0.5,,,,,<=4,,,<=1,>128,,<=2,,,8,1,>16,,<=8,<=1,>64,<=0.12,8,<=0.5,>64,<=8/4,<=0.5,>16,8/4,>64,,,,,,,,,,<=0.12,,,,,,,,,,,,,,,,,,,,,,,,,
573.65975,EKP,,,,,>16,,,,,>16,2,>64,,,<=1,>128,,>32,,,>16,1,>16,,>16,16,>64,16,4,>32,>64,>32/16,4,>16,>32/16,>64,,,,,,,,,,>32,,,,,,,,,,,,,,,,,,,,,,,,,
72407.2341,EKP,,<=4,,<=1,>16,1,,,,,,,<=1,,<=1,>128,,>32,,,16,4,>16,,>16,4,>64,,>8,>32,>64,16/8,<=0.5,>16,32/16,>64,,,,,,,,,,1,,,,,,,,,,,,,,,,,,,,,,,,,
72407.2263,EKP,,,,,<=1,,,>2/38,,,,<=4,<=1,,<=1,32,,<=2,,,>16,2,16,,<=8,<=1,64,<=0.12,8,<=0.5,32,<=8/4,<=0.5,4,8/4,>64,,,,,,,,,,<=0.12,,,,,,,,,,,,,,,,,,,,,,,,,
573.29996,EKP,,,,,,32,,,>1,,>2,,,,4,,,,,,,1,<=4,<=1/4,>16,,,,,,,,,,,,,,,,,,,,,,,,,,,,,,,,,,,,,,,,,,,,,,
72407.234,EKP,1,<=4,,8,>16,<=0.5,2,>2/38,>4,>16,>2,<=4,,,1,>128,,<=2,,,>16,1,>16,,<=8,<=1,>64,<=0.12,16,<=0.5,>64,<=8/4,<=0.5,>16,8/4,>64,,,,,,1,,,,<=0.12,>16,,,,,,,,,,,,,,>128/2,,,,,,,,,,
72407.2336,EKP,,,,>8,>16,<=0.5,,,,,>4,,,,<=1,>128,,4,,,8,1,<=4,,<=8,<=1,>64,,4,1,>64,16/8,<=0.5,>16,32/16,>64,,,,,,,,,,<=0.12,,,,,,,,,,,,,,,,,,,,,,,,,
573.24318,EKP,>64,,,>16,>32,>8,>8,,,,,,,,=4,>64,,,>32,>32/16,>128,=2,,,,,,,,,>32,,>8,,>32/16,,,,,,>8,=4,,,,,,,,,,,,,,,,,,,,,,,,,,,,,
573.66443,EKP,,<=2,,,>=32,>=16,,,,>=64,,,,>=64,,>=64,,>=64,>=32,>=32,>=64,,,,,,,,,,,,,,,,,,,,,,,,,,,,,,,,,,,,,,,,,,,,,,,,,,
72407.2295,EKP,,,,<=1,>16,<=0.5,<=0.5,>2/38,,,,,<=1,,<=1,>128,,<=2,,,8,1,<=4,,<=8,<=1,>64,<=0.12,4,<=0.5,>64,16/8,<=0.5,>16,16/8,>64,,,,,,,,,,<=0.12,,,,,,,,,,,,,,,,,,,,,,,,,
573.24449,EKP,,<8,<=4,>16,,,<0.12,<1/19,>8,,,,,,=0.5,>64,,,>32,>32/16,>128,<0.5,,,,,,=64/4,,,>32,,>=4,,,,,,,,>8,=0.5,,,,=32/4,,,,,,,,,,,,,,,,,,,,,,,,,
72407.2513,EKP,<=0.5,,,,>16,,<=0.5,,,>16,,<=4,,,<=1,>128,,4,,,16,1,16,,<=8,<=1,>64,<=0.12,4,1,>64,32/16,<=0.5,>16,32/16,32,,,,,,,,,,<=0.12,,,,,,,,,,,,,,,,,,,,,,,,,
573.29987,EKP,>8,16,,,,,,>4/76,,,,,,,<=1,,,,,,,0.5,,<=1/4,>16,,,,,,,,,,,,,,,,,,,,,,,,,,,,,,,,,,,,,,,,,,,,,,
72407.2847,EKP,1,,,,16,,8,,,,>4,64,,,<=1,128,,>32,,,>16,<=0.25,16,,>16,8,>64,8,>8,32,>64,<=8/4,<=0.5,16,32/16,>64,,,,,,,,,,4,,,,,,,,,,,,,,,,,,,,,,,,,
573.66391,EKP,,<=2,,<=1,>=32,,,,,,>=4,,,>=64,,>=64,,>=64,>=32,>=32,>=64,,,,,,,,,,,,,,,,,,,,,,,,,,,,,,,,,,,,,,,,,,,,,,,,,,
573.66237,EKP,,,,,,,,,,,>=4,,,,,>=64,,>=64,>=32,>=32,>=64,,,,,,,,,,,,,,,,,,,,,,,,,,,,,,,,,,,,,,,,,,,,,,,,,,
573.46831,EKP,,=4,,=2,>16,,>8,,,<=0.25,,>128/4,,,<=0.5,,,,,>64/2,>64,<=0.25,8,>32,,,,,,,>4,,,,,,,,>64/4,,,,,,,,,>64,,,,,,,,,,,,<=0.25,,,,,,,,,,,
72407.2284,EKP,<=0.5,<=4,,,,,,<=1/19,,16,,,<=1,,<=1,>128,,<=2,,,2,1,16,,<=8,<=1,>64,,8,<=0.5,>64,32/16,<=0.5,>16,>32/16,>64,,,,,,,,,,<=0.12,,,,,,,,,,,,,,,,,,,,,,,,,
72407.2762,EKP,,,,<=1,,,,>2/38,,>16,>4,<=4,,,<=1,>128,,<=2,,,>16,1,<=4,,<=8,<=1,>64,,<=1,1,>64,32/16,<=0.5,>16,32/16,>64,,,,,,,,,,<=0.12,,,,,,,,,,,,,,,,,,,,,,,,,
72407.2486,EKP,<=0.5,,,,,<=0.5,2,,,,1,<=4,,,>8,>128,,<=2,,,16,2,16,,<=8,<=1,>64,<=0.12,>8,1,>64,16/8,<=0.5,>16,16/8,>64,,,,,,,,,,<=0.12,,,,,,,,,,,,,,,,,,,,,,,,,
573.65984,EKP,<=0.5,<=4,,,<=1,,,,,,1,>64,,,<=1,64,,>32,,,>16,1,16,,>16,>32,>64,>32,2,>32,32,32/16,<=0.5,16,>32/16,>64,,,,,,,,,,32,,,,,,,,,,,,,,,,,,,,,,,,,
573.24437,EKP,>64,=32,<=4,,>32,,>8,,>8,>64,>8,>128/4,>16,,=0.5,>64,,,>32,>32/16,>128,<1,,,,,,=64/4,,,>32,,>8,,,,,,,,>8,=0.5,,,,=32/4,,,,,,,,,,,,,,,,,,,,,,,,,
72407.245,EKP,8,<4,,,,,,>2/38,>4,>16,>2,,,,1,>128,,<=2,,,>16,0.5,<=4,,<=8,<=1,>64,<=0.12,<=1,<=0.5,>64,16/8,<=0.5,>16,32/16,>64,,,,,,1,,,,<=0.12,4,,,,,,,,,,,,,,>128/2,,,,,,,,,,
573.66559,EKP,,,,,,,,,0.25,>=64,>=4,,,,,>=64,,>=64,>=32,>=32,>=64,,,,,,,,,,,,,,,,,,,,,,,,,,,,,,,,,,,,,,,,,,,,,,,,,,
1328425.3,EKP,,,,<=1,<=1,<=.25,,<=1,,,0.5,,<=1,,,,,,,,<=1,,,,,,,,,,<=1,,,,8,,,,,,<=4,,,,,,,,,,,,,,,,,,,,,,,,,,,,,,
573.24355,EKP,>16,<=16,>=16,,>32,>8,>8,,,,>8,>128/4,,>=32,=0.5,>64,,,>32,>32/16,>128,<1,,,,,,=64/4,,,>32,,>8,,,,,,,,>8,=0.5,,,,=32/4,,,,,,,,,,,,,,,,,,,,,,,,,
72407.2521,EKP,1,,,>8,,<=0.5,,<=1/19,,,>4,,,,<=1,4,,>32,,,4,1,<=4,,<=8,16,16,32,8,>32,2,<=8/4,<=0.5,<=1,>32/16,>64,,,,,,,,,,4,,,,,,,,,,,,,,,,,,,,,,,,,
573.66286,EKP,,<=2,,>=16,>=64,,,,,>=64,,,,,,>=64,>=64,>=64,>=32,>=32,>=64,,,,,,,,,,,,,,,,,,,,,,,,,,,,,,,,,,,,,,,,,,,,,,,,,,
72407.2854,EKP,<=0.5,<=4,,<=1,,<=0.5,1,,,,,,<=1,,<=1,>128,,4,,,>16,1,<=4,,<=8,<=1,>64,<=0.12,8,4,>64,32/16,<=0.5,>16,>32/16,>64,,,,,,,,,,<=0.12,,,,,,,,,,,,,,,,,,,,,,,,,
573.46331,EKP,,>256,,,128,>32,32,,,,,,,256,,256,,,,,256,1,>256,,,,,,8,,>256,,,,,>256,,,,,,0.25,,,,,,,,,,,,,,,,,,,,,,,,,,>256,,,
72407.271,EKP,>8,8,,>8,>16,>8,,>4/76,>4,>16,1,,>8,,1,>32,,<=2,,,<=1,1,<=4,,>16,<=1,>64,<=0.12,8,1,>64,16/8,>2,>16,32/16,>64,,,,,,1,,,,<=0.12,8,,,,,,,,,,,,,,>128/2,,,,,,,,,,
573.29952,EKP,,,,<=1,,128,,,>1,,,,,,>8,,,,,,,0.5,,<=1/4,>16,,,,,,,,,,,,,,,,,,,,,,,,,,,,,,,,,,,,,,,,,,,,,,
72407.2661,EKP,<=0.5,,,,>16,<=0.5,,,,>16,>4,8,>8,,<=1,>128,,4,,,16,1,16,,<=8,<=1,>64,,<=1,1,>64,<=8/4,<=0.5,>16,32/16,64,,,,,,,,,,<=0.12,,,,,,,,,,,,,,,,,,,,,,,,,
573.66328,EKP,,8,,>=16,,>=16,,,>=8,>=64,>=4,,,>=64,,>=64,>=64,>=64,>=32,>=32,>=64,,,,,,,,,,,,,,,,,,,,,,,,,,,,,,,,,,,,,,,,,,,,,,,,,,
573.24332,EKP,,,,<0.5,,>=4,>8,,>8,,,,>=16,=16,=0.5,>64,,,>32,>32/16,>64,<0.5,,,,,,=4/4,,,>32,,=2,,,,,,,,>8,=1,,,,=2/4,,,,,,,,,,,,,,,,,,,,,,,,,
72407.2851,EKP,<=0.5,<=4,,,<=1,<=0.5,<=0.5,>2/38,,,<=0.25,<=4,<=1,,<=1,<=0.5,,8,,,<=1,1,16,,>16,<=1,<=0.5,,2,1,<=0.5,<=8/4,<=0.5,<=1,16/8,>64,,,,,,,,,,<=0.12,,,,,,,,,,,,,,,,,,,,,,,,,
573.65994,EKP,,<=4,,>8,,,,,,,1,>64,,,<=1,32,,>32,,,>16,1,16,,<=8,32,>64,>32,<=1,>32,32,>32/16,2,8,>32/16,>64,,,,,,,,,,16,,,,,,,,,,,,,,,,,,,,,,,,,
573.55251,EKP,,=64,,=32,,=16,,,=128,,,,,,=1,>=128,,,,,=64,,,,,,,,,,,,,,,,,,,,,=2,,,,,,,,,,,,,,,,,,,,,,,,,,,,,
574.119,EKP,,<=4,,<=1,<=1,,<=0.5,,,,,<=4,4,,<=1,<=0.5,,>32,,,2,1,<=4,,>16,2,16,32,>8,>32,<=0.5,<=8/4,<=0.5,<=1,>32/16,16,,,,,,,,,,2,,,,,,,,,,,,,,,,,,,,,,,,,
72407.2317,EKP,,<=4,,<=1,2,,,<=1/19,,<=1,,<=4,,,<=1,32,,>32,,,>16,1,16,,<=8,32,>64,32,<=1,>32,32,32/16,1,8,16/8,16,,,,,,,,,,16,,,,,,,,,,,,,,,,,,,,,,,,,
72407.2578,EKP,,<=4,,,,,,,,>16,,,>8,,<=1,>128,,8,,,>16,1,<=4,,<=8,2,>64,1,2,1,>64,32/16,<=0.5,>16,>32/16,>64,,,,,,,,,,<=0.12,,,,,,,,,,,,,,,,,,,,,,,,,
72407.2229,EKP,<=0.5,,,,>16,,,,,,<=0.25,,,,<=1,>128,,<=2,,,2,1,>16,,<=8,<=1,>64,,2,1,>64,>32/16,<=0.5,>16,>32/16,>64,,,,,,,,,,<=0.12,,,,,,,,,,,,,,,,,,,,,,,,,
573.4122,EKP,0.25,,256,64,,,,,,,4,,,,,512,,256,,16,32,2,,,,,,,8,,,,,,,,,,,,,,,,,,,,,,,,,,,,,,,,,,512.0,,,,,,,,
72407.2526,EKP,<=0.5,,,<=1,,,,,,,<=0.25,<=4,,,<=1,>128,,<=2,,,<=1,1,16,,<=8,<=1,>64,,8,<=0.5,>64,32/16,<=0.5,>16,>32/16,>64,,,,,,,,,,<=0.12,,,,,,,,,,,,,,,,,,,,,,,,,
573.66318,EKP,,,,>=16,>=64,,,,,>=64,,,,>=64,,>=64,>=64,>=64,>=32,>=32,>=64,,,,,,,,,,,,,,,,,,,,,,,,,,,,,,,,,,,,,,,,,,,,,,,,,,
573.66037,EKP,,<=4,,,,<=0.5,,,,,,<=4,<=1,,8,64,,>32,,,>16,<=0.25,>16,,<=8,>32,64,32,<=1,32,32,<=8/4,<=0.5,>16,<=4/2,>64,,,,,,,,,,2,,,,,,,,,,,,,,,,,,,,,,,,,
72407.2267,EKP,,<=4,,,,,<=0.5,<=1/19,,>16,1,<=4,,,<=1,>128,,<=2,,,>16,1,16,,>16,<=1,>64,<=0.12,2,1,>64,16/8,<=0.5,>16,16/8,>64,,,,,,,,,,<=0.12,,,,,,,,,,,,,,,,,,,,,,,,,
573.66516,EKP,,<=2,,>=16,>=32,<=0.25,,,<=0.12,16,1,,,<=4,,>=64,,>=64,>=32,8,32,,,,,,,,,,,,,,,,,,,,,,,,,,,,,,,,,,,,,,,,,,,,,,,,,,
72407.2424,EKP,1,,,,>16,,>8,>2/38,,>16,>4,,4,,<=1,>128,,16,,,>16,2,16,,16,<=1,>64,1,4,8,>64,>32/16,<=0.5,>16,>32/16,>64,,,,,,,,,,<=0.12,,,,,,,,,,,,,,,,,,,,,,,,,
573.24398,EKP,>16,,,>16,,,>8,>8/152,>8,,>8,>128/4,>16,>=32,=0.5,>64,,,>32,>32/16,>128,<0.5,,,,,,=64/4,,,>32,,>8,,,,,,,,>8,=1,,,,=16/4,,,,,,,,,,,,,,,,,,,,,,,,,
573.66098,EKP,,16,,,,<=0.5,<=0.5,>2/38,,16,1,,,,<=1,64,,>32,,,16,1,16,,>16,16,64,16,>8,32,64,<=8/4,<=0.5,2,>32/16,>64,,,,,,,,,,8,,,,,,,,,,,,,,,,,,,,,,,,,
573.66426,EKP,,<=2,,,2,,,,>=8,,,,,,,4,,>=64,>=32,>=32,0.5,,,,,,,,,,,,,,,,,,,,,,,,,,,,,,,,,,,,,,,,,,,,,,,,,,
574.81,EKP,,<=4,,<=1,4,2,8,,,4,>4,,,,<=1,64,,>32,,,>16,1,<=4,,>16,>32,>64,>32,>8,>32,64,>32/16,1,8,>32/16,>64,,,,,,,,,,8,,,,,,,,,,,,,,,,,,,,,,,,,
72407.2846,EKP,<=0.5,,,,,,2,>2/38,,,>4,<=4,,,<=1,>128,,4,,,16,1,<=4,,>16,<=1,>64,1,>8,2,>64,>32/16,<=0.5,>16,>32/16,>64,,,,,,,,,,<=0.12,,,,,,,,,,,,,,,,,,,,,,,,,
72407.2562,EKP,2,<=4,,>8,,,,>2/38,,<=1,1,64,,,<=1,32,,>32,,,>16,1,16,,<=8,32,>64,>32,2,>32,64,>32/16,2,8,>32/16,>64,,,,,,,,,,32,,,,,,,,,,,,,,,,,,,,,,,,,
573.46852,EKP,,,,,>16,=64,,>8/152,>2,0.5,,>128/4,,,<=0.5,,,,,>64/2,>64,=0.5,128,>32,,,,,,,>4,,,,,,,,>64/4,,,,,,,,,>64,,,,,,,,,,,,1,,,,,,,,,,,
72407.2366,EKP,,,,,16,,<=0.5,,,4,,,,,<=1,>128,,4,,,<=1,1,<=4,,>16,<=1,>64,<=0.12,>8,1,>64,32/16,<=0.5,>16,32/16,>64,,,,,,,,,,<=0.12,,,,,,,,,,,,,,,,,,,,,,,,,
573.29883,EKP,,,,>4,,32,,4/76,>1,,,,,,<=1,,,,,,,0.5,32,<=1/4,>16,,,,,,,,,,,,,,,,,,,,,,,,,,,,,,,,,,,,,,,,,,,,,,
573.65941,EKP,<=0.5,,,,,8,2,,,>16,>4,<=4,,,<=1,>128,,>32,,,>16,<=0.25,16,,<=8,>32,>64,16,<=1,>32,>64,>32/16,8,>16,>32/16,>64,,,,,,,,,,16,,,,,,,,,,,,,,,,,,,,,,,,,
573.24352,EKP,,,=8,<1,,,,,,>64,,,>16,,=1,>64,,,>32,>32/16,>128,<=2,,,,,,=64/4,,,>32,,>8,,,,,,,,>8,=2,,,,=32/4,,,,,,,,,,,,,,,,,,,,,,,,,
72407.2607,EKP,,<=4,,<=1,>16,<=0.5,<=0.5,<=1/19,,>16,,,,,<=1,>128,,4,,,>16,1,<=4,,<=8,<=1,>64,,4,<=0.5,>64,32/16,<=0.5,>16,>32/16,>64,,,,,,,,,,<=0.12,,,,,,,,,,,,,,,,,,,,,,,,,
573.65989,EKP,,,,,>16,,<=0.5,,,,<=0.25,<=4,4,,<=1,>128,,<=2,,,16,1,16,,<=8,<=1,>64,<=0.12,2,<=0.5,>64,<=8/4,<=0.5,>16,8/4,32,,,,,,,,,,<=0.12,,,,,,,,,,,,,,,,,,,,,,,,,
573.66249,EKP,,,,,,,,,0.25,,<=0.25,,,,,8,,>=64,>=32,>=32,4,,,,,,,,,,,,,,,,,,,,,,,,,,,,,,,,,,,,,,,,,,,,,,,,,,
573.66562,EKP,,,,,>=32,,,,<=0.12,,>=4,,,,,>=64,,>=64,>=32,>=32,8,,,,,,,,,,,,,,,,,,,,,,,,,,,,,,,,,,,,,,,,,,,,,,,,,,
72407.2874,EKP,1,,,<=1,,<=0.5,,>2/38,,>16,,<=4,,,<=1,64,,>32,,,>16,1,<=4,,>16,8,64,32,>8,>32,64,<=8/4,<=0.5,4,>32/16,>64,,,,,,,,,,8,,,,,,,,,,,,,,,,,,,,,,,,,
573.66217,EKP,,<=2,,<=1,,>=16,,,>=8,,>=4,,,,,>=64,,>=64,>=32,>=32,>=64,,,,,,,,,,,,,,,,,,,,,,,,,,,,,,,,,,,,,,,,,,,,,,,,,,
573.46341,EKP,,,,,,>32,,,,,64,,,128,,256,,,,,32,0.5,>256,,,,,,1,,>256,,,,,>256,,,,,,0.25,,,,,,,,,,,,,,,,,,,,,,,,,,256,,,
72407.2306,EKP,<=0.5,<=4,,,,<=0.5,,>2/38,,,>4,16,4,,<=1,>128,,8,,,>16,2,16,,>16,<=1,>64,,>8,4,>64,>32/16,<=0.5,>16,>32/16,8,,,,,,,,,,<=0.12,,,,,,,,,,,,,,,,,,,,,,,,,
573.65931,EKP,2,,,<=1,4,,,,,<=1,<=0.25,8,,,<=1,32,,>32,,,>16,1,16,,<=8,>32,>64,>32,4,>32,32,>32/16,4,8,32/16,32,,,,,,,,,,32,,,,,,,,,,,,,,,,,,,,,,,,,
573.66021,EKP,<=0.5,<=4,,,>16,,,,,8,,<=4,,,<=1,>128,,>32,,,8,1,<=4,,<=8,>32,>64,4,4,>32,>64,>32/16,>8,>16,32/16,>64,,,,,,,,,,16,,,,,,,,,,,,,,,,,,,,,,,,,
573.24377,EKP,,,,<0.5,>32,,,>=4/76,=1,>64,>8,,,>=32,=0.5,>64,,,>32,>32/16,>64,<1,,,,,,=32/4,,,>32,,<0.12,,,,,,,,>8,=1,,,,=16/4,,,,,,,,,,,,,,,,,,,,,,,,,
72407.2225,EKP,<=0.5,,,<=1,>16,,,,,,,<=4,,,<=1,>128,,<=2,,,2,1,>16,,<=8,<=1,>64,,4,<=0.5,>64,32/16,<=0.5,>16,32/16,>64,,,,,,,,,,<=0.12,,,,,,,,,,,,,,,,,,,,,,,,,
72407.2524,EKP,,,,>8,>16,<=0.5,,>2/38,,>16,4,8,>8,,<=1,>128,,<=2,,,>16,1,>16,,<=8,<=1,>64,<=0.12,4,<=0.5,>64,16/8,<=0.5,>16,32/16,>64,,,,,,,,,,<=0.12,,,,,,,,,,,,,,,,,,,,,,,,,
72407.2217,EKP,<=0.5,<=4,,<=1,>16,,,>2/38,,>16,<=0.25,,<=1,,<=1,>128,,4,,,4,1,>16,,<=8,<=1,>64,,4,2,>64,>32/16,<=0.5,>16,>32/16,>64,,,,,,,,,,<=0.12,,,,,,,,,,,,,,,,,,,,,,,,,
573.24401,EKP,>64,=32,,,,,>8,,,>64,,,>=16,,=0.5,>64,,,>32,>32/16,>128,<=2,,,,,,=64/4,,,>32,,>8,,,,,,,,>8,=1,,,,=32/4,,,,,,,,,,,,,,,,,,,,,,,,,
573.66244,EKP,,,,,,>=16,,,>=8,>=64,,,,,,>=64,,>=64,>=32,>=32,32,,,,,,,,,,,,,,,,,,,,,,,,,,,,,,,,,,,,,,,,,,,,,,,,,,
1328417.3,EKP,,,,<=1,<=1,<=.25,,<=1,,,<=.25,,<=1,,,,,,,,<=1,,,,,,,,,,<=1,,,,4,,,,,,<=4,,,,,,,<=16,,,,,,,,,,,,,,,,,,,,,,,
573.66029,EKP,<=0.5,<=4,,<=1,,<=0.5,,>2/38,,8,,<=4,<=1,,<=1,>128,,4,,,4,1,16,,<=8,<=1,>64,<=0.12,4,<=0.5,>64,<=8/4,<=0.5,>16,8/4,>64,,,,,,,,,,<=0.12,,,,,,,,,,,,,,,,,,,,,,,,,
573.4209,EKP,0.12,,256,,,,,,,,,,,32,,512,,256,,32,256,1,,,,,,,32,,,,,,,,,,,,,,,,,,,,,,,,,,,,,,,,,,512.0,,,,,,,,
573.30012,EKP,>8,>32,,,,,,4/76,>1,,>2,,,,4,,,,,,,1,,<=1/4,>16,,,,,,,,,,,,,,,,,,,,,,,,,,,,,,,,,,,,,,,,,,,,,,
573.46839,EKP,,=8,,=1,,,,>8/152,,>32,>1,>128/4,,,=1,,,,,>64/2,>64,=0.5,16,>32,,,,,,,>4,,,,,,,,>64/4,,,,,,,,,>64,,,,,,,,,,,,1,,,,,,,,,,,
72407.2869,EKP,<=0.5,,,,>16,,1,<=1/19,,>16,,8,,,<=1,>128,,8,,,16,1,>16,,<=8,<=1,>64,1,2,4,>64,>32/16,<=0.5,>16,>32/16,>64,,,,,,,,,,<=0.12,,,,,,,,,,,,,,,,,,,,,,,,,
573.46357,EKP,16,,,,,,32,,,,64,,,128,,256,,,,,32,0.25,>256,,,,,,1,,>256,,,,,>256,,,,,,0.5,,,,,,,,,,,,,,,,,,,,,,,,,,>256,,,
573.24276,EKP,=32,=8,>32,>16,,,>8,,>8,,,>128/4,,,=0.5,>64,,,>32,>32/16,>128,<0.5,,,=16,,,>64/4,>16,,>32,,>8,,>32/16,,,,,,>8,=0.5,,,,>32/4,,,,,,,,,,,,,,,,,,,,,,,,,
72407.2172,EKP,<=0.5,<=4,,>8,>16,,<=0.5,>2/38,,16,,<=4,>8,,<=1,>128,,<=2,,,4,1,<=4,,>16,<=1,>64,<=0.12,4,1,>64,16/8,<=0.5,>16,32/16,>64,,,,,,,,,,,,,,,,,,,,,,,,,,,,,,,,,,,
573.66031,EKP,<=0.5,,,,,<=0.5,,>2/38,,2,1,<=4,8,,<=1,>128,,<=2,,,<=1,1,16,,<=8,<=1,>64,<=0.12,8,<=0.5,>64,<=8/4,<=0.5,16,16/8,>64,,,,,,,,,,<=0.12,,,,,,,,,,,,,,,,,,,,,,,,,
1438697.3,EKP,,,<=4,<=1,>32,>8,,<=1,,,>2,,<=1,,<=2,,,,,,32,<=1,,,,,,,,,8,,,,>16,,,,,,>32,,,,,,,256,,,,,,,,,,,,,,,,,,,,,,,
72407.2679,EKP,<=0.5,,,<=1,>16,,,,,,,,<=1,,<=1,>128,,<=2,,,<=1,<=0.25,16,,<=8,<=1,>64,<=0.12,8,<=0.5,>64,<=8/4,<=0.5,>16,8/4,16,,,,,,,,,,<=0.12,,,,,,,,,,,,,,,,,,,,,,,,,
573.4069,EKP,0.059999999,,16,0.25,,,,,,,16,16,,32,,0.5,,8,,4,0.5,2,,,,,,,32,,,,,,,,,,,,,,,,,,,,,,,,,,,,,,,,,,128.0,,,,,,,,
1438699.3,EKP,,,>8,4,>32,>8,,>8,,,>2,>64,>8,,<=2,,,,,,>32,2,,,,,,,,,>32,,,,>16,,,,,,>32,,,,,,,,,,,,,,,,,,,,,,,,,,,,,,
573.24411,EKP,,,,>16,,>8,>8,,>8,>64,>8,,>16,>=32,=4,>64,,,>32,>32/16,>128,<1,,,,,,=32/4,,,>32,,>=4,,,,,,,,>8,=4,,,,=32/4,,,,,,,,,,,,,,,,,,,,,,,,,
573.66007,EKP,<=0.5,,,,>16,<=0.5,,<=1/19,,8,<=0.25,<=4,,,<=1,>128,,4,,,<=1,1,<=4,,<=8,<=1,>64,,2,1,>64,16/8,<=0.5,>16,32/16,<=4,,,,,,,,,,<=0.12,,,,,,,,,,,,,,,,,,,,,,,,,
72407.2403,EKP,,,,2,>16,,>8,>2/38,,>16,,,>8,,<=1,>128,,>32,,,>16,1,16,,>16,>32,>64,32,4,>32,>64,>32/16,>8,>16,>32/16,>64,,,,,,,,,,8,,,,,,,,,,,,,,,,,,,,,,,,,
573.66253,EKP,,,,<=1,>=32,,,,>=8,,,,,>=64,,>=64,,>=64,>=32,>=32,>=64,,,,,,,,,,,,,,,,,,,,,,,,,,,,,,,,,,,,,,,,,,,,,,,,,,
573.66004,EKP,<=0.5,<=4,,<=1,8,,,>2/38,,,,,<=1,,<=1,>128,,4,,,16,2,<=4,,>16,<=1,>64,<=0.12,>8,2,>64,<=8/4,<=0.5,>16,8/4,>64,,,,,,,,,,<=0.12,,,,,,,,,,,,,,,,,,,,,,,,,
72407.2187,EKP,,,,,,<=0.5,<=0.5,,,,,>64,,,<=1,<=0.5,,4,,,16,<=0.25,<=4,,<=8,<=1,2,1,>8,8,1,>32/16,<=0.5,2,>32/16,>64,,,,,,,,,,<=0.12,,,,,,,,,,,,,,,,,,,,,,,,,
72407.265,EKP,2,<=4,,<=1,>16,,,>2/38,,>16,,>64/4,>8,,<=1,>128,,8,,,>16,2,<=4,,<=8,<=1,>64,1,8,2,>64,32/16,<=0.5,>16,>32/16,8,,,,,,>4,,,,<=0.12,8,,,,,,,,,,,,,,>128/2,,,,,,,,,,
72407.2826,EKP,,,,<=1,<=1,<=0.5,,<=1/19,,<=1,,,,,2,<=0.5,,16,,,<=1,1,>16,,<=8,<=1,1,,>8,4,<=0.5,16/8,<=0.5,<=1,>32/16,>64,,,,,,,,,,<=0.12,,,,,,,,,,,,,,,,,,,,,,,,,
573.66427,EKP,,<=2,,,,,,,,,>=4,,,,,>=64,,>=64,>=32,>=32,>=64,,,,,,,,,,,,,,,,,,,,,,,,,,,,,,,,,,,,,,,,,,,,,,,,,,
573.22558,EKP,,,,,,,,,,,,256,,,0.125,>32,,,,32,1,4,,,,,,,,,,,,,,,,,,,,,,,,,,256,,,,,,,,,,,,,,,,,,,,,,,
1328412.3,EKP,>8,>32,,,,>8,,,,,>2,,>8,,,,,,,,>32,,,,,,,,,,>32,,,,,,,,,,,,,,,,,,,,,,,,,,,,,,,,,,,,,,,,
573.46328,EKP,4,32,,,,1,>64,,,,>64,,,>256,,256,,,,,16,8,>256,,,,,,128,,128,,,,,256,,,,,,0.5,,,,,,,,,,,,,,,,,,,,,,,,,,64,,,
573.65997,EKP,,<=4,,,16,,,,,,,<=4,<=1,,<=1,>128,,<=2,,,16,<=0.25,<=4,,<=8,<=1,>64,<=0.12,<=1,1,>64,<=8/4,<=0.5,>16,32/16,>64,,,,,,,,,,<=0.12,,,,,,,,,,,,,,,,,,,,,,,,,
573.66364,EKP,,32,,8,>=32,,,,,>=64,>=4,,,,,>=64,,>=64,>=32,>=32,>=64,,,,,,,,,,,,,,,,,,,,,,,,,,,,,,,,,,,,,,,,,,,,,,,,,,
72407.2444,EKP,,<=4,,>8,4,,,,,,>4,,,,<=1,32,,>32,,,>16,4,16,,16,>32,>64,>32,8,>32,4,<=8/4,<=0.5,<=1,>32/16,>64,,,,,,,,,,16,,,,,,,,,,,,,,,,,,,,,,,,,
573.66584,EKP,,,,>=16,,>=16,,,>=8,>=64,,,,>=64,,>=64,,>=64,>=32,>=32,>=64,,,,,,,,,,,,,,,,,,,,,,,,,,,,,,,,,,,,,,,,,,,,,,,,,,
573.67366,EKP,1,,,,>64,0.12,,,1,,,,,,,,,,,,,,,1,,,,,,,,,,,,,<=0.12,4.0,>32,,,,,,,,,,,,,,,,,,,,,,,,,,,,,,,,
573.4154,EKP,0.25,,16,0.25,,,,,,,512,32,,64,,0.5,,32,,8,1,4,,,,,,,64,,,,,,,,,,,,,,,,,,,,,,,,,,,,,,,,,,512.0,,,,,,,,
72407.2376,EKP,<=0.5,<=4,,>8,>16,<=0.5,<=0.5,,,,2,,>8,,<=1,>128,,4,,,>16,1,<=4,,<=8,<=1,>64,<=0.12,4,<=0.5,>64,<=8/4,<=0.5,>16,32/16,>64,,,,,,,,,,<=0.12,,,,,,,,,,,,,,,,,,,,,,,,,
573.7094,EKP,0.25,,256,128,,,,,,,32,512,,32,,,,64,,32,256,4,,,,,,,64,,,,,,,,,,,,,,,,,,,,,,,,,,,,,,,,,,512.0,,,,,,,,
1284802.4,EKP,>8,32,,2,>16,>8,>8,>4/76,>4,>16,>2,>64/4,>8,,<=0.25,>32,,,,,>16,0.5,,,,,,,8,,,,>2,,,,,,,,,1,,,,,8,,,,,,,,,,,,,,>128/2,,,,,,,,,,
573.4153,EKP,0.5,,2,8,,,,,,,1,8,,8,,16,,32,,8,256,1,,,,,,,4,,,,,,,,,,,,,,,,,,,,,,,,,,,,,,,,,,512.0,,,,,,,,
72407.2564,EKP,2,<=4,,,,,4,,,,,>64,,,<=1,16,,>32,,,>16,2,16,,>16,>32,>64,>32,8,>32,32,>32/16,2,16,>32/16,>64,,,,,,,,,,32,,,,,,,,,,,,,,,,,,,,,,,,,
573.46833,EKP,,,,>8,,=64,>8,>8/152,2,>32,,,,,<=0.5,,,,,>64/2,>64,=1,16,>32,,,,,,,>4,,,,,,,,>64/4,,,,,,,,,>64,,,,,,,,,,,,1,,,,,,,,,,,
72407.2243,EKP,,,,,,<=0.5,<=0.5,<=1/19,,,,,,,<=1,>128,,<=2,,,8,1,16,,<=8,<=1,>64,<=0.12,2,1,>64,<=8/4,<=0.5,>16,8/4,32,,,,,,,,,,<=0.12,,,,,,,,,,,,,,,,,,,,,,,,,
573.7041,EKP,0.059999999,,16,0.5,,,,,,,0.25,16,,64,,0.25,,32,,8,1,4,,,,,,,32,,,,,,,,,,,,,,,,,,,,,,,,,,,,,,,,,,128.0,,,,,,,,
72407.148,EKP,<=1,>32,,>8,>16,<=1,>8,>4/76,<=0.25,>16,>2,>64/4,>8,,0.5,>32,,,,,>16,2,,,,,,,>16,,,,<=0.12,,,,,,,,,1,,,,,16,,,,,,,,,,,,,,>128/2,,,,,,,,,,
72407.2323,EKP,,,,,>16,,>8,>2/38,,>16,,32,8,,<=1,>128,,>32,,,>16,1,>16,,16,16,>64,1,>8,>32,>64,>32/16,1,>16,>32/16,>64,,,,,,,,,,1,,,,,,,,,,,,,,,,,,,,,,,,,
573.46388,EKP,,1,,,,>32,>64,,,,,,,,,256,,,,,128,4,>256,,,,,,64,,>256,,,,,>256,,,,,,0.5,,,,,,,,,,,,,,,,,,,,,,,,,,>256,,,
573.66033,EKP,<=0.5,<=4,,,4,,,,,<=1,,<=4,,,<=1,>128,,<=2,,,<=1,1,16,,<=8,<=1,>64,<=0.12,4,<=0.5,>64,<=8/4,<=0.5,>16,16/8,>64,,,,,,,,,,<=0.12,,,,,,,,,,,,,,,,,,,,,,,,,
573.46325,EKP,32,32,,,,4,,,,,,,,>256,,64,,,,,64,2,256,,,,,,16,,16,,,,,>256,,,,,,0.25,,,,,,,,,,,,,,,,,,,,,,,,,,16,,,
72407.2862,EKP,<=0.5,<=4,,,,<=0.5,<=0.5,>2/38,,>16,1,,,,<=1,>128,,<=2,,,>16,1,16,,<=8,<=1,>64,<=0.12,<=1,<=0.5,>64,16/8,<=0.5,>16,32/16,>64,,,,,,,,,,<=0.12,,,,,,,,,,,,,,,,,,,,,,,,,
573.24372,EKP,,=32,<=4,>16,>32,,,,>8,>64,>8,,,>=32,=0.25,>64,,,>32,>32/16,>64,<0.5,,,,,,=64/4,,,>32,,>8,,,,,,,,>8,=0.5,,,,=32/4,,,,,,,,,,,,,,,,,,,,,,,,,
72407.2559,EKP,<=0.5,,,>8,,,,>2/38,,,,,,,<=1,>128,,8,,,4,1,16,,<=8,<=1,>64,<=0.12,8,2,>64,32/16,<=0.5,>16,>32/16,>64,,,,,,,,,,<=0.12,,,,,,,,,,,,,,,,,,,,,,,,,
1284808.4,EKP,>8,32,,2,>16,>8,>8,1/19,>4,>16,>2,>64/4,>8,,<=0.25,>32,,,,,>16,1,,,,,,,8,,,,>2,,,,,,,,,0.5,,,,,8,,,,,,,,,,,,,,>128/2,,,,,,,,,,
573.65916,EKP,<=0.5,,,,8,<=0.5,<=0.5,>2/38,,,,<=4,,,<=1,>128,,<=2,,,<=1,1,>16,,<=8,<=1,>64,<=0.12,4,<=0.5,>64,<=8/4,<=0.5,>16,16/8,>64,,,,,,,,,,<=0.12,,,,,,,,,,,,,,,,,,,,,,,,,
573.66285,EKP,,,,>=16,>=64,,,,>=8,>=64,,,,16,,>=64,>=64,>=64,>=32,>=32,>=64,,,,,,,,,,,,,,,,,,,,,,,,,,,,,,,,,,,,,,,,,,,,,,,,,,
72407.229,EKP,>8,<=4,,8,,>8,<=0.5,,,<=1,<=0.25,>64/4,,,<=1,<=0.5,,4,,,<=1,0.5,<=4,,<=8,<=1,<=0.5,<=0.12,<=1,1,<=0.5,<=8/4,>2,<=1,<=4/2,>64,,,,,,0.5,,,,<=0.12,<=2,,,,,,,,,,,,,,>128/2,,,,,,,,,,
573.7027,EKP,=8,=2,=32,=4,>32,>8,>8,>8/152,>8,>64,>8,>128/4,=16,>16,=2,>128,,,>32,>32/16,>128,=2,,,,,,,,,>32,,=8,,>32/16,,,,,,>8,=1,,,,,,,,,,,,,,,,,,,,,,,,,,,,,
574.78,EKP,,,,<=1,4,,8,,,,,>64,2,,<=1,32,,>32,,,>16,1,16,,>16,>32,>64,>32,>8,>32,32,>32/16,1,8,>32/16,>64,,,,,,,,,,16,,,,,,,,,,,,,,,,,,,,,,,,,
573.46856,EKP,,,,,>16,=32,,>8/152,2,,,>128/4,,,<=0.5,,,,,>64/2,>64,=0.5,4,>32,,,,,,,>4,,,,,,,,>64/4,,,,,,,,,>64,,,,,,,,,,,,1,,,,,,,,,,,
573.66533,EKP,,16,,<=1,>=32,>=16,,,>=8,,>=4,,,,,>=64,,>=64,>=32,>=32,>=64,,,,,,,,,,,,,,,,,,,,,,,,,,,,,,,,,,,,,,,,,,,,,,,,,,
573.66234,EKP,,<=2,,,,>=16,,,>=8,>=64,>=4,,,>=64,,>=64,,>=64,>=32,>=32,>=64,,,,,,,,,,,,,,,,,,,,,,,,,,,,,,,,,,,,,,,,,,,,,,,,,,
72407.2663,EKP,,,,,,4,<=0.5,<=1/19,,>16,,,,,<=1,>128,,>32,,,>16,4,<=4,,>16,>32,>64,16,>8,>32,>64,>32/16,2,>16,>32/16,>64,,,,,,,,,,8,,,,,,,,,,,,,,,,,,,,,,,,,
573.46383,EKP,,,,,64,,32,,,,64,,,128,,>256,,,,,32,0.5,>256,,,,,,1,,>256,,,,,>256,,,,,,0.5,,,,,,,,,,,,,,,,,,,,,,,,,,>256,,,
72407.2282,EKP,<=0.5,,,<=1,,<=0.5,<=0.5,,,>16,,,<=1,,<=1,>128,,4,,,4,1,16,,<=8,<=1,>64,<=0.12,8,1,>64,32/16,<=0.5,>16,>32/16,>64,,,,,,,,,,<=0.12,,,,,,,,,,,,,,,,,,,,,,,,,
573.29969,EKP,,>32,,>4,,64,,>4/76,,,>2,,,,>8,,,,,,,1,,<=1/4,>16,,,,,,,,,,,,,,,,,,,,,,,,,,,,,,,,,,,,,,,,,,,,,,
72407.2318,EKP,2,,,,,4,<=0.5,,,,,8,4,,<=1,32,,>32,,,>16,1,16,,<=8,>32,>64,>32,<=1,>32,32,>32/16,4,8,>32/16,64,,,,,,,,,,32,,,,,,,,,,,,,,,,,,,,,,,,,
573.24333,EKP,,=32,>=16,,,>8,>8,>8/152,>8,>64,,,>16,,=1,>64,,,>32,>32/16,>128,<=2,,,,,,=64/4,,,>32,,>8,,,,,,,,>8,=2,,,,=32/4,,,,,,,,,,,,,,,,,,,,,,,,,
72407.2798,EKP,<=0.5,,,>8,>16,<=0.5,,,,>16,,,,,<=1,>128,,4,,,4,1,16,,<=8,<=1,>64,,>8,1,>64,32/16,<=0.5,>16,>32/16,>64,,,,,,,,,,<=0.12,,,,,,,,,,,,,,,,,,,,,,,,,
573.66416,EKP,,,,,>=32,>=16,,,>=8,>=64,,,,,,>=64,,>=64,>=32,>=32,>=64,,,,,,,,,,,,,,,,,,,,,,,,,,,,,,,,,,,,,,,,,,,,,,,,,,
72407.2535,EKP,<=0.5,,,,,,<=0.5,>2/38,,,<=0.25,,<=1,,<=1,64,,4,,,4,2,<=4,,>16,<=1,>64,,>8,4,64,32/16,<=0.5,>16,>32/16,>64,,,,,,,,,,<=0.12,,,,,,,,,,,,,,,,,,,,,,,,,
72407.2675,EKP,,<=4,,>8,>16,,,,,,4,8,>8,,<=1,>128,,4,,,>16,2,<=4,,<=8,<=1,>64,,8,2,>64,32/16,<=0.5,>16,>32/16,>64,,,,,,,,,,<=0.12,,,,,,,,,,,,,,,,,,,,,,,,,
573.29942,EKP,8,<=4,,<=1,,,,<=1/19,,,,,,,<=1,,,,,,,0.5,,<=1/4,16,,,,,,,,,,,,,,,,,,,,,,,,,,,,,,,,,,,,,,,,,,,,,,
72407.2367,EKP,<=0.5,,,>8,,<=0.5,2,,,,4,16,,,<=1,>128,,>32,,,4,4,16,,>16,16,>64,1,>8,>32,>64,>32/16,<=0.5,>16,>32/16,>64,,,,,,,,,,2,,,,,,,,,,,,,,,,,,,,,,,,,
574.112,EKP,<=0.5,<=4,,,>16,<=0.5,<=0.5,>2/38,,,1,<=4,,,<=1,>128,,<=2,,,8,1,16,,<=8,<=1,>64,<=0.12,2,<=0.5,>64,<=8/4,<=0.5,>16,16/8,>64,,,,,,,,,,<=0.12,,,,,,,,,,,,,,,,,,,,,,,,,
1328395.3,EKP,<=1,<=2,,<=1,,<=0.25,<=0.12,<=20,<=0.25,,<=0.25,,,<=4,,<=1,,,16,,<=1,<=2,,,,,,,,,,,,,4,,,,,,<=2,,,,,,,64,<=1,,,,,,,,,,,,,,,,,,,,,,
72407.2789,EKP,1,<=4,,,,<=0.5,,,,<=1,>4,,,,<=1,<=0.5,,>32,,,<=1,1,>16,,>16,8,<=0.5,<=0.12,4,>32,<=0.5,<=8/4,<=0.5,<=1,>32/16,32,,,,,,,,,,<=0.12,,,,,,,,,,,,,,,,,,,,,,,,,
573.66094,EKP,2,16,,,16,<=0.5,<=0.5,<=1/19,,,,,>8,,<=1,>128,,>32,,,>16,1,16,,>16,32,>64,32,2,>32,>64,<=8/4,1,16,>32/16,>64,,,,,,,,,,8,,,,,,,,,,,,,,,,,,,,,,,,,
72407.2387,EKP,<=0.5,<=4,,<=1,>16,,4,>2/38,,>16,,64,,,<=1,>128,,8,,,>16,2,16,,<=8,<=1,>64,1,>8,2,>64,32/16,<=0.5,>16,>32/16,>64,,,,,,,,,,<=0.12,,,,,,,,,,,,,,,,,,,,,,,,,
573.31615,EKP,,>64,,,>=64,>16,,,,,,,,,>16,>=64,,,>=32,>=32,>=64,4,>=256,,,,,,,,,,,,,,,,,,,,,,,,,,,,,,,,,,,,,,,>320,,,,,,,,,
573.22567,EKP,,,128,64,,,,8,,,0.5,,,,0.06,>32,,,,,1,,,,,,,,,,,,,,,,,,,,,,,,,,,,,,,,,,,,,,,,,,,,,,,,,,
573.5777,EKP,>64,<=32,<=1,<=0.5,>64,>32,,>64/128,,>64,>16,>128/,>=16,>64,>=32,>32,,,>64,,>64,<=1,20,,>64,,,,<=2,,,,,,>64/,,,,,>32,>64,>=16,,,,,,,,,,,,,,,,,,,,,,,,,,,,,
573.66507,EKP,,,,,,,,,,>=64,,,,8,,32,,>=64,>=32,>=32,32,,,,,,,,,,,,,,,,,,,,,,,,,,,,,,,,,,,,,,,,,,,,,,,,,,
573.24379,EKP,,=32,,<1,>32,>8,,,>8,>64,>8,,,,=0.25,>64,,,>32,>32/16,>128,<1,,,,,,=64/4,,,>32,,>8,,,,,,,,>8,=0.25,,,,=32/4,,,,,,,,,,,,,,,,,,,,,,,,,
573.66396,EKP,,,,,,,,,,>=64,>=4,,,,,>=64,,>=64,>=32,>=32,>=64,,,,,,,,,,,,,,,,,,,,,,,,,,,,,,,,,,,,,,,,,,,,,,,,,,
72407.2711,EKP,,,,<=1,,2,,>2/38,,8,4,64,<=1,,<=1,64,,>32,,,>16,1,16,,>16,>32,>64,>32,4,>32,8,16/8,1,8,>32/16,>64,,,,,,,,,,32,,,,,,,,,,,,,,,,,,,,,,,,,
72407.2565,EKP,,8,,<=1,,<=0.5,,>2/38,,>16,,,>8,,<=1,>128,,32,,,>16,1,16,,>16,4,>64,,4,32,>64,16/8,<=0.5,>16,32/16,>64,,,,,,,,,,<=0.12,,,,,,,,,,,,,,,,,,,,,,,,,
573.66258,EKP,,4,,>=16,,,,,,>=64,,,,>=64,,>=64,,>=64,>=32,>=32,>=64,,,,,,,,,,,,,,,,,,,,,,,,,,,,,,,,,,,,,,,,,,,,,,,,,,
573.46411,EKP,,0.5,,,,,,,,,4,,,>256,,256,,,,,>256,2,256,,,,,,32,,>256,,,,,>256,,,,,,0.25,,,,,,,,,,,,,,,,,,,,,,,,,,>256,,,
573.24382,EKP,,,,,,>8,>8,,,>64,>8,>128/4,>=16,,=0.5,>64,,,>32,>32/16,>128,<1,,,,,,=64/4,,,>32,,>8,,,,,,,,>8,=0.5,,,,=32/4,,,,,,,,,,,,,,,,,,,,,,,,,
72407.2338,EKP,,,,,>16,<=0.5,,,,16,,,<=1,,<=1,>128,,<=2,,,16,1,<=4,,<=8,<=1,>64,<=0.12,4,<=0.5,>64,<=8/4,<=0.5,>16,16/8,>64,,,,,,,,,,<=0.12,,,,,,,,,,,,,,,,,,,,,,,,,
573.4208,EKP,0.5,,256,0.5,,,,,,,256,32,,32,,128,,256,,16,16,2,,,,,,,8,,,,,,,,,,,,,,,,,,,,,,,,,,,,,,,,,,512.0,,,,,,,,
573.46409,EKP,,,,,256,2,,,,,>64,,,,,>256,,,,,128,16,256,,,,,,128,,>256,,,,,>256,,,,,,0.5,,,,,,,,,,,,,,,,,,,,,,,,,,256,,,
574.67,EKP,<=0.5,<=4,,<=1,>16,,,>2/38,,,>4,,4,,<=1,>128,,>32,,,>16,1,>16,,16,>32,>64,4,>8,32,>64,>32/16,<=0.5,>16,>32/16,>64,,,,,,,,,,2,,,,,,,,,,,,,,,,,,,,,,,,,
573.30006,EKP,>8,,,<=1,,128,,>4/76,>1,,>2,,,,<=1,,,,,,,1,,<=1/4,>16,,,,,,,,,,,,,,,,,,,,,,,,,,,,,,,,,,,,,,,,,,,,,,
573.66551,EKP,,4,,>=16,>=32,,,,,,,,,>=64,,>=64,,>=64,>=32,>=32,>=64,,,,,,,,,,,,,,,,,,,,,,,,,,,,,,,,,,,,,,,,,,,,,,,,,,
573.66501,EKP,,,,>=16,,>=16,,,>=8,>=64,>=4,,,8,,32,,>=64,>=32,>=32,32,,,,,,,,,,,,,,,,,,,,,,,,,,,,,,,,,,,,,,,,,,,,,,,,,,
72407.2795,EKP,<=0.5,<=4,,<=1,,<=0.5,<=0.5,2/38,,>16,,>64,,,<=1,>128,,16,,,>16,>4,>16,,>16,2,>64,1,>8,4,>64,>32/16,<=0.5,>16,>32/16,>64,,,,,,,,,,<=0.12,,,,,,,,,,,,,,,,,,,,,,,,,
1284790.3,EKP,>8,32,,2,>16,>8,>8,>4/76,>4,>16,>2,>64/4,>8,,<=0.25,>32,,,,,>16,0.5,,,,,,,8,,,,>2,,,,,,,,,0.5,,,,,8,,,,,,,,,,,,,,>128/2,,,,,,,,,,
72407.2417,EKP,,,,<=1,<=1,,<=0.5,>2/38,,<=1,,<=4,<=1,,<=1,8,,8,,,<=1,1,16,,<=8,<=1,32,<=0.12,>8,1,4,<=8/4,<=0.5,4,32/16,>64,,,,,,,,,,<=0.12,,,,,,,,,,,,,,,,,,,,,,,,,
573.66079,EKP,,<=4,,<=1,4,8,<=0.5,,,<=1,<=0.25,16,<=1,,<=1,32,,>32,,,>16,1,>16,,<=8,>32,>64,>32,2,>32,32,>32/16,4,16,>32/16,32,,,,,,,,,,16,,,,,,,,,,,,,,,,,,,,,,,,,
72407.2567,EKP,<=0.5,<=4,,>8,,<=0.5,,>2/38,,8,1,,,,<=1,>128,,<=2,,,2,<=0.25,<=4,,>16,<=1,>64,<=0.12,>8,<=0.5,>64,>32/16,<=0.5,>16,>32/16,>64,,,,,,,,,,<=0.12,,,,,,,,,,,,,,,,,,,,,,,,,
573.29982,EKP,,,,,,128,,>4/76,>1,,,,,,>8,,,,,,,2,16,<=1/4,>16,,,,,,,,,,,,,,,,,,,,,,,,,,,,,,,,,,,,,,,,,,,,,,
573.46862,EKP,,,,>8,>16,=64,>8,,,,>1,>128/4,,,<=0.5,,,,,>64/2,>64,=0.5,>128,>32,,,,,,,>4,,,,,,,,>64/4,,,,,,,,,>64,,,,,,,,,,,,0.5,,,,,,,,,,,
573.46338,EKP,8,,,,64,>32,,,,,,,,256,,128,,,,,32,1,>256,,,,,,8,,256,,,,,>256,,,,,,0.25,,,,,,,,,,,,,,,,,,,,,,,,,,>256,,,
72407.2493,EKP,,,,<=1,16,,<=0.5,,,,,<=4,,,<=1,>128,,<=2,,,4,1,<=4,,>16,<=1,>64,<=0.12,2,<=0.5,>64,<=8/4,<=0.5,>16,8/4,>64,,,,,,,,,,<=0.12,,,,,,,,,,,,,,,,,,,,,,,,,
573.65947,EKP,,,,,8,,<=0.5,,,,,,>8,,<=1,32,,>32,,,>16,1,16,,>16,32,>64,32,2,>32,>64,>32/16,1,>16,>32/16,>64,,,,,,,,,,8,,,,,,,,,,,,,,,,,,,,,,,,,
573.29941,EKP,,,,>4,,,,>4/76,,,>2,,,,<=1,,,,,,,0.5,,<=1/4,>16,,,,,,,,,,,,,,,,,,,,,,,,,,,,,,,,,,,,,,,,,,,,,,
72407.2517,EKP,<=0.5,<=4,,,>16,<=0.5,,,,,,<=4,,,<=1,>128,,4,,,<=1,1,16,,<=8,<=1,>64,<=0.12,4,1,>64,16/8,<=0.5,>16,32/16,>64,,,,,,,,,,<=0.12,,,,,,,,,,,,,,,,,,,,,,,,,
72407.2876,EKP,,,,,2,,<=0.5,,,,<=0.25,,,,<=1,64,,<=2,,,>16,<=0.25,<=4,,>16,<=1,64,<=0.12,>8,<=0.5,64,<=8/4,<=0.5,8,32/16,64,,,,,,,,,,<=0.12,,,,,,,,,,,,,,,,,,,,,,,,,
72407.2278,EKP,,,,,>16,<=0.5,<=0.5,,,>16,,<=4,,,<=1,>128,,4,,,16,2,>16,,<=8,<=1,>64,,4,1,>64,<=8/4,<=0.5,>16,16/8,>64,,,,,,,,,,<=0.12,,,,,,,,,,,,,,,,,,,,,,,,,
573.46415,EKP,32,>256,,,128,>32,32,,,,64,,,,,>256,,,,,64,2,>256,,,,,,4,,>256,,,,,>256,,,,,,0.25,,,,,,,,,,,,,,,,,,,,,,,,,,>256,,,
573.67363,EKP,2,,,>16,>64,,,,,,,,,,,,,,,,,,,1,,,,,,,,,,,,,0.25,1.0,>32,,,,,,,,,,,,,,,,,,,,,,,,,,,,,,,,
72407.2216,EKP,,<=4,,,,<=0.5,,,,16,<=0.25,,8,,<=1,<=0.5,,<=2,,,2,<=0.25,<=4,,<=8,<=1,>64,,<=1,<=0.5,>64,16/8,<=0.5,>16,32/16,64,,,,,,,,,,<=0.12,,,,,,,,,,,,,,,,,,,,,,,,,
573.29958,EKP,>8,,,,,,,>4/76,>1,,>2,,,,>8,,,,,,,0.5,16,<=1/4,<=8,,,,,,,,,,,,,,,,,,,,,,,,,,,,,,,,,,,,,,,,,,,,,,
573.66218,EKP,,<=2,,,>=32,,,,,,>=4,,,,,>=64,,>=64,>=32,>=32,>=64,,,,,,,,,,,,,,,,,,,,,,,,,,,,,,,,,,,,,,,,,,,,,,,,,,
573.65933,EKP,<=0.5,<=4,,,>16,<=0.5,<=0.5,,,>16,,,<=1,,<=1,>128,,<=2,,,16,1,<=4,,<=8,<=1,>64,<=0.12,2,<=0.5,>64,<=8/4,<=0.5,>16,16/8,>64,,,,,,,,,,<=0.12,,,,,,,,,,,,,,,,,,,,,,,,,
72407.2857,EKP,1,<=4,,<=1,,,,,,,1,<=4,4,,<=1,8,,>32,,,>16,1,<=4,,>16,8,64,>32,>8,>32,8,<=8/4,<=0.5,2,>32/16,>64,,,,,,,,,,16,,,,,,,,,,,,,,,,,,,,,,,,,
72407.2601,EKP,<=0.5,<=4,,>8,>16,<=0.5,<=0.5,>2/38,,,,<=4,>8,,<=1,>128,,4,,,16,1,<=4,,<=8,<=1,>64,<=0.12,4,<=0.5,>64,<=8/4,<=0.5,>16,16/8,>64,,,,,,,,,,<=0.12,,,,,,,,,,,,,,,,,,,,,,,,,
72407.189,EKP,>8,>32,,,>16,,>8,,,,>2,>64/4,>8,,0.5,>32,,,,,>16,<0.25,,,,,,,<2,,,,>2,,,,,,,,,0.5,,,,,<2,,,,,,,,,,,,,,>128/2,,,,,,,,,,
573.66478,EKP,,,,<=1,,,,,,,,,,>=64,,>=64,,>=64,>=32,>=32,>=64,,,,,,,,,,,,,,,,,,,,,,,,,,,,,,,,,,,,,,,,,,,,,,,,,,
573.46361,EKP,,>256,,,,>32,,,,,,,,,,>256,,,,,32,0.5,>256,,,,,,1,,>256,,,,,>256,,,,,,0.5,,,,,,,,,,,,,,,,,,,,,,,,,,>256,,,
72407.2197,EKP,,<=4,,,,,<=0.5,>2/38,,>16,,,<=1,,<=1,>128,,4,,,16,1,<=4,,<=8,<=1,>64,<=0.12,2,1,>64,<=8/4,<=0.5,>16,16/8,>64,,,,,,,,,,<=0.12,,,,,,,,,,,,,,,,,,,,,,,,,
573.65995,EKP,,<=4,,,2,<=0.5,1,>2/38,,<=1,,64,8,,<=1,8,,>32,,,>16,1,>16,,<=8,32,64,>32,2,>32,8,32/16,1,4,>32/16,>64,,,,,,,,,,8,,,,,,,,,,,,,,,,,,,,,,,,,
72407.2802,EKP,,<=4,,<=1,,<=0.5,,>2/38,,,>4,,,,<=1,>128,,4,,,2,2,<=4,,>16,<=1,>64,<=0.12,>8,2,>64,32/16,<=0.5,>16,32/16,>64,,,,,,,,,,<=0.12,,,,,,,,,,,,,,,,,,,,,,,,,
573.46324,EKP,4,,,,64,,>64,,,,,,,>256,,256,,,,,32,8,>256,,,,,,128,,128,,,,,64,,,,,,0.25,,,,,,,,,,,,,,,,,,,,,,,,,,64,,,
72407.2754,EKP,1,<=4,,>8,,,<=0.5,,,,,,,,<=1,>128,,>32,,,>16,1,>16,,<=8,8,>64,8,4,>32,>64,>32/16,1,>16,>32/16,>64,,,,,,,,,,>32,,,,,,,,,,,,,,,,,,,,,,,,,
573.66278,EKP,,16,,>=16,2,,,,,2,>=4,,,,,>=64,>=64,>=64,>=32,>=32,>=64,,,,,,,,,,,,,,,,,,,,,,,,,,,,,,,,,,,,,,,,,,,,,,,,,,
72407.2671,EKP,<=0.5,,,,,,,>2/38,,>16,>4,8,,,<=1,>128,,8,,,>16,4,16,,16,<=1,>64,,>8,2,>64,16/8,<=0.5,>16,32/16,>64,,,,,,,,,,<=0.12,,,,,,,,,,,,,,,,,,,,,,,,,
573.29918,EKP,4,<=4,,,,4,,,,,>2,,,,<=1,,,,,,,1,8,<=1/4,>16,,,,,,,,,,,,,,,,,,,,,,,,,,,,,,,,,,,,,,,,,,,,,,
72407.224,EKP,,,,4,,>8,,>4/76,,,>2,>64/4,>8,,0.5,>32,,,,,>16,1,,,,,,,16,,,,>2,,,,,,,,,1,,,,,8,,,,,,,,,,,,,,>128/2,,,,,,,,,,
574.96,EKP,<=0.5,<=4,,,>16,,,,,,,,,,<=1,>128,,<=2,,,16,1,16,,<=8,<=1,>64,1,4,1,>64,16/8,<=0.5,>16,32/16,<=4,,,,,,,,,,<=0.12,,,,,,,,,,,,,,,,,,,,,,,,,
573.4179,EKP,0.059999999,,,0.25,,,,,,,256,512,,4,,,,256,,16,32,,,,,,,,,,,,,,,,,,,,,,,,,,,,,,,,,,,,,,,,,,512.0,,,,,,,,
573.4184,EKP,0.12,,2,8,,,,,,,0.059999999,4,,4,,8,,32,,16,128,0.5,,,,,,,2,,,,,,,,,,,,,,,,,,,,,,,,,,,,,,,,,,512.0,,,,,,,,
573.12796,EKP,,>64,>32,>16,>32,>8,>8,,,,,,,>16,>8,>64,,,>32,,>128,=4,=16,=16/4,>16,,,>64/4,,,>32,,>8,,,,,,,,>8,>8,,,,>32/4,,,,,,,,,,,,,,,,,,,,,,,,,
573.46836,EKP,,,,,,,,,,>32,,>128/4,,,>8,,,,,>64/2,>64,=1,<=8,>32,,,,,,,>4,,,,,,,,>64/4,,,,,,,,,>64,,,,,,,,,,,,1,,,,,,,,,,,
573.66395,EKP,,,,<=1,>=32,,,,,,>=4,,,,,>=64,,>=64,>=32,>=32,>=64,,,,,,,,,,,,,,,,,,,,,,,,,,,,,,,,,,,,,,,,,,,,,,,,,,
573.7075,EKP,0.059999999,,128,32,,,,,,,32,4,,4,,128,,256,,8,16,1,,,,,,,2,,,,,,,,,,,,,,,,,,,,,,,,,,,,,,,,,,512.0,,,,,,,,
72407.2359,EKP,<=0.5,<=4,,>8,,<=0.5,,>2/38,,,,,8,,<=1,>128,,4,,,4,1,16,,>16,<=1,>64,<=0.12,4,2,>64,32/16,<=0.5,>16,>32/16,>64,,,,,,,,,,<=0.12,,,,,,,,,,,,,,,,,,,,,,,,,
1284792.4,EKP,4,16,,>8,8,8,>8,>4/76,>4,>16,>2,>64/4,>8,,<=0.25,32,,,,,>16,0.5,,,,,,,4,,,,>2,,,,,,,,,1,,,,,4,,,,,,,,,,,,,,>128/2,,,,,,,,,,
573.46403,EKP,,>256,,,128,,32,,,,,,,128,,>256,,,,,64,2,>256,,,,,,4,,>256,,,,,>256,,,,,,0.5,,,,,,,,,,,,,,,,,,,,,,,,,,>256,,,
573.46872,EKP,,,,,>16,=32,,,>2,<=0.25,,>128/4,,,=1,,,,,>64/2,>64,=2,16,>32,,,,,,,>4,,,,,,,,>64/4,,,,,,,,,>64,,,,,,,,,,,,1,,,,,,,,,,,
72407.2527,EKP,,,,<=1,,,<=0.5,,,,<=0.25,,,,<=1,>128,,<=2,,,2,1,>16,,<=8,<=1,>64,<=0.12,8,<=0.5,>64,16/8,<=0.5,>16,32/16,>64,,,,,,,,,,<=0.12,,,,,,,,,,,,,,,,,,,,,,,,,
573.66013,EKP,<=0.5,<=4,,,>16,,<=0.5,,,,4,,>8,,<=1,>128,,4,,,>16,1,16,,<=8,<=1,>64,<=0.12,8,1,>64,16/8,<=0.5,>16,32/16,>64,,,,,,,,,,<=0.12,,,,,,,,,,,,,,,,,,,,,,,,,
573.4078,EKP,0.5,,8,0.5,,,,,,,0.25,16,,16,,,,32,,8,1,2,,,,,,,8,,,,,,,,,,,,,,,,,,,,,,,,,,,,,,,,,,512.0,,,,,,,,
573.66532,EKP,,,,,,>=16,,,,>=64,,,,,,>=64,,>=64,>=32,>=32,>=64,,,,,,,,,,,,,,,,,,,,,,,,,,,,,,,,,,,,,,,,,,,,,,,,,,
72407.2676,EKP,<=0.5,<=4,,<=1,>16,<=0.5,<=0.5,<=1/19,,,,,<=1,,<=1,128,,8,,,4,1,<=4,,<=8,<=1,>64,<=0.12,4,2,>64,32/16,<=0.5,>16,>32/16,>64,,,,,,,,,,<=0.12,,,,,,,,,,,,,,,,,,,,,,,,,
573.65911,EKP,,,,<=1,,,<=0.5,,,,<=0.25,<=4,,,<=1,<=0.5,,<=2,,,<=1,1,16,,<=8,<=1,<=0.5,<=0.12,8,<=0.5,<=0.5,<=8/4,<=0.5,<=1,8/4,32,,,,,,,,,,<=0.12,,,,,,,,,,,,,,,,,,,,,,,,,
573.46393,EKP,32,,,,64,,,,,,64,,,256,,128,,,,,64,0.5,,,,,,,8,,128,,,,,>256,,,,,,0.25,,,,,,,,,,,,,,,,,,,,,,,,,,>256,,,
573.4046,EKP,,,16,1,,,,,,,,16,,,,0.5,,32,,4,0.029999999,4,,,,,,,16,,,,,,,,,,,,,,,,,,,,,,,,,,,,,,,,,,128.0,,,,,,,,
573.4067,EKP,0.059999999,,16,0.12,,,,,,,0.25,16,,64,,0.5,,128,,8,4,2,,,,,,,32,,,,,,,,,,,,,,,,,,,,,,,,,,,,,,,,,,128.0,,,,,,,,
72407.2539,EKP,,<=4,,<=1,16,<=0.5,<=0.5,,,16,,,<=1,,<=1,>128,,<=2,,,2,1,>16,,<=8,<=1,>64,<=0.12,8,1,>64,16/8,<=0.5,>16,32/16,>64,,,,,,,,,,<=0.12,,,,,,,,,,,,,,,,,,,,,,,,,
72407.258,EKP,,32,,>8,>16,,>8,,>4,2,,>64/4,<=1,,1,>32,,<=2,,,>16,1,16,,<=8,<=1,>64,<=0.12,>16,<=0.5,>64,<=8/4,<=0.5,>16,16/8,>64,,,,,,1,,,,<=0.12,>16,,,,,,,,,,,,,,>128/2,,,,,,,,,,
573.66452,EKP,,,,,,>=16,,,>=8,>=64,>=4,,,,,>=64,,>=64,>=32,>=32,>=64,,,,,,,,,,,,,,,,,,,,,,,,,,,,,,,,,,,,,,,,,,,,,,,,,,
573.46375,EKP,,,,,64,,,,,,,,,256,,64,,,,,32,0.5,,,,,,,8,,128,,,,,>256,,,,,,0.125,,,,,,,,,,,,,,,,,,,,,,,,,,>256,,,
573.66287,EKP,,<=2,,>=16,,>=16,,,,,>=4,,,>=64,,>=64,>=64,>=64,>=32,>=32,>=64,,,,,,,,,,,,,,,,,,,,,,,,,,,,,,,,,,,,,,,,,,,,,,,,,,
573.7218,EKP,,<=4,,<=1,>16,>8,,>2/38,>4,>16,>2,>64/4,<=1,>16,0.19,,,,,,>16,<=1,,,,,,,,,>32,,,,,,,,,,,,,,,,,,,,,,,,,,,,,,,,,,,,,,,,
573.65968,EKP,<=0.5,,,>8,>16,<=0.5,,,,,,,8,,<=1,>128,,8,,,>16,1,16,,16,<=1,>64,1,4,2,>64,16/8,<=0.5,>16,32/16,<=4,,,,,,,,,,<=0.12,,,,,,,,,,,,,,,,,,,,,,,,,
1304921.4,EKP,>8,16,,2,>16,>8,>8,>4/76,>4,>16,>2,>64/4,>8,,<=0.25,>32,,,,,>16,0.5,,,,,,,4,,,,>2,,,,,,,,,0.5,,,,,4,,,,,,,,,,,,,,>128/2,,,,,,,,,,
573.24414,EKP,,<=16,,>16,>32,,,>8/152,,,>8,>128/4,,,=4,>64,,,>32,>32/16,>64,<1,,,,,,=32/4,,,>32,,>8,,,,,,,,>8,=4,,,,=16/4,,,,,,,,,,,,,,,,,,,,,,,,,
1284795.4,EKP,4,8,,>8,8,8,>8,>4/76,4,>16,>2,>64/4,>8,,<=0.25,16,,,,,>16,0.5,,,,,,,8,,,,>2,,,,,,,,,0.5,,,,,8,,,,,,,,,,,,,,>128/2,,,,,,,,,,
72407.2374,EKP,2,,,<=1,<=1,,,,,,1,<=4,,,8,64,,>32,,,>16,1,>16,,>16,16,>64,>32,>8,>32,>64,<=8/4,<=0.5,4,>32/16,>64,,,,,,,,,,16,,,,,,,,,,,,,,,,,,,,,,,,,
573.29998,EKP,>8,>32,,,,,,>4/76,>1,,,,,,<=1,,,,,,,1,16,<=1/4,>16,,,,,,,,,,,,,,,,,,,,,,,,,,,,,,,,,,,,,,,,,,,,,,
72407.256,EKP,,,,8,,,>8,>4/76,>4,>16,,,2,,0.5,>32,,,,,>16,0.5,,,,,,,>16,,,,>2,,,,,,,,,0.5,,,,,4,,,,,,,,,,,,,,>128/2,,,,,,,,,,
72407.2838,EKP,,,,,>16,,,,,,,>64,,,<=1,>128,,>32,,,>16,2,>16,,16,16,>64,1,4,>32,>64,>32/16,<=0.5,>16,>32/16,>64,,,,,,,,,,1,,,,,,,,,,,,,,,,,,,,,,,,,
72407.2642,EKP,<=0.5,,,,,,,,,,,<=4,,,<=1,>128,,8,,,<=1,1,<=4,,>16,<=1,>64,,2,1,>64,32/16,<=0.5,>16,32/16,>64,,,,,,,,,,<=0.12,,,,,,,,,,,,,,,,,,,,,,,,,
573.46386,EKP,,,,,,>32,>64,,,,,,,,,128,,,,,32,4,>256,,,,,,64,,256,,,,,>256,,,,,,0.5,,,,,,,,,,,,,,,,,,,,,,,,,,256,,,
573.66437,EKP,,,,<=1,>=32,,,,>=8,>=64,>=4,,,>=64,,>=64,,>=64,>=32,>=32,>=64,,,,,,,,,,,,,,,,,,,,,,,,,,,,,,,,,,,,,,,,,,,,,,,,,,
573.29879,EKP,,,,>4,,,,,>1,,>2,,,,<=1,,,,,,,0.5,,<=1/4,>16,,,,,,,,,,,,,,,,,,,,,,,,,,,,,,,,,,,,,,,,,,,,,,
573.66394,EKP,,<=2,,>=16,,,,,>=8,>=64,,,,,,>=64,,>=64,>=32,>=32,>=64,,,,,,,,,,,,,,,,,,,,,,,,,,,,,,,,,,,,,,,,,,,,,,,,,,
573.25568,EKP,,,2,,,>=4,,>64/128,,>64,>16,>128/,>=16,,<=0.25,>32,,,>64,,>64,2,<=23,,>64,,,,<=8,,,,,,>64/,,,,,>32,>64,<=0.25,,,,,,,,,,,,,,,,,,,,,,,,,,,,,
573.29948,EKP,,32,,,,,,>4/76,,,>2,,,,<=1,,,,,,,0.5,,2/4,>16,,,,,,,,,,,,,,,,,,,,,,,,,,,,,,,,,,,,,,,,,,,,,,
573.24261,EKP,=8,<1,,<0.25,>32,,,<=0.25/4.75,>8,>64,,,<0.5,>16,=2,>64,,,>32,>32/16,>128,=1,,,=16,,,>64/4,<4,,>32,,>8,,>32/16,,,,,,>8,=2,,,,>32/4,,,,,,,,,,,,,,,,,,,,,,,,,
573.30009,EKP,>8,,,,,,,>4/76,>1,,>2,,,,4,,,,,,,1,,<=1/4,>16,,,,,,,,,,,,,,,,,,,,,,,,,,,,,,,,,,,,,,,,,,,,,,
1328391.3,EKP,<=1,<=2,,<=1,,<=0.25,<=0.12,>=320,<=0.25,,<=0.25,,,<=4,,<=1,,,>=32,,<=1,<=2,,,,,,,,,,,,,>=32,,,,,,>=8,,,,,,,64,<=1,,,,,,,,,,,,,,,,,,,,,,
72407.2611,EKP,1,,,,,<=0.5,<=0.5,,,,1,16,,,2,>128,,<=2,,,>16,1,<=4,,<=8,<=1,>64,,4,1,>64,>32/16,<=0.5,>16,>32/16,>64,,,,,,,,,,<=0.12,,,,,,,,,,,,,,,,,,,,,,,,,
573.24446,EKP,,,,,,,>=8,,,>64,,,,>=32,=0.5,>64,,,>32,>=32/16,>128,<=2,,,,,,=64/4,,,>32,,=2,,,,,,,,>8,=0.5,,,,=32/4,,,,,,,,,,,,,,,,,,,,,,,,,
72407.2316,EKP,2,<=4,,<=1,4,4,<=0.5,<=1/19,,<=1,<=0.25,<=4,4,,4,16,,>32,,,>16,1,>16,,<=8,>32,>64,>32,4,>32,16,32/16,1,8,32/16,16,,,,,,,,,,16,,,,,,,,,,,,,,,,,,,,,,,,,
573.66552,EKP,,,,,,,,,>=8,>=64,,,,,,>=64,,>=64,>=32,>=32,>=64,,,,,,,,,,,,,,,,,,,,,,,,,,,,,,,,,,,,,,,,,,,,,,,,,,
574.27,EKP,,,>32,,,=4,,,,>64,>8,,,,=0.5,>128,,,>32,>32/16,>128,=1,,,,,,,,,>32,,=4,,>32/16,,,,,,>8,=0.5,,,,,,,,,,,,,,,,,,,,,,,,,,,,,
573.46847,EKP,,,,>8,,=64,,>8/152,2,,,,,,=1,,,,,>64/2,>64,=0.5,32,=32,,,,,,,>4,,,,,,,,>64/4,,,,,,,,,>64,,,,,,,,,,,,1,,,,,,,,,,,
573.65915,EKP,<=0.5,<=4,,<=1,2,,<=0.5,>2/38,,>16,1,,<=1,,<=1,64,,<=2,,,>16,1,16,,<=8,<=1,>64,<=0.12,4,<=0.5,>64,<=8/4,<=0.5,8,8/4,>64,,,,,,,,,,<=0.12,,,,,,,,,,,,,,,,,,,,,,,,,
573.30005,EKP,>8,,,2,,,,>4/76,>1,,,,,,<=1,,,,,,,1,,<=1/4,>16,,,,,,,,,,,,,,,,,,,,,,,,,,,,,,,,,,,,,,,,,,,,,,
573.24357,EKP,,<1,=8,>=16,>32,>8,,,>8,,>8,>128/4,,,=0.5,>64,,,>32,>32/16,>128,<=2,,,,,,=64/4,,,>32,,>8,,,,,,,,>8,=1,,,,=32/4,,,,,,,,,,,,,,,,,,,,,,,,,
72407.2612,EKP,<=0.5,,,,8,,,<=1/19,,4,,<=4,<=1,,<=1,64,,4,,,4,<=0.25,16,,<=8,<=1,64,,<=1,4,64,<=8/4,<=0.5,8,32/16,>64,,,,,,,,,,<=0.12,,,,,,,,,,,,,,,,,,,,,,,,,
72407.2561,EKP,,,,,,,,>2/38,,,,,,,<=1,32,,>32,,,>16,1,16,,<=8,32,>64,>32,2,>32,32,>32/16,2,8,>32/16,>64,,,,,,,,,,32,,,,,,,,,,,,,,,,,,,,,,,,,
72407.2503,EKP,,,,,,2,,<=1/19,,>16,,,,,<=1,128,,>32,,,>16,2,<=4,,16,>32,>64,8,8,>32,>64,>32/16,<=0.5,>16,>32/16,>64,,,,,,,,,,8,,,,,,,,,,,,,,,,,,,,,,,,,
573.29875,EKP,,>32,,>4,,,,<=1/19,>1,,>2,,,,<=1,,,,,,,1,16,<=1/4,>16,,,,,,,,,,,,,,,,,,,,,,,,,,,,,,,,,,,,,,,,,,,,,,
72407.2722,EKP,<=0.5,,,,4,<=0.5,1,,,,,,>8,,<=1,32,,16,,,>16,1,<=4,,<=8,16,64,1,<=1,4,32,16/8,<=0.5,16,>32/16,>64,,,,,,,,,,<=0.12,,,,,,,,,,,,,,,,,,,,,,,,,
573.46382,EKP,,,,,64,,32,,,,,,,,,>256,,,,,32,0.5,>256,,,,,,1,,>256,,,,,>256,,,,,,0.5,,,,,,,,,,,,,,,,,,,,,,,,,,>256,,,
72407.193,EKP,4,>32,,,4,2,,>4/76,,,>2,,,,0.5,16,,,,,>16,0.5,,,,,,,4,,,,2,,,,,,,,,1,,,,,4,,,,,,,,,,,,,,>128/2,,,,,,,,,,
574.109,EKP,<=0.5,,,<=1,,,<=0.5,,,,,,,,<=1,>128,,4,,,>16,<=0.25,<=4,,<=8,<=1,>64,<=0.12,<=1,1,>64,16/8,<=0.5,>16,32/16,16,,,,,,,,,,<=0.12,,,,,,,,,,,,,,,,,,,,,,,,,
72407.2495,EKP,,,,,,<=0.5,<=0.5,,,4,,,,,<=1,>128,,4,,,<=1,1,16,,<=8,<=1,>64,<=0.12,>8,1,>64,32/16,<=0.5,>16,32/16,64,,,,,,,,,,<=0.12,,,,,,,,,,,,,,,,,,,,,,,,,
72407.2608,EKP,,,,,>16,,,<=1/19,,16,1,,,,<=1,>128,,4,,,>16,1,<=4,,<=8,<=1,>64,,2,1,>64,32/16,<=0.5,>16,>32/16,>64,,,,,,,,,,<=0.12,,,,,,,,,,,,,,,,,,,,,,,,,
573.46387,EKP,,,,,128,,>64,,,,,,,256,,128,,,,,32,4,,,,,,,64,,256,,,,,>256,,,,,,0.125,,,,,,,,,,,,,,,,,,,,,,,,,,256,,,
1400165.3,EKP,,,,<=1,<=1,<=.25,,>8,,,<=.25,<=4,<=1,,,,,,,,<=1,,,,,,,,,,<=1,,,,4,,,,,,<=4,,,,,,,64,,,,,,,,,,,,,,,,,,,,,,,
574.79,EKP,,,,<=1,>16,8,8,>2/38,,,>4,>64,,,<=1,128,,>32,,,>16,1,16,,>16,>32,>64,>32,>8,>32,>64,>32/16,4,>16,>32/16,>64,,,,,,,,,,32,,,,,,,,,,,,,,,,,,,,,,,,,
573.66014,EKP,,>32,,,>16,,,,,,>4,,>8,,<=1,>128,,>32,,,>16,1,<=4,,<=8,>32,>64,>32,4,>32,>64,>32/16,>8,>16,>32/16,>64,,,,,,,,,,>32,,,,,,,,,,,,,,,,,,,,,,,,,
574.77,EKP,,,,,,1,8,,,,,,2,,<=1,16,,>32,,,>16,1,<=4,,>16,>32,64,>32,>8,>32,16,>32/16,<=0.5,8,>32/16,>64,,,,,,,,,,8,,,,,,,,,,,,,,,,,,,,,,,,,
72407.2218,EKP,<=0.5,<=4,,,8,<=0.5,<=0.5,<=1/19,,16,<=0.25,8,<=1,,<=1,128,,16,,,2,4,<=4,,16,<=1,>64,1,>8,8,>64,>32/16,<=0.5,>16,>32/16,>64,,,,,,,,,,,,,,,,,,,,,,,,,,,,,,,,,,,
573.66309,EKP,,,,2,,,,,>=8,>=64,,,,>=64,,>=64,,>=64,>=32,>=32,>=64,,,,,,,,,,,,,,,,,,,,,,,,,,,,,,,,,,,,,,,,,,,,,,,,,,
573.65966,EKP,<=0.5,<=4,,<=1,16,<=0.5,,<=1/19,,,,,<=1,,<=1,>128,,<=2,,,<=1,1,16,,>16,<=1,>64,<=0.12,4,<=0.5,>64,<=8/4,<=0.5,>16,16/8,>64,,,,,,,,,,<=0.12,,,,,,,,,,,,,,,,,,,,,,,,,
573.4064,EKP,0.25,,256,128,,,,,,,512,32,,32,,512,,256,,8,512,2,,,,,,,64,,,,,,,,,,,,,,,,,,,,,,,,,,,,,,,,,,512.0,,,,,,,,
573.24381,EKP,<0.5,<1,,<0.25,<0.5,,,<0.5/9.5,,,,,,=16,=0.5,>=4,,,>32,<2/4,>32,<=2,,,,,,=0.5/4,,,>8,,<0.12,,,,,,,,>8,=1,,,,=0.25/4,,,,,,,,,,,,,,,,,,,,,,,,,
72407.2814,EKP,,,,,,<=0.5,<=0.5,,,,<=0.25,,,,<=1,>128,,4,,,8,1,16,,<=8,<=1,>64,1,4,4,>64,32/16,<=0.5,>16,>32/16,>64,,,,,,,,,,<=0.12,,,,,,,,,,,,,,,,,,,,,,,,,
573.46406,EKP,32,,,,,32,,,,,>64,,,,,>256,,,,,64,0.5,,,,,,,8,,>256,,,,,>256,,,,,,0.125,,,,,,,,,,,,,,,,,,,,,,,,,,>256,,,
72407.2579,EKP,<=0.5,,,<=1,,,<=0.5,>2/38,,>16,,,,,<=1,>128,,8,,,>16,1,16,,<=8,2,>64,1,8,2,>64,>32/16,<=0.5,>16,>32/16,>64,,,,,,,,,,<=0.12,,,,,,,,,,,,,,,,,,,,,,,,,
573.46861,EKP,,>32,,,>16,,,,2,,,>128/4,,,<=0.5,,,,,>64/2,>64,=0.5,16,>32,,,,,,,>4,,,,,,,,>64/4,,,,,,,,,>64,,,,,,,,,,,,1,,,,,,,,,,,
573.24329,EKP,,<1,<=4,>=16,,,,>8/152,,,,,,,=8,>64,,,>32,>32/16,>128,<1,,,,,,=64/4,,,>32,,>8,,,,,,,,>8,=8,,,,=32/4,,,,,,,,,,,,,,,,,,,,,,,,,
573.24393,EKP,>64,<1,,,,>8,,,,,>8,,,,=1,>64,,,>32,>32/16,>128,<1,,,,,,=64/4,,,>32,,>8,,,,,,,,>8,=1,,,,=32/4,,,,,,,,,,,,,,,,,,,,,,,,,
573.66527,EKP,,,,>=16,,,,,>=8,,,,,>=64,,>=64,,>=64,>=32,>=32,>=64,,,,,,,,,,,,,,,,,,,,,,,,,,,,,,,,,,,,,,,,,,,,,,,,,,
573.7085,EKP,0.5,,256,2,,,,,,,256,128,,8,,0.5,,8,,32,0.25,4,,,,,,,16,,,,,,,,,,,,,,,,,,,,,,,,,,,,,,,,,,256.0,,,,,,,,
573.66003,EKP,2,<=4,,,>16,,,<=1/19,,>16,,8,,,<=1,>128,,>32,,,>16,2,16,,16,>32,>64,16,>8,>32,>64,>32/16,>8,>16,>32/16,>64,,,,,,,,,,>32,,,,,,,,,,,,,,,,,,,,,,,,,
72407.2664,EKP,,,,,,<=0.5,,,,,1,,,,<=1,>128,,4,,,<=1,1,<=4,,<=8,<=1,>64,<=0.12,>8,1,>64,32/16,<=0.5,>16,>32/16,>64,,,,,,,,,,<=0.12,,,,,,,,,,,,,,,,,,,,,,,,,
573.46399,EKP,>32,,,,,>32,,,,,,,,256,,256,,,,,64,1,>256,,,,,,32,,>256,,,,,>256,,,,,,0.5,,,,,,,,,,,,,,,,,,,,,,,,,,>256,,,
573.4211,EKP,0.5,,256,1,,,,,,,512,32,,16,,512,,256,,16,256,2,,,,,,,16,,,,,,,,,,,,,,,,,,,,,,,,,,,,,,,,,,512.0,,,,,,,,
72407.2335,EKP,,<=4,,,,,2,,,16,>4,<=4,,,<=1,>128,,4,,,8,1,16,,<=8,<=1,>64,<=0.12,4,1,>64,16/8,<=0.5,>16,16/8,>64,,,,,,,,,,<=0.12,,,,,,,,,,,,,,,,,,,,,,,,,
1304919.4,EKP,>8,16,,<=1,>16,>8,>8,<=0.5/9.5,>4,>16,>2,>64/4,>8,,>4,>32,,,,,>16,0.5,,,,,,,8,,,,>2,,,,,,,,,>4,,,,,8,,,,,,,,,,,,,,>128/2,,,,,,,,,,
573.66263,EKP,,,,,,,,,>=8,>=64,>=4,,,,,>=64,,>=64,>=32,>=32,32,,,,,,,,,,,,,,,,,,,,,,,,,,,,,,,,,,,,,,,,,,,,,,,,,,
573.66032,EKP,<=0.5,,,>8,,,<=0.5,,,8,1,,4,,<=1,16,,<=2,,,<=1,1,<=4,,>16,<=1,>64,,4,<=0.5,32,16/8,<=0.5,16,>32/16,>64,,,,,,,,,,<=0.12,,,,,,,,,,,,,,,,,,,,,,,,,
1284803.4,EKP,4,16,,>8,4,4,>8,>4/76,4,>16,>2,>64/4,>8,,<=0.25,16,,,,,>16,0.5,,,,,,,4,,,,2,,,,,,,,,0.5,,,,,4,,,,,,,,,,,,,,>128/2,,,,,,,,,,
72407.2769,EKP,,,,>8,>16,,>8,,,,>4,>64,,,<=1,>128,,>32,,,16,4,16,,>16,4,>64,1,>8,>32,>64,>32/16,<=0.5,>16,>32/16,>64,,,,,,,,,,1,,,,,,,,,,,,,,,,,,,,,,,,,
72407.2709,EKP,<=0.5,,,>8,>16,,<=0.5,>2/38,,>16,,,,,<=1,>128,,<=2,,,>16,1,<=4,,<=8,<=1,>64,<=0.12,4,<=0.5,>64,16/8,<=0.5,>16,32/16,>64,,,,,,,,,,<=0.12,,,,,,,,,,,,,,,,,,,,,,,,,
573.66383,EKP,,<=2,,,>=32,,,,,<=1,>=4,,,>=64,,>=64,,>=64,>=32,>=32,>=64,,,,,,,,,,,,,,,,,,,,,,,,,,,,,,,,,,,,,,,,,,,,,,,,,,
72407.2419,EKP,<=0.5,,,,>16,<=0.5,,,,>16,1,<=4,<=1,,<=1,>128,,8,,,>16,1,<=4,,<=8,<=1,>64,,>8,2,>64,32/16,<=0.5,>16,32/16,>64,,,,,,,,,,<=0.12,,,,,,,,,,,,,,,,,,,,,,,,,
573.29912,EKP,,8,,,,,,>4/76,>1,,>2,,,,<=1,,,,,,,1,16,<=1/4,>16,,,,,,,,,,,,,,,,,,,,,,,,,,,,,,,,,,,,,,,,,,,,,,
573.66357,EKP,,,,,,>=16,,,,,,,,>=64,,>=64,,>=64,>=32,>=32,>=64,,,,,,,,,,,,,,,,,,,,,,,,,,,,,,,,,,,,,,,,,,,,,,,,,,
573.7072,EKP,0.059999999,,256,128,,,,,,,512,128,,32,,128,,256,,16,64,4,,,,,,,64,,,,,,,,,,,,,,,,,,,,,,,,,,,,,,,,,,512.0,,,,,,,,
573.4164,EKP,0.25,,4,0.5,,,,,,,512,128,,32,,512,,256,,16,256,0.5,,,,,,,4,,,,,,,,,,,,,,,,,,,,,,,,,,,,,,,,,,512.0,,,,,,,,
573.4118,EKP,0.12,,256,0.5,,,,,,,0.5,,,16,,0.12,,16,,16,2,4,,,,,,,64,,,,,,,,,,,,,,,,,,,,,,,,,,,,,,,,,,512.0,,,,,,,,
573.46332,EKP,8,,,,,>32,32,,,,32,,,256,,128,,,,,>256,2,>256,,,,,,4,,256,,,,,>256,,,,,,0.25,,,,,,,,,,,,,,,,,,,,,,,,,,>256,,,
573.65943,EKP,,,,,<=1,<=0.5,,>2/38,,,,<=4,>8,,<=1,64,,>32,,,>16,1,16,,>16,16,>64,>32,>8,32,64,<=8/4,<=0.5,4,>32/16,>64,,,,,,,,,,16,,,,,,,,,,,,,,,,,,,,,,,,,
72407.2779,EKP,,,,,,<=0.5,<=0.5,>2/38,,2,2,<=4,,,<=1,128,,4,,,<=1,1,16,,>16,<=1,>64,<=0.12,>8,<=0.5,>64,16/8,<=0.5,16,32/16,8,,,,,,,,,,<=0.12,,,,,,,,,,,,,,,,,,,,,,,,,
72407.272,EKP,<=1,,,4,<=2,,<=1,,<=0.25,,,<=8/4,,,1,32,,,,,>16,0.5,,,,,,,4,,,,<=0.12,,,,,,,,,2,,,,,4,,,,,,,,,,,,,,128/2,,,,,,,,,,
573.66462,EKP,,<=2,,<=1,2,,,,<=0.12,,0.5,,,<=4,,32,,>=64,>=32,16,0.5,,,,,,,,,,,,,,,,,,,,,,,,,,,,,,,,,,,,,,,,,,,,,,,,,,
72407.2407,EKP,,,,<=1,2,,,>2/38,,<=1,1,<=4,<=1,,<=1,64,,<=2,,,<=1,1,16,,<=8,<=1,>64,<=0.12,4,<=0.5,>64,<=8/4,<=0.5,16,16/8,>64,,,,,,,,,,<=0.12,,,,,,,,,,,,,,,,,,,,,,,,,
573.66228,EKP,,,,,>=32,,,,>=8,,>=4,,,>=64,,>=64,,>=64,>=32,>=32,>=64,,,,,,,,,,,,,,,,,,,,,,,,,,,,,,,,,,,,,,,,,,,,,,,,,,
573.5645,EKP,>=16,>64,>64,>64,>=16,,,,,>64,>16,,>64,64,16,>32,,,>64,,>64,,,,>=32,,,,>=8,,,,,,>64/,,,,,>32,>64,8,,,,,,,,,,,,,,,,,,,,,,,,,,,,,
573.30002,EKP,>8,<=4,,,,16,,,,,>2,,,,<=1,,,,,,,0.5,<=4,<=1/4,<=8,,,,,,,,,,,,,,,,,,,,,,,,,,,,,,,,,,,,,,,,,,,,,,
573.24243,EKP,=64,,,>16,>32,>8,>8,,>8,>64,,>128/4,,>16,=1,>64,,,>32,>32/16,>128,=2,,,>16,,,>64/4,=8,,>32,,>8,,>32/16,,,,,,>8,=0.5,,,,>32/4,,,,,,,,,,,,,,,,,,,,,,,,,
573.65904,EKP,,,,,>16,,,,,,4,,,,<=1,>128,,4,,,16,1,16,,<=8,<=1,>64,<=0.12,4,1,>64,16/8,<=0.5,>16,32/16,>64,,,,,,,,,,<=0.12,,,,,,,,,,,,,,,,,,,,,,,,,
72407.2563,EKP,2,,,,,1,<=0.5,,,,1,,8,,2,16,,>32,,,>16,1,16,,<=8,32,>64,>32,<=1,>32,32,>32/16,1,8,>32/16,>64,,,,,,,,,,8,,,,,,,,,,,,,,,,,,,,,,,,,
573.66226,EKP,,,,,,,,,,,>=4,,,,,>=64,,>=64,>=32,>=32,>=64,,,,,,,,,,,,,,,,,,,,,,,,,,,,,,,,,,,,,,,,,,,,,,,,,,
573.24432,EKP,>8,,<=4,>16,,,,>8/152,>8,,>8,,,>=32,=1,>64,,,>32,>32/16,>128,<1,,,,,,=64/4,,,>32,,>=4,,,,,,,,>8,=1,,,,=32/4,,,,,,,,,,,,,,,,,,,,,,,,,
573.65934,EKP,<=0.5,<=4,,,,<=0.5,,>2/38,,,,,>8,,<=1,>128,,4,,,>16,1,16,,>16,2,>64,1,>8,1,>64,16/8,<=0.5,>16,>32/16,>64,,,,,,,,,,<=0.12,,,,,,,,,,,,,,,,,,,,,,,,,
573.66372,EKP,,<=2,,,>=32,>=16,,,,<=1,>=4,,,,,>=64,,>=64,>=32,>=32,>=64,,,,,,,,,,,,,,,,,,,,,,,,,,,,,,,,,,,,,,,,,,,,,,,,,,
573.65925,EKP,<=0.5,,,,>16,<=0.5,,,,>16,<=0.25,<=4,,,<=1,>128,,<=2,,,>16,<=0.25,>16,,<=8,<=1,>64,<=0.12,<=1,1,>64,<=8/4,<=0.5,>16,16/8,>64,,,,,,,,,,<=0.12,,,,,,,,,,,,,,,,,,,,,,,,,
573.66423,EKP,,,,<=1,,>=16,,,,,,,,,,>=64,,>=64,>=32,>=32,>=64,,,,,,,,,,,,,,,,,,,,,,,,,,,,,,,,,,,,,,,,,,,,,,,,,,
72407.2363,EKP,,>32,,>8,>16,,>8,>2/38,,,,,,,<=1,>128,,>32,,,>16,1,>16,,>16,>32,>64,>32,4,>32,>64,>32/16,>8,>16,>32/16,>64,,,,,,,,,,>32,,,,,,,,,,,,,,,,,,,,,,,,,
573.66451,EKP,,16,,,,>=16,,,,16,>=4,,,,,>=64,,>=64,>=32,>=32,>=64,,,,,,,,,,,,,,,,,,,,,,,,,,,,,,,,,,,,,,,,,,,,,,,,,,
72407.2432,EKP,<=0.5,8,,,,<=0.5,,>2/38,,>16,,,>8,,<=1,>128,,4,,,>16,1,16,,<=8,2,>64,<=0.12,2,1,>64,16/8,<=0.5,>16,32/16,>64,,,,,,,,,,<=0.12,,,,,,,,,,,,,,,,,,,,,,,,,
72407.2193,EKP,,<=4,,>8,16,,,,,,,,,,<=1,>128,,8,,,2,2,<=4,,>16,<=1,>64,,>8,4,>64,16/8,<=0.5,>16,32/16,>64,,,,,,,,,,<=0.12,,,,,,,,,,,,,,,,,,,,,,,,,
573.65963,EKP,<=0.5,,,>8,>16,,,,,>16,,,8,,<=1,>128,,4,,,16,1,>16,,<=8,<=1,>64,1,4,2,>64,>32/16,<=0.5,>16,>32/16,16,,,,,,,,,,<=0.12,,,,,,,,,,,,,,,,,,,,,,,,,
1328421.3,EKP,,>32,8,>8,16,>8,,>8,,,>2,,>8,,>4,,,,,,>32,2,,,,,,,,,>32,,,,>16,,,,,,>32,,,,,,,,,,,,,,,,,,,,,,,,,,,,,,
573.29873,EKP,,,,<=1,,128,,,>1,,>2,,,,<=1,,,,,,,0.5,16,<=1/4,>16,,,,,,,,,,,,,,,,,,,,,,,,,,,,,,,,,,,,,,,,,,,,,,
573.65956,EKP,,,,>8,,,,,,<=1,1,<=4,4,,<=1,4,,>32,,,4,2,<=4,,<=8,32,32,32,4,>32,1,<=8/4,<=0.5,<=1,>32/16,>64,,,,,,,,,,8,,,,,,,,,,,,,,,,,,,,,,,,,
573.29993,EKP,8,16,,,,,,,>1,,,,,,<=1,,,,,,,0.5,>128,<=1/4,>16,,,,,,,,,,,,,,,,,,,,,,,,,,,,,,,,,,,,,,,,,,,,,,
573.7223,EKP,,<=4,,<=1,>16,>8,,>2/38,>4,>16,2,>64/4,<=1,>16,0.19,,,,,,>16,<=1,,,,,,,,,>32,,,,,,,,,,,,,,,,,,,,,,,,,,,,,,,,,,,,,,,,
72407.2674,EKP,<=0.5,<=4,,,>16,<=0.5,,,,>16,,,,,<=1,>128,,<=2,,,>16,1,<=4,,<=8,<=1,>64,<=0.12,4,1,>64,32/16,<=0.5,>16,>32/16,>64,,,,,,,,,,<=0.12,,,,,,,,,,,,,,,,,,,,,,,,,
573.66277,EKP,,<=2,,<=1,,>=16,,,>=8,,>=4,,,,,>=64,>=64,>=64,>=32,>=32,16,,,,,,,,,,,,,,,,,,,,,,,,,,,,,,,,,,,,,,,,,,,,,,,,,,
72407.261,EKP,1,32,,>8,>16,<=0.5,,,,>16,,>64/4,<=1,,<=1,>32,,<=2,,,16,2,<=4,,<=8,<=1,>64,<=0.12,4,1,>64,32/16,>2,>16,>32/16,>64,,,,,,>4,,,,<=0.12,>16,,,,,,,,,,,,,,>128/2,,,,,,,,,,
72407.2275,EKP,,,,<=1,,<=0.5,,,,>16,2,<=4,,,<=1,>128,,4,,,2,1,16,,>16,<=1,>64,,4,2,>64,32/16,<=0.5,>16,>32/16,>64,,,,,,,,,,<=0.12,,,,,,,,,,,,,,,,,,,,,,,,,
72407.2315,EKP,4,,,<=1,,,,,,,<=0.25,<=4,,,<=1,64,,>32,,,>16,1,>16,,<=8,>32,>64,>32,4,>32,64,>32/16,4,8,32/16,32,,,,,,,,,,32,,,,,,,,,,,,,,,,,,,,,,,,,
573.24444,EKP,>16,,,>16,,,,,>8,>64,,,>16,,=0.25,>64,,,>32,>32/16,>128,=4,,,,,,=64/4,,,>32,,>8,,,,,,,,>8,=0.25,,,,=32/4,,,,,,,,,,,,,,,,,,,,,,,,,
1284804.4,EKP,>8,16,,2,>16,>8,>8,>4/76,>4,>16,>2,>64/4,>8,,<=0.25,>32,,,,,>16,1,,,,,,,8,,,,>2,,,,,,,,,0.5,,,,,8,,,,,,,,,,,,,,>128/2,,,,,,,,,,
1284793.4,EKP,>8,16,,>8,>16,>8,>8,>4/76,>4,>16,>2,>64/4,>8,,<=0.25,>32,,,,,>16,1,,,,,,,16,,,,>2,,,,,,,,,0.5,,,,,16,,,,,,,,,,,,,,>128/2,,,,,,,,,,
573.66281,EKP,,<=2,,<=1,,1,,,,,>=4,,,<=4,,>=64,>=64,>=64,>=32,>=32,>=64,,,,,,,,,,,,,,,,,,,,,,,,,,,,,,,,,,,,,,,,,,,,,,,,,,
573.66343,EKP,,<=2,,<=1,>=64,>=16,,,,>=64,,,,,,>=64,>=64,>=64,>=32,>=32,>=64,,,,,,,,,,,,,,,,,,,,,,,,,,,,,,,,,,,,,,,,,,,,,,,,,,
573.24342,EKP,,,<2,=8,,>=4,,<0.25/4.75,>4,,<=1,,,,=0.5,>=4,,,>32,>=32/16,>32,<1,,,,,,=4/4,,,>32,,=2,,,,,,,,>8,=0.5,,,,=0.5/4,,,,,,,,,,,,,,,,,,,,,,,,,
573.46348,EKP,16,>256,,,128,,,,,,32,,,,,128,,,,,64,1,>256,,,,,,32,,256,,,,,>256,,,,,,0.125,,,,,,,,,,,,,,,,,,,,,,,,,,>256,,,
573.66247,EKP,,16,,8,,,,,>=8,,,,,,,>=64,,>=64,>=32,>=32,>=64,,,,,,,,,,,,,,,,,,,,,,,,,,,,,,,,,,,,,,,,,,,,,,,,,,
573.66444,EKP,,<=2,,<=1,,,,,,>=64,>=4,,,,,>=64,,>=64,>=32,>=32,32,,,,,,,,,,,,,,,,,,,,,,,,,,,,,,,,,,,,,,,,,,,,,,,,,,
72407.2185,EKP,,<=4,,,4,,,,,4,>4,<=4,,,<=1,64,,8,,,<=1,1,<=4,,<=8,<=1,>64,,4,2,64,<=8/4,<=0.5,16,16/8,>64,,,,,,,,,,<=0.12,,,,,,,,,,,,,,,,,,,,,,,,,
573.9722,EKP,=64,,,,>32,,,>8/152,,,>8,,,,=1,>64,,,>32,>32/16,>128,=2,,,,,,,,,>32,,>8,,>32/16,,,,,,>8,=0.5,,,,,,,,,,,,,,,,,,,,,,,,,,,,,
72407.2179,EKP,<=0.5,<=4,,,<=1,<=0.5,<=0.5,,,,<=0.25,,<=1,,<=1,<=0.5,,4,,,<=1,1,>16,,<=8,<=1,<=0.5,,2,2,<=0.5,<=8/4,<=0.5,<=1,8/4,32,,,,,,,,,,<=0.12,,,,,,,,,,,,,,,,,,,,,,,,,
573.7086,EKP,0.12,,2,128,,,,,,,128,32,,8,,256,,256,,16,64,1,,,,,,,2,,,,,,,,,,,,,,,,,,,,,,,,,,,,,,,,,,512.0,,,,,,,,
573.66008,EKP,,,,,,,,,,,,<=4,,,<=1,>128,,8,,,>16,2,<=4,,>16,<=1,>64,,>8,2,>64,<=8/4,<=0.5,>16,16/8,>64,,,,,,,,,,<=0.12,,,,,,,,,,,,,,,,,,,,,,,,,
72407.2414,EKP,<=0.5,<=4,,,,<=0.5,,,,2,,<=4,,,<=1,16,,>32,,,>16,1,<=4,,<=8,32,>64,>32,<=1,32,2,<=8/4,<=0.5,<=1,>32/16,>64,,,,,,,,,,32,,,,,,,,,,,,,,,,,,,,,,,,,
573.66388,EKP,,,,,,>=16,,,,>=64,>=4,,,,,>=64,,>=64,>=32,>=32,32,,,,,,,,,,,,,,,,,,,,,,,,,,,,,,,,,,,,,,,,,,,,,,,,,,
72407.2491,EKP,1,<=4,,>8,>16,,,,,,,>64,,,<=1,>128,,>32,,,>16,2,>16,,<=8,32,>64,1,8,>32,>64,>32/16,4,>16,>32/16,>64,,,,,,,,,,1,,,,,,,,,,,,,,,,,,,,,,,,,
573.7067,EKP,0.12,,2,0.5,,,,,,,64,8,,4,,0.12,,128,,16,0.25,1,,,,,,,16,,,,,,,,,,,,,,,,,,,,,,,,,,,,,,,,,,256.0,,,,,,,,
573.66484,EKP,,<=2,,<=1,>=32,>=16,,,>=8,,>=4,,,,,>=64,,>=64,>=32,>=32,>=64,,,,,,,,,,,,,,,,,,,,,,,,,,,,,,,,,,,,,,,,,,,,,,,,,,
573.46837,EKP,,=4,,,,,,,2,,,>128/4,,,<=0.5,,,,,>64/2,>64,<=0.25,4,>32,,,,,,,>4,,,,,,,,>64/4,,,,,,,,,>64,,,,,,,,,,,,1,,,,,,,,,,,
573.29992,EKP,8,>32,,,,32,,,>1,,,,,,4,,,,,,,0.5,<=4,<=1/4,>16,,,,,,,,,,,,,,,,,,,,,,,,,,,,,,,,,,,,,,,,,,,,,,
573.46854,EKP,,>32,,>8,>16,=64,,>8/152,,1,>1,,,,<=0.5,,,,,>64/2,>64,=0.5,16,>32,,,,,,,>4,,,,,,,,>64/4,,,,,,,,,>64,,,,,,,,,,,,2,,,,,,,,,,,
72407.2666,EKP,,,,<=1,>16,<=0.5,,<=1/19,,>16,1,,,,<=1,>128,,4,,,>16,1,<=4,,>16,<=1,>64,,4,2,>64,16/8,<=0.5,>16,32/16,>64,,,,,,,,,,<=0.12,,,,,,,,,,,,,,,,,,,,,,,,,
573.7029,EKP,=16,=32,=16,=2,>32,>8,>8,>8/152,>8,>64,>8,>128/4,>16,>16,,>128,,,>32,>32/16,>128,=2,,,,,,,,,>32,,=8,,>32/16,,,,,,>8,=4,,,,,,,,,,,,,,,,,,,,,,,,,,,,,
573.24353,EKP,>8,<1,>32,<0.25,,,<1,,,>64,,>128/4,<0.5,<=8,=0.5,>64,,,>32,>32/16,>64,<0.5,,,,,,=16/4,,,>32,,>8,,,,,,,,>8,=0.5,,,,=2/4,,,,,,,,,,,,,,,,,,,,,,,,,
573.4139,EKP,0.25,,,,,,,,,,0.12,,,16,,0.12,,16,,4,0.25,2,,,,,,,8,,,,,,,,,,,,,,,,,,,,,,,,,,,,,,,,,,256.0,,,,,,,,
573.66313,EKP,,32,,4,>=32,,,,>=8,,>=4,,,,,>=64,,>=64,>=32,>=32,>=64,,,,,,,,,,,,,,,,,,,,,,,,,,,,,,,,,,,,,,,,,,,,,,,,,,
72407.2462,EKP,,,,<=1,,,,,,>16,,,<=1,,<=1,>128,,8,,,>16,1,>16,,<=8,<=1,>64,,2,2,>64,16/8,<=0.5,>16,>32/16,>64,,,,,,,,,,<=0.12,,,,,,,,,,,,,,,,,,,,,,,,,
573.4144,EKP,1,,,,,,,,,,0.25,64,,16,,0.12,,16,,32,0.5,2,,,,,,,8,,,,,,,,,,,,,,,,,,,,,,,,,,,,,,,,,,512.0,,,,,,,,
573.4071,EKP,0.12,,2,64,,,,,,,0.059999999,8,,16,,16,,64,,16,512,0.5,,,,,,,2,,,,,,,,,,,,,,,,,,,,,,,,,,,,,,,,,,512.0,,,,,,,,
573.29976,EKP,,8,,<=1,,,,>4/76,>1,,>2,,,,>8,,,,,,,>4,,2/4,>16,,,,,,,,,,,,,,,,,,,,,,,,,,,,,,,,,,,,,,,,,,,,,,
573.29919,EKP,>8,,,,,128,,>4/76,,,>2,,,,>8,,,,,,,1,,<=1/4,>16,,,,,,,,,,,,,,,,,,,,,,,,,,,,,,,,,,,,,,,,,,,,,,
573.66058,EKP,,,,,<=1,<=0.5,<=0.5,,,,<=0.25,<=4,,,<=1,<=0.5,,<=2,,,<=1,1,<=4,,<=8,<=1,<=0.5,<=0.12,<=1,1,<=0.5,<=8/4,<=0.5,<=1,<=4/2,8,,,,,,,,,,<=0.12,,,,,,,,,,,,,,,,,,,,,,,,,
573.31617,EKP,>16,>64,,<=1,,,,,>=8,,,,,>=64,>16,>=64,,,>=32,16,>=64,4,32,,,,,,,,,,,,,,,,,,,,,,,,,,,,,,,,,,,,,,,>320,,,,,,,,,
573.66336,EKP,,,,,>=64,>=16,,,,,>=4,,,>=64,,>=64,>=64,>=64,>=32,>=32,16,,,,,,,,,,,,,,,,,,,,,,,,,,,,,,,,,,,,,,,,,,,,,,,,,,
72407.2681,EKP,,,,,,<=0.5,,,,>16,,<=4,,,<=1,>128,,4,,,>16,1,<=4,,<=8,<=1,>64,<=0.12,4,1,>64,16/8,<=0.5,>16,32/16,>64,,,,,,,,,,<=0.12,,,,,,,,,,,,,,,,,,,,,,,,,
573.24335,EKP,>16,,,>=16,>32,>8,>8,>8/152,>8,>64,>8,,,>=32,=0.5,>64,,,>32,>32/16,>64,<1,,,,,,=32/4,,,>32,,>8,,,,,,,,>8,=1,,,,=16/4,,,,,,,,,,,,,,,,,,,,,,,,,
72407.254,EKP,,32,,8,>16,>8,<=0.5,>4/76,>4,,,,<=1,,2,>32,,4,,,<=1,2,>16,,<=8,<=1,>64,<=0.12,16,1,>64,16/8,<=0.5,>16,32/16,>64,,,,,,1,,,,<=0.12,16,,,,,,,,,,,,,,>128/2,,,,,,,,,,
573.66057,EKP,,<=4,,<=1,,,<=0.5,<=1/19,,,<=0.25,<=4,<=1,,<=1,>128,,<=2,,,2,1,>16,,<=8,<=1,>64,<=0.12,<=1,<=0.5,>64,16/8,<=0.5,>16,32/16,>64,,,,,,,,,,<=0.12,,,,,,,,,,,,,,,,,,,,,,,,,
573.29903,EKP,>8,,,,,>128,,>4/76,>1,,,,,,4,,,,,,,1,16,4/4,>16,,,,,,,,,,,,,,,,,,,,,,,,,,,,,,,,,,,,,,,,,,,,,,
72407.2476,EKP,,8,,,,,,>2/38,,,,32,,,<=1,>128,,>32,,,>16,>4,>16,,>16,8,>64,1,>8,>32,>64,>32/16,1,>16,>32/16,>64,,,,,,,,,,1,,,,,,,,,,,,,,,,,,,,,,,,,
72407.2423,EKP,,<=4,,<=1,2,,,,,<=1,1,,,,<=1,1,,>32,,,<=1,1,16,,>16,8,2,,8,>32,<=0.5,16/8,<=0.5,2,>32/16,>64,,,,,,,,,,1,,,,,,,,,,,,,,,,,,,,,,,,,
573.66333,EKP,,,,,,,,,>=8,,>=4,,,>=64,,>=64,>=64,>=64,>=32,>=32,>=64,,,,,,,,,,,,,,,,,,,,,,,,,,,,,,,,,,,,,,,,,,,,,,,,,,
573.24383,EKP,,,,>16,,<0.12,,>8/152,<0.25,>64,>8,,,,=1,>64,,,>32,=16/8,>128,=4,,,,,,=2/4,,,>32,,<0.25,,,,,,,,>8,=1,,,,=0.5/4,,,,,,,,,,,,,,,,,,,,,,,,,
573.7071,EKP,0.5,,8,0.5,,,,,,,0.12,32,,64,,0.25,,32,,8,0.5,2,,,,,,,8,,,,,,,,,,,,,,,,,,,,,,,,,,,,,,,,,,512.0,,,,,,,,
573.30004,EKP,>8,,,,,32,,>4/76,>1,,,,,,<=1,,,,,,,1,8,<=1/4,>16,,,,,,,,,,,,,,,,,,,,,,,,,,,,,,,,,,,,,,,,,,,,,,
574.12,EKP,,,,,,<=0.5,,,,<=1,,,,,<=1,8,,>32,,,>16,1,16,,<=8,32,>64,>32,2,>32,16,32/16,1,8,>32/16,64,,,,,,,,,,16,,,,,,,,,,,,,,,,,,,,,,,,,
573.24454,EKP,,,<=4,,,>8,,,>8,,>8,,,>=32,=0.5,>64,,,>32,>32/16,>128,<1,,,,,,=64/4,,,>32,,>8,,,,,,,,>8,=0.5,,,,=32/4,,,,,,,,,,,,,,,,,,,,,,,,,
573.66331,EKP,,,,,>=64,,,,>=8,>=64,>=4,,,,,>=64,>=64,>=64,>=32,>=32,>=64,,,,,,,,,,,,,,,,,,,,,,,,,,,,,,,,,,,,,,,,,,,,,,,,,,
573.22561,EKP,0.125,,64,,,,,8,,,8,256,,,0.125,,,,,,1,2,>256,,,,,,,,,,,,,,,,,,,,,,,,,256,,,,,,,,,,,,,,,,,,,,,,,
573.66354,EKP,,32,,4,,,,,,,,,,>=64,,>=64,,>=64,>=32,>=32,>=64,,,,,,,,,,,,,,,,,,,,,,,,,,,,,,,,,,,,,,,,,,,,,,,,,,
72407.267,EKP,8,<=4,,,>16,>8,>8,>4/76,>4,,<=0.25,8,,,<=1,>32,,8,,,>16,<=0.25,>16,,<=8,<=1,>64,<=0.12,>16,1,>64,32/16,<=0.5,>16,>32/16,>64,,,,,,1,,,,1,16,,,,,,,,,,,,,,>128/2,,,,,,,,,,
573.12772,EKP,>64,,,>16,,,>8,,>8,,,,,>32,,>64,,,>64,>32/16,>128,,,,,,,,,,>64,,>8,,,,,,,,>32,=2,,,,,,,,,,,,,,,,,,,,,,,,,,,,,
574.114,EKP,,,,,,4,<=0.5,,,4,,>64,<=1,,<=1,2,,>32,,,16,1,>16,,>16,8,8,16,>8,>32,2,>32/16,2,>16,>32/16,>64,,,,,,,,,,1,,,,,,,,,,,,,,,,,,,,,,,,,
573.66459,EKP,,<=2,,,,,,,,,,,,>=64,,>=64,,>=64,>=32,>=32,>=64,,,,,,,,,,,,,,,,,,,,,,,,,,,,,,,,,,,,,,,,,,,,,,,,,,
573.66463,EKP,,,,,,,,,,>=64,,,,,,>=64,,>=64,>=32,>=32,>=64,,,,,,,,,,,,,,,,,,,,,,,,,,,,,,,,,,,,,,,,,,,,,,,,,,
72407.2213,EKP,,,,,>16,,>8,,,,,>64,>8,,<=1,128,,>32,,,>16,1,16,,>16,16,>64,32,>8,>32,>64,>32/16,<=0.5,>16,>32/16,>64,,,,,,,,,,4,,,,,,,,,,,,,,,,,,,,,,,,,
72407.2428,EKP,<=0.5,,,8,8,,<=0.5,,,>16,,<=4,,,<=1,64,,<=2,,,>16,<=0.25,<=4,,16,<=1,64,<=0.12,<=1,<=0.5,32,<=8/4,<=0.5,8,8/4,>64,,,,,,,,,,<=0.12,,,,,,,,,,,,,,,,,,,,,,,,,
72407.2871,EKP,,,,,<=1,,<=0.5,>2/38,,,1,,,,<=1,64,,>32,,,16,<=0.25,<=4,,>16,32,32,>32,>8,>32,2,16/8,<=0.5,4,>32/16,8,,,,,,,,,,8,,,,,,,,,,,,,,,,,,,,,,,,,
573.29939,EKP,8,,,,,64,,<=1/19,>1,,,,,,<=1,,,,,,,0.5,<=4,4/4,<=8,,,,,,,,,,,,,,,,,,,,,,,,,,,,,,,,,,,,,,,,,,,,,,
573.65987,EKP,<=0.5,,,,>16,,,,,,4,,>8,,<=1,>128,,<=2,,,>16,1,<=4,,<=8,<=1,>64,<=0.12,4,<=0.5,>64,16/8,<=0.5,>16,32/16,>64,,,,,,,,,,<=0.12,,,,,,,,,,,,,,,,,,,,,,,,,
573.66347,EKP,,,,>=16,>=64,,,,,>=64,,,,,,>=64,>=64,>=64,>=32,>=32,>=64,,,,,,,,,,,,,,,,,,,,,,,,,,,,,,,,,,,,,,,,,,,,,,,,,,
72407.2639,EKP,,8,,<=1,,,,2/38,,,,,>8,,<=1,>128,,4,,,>16,<=0.25,>16,,>16,<=1,>64,1,<=1,2,>64,<=8/4,<=0.5,>16,32/16,>64,,,,,,,,,,<=0.12,,,,,,,,,,,,,,,,,,,,,,,,,
573.46851,EKP,,>32,,,,,,>8/152,,,>1,>128/4,,,=1,,,,,>64/2,>64,=0.5,>128,>32,,,,,,,>4,,,,,,,,>64/4,,,,,,,,,>64,,,,,,,,,,,,1,,,,,,,,,,,
573.1542,EKP,=16,=16,=4,>16,=32,,>8,,>8,>64,>8,>128/4,,>32,,>64,,,>64,>32/16,>128,,,,,,,,,,>64,,>8,,,,,,,,>32,=2,,,,,,,,,,,,,,,,,,,,,,,,,,,,,
573.66556,EKP,,,,<=1,>=32,>=16,,,>=8,>=64,,,,>=64,,>=64,,>=64,>=32,>=32,32,,,,,,,,,,,,,,,,,,,,,,,,,,,,,,,,,,,,,,,,,,,,,,,,,,
72407.2226,EKP,,,,<=1,,,,>2/38,,>16,,,,,<=1,>128,,<=2,,,4,1,16,,<=8,<=1,>64,,4,2,>64,>32/16,<=0.5,>16,>32/16,>64,,,,,,,,,,<=0.12,,,,,,,,,,,,,,,,,,,,,,,,,
573.46333,EKP,>32,,,,128,,,,,,>64,,,,,256,,,,,128,8,>256,,,,,,64,,>256,,,,,>256,,,,,,0.125,,,,,,,,,,,,,,,,,,,,,,,,,,>256,,,
1284822.3,EKP,4,16,,>8,4,8,>8,>4/76,>4,>16,>2,>64/4,>8,,<=0.25,16,,,,,>16,0.5,,,,,,,4,,,,2,,,,,,,,,0.5,,,,,4,,,,,,,,,,,,,,>128/2,,,,,,,,,,
573.65906,EKP,,,,<=1,>16,1,<=0.5,,,>16,<=0.25,8,<=1,,<=1,>128,,16,,,>16,2,16,,16,<=1,>64,1,8,4,>64,>32/16,<=0.5,>16,32/16,>64,,,,,,,,,,,,,,,,,,,,,,,,,,,,,,,,,,,
573.66212,EKP,,,,,,,,,,>=64,>=4,,,,,>=64,,>=64,>=32,>=32,>=64,,,,,,,,,,,,,,,,,,,,,,,,,,,,,,,,,,,,,,,,,,,,,,,,,,
574.66,EKP,<=0.5,<=4,,,>16,,4,>2/38,,8,4,,,,<=1,>128,,<=2,,,<=1,1,>16,,16,<=1,>64,<=0.12,4,<=0.5,>64,32/16,<=0.5,>16,>32/16,>64,,,,,,,,,,<=0.12,,,,,,,,,,,,,,,,,,,,,,,,,
574.11,EKP,<=0.5,,,>8,>16,<=0.5,,>2/38,,,,,,,<=1,>128,,4,,,2,1,<=4,,<=8,<=1,>64,<=0.12,4,1,>64,>32/16,<=0.5,>16,>32/16,>64,,,,,,,,,,<=0.12,,,,,,,,,,,,,,,,,,,,,,,,,
573.17914,EKP,=16,,,,>32,>8,>8,,,,,>128/4,,,<=0.25,>64,,,>32,,=128,=1,,=1/4,,,,,,,>32,,>8,,>32/16,,,,=64/4,,>8,=0.5,,,,,,,,,,,,,,,,,,,,,,,,,,,,,
573.24269,EKP,,,<2,,,,,=0.5/9.5,>8,,,,,>16,=1,=8,,,>32,>32/16,<1,<0.5,,,=8,,,<0.5/4,<4,,=2,,=8,,>32/16,,,,,,>8,=1,,,,=8/4,,,,,,,,,,,,,,,,,,,,,,,,,
573.66311,EKP,,,,4,>=32,>=16,,,,,,,,,,>=64,,>=64,>=32,>=32,>=64,,,,,,,,,,,,,,,,,,,,,,,,,,,,,,,,,,,,,,,,,,,,,,,,,,
573.46371,EKP,16,>256,,,64,>32,,,,,64,,,>256,,128,,,,,64,1,>256,,,,,,8,,256,,,,,>256,,,,,,0.5,,,,,,,,,,,,,,,,,,,,,,,,,,>256,,,
1328393.3,EKP,<=1,<=2,,<=1,,<=0.25,<=0.25,<=20,<=0.25,,<=0.25,,,<=4,,<=1,,,>=32,,<=1,<=2,,,,,,,,,,,,,8,,,,,,<=2,,,,,,,32,<=1,,,,,,,,,,,,,,,,,,,,,,
72407.199,EKP,8,32,,,,>8,>8,>4/76,>4,>16,,>64/4,,,0.5,16,,,,,>16,0.5,,,,,,,8,,,,>2,,,,,,,,,1,,,,,8,,,,,,,,,,,,,,>128/2,,,,,,,,,,
573.66554,EKP,,,,<=1,>=32,,,,>=8,,>=4,,,>=64,,>=64,,>=64,>=32,>=32,>=64,,,,,,,,,,,,,,,,,,,,,,,,,,,,,,,,,,,,,,,,,,,,,,,,,,
72407.2855,EKP,<=0.5,<=4,,,,<=0.5,1,>2/38,,16,,<=4,,,<=1,>128,,>32,,,>16,1,16,,>16,8,>64,>32,4,32,>64,32/16,<=0.5,>16,>32/16,>64,,,,,,,,,,8,,,,,,,,,,,,,,,,,,,,,,,,,
72407.2429,EKP,,,,,,<=0.5,,>2/38,,,1,,4,,<=1,>128,,8,,,2,1,<=4,,<=8,<=1,>64,<=0.12,4,2,>64,32/16,<=0.5,>16,>32/16,>64,,,,,,,,,,<=0.12,,,,,,,,,,,,,,,,,,,,,,,,,
573.24354,EKP,,<2,>32,<=4,,>=4,,>8/152,,>64,,>128/4,,,=2,>64,,,>32,>32/16,>128,>=8,,,,,,=32/4,,,>32,,=2,,,,,,,,>8,=2,,,,=8/4,,,,,,,,,,,,,,,,,,,,,,,,,
573.66434,EKP,,<=2,,>=16,,,,,,,>=4,,,,,>=64,,>=64,>=32,>=32,>=64,,,,,,,,,,,,,,,,,,,,,,,,,,,,,,,,,,,,,,,,,,,,,,,,,,
573.24351,EKP,,,>32,,,>8,>8,,,>64,>8,,,,=0.5,>64,,,>32,>32/16,>128,>=8,,,,,,=8/4,,,>32,,>=4,,,,,,,,>8,=0.5,,,,=4/4,,,,,,,,,,,,,,,,,,,,,,,,,
573.7093,EKP,0.25,,,0.5,,,,,,,1,16,,16,,,,16,,2,0.25,,,,,,,,,,,,,,,,,,,,,,,,,,,,,,,,,,,,,,,,,,512.0,,,,,,,,
573.24404,EKP,>64,<1,<=4,<0.25,,,,>8/152,>8,>64,>8,,,,=0.5,>64,,,>32,>32/16,>128,<1,,,,,,=64/4,,,>32,,>8,,,,,,,,>8,=1,,,,=32/4,,,,,,,,,,,,,,,,,,,,,,,,,
72407.2234,EKP,,,,,<=1,<=0.5,,>2/38,,,<=0.25,,,,<=1,<=0.5,,4,,,<=1,1,<=4,,16,<=1,<=0.5,<=0.12,8,1,<=0.5,<=8/4,<=0.5,<=1,16/8,32,,,,,,,,,,<=0.12,,,,,,,,,,,,,,,,,,,,,,,,,
72407.2415,EKP,<=0.5,<=4,,<=1,16,,,,,,,<=4,,,<=1,>128,,4,,,8,2,16,,<=8,<=1,>64,<=0.12,4,<=0.5,>64,<=8/4,<=0.5,>16,16/8,>64,,,,,,,,,,<=0.12,,,,,,,,,,,,,,,,,,,,,,,,,
573.29956,EKP,<=1,<=4,,,,4,,>4/76,<=1,,2,,,,<=1,,,,,,,0.5,<=4,>16/4,<=8,,,,,,,,,,,,,,,,,,,,,,,,,,,,,,,,,,,,,,,,,,,,,,
573.66074,EKP,<=0.5,<=4,,,4,,<=0.5,,,,<=0.25,,<=1,,<=1,16,,4,,,>16,1,<=4,,<=8,<=1,32,<=0.12,2,1,32,<=8/4,<=0.5,2,8/4,>64,,,,,,,,,,<=0.12,,,,,,,,,,,,,,,,,,,,,,,,,
573.66255,EKP,,<=2,,<=1,,,,,>=8,,,,,,,>=64,,>=64,>=32,>=32,>=64,,,,,,,,,,,,,,,,,,,,,,,,,,,,,,,,,,,,,,,,,,,,,,,,,,
573.46364,EKP,,1,,,,>32,,,,,>64,,,256,,128,,,,,32,2,,,,,,,128,,256,,,,,>256,,,,,,0.125,,,,,,,,,,,,,,,,,,,,,,,,,,256,,,
573.66321,EKP,,,,<=1,,>=16,,,>=8,>=64,>=4,,,,,32,>=64,>=64,>=32,>=32,16,,,,,,,,,,,,,,,,,,,,,,,,,,,,,,,,,,,,,,,,,,,,,,,,,,
573.7061,EKP,0.059999999,,16,0.25,,,,,,,4,16,,32,,0.25,,32,,4,0.5,2,,,,,,,32,,,,,,,,,,,,,,,,,,,,,,,,,,,,,,,,,,64.0,,,,,,,,
72407.2647,EKP,1,<=4,,<=1,>16,2,<=0.5,,,,,,,,<=1,>128,,32,,,>16,1,>16,,<=8,16,>64,8,8,32,>64,>32/16,1,>16,>32/16,>64,,,,,,,,,,16,,,,,,,,,,,,,,,,,,,,,,,,,
573.7091,EKP,0.25,,16,0.25,,,,,,,0.25,16,,64,,0.5,,32,,1,1,4,,,,,,,64,,,,,,,,,,,,,,,,,,,,,,,,,,,,,,,,,,256.0,,,,,,,,
573.24343,EKP,,,,,,>8,>8,>8/152,>8,>64,,>128/4,>16,>=32,=2,>64,,,>32,>32/16,>128,<=2,,,,,,=64/4,,,>32,,>8,,,,,,,,>8,=2,,,,=32/4,,,,,,,,,,,,,,,,,,,,,,,,,
72407.2803,EKP,,<=4,,,,,8,,,,>4,<=4,<=1,,<=1,16,,>32,,,>16,1,16,,16,>32,>64,16,2,>32,32,32/16,<=0.5,4,32/16,8,,,,,,,,,,4,,,,,,,,,,,,,,,,,,,,,,,,,
573.46354,EKP,>32,2,,,64,>32,16,,,,32,,,256,,128,,,,,32,0.5,>256,,,,,,1,,256,,,,,>256,,,,,,0.5,,,,,,,,,,,,,,,,,,,,,,,,,,256,,,
573.29881,EKP,8,,,,,,,>4/76,>1,,>2,,,,>8,,,,,,,1,<=4,<=1/4,16,,,,,,,,,,,,,,,,,,,,,,,,,,,,,,,,,,,,,,,,,,,,,,
72407.194,EKP,,>32,,4,>16,,,>4/76,>4,,,,>8,,0.5,>32,,,,,>16,1,,,,,,,8,,,,>2,,,,,,,,,1,,,,,8,,,,,,,,,,,,,,>128/2,,,,,,,,,,
72407.2208,EKP,,,,,4,,<=0.5,,,4,,<=4,,,<=1,32,,>32,,,16,1,<=4,,<=8,8,64,16,4,32,32,16/8,<=0.5,16,32/16,>64,,,,,,,,,,2,,,,,,,,,,,,,,,,,,,,,,,,,
573.46396,EKP,>32,>256,,,256,,32,,,,64,,,,,256,,,,,256,1,>256,,,,,,8,,>256,,,,,>256,,,,,,0.5,,,,,,,,,,,,,,,,,,,,,,,,,,>256,,,
72407.2856,EKP,<=0.5,,,,,<=0.5,,>2/38,,16,1,,,,<=1,>128,,>32,,,16,1,<=4,,>16,32,>64,>32,4,>32,>64,32/16,<=0.5,>16,>32/16,<=4,,,,,,,,,,4,,,,,,,,,,,,,,,,,,,,,,,,,
72407.167,EKP,8,32,,>8,,,,,>4,,>2,>64/4,,,4,>32,,,,,>16,1,,,,,,,8,,,,>2,,,,,,,,,4,,,,,8,,,,,,,,,,,,,,>128/2,,,,,,,,,,
573.4057,EKP,0.5,,256,1,,,,,,,1,64,,8,,,,4,,32,0.25,2,,,,,,,8,,,,,,,,,,,,,,,,,,,,,,,,,,,,,,,,,,512.0,,,,,,,,
573.29965,EKP,>8,32,,<=1,,,,>4/76,>1,,,,,,>8,,,,,,,1,,<=1/4,>16,,,,,,,,,,,,,,,,,,,,,,,,,,,,,,,,,,,,,,,,,,,,,,
573.46367,EKP,,,,,,,32,,,,>64,,,256,,>256,,,,,32,0.125,,,,,,,2,,>256,,,,,>256,,,,,,0.25,,,,,,,,,,,,,,,,,,,,,,,,,,256,,,
72407.2483,EKP,,<=4,,,,2,,>2/38,,,1,,<=1,,<=1,>128,,>32,,,>16,1,>16,,>16,4,>64,8,2,32,>64,>32/16,2,>16,>32/16,32,,,,,,,,,,>32,,,,,,,,,,,,,,,,,,,,,,,,,
573.24421,EKP,>64,<=16,=8,<=4,,>8,>8,,>8,,>8,,>16,>=32,=4,>64,,,>32,>32/16,>128,<=2,,,,,,=64/4,,,>32,,>8,,,,,,,,>8,=4,,,,=32/4,,,,,,,,,,,,,,,,,,,,,,,,,
573.66018,EKP,,<=4,,>8,,,<=0.5,,,,,<=4,,,<=1,16,,>32,,,4,1,>16,,<=8,16,32,16,2,32,2,<=8/4,<=0.5,<=1,>32/16,>64,,,,,,,,,,8,,,,,,,,,,,,,,,,,,,,,,,,,
573.66502,EKP,,,,>=16,>=32,,,,,>=64,>=4,,,8,,32,,>=64,>=32,>=32,32,,,,,,,,,,,,,,,,,,,,,,,,,,,,,,,,,,,,,,,,,,,,,,,,,,
573.24448,EKP,>=4,,>=16,,,>=4,,>8/152,,>64,,,,=16,=0.5,>64,,,>32,>=32/16,>128,<=2,,,,,,=16/4,,,>32,,<=1,,,,,,,,>8,=1,,,,=0.5/4,,,,,,,,,,,,,,,,,,,,,,,,,
72407.2281,EKP,,,,<=1,<=1,,<=0.5,<=1/19,,,,<=4,,,<=1,16,,>32,,,>16,1,<=4,,>16,>32,>64,>32,4,>32,8,<=8/4,<=0.5,<=1,>32/16,>64,,,,,,,,,,16,,,,,,,,,,,,,,,,,,,,,,,,,
72407.2808,EKP,,,,<=1,8,,<=0.5,,,,1,<=4,,,<=1,>128,,8,,,>16,1,<=4,,<=8,<=1,>64,,2,2,>64,<=8/4,<=0.5,16,32/16,>64,,,,,,,,,,<=0.12,,,,,,,,,,,,,,,,,,,,,,,,,
573.66282,EKP,,16,,,,,,,4,,,,,>=64,,>=64,>=64,>=64,>=32,>=32,>=64,,,,,,,,,,,,,,,,,,,,,,,,,,,,,,,,,,,,,,,,,,,,,,,,,,
573.24373,EKP,,,<=4,,,,>8,,>8,>64,,>128/4,=8,,=0.25,>64,,,>32,>32/16,>128,<1,,,,,,=64/4,,,>32,,>8,,,,,,,,>8,=0.25,,,,=32/4,,,,,,,,,,,,,,,,,,,,,,,,,
573.12783,EKP,=8,>64,<=2,>16,>32,>8,,,>8,,,,,,<=0.25,>64,,,>32,=32/16,=128,=1,,,,,,,,,>32,,>8,,>32/16,,,,,,>8,<=0.25,,,,,,,,,,,,,,,,,,,,,,,,,,,,,
72407.2594,EKP,,<=4,,<=1,2,<=0.5,,>2/38,,,,>64,<=1,,<=1,<=0.5,,32,,,8,4,<=4,,<=8,<=1,4,2,>8,4,1,>32/16,<=0.5,<=1,>32/16,8,,,,,,,,,,<=0.12,,,,,,,,,,,,,,,,,,,,,,,,,
72407.2204,EKP,<=0.5,<=4,,,,,<=0.5,>2/38,,,1,<=4,,,<=1,>128,,4,,,>16,1,16,,<=8,<=1,>64,<=0.12,4,1,>64,32/16,<=0.5,>16,32/16,>64,,,,,,,,,,<=0.12,,,,,,,,,,,,,,,,,,,,,,,,,
72407.2657,EKP,,<=4,,,,,,,,16,,,4,,<=1,>128,,>32,,,16,1,<=4,,<=8,>32,>64,16,8,>32,>64,>32/16,2,>16,>32/16,8,,,,,,,,,,16,,,,,,,,,,,,,,,,,,,,,,,,,
573.4129,EKP,,,,0.5,,,,,,,128,,,32,,256,,256,,32,32,0.5,,,,,,,2,,,,,,,,,,,,,,,,,,,,,,,,,,,,,,,,,,512.0,,,,,,,,
72407.2192,EKP,<=0.5,<=4,,<=1,>16,,<=0.5,<=1/19,,,,<=4,<=1,,<=1,>128,,4,,,>16,<=0.25,16,,<=8,<=1,>64,,<=1,2,>64,32/16,<=0.5,>16,32/16,8,,,,,,,,,,<=0.12,,,,,,,,,,,,,,,,,,,,,,,,,
72407.2515,EKP,<=0.5,<=4,,,>16,<=0.5,,>2/38,,,,<=4,8,,<=1,>128,,8,,,8,1,>16,,>16,<=1,>64,1,>8,4,>64,32/16,<=0.5,>16,>32/16,>64,,,,,,,,,,<=0.12,,,,,,,,,,,,,,,,,,,,,,,,,
72407.2183,EKP,<=0.5,,,<=1,,<=0.5,,<=1/19,,>16,,,,,<=1,>128,,<=2,,,16,1,<=4,,<=8,<=1,>64,<=0.12,2,1,>64,<=8/4,<=0.5,>16,8/4,>64,,,,,,,,,,<=0.12,,,,,,,,,,,,,,,,,,,,,,,,,
573.65944,EKP,,<=4,,<=1,>16,<=0.5,<=0.5,,,16,<=0.25,,,,<=1,>128,,<=2,,,8,1,<=4,,>16,<=1,>64,<=0.12,4,<=0.5,>64,16/8,<=0.5,>16,>32/16,>64,,,,,,,,,,<=0.12,,,,,,,,,,,,,,,,,,,,,,,,,
573.24376,EKP,,<1,,<0.25,>32,>8,<0.25,,,,,>128/4,<0.25,>=32,=0.5,>128,,,>32,>32/16,>128,<0.5,,,,,,=64/4,,,>32,,>=4,,,,,,,,>8,=1,,,,=64/4,,,,,,,,,,,,,,,,,,,,,,,,,
72407.1438,EKP,=256,=2,,,>128,=128,,,,,>16,,,,,>128,,,,,>64,=2,=256,,,,,,=16,,,,,,,,,,,,,=0.5,,,,,=32,,,,,,,,,,,,,,,,,,,,,,,,
72407.2307,EKP,<=0.5,<=4,,<=1,,<=0.5,,<=1/19,,,1,<=4,<=1,,<=1,>128,,<=2,,,<=1,1,16,,<=8,<=1,>64,<=0.12,<=1,<=0.5,>64,16/8,<=0.5,>16,32/16,>64,,,,,,,,,,<=0.12,,,,,,,,,,,,,,,,,,,,,,,,,
72407.2546,EKP,<=0.5,<=4,,,4,,,<=1/19,,,,,<=1,,<=1,64,,8,,,>16,1,16,,>16,<=1,>64,,4,4,>64,<=8/4,<=0.5,8,8/4,>64,,,,,,,,,,<=0.12,,,,,,,,,,,,,,,,,,,,,,,,,
1328399.3,EKP,,,,<=1,,32,,<=1,,,>2,>64,>8,,,,,,,,>32,,,,,,,,,,,,,,>16,,,,,,>32,,,,,,,,,,,,,,,,,,,,,,,,,,,,,,
72407.2291,EKP,,,,,16,<=0.5,>8,>2/38,,>16,>4,,,,<=1,>128,,>32,,,8,1,16,,>16,8,>64,16,4,>32,>64,32/16,<=0.5,>16,>32/16,>64,,,,,,,,,,8,,,,,,,,,,,,,,,,,,,,,,,,,
573.7089,EKP,0.5,,8,0.5,,,,,,,512,64,,64,,512,,256,,32,256,2,,,,,,,8,,,,,,,,,,,,,,,,,,,,,,,,,,,,,,,,,,512.0,,,,,,,,
573.29904,EKP,>8,16,,4,,,,,>1,,>2,,,,>8,,,,,,,1,,8/4,16,,,,,,,,,,,,,,,,,,,,,,,,,,,,,,,,,,,,,,,,,,,,,,
72407.2764,EKP,<=0.5,,,<=1,>16,<=0.5,<=0.5,<=1/19,,>16,<=0.25,<=4,<=1,,<=1,>128,,<=2,,,<=1,1,16,,<=8,<=1,>64,<=0.12,<=1,1,>64,32/16,<=0.5,>16,>32/16,>64,,,,,,,,,,<=0.12,,,,,,,,,,,,,,,,,,,,,,,,,
573.4119,EKP,,,,,,,,,,,2,128,,,,64,,256,,128,256,2,,,,,,,64,,,,,,,,,,,,,,,,,,,,,,,,,,,,,,,,,,512.0,,,,,,,,
574.87,EKP,,,,>8,>16,,,,,,,16,,,<=1,>128,,4,,,>16,1,16,,<=8,<=1,>64,<=0.12,4,2,>64,16/8,<=0.5,>16,>32/16,>64,,,,,,,,,,<=0.12,,,,,,,,,,,,,,,,,,,,,,,,,
72407.2364,EKP,,,,,,,<=0.5,,,8,,,<=1,,<=1,64,,>32,,,>16,1,16,,<=8,32,>64,>32,<=1,32,32,16/8,<=0.5,>16,>32/16,>64,,,,,,,,,,32,,,,,,,,,,,,,,,,,,,,,,,,,
573.66518,EKP,,4,,>=16,,>=16,,,,>=64,,,,>=64,,32,,>=64,>=32,>=32,>=64,,,,,,,,,,,,,,,,,,,,,,,,,,,,,,,,,,,,,,,,,,,,,,,,,,
573.65951,EKP,,,,,,,,,,,,>64,,,>8,128,,<=2,,,>16,1,>16,,>16,<=1,>64,,>8,<=0.5,>64,32/16,<=0.5,>16,>32/16,>64,,,,,,,,,,<=0.12,,,,,,,,,,,,,,,,,,,,,,,,,
72407.215,EKP,>8,32,,2,16,>8,>8,<=0.5/9.5,>4,>16,>2,>64/4,>8,,<=0.25,32,,,,,>16,2,,,,,,,8,,,,>2,,,,,,,,,0.5,,,,,8,,,,,,,,,,,,,,>128/2,,,,,,,,,,
72407.236,EKP,2,<=4,,<=1,,<=1,1,>4/76,<=0.25,2,,>64/4,>8,,1,>32,,>32,,,4,2,>16,,16,8,16,4,>16,>32,2,>32/16,1,4,>32/16,>64,,,,,,1,,,,2,16,,,,,,,,,,,,,,>128/2,,,,,,,,,,
573.66494,EKP,,,,<=1,,,,,,,>=4,,,,,>=64,,>=64,>=32,>=32,>=64,,,,,,,,,,,,,,,,,,,,,,,,,,,,,,,,,,,,,,,,,,,,,,,,,,
72407.164,EKP,>8,32,,,,,,>4/76,,>16,>2,>64/4,>8,,>4,>32,,,,,>16,1,,,,,,,8,,,,>2,,,,,,,,,>4,,,,,8,,,,,,,,,,,,,,>128/2,,,,,,,,,,
573.29975,EKP,,<=4,,<=1,,128,,<=1/19,,,>2,,,,<=1,,,,,,,0.5,,<=1/4,>16,,,,,,,,,,,,,,,,,,,,,,,,,,,,,,,,,,,,,,,,,,,,,,
573.29946,EKP,8,,,,,16,,>4/76,,,>2,,,,<=1,,,,,,,0.5,,2/4,>16,,,,,,,,,,,,,,,,,,,,,,,,,,,,,,,,,,,,,,,,,,,,,,
573.65981,EKP,,,,,,,,,,16,1,<=4,,,>8,>128,,<=2,,,16,1,16,,<=8,<=1,>64,<=0.12,2,<=0.5,>64,<=8/4,<=0.5,>16,8/4,<=4,,,,,,,,,,<=0.12,,,,,,,,,,,,,,,,,,,,,,,,,
573.24385,EKP,,,>=16,>16,>=16,>8,,>8/152,>8,,,,>16,,=4,>32,,,>32,>32/16,>128,=4,,,,,,=64/4,,,>32,,>=4,,,,,,,,>8,=4,,,,=16/4,,,,,,,,,,,,,,,,,,,,,,,,,
573.4106,EKP,0.5,,8,,,,,,,,0.059999999,,,32,,0.059999999,,32,,4,0.25,4,,,,,,,32,,,,,,,,,,,,,,,,,,,,,,,,,,,,,,,,,,128.0,,,,,,,,
573.4093,EKP,0.059999999,,2,128,,,,,,,16,16,,8,,256,,256,,16,64,0.5,,,,,,,2,,,,,,,,,,,,,,,,,,,,,,,,,,,,,,,,,,512.0,,,,,,,,
573.66514,EKP,,,,>=16,,>=16,,,,>=64,>=4,,,32,,>=64,,>=64,>=32,>=32,>=64,,,,,,,,,,,,,,,,,,,,,,,,,,,,,,,,,,,,,,,,,,,,,,,,,,
573.66521,EKP,,,,>=16,>=32,,,,>=8,>=64,>=4,,,,,>=64,,>=64,>=32,>=32,>=64,,,,,,,,,,,,,,,,,,,,,,,,,,,,,,,,,,,,,,,,,,,,,,,,,,
72407.2512,EKP,,,,<=1,>16,<=0.5,,,,,<=0.25,<=4,<=1,,<=1,>128,,<=2,,,<=1,1,>16,,<=8,<=1,>64,<=0.12,4,<=0.5,>64,16/8,<=0.5,>16,32/16,>64,,,,,,,,,,<=0.12,,,,,,,,,,,,,,,,,,,,,,,,,
573.24429,EKP,<=1,,,<0.5,,=2,,>8/152,,,>8,,,>=32,=0.5,>64,,,>32,>=32/16,>128,<1,,,,,,=2/4,,,>32,,<=1,,,,,,,,>8,=1,,,,=32/4,,,,,,,,,,,,,,,,,,,,,,,,,
72407.2386,EKP,<=0.5,<=4,,<=1,,,,,,4,,,<=1,,<=1,16,,16,,,4,1,>16,,>16,<=1,64,1,>8,2,32,<=8/4,<=0.5,4,>32/16,>64,,,,,,,,,,<=0.12,,,,,,,,,,,,,,,,,,,,,,,,,
72407.2878,EKP,1,,,,16,,,,,,1,,,,<=1,64,,>32,,,>16,1,<=4,,>16,4,>64,16,>8,>32,64,32/16,<=0.5,16,>32/16,8,,,,,,,,,,8,,,,,,,,,,,,,,,,,,,,,,,,,
573.46362,EKP,>32,2,,,64,,16,,,,,,,,,128,,,,,64,2,>256,,,,,,2,,256,,,,,>256,,,,,,0.5,,,,,,,,,,,,,,,,,,,,,,,,,,256,,,
573.66492,EKP,,<=2,,,>=32,,,,,,>=4,,,,,>=64,,>=64,>=32,>=32,>=64,,,,,,,,,,,,,,,,,,,,,,,,,,,,,,,,,,,,,,,,,,,,,,,,,,
72407.2273,EKP,,,,<=1,,,,,,2,,,,,<=1,<=0.5,,4,,,4,<=0.25,<=4,,<=8,<=1,<=0.5,,2,2,<=0.5,>32/16,<=0.5,<=1,>32/16,>64,,,,,,,,,,<=0.12,,,,,,,,,,,,,,,,,,,,,,,,,
573.5769,EKP,>=4,>64,>64,>64,>64,>=4,,>64/128,,>64,>16,>128/,>64,32,64,>32,,,>64,,>64,2,<=20,,>=16,,,,4,,,,,,>64/,,,,,>32,>64,32,,,,,,,,,,,,,,,,,,,,,,,,,,,,,
573.66238,EKP,,,,,>=32,,,,>=8,>=64,>=4,,,>=64,,>=64,,>=64,>=32,>=32,>=64,,,,,,,,,,,,,,,,,,,,,,,,,,,,,,,,,,,,,,,,,,,,,,,,,,
573.66496,EKP,,,,,,,,,,,>=4,,,,,>=64,,>=64,>=32,>=32,>=64,,,,,,,,,,,,,,,,,,,,,,,,,,,,,,,,,,,,,,,,,,,,,,,,,,
72407.2328,EKP,2,8,,,,,,>2/38,,,,>64,8,,<=1,>128,,>32,,,>16,4,>16,,>16,32,>64,1,>8,>32,>64,>32/16,1,>16,>32/16,>64,,,,,,,,,,1,,,,,,,,,,,,,,,,,,,,,,,,,
573.29951,EKP,,8,,<=1,,>128,,,>1,,>2,,,,>8,,,,,,,4,,<=1/4,>16,,,,,,,,,,,,,,,,,,,,,,,,,,,,,,,,,,,,,,,,,,,,,,
573.66528,EKP,,<=2,,<=1,>=32,,,,>=8,,>=4,,,>=64,,>=64,,>=64,>=32,>=32,>=64,,,,,,,,,,,,,,,,,,,,,,,,,,,,,,,,,,,,,,,,,,,,,,,,,,
573.66022,EKP,,<=4,,<=1,,<=0.5,<=0.5,<=1/19,,2,,16,,,<=1,16,,>32,,,>16,1,<=4,,16,>32,>64,>32,<=1,>32,16,16/8,<=0.5,8,>32/16,32,,,,,,,,,,16,,,,,,,,,,,,,,,,,,,,,,,,,
573.24361,EKP,,,,<0.25,>=16,>=4,,<0.5/9.5,,,>=4,,,,=2,>64,,,>32,>32/16,>128,<0.5,,,,,,=32/4,,,>32,,=2,,,,,,,,>8,=1,,,,=8/4,,,,,,,,,,,,,,,,,,,,,,,,,
573.24388,EKP,<0.5,,,<0.25,>32,,,<0.25/4.75,,>64,,,,,=4,>64,,,>32,>=32/16,>128,=4,,,,,,=4/4,,,>32,,<0.12,,,,,,,,>8,=4,,,,=0.25/4,,,,,,,,,,,,,,,,,,,,,,,,,
573.66457,EKP,,,,,>=32,<=0.25,,,,,,,,<=4,,>=64,,>=64,>=32,>=32,>=64,,,,,,,,,,,,,,,,,,,,,,,,,,,,,,,,,,,,,,,,,,,,,,,,,,
573.67369,EKP,,,,2,,0.25,>8,,,,,,,,,,,,,,,,,2,,,,,,,,,,,,,0.5,1.0,>32,,,,,,,,,,,,,,,,,,,,,,,,,,,,,,,,
72407.2395,EKP,,,,,>16,,2,>2/38,,>16,4,,<=1,,<=1,>128,,<=2,,,>16,1,16,,<=8,<=1,>64,<=0.12,<=1,1,>64,32/16,<=0.5,>16,16/8,>64,,,,,,,,,,<=0.12,,,,,,,,,,,,,,,,,,,,,,,,,
573.31601,EKP,>=32,>64,,<=1,16,,,,,,,,,,>16,>=64,,,>=32,>=32,>=64,4,64,,,,,,,,,,,,,,,,,,,,,,,,,,,,,,,,,,,,,,,>320,,,,,,,,,
573.66227,EKP,,,,,>=32,>=16,,,,,>=4,,,,,>=64,,>=64,>=32,>=32,>=64,,,,,,,,,,,,,,,,,,,,,,,,,,,,,,,,,,,,,,,,,,,,,,,,,,
573.66481,EKP,,,,>=16,>=32,,,,,,,,,>=64,,>=64,,>=64,>=32,>=32,32,,,,,,,,,,,,,,,,,,,,,,,,,,,,,,,,,,,,,,,,,,,,,,,,,,
72407.2641,EKP,,<=4,,>8,,<=0.5,,>2/38,,,,>64,4,,<=1,>128,,>32,,,>16,1,16,,>16,32,>64,>32,2,>32,>64,>32/16,<=0.5,>16,>32/16,>64,,,,,,,,,,16,,,,,,,,,,,,,,,,,,,,,,,,,
573.7044,EKP,0.12,,256,128,,,,,,,128,128,,4,,128,,256,,16,32,0.5,,,,,,,64,,,,,,,,,,,,,,,,,,,,,,,,,,,,,,,,,,512.0,,,,,,,,
573.66355,EKP,,,,>=16,>=32,,,,,16,>=4,,,,,>=64,,>=64,>=32,>=32,32,,,,,,,,,,,,,,,,,,,,,,,,,,,,,,,,,,,,,,,,,,,,,,,,,,
573.66414,EKP,,<=2,,,,>=16,,,>=8,>=64,>=4,,,,,>=64,,>=64,>=32,>=32,>=64,,,,,,,,,,,,,,,,,,,,,,,,,,,,,,,,,,,,,,,,,,,,,,,,,,
1328408.3,EKP,4,,<=1,,>16,>8,,>8,,,>2,,>8,,,,,,,,>32,,,,,,,,,,>32,,,,>16,,,,,,>32,,,,,,,,,,,,,,,,,,,,,,,,,,,,,,
1328426.3,EKP,,,,<=1,<=1,<=.25,,<=1,,,<=.25,,<=1,,,,,,,,<=1,,,,,,,,,,<=1,,,,4,,,,,,<=4,,,,,,,64,,,,,,,,,,,,,,,,,,,,,,,
573.65952,EKP,,,,,>16,<=0.5,,<=1/19,,>16,<=0.25,16,,,<=1,>128,,<=2,,,>16,1,16,,<=8,<=1,>64,<=0.12,4,1,>64,32/16,<=0.5,>16,>32/16,>64,,,,,,,,,,<=0.12,,,,,,,,,,,,,,,,,,,,,,,,,
573.66561,EKP,,,,>=16,,>=16,,,>=8,,,,,>=64,,>=64,,>=64,>=32,>=32,>=64,,,,,,,,,,,,,,,,,,,,,,,,,,,,,,,,,,,,,,,,,,,,,,,,,,
72407.2603,EKP,,<=4,,<=1,>16,,,2/38,,,<=0.25,,<=1,,<=1,>128,,16,,,16,4,<=4,,16,<=1,>64,1,>8,4,>64,>32/16,<=0.5,>16,>32/16,>64,,,,,,,,,,<=0.12,,,,,,,,,,,,,,,,,,,,,,,,,
72407.2434,EKP,,16,,,>16,<=0.5,,>2/38,,>16,>4,32,,,<=1,>128,,16,,,>16,>4,<=4,,>16,<=1,>64,1,>8,4,>64,32/16,<=0.5,>16,>32/16,>64,,,,,,,,,,,,,,,,,,,,,,,,,,,,,,,,,,,
72407.2731,EKP,,<=4,,<=1,,,<=0.5,,,16,1,<=4,<=1,,<=1,64,,<=2,,,8,<=0.25,>16,,<=8,<=1,>64,<=0.12,<=1,<=0.5,64,<=8/4,<=0.5,16,8/4,>64,,,,,,,,,,<=0.12,,,,,,,,,,,,,,,,,,,,,,,,,
573.18086,EKP,,=4,=4,>16,>32,<=0.12,,,=0.25,,,,>16,=16,<=0.25,>64,,,>32,,>128,=1,,=2/4,,,,,,,>32,,<=0.12,,>32/16,,,,=16/4,,>8,=0.5,,,,,,,,,,,,,,,,,,,,,,,,,,,,,
573.20063,EKP,=64,,=16,,,>8,,>8/152,>8,,>8,,>16,,=4,>64,,,>32,>32/16,>128,=2,,,,,,,,,>32,,>8,,>32/16,,,,,,>8,=4,,,,,,,,,,,,,,,,,,,,,,,,,,,,,
1284818.4,EKP,<=1,<=4,,>8,>16,<=1,8,>4/76,0.5,>16,>2,>64/4,>8,,>4,>32,,,,,>16,1,,,,,,,8,,,,<=0.12,,,,,,,,,>4,,,,,>16,,,,,,,,,,,,,,>128/2,,,,,,,,,,
573.24433,EKP,>64,<1,<=4,=8,>32,,,>8/152,>8,,,>128/4,,>=32,=1,>64,,,>32,>32/16,>128,<1,,,,,,=32/4,,,>32,,>8,,,,,,,,>8,=0.5,,,,=32/4,,,,,,,,,,,,,,,,,,,,,,,,,
573.66358,EKP,,,,,>=32,,,,>=8,>=64,,,,>=64,,>=64,,>=64,>=32,>=32,>=64,,,,,,,,,,,,,,,,,,,,,,,,,,,,,,,,,,,,,,,,,,,,,,,,,,
573.24394,EKP,>=4,,>32,>16,>32,>8,>8,,>8,>64,,,>=16,,=0.5,>64,,,>32,>32/16,>128,<=2,,,,,,=8/4,,,>32,,=2,,,,,,,,>8,=0.5,,,,=4/4,,,,,,,,,,,,,,,,,,,,,,,,,
573.5623,EKP,,,,,,,,>64/128,,,,>128/,>=16,>64,64,>32,,,>64,,>64,2,,,>=32,,,,2,,,,,,>64/,,,,,>32,>64,64,,,,,,,,,,,,,,,,,,,,,,,,,,,,,
573.24374,EKP,>16,=32,>=16,<1,,,,>=4/76,,,>8,>128/4,>=16,>=32,=0.5,>64,,,>32,>32/16,>128,<1,,,,,,=64/4,,,>32,,>8,,,,,,,,>8,=1,,,,=32/4,,,,,,,,,,,,,,,,,,,,,,,,,
72407.2683,EKP,<=0.5,,,<=1,,<=0.5,,<=1/19,,<=1,<=0.25,<=4,,,<=1,<=0.5,,<=2,,,<=1,1,<=4,,<=8,<=1,<=0.5,<=0.12,2,<=0.5,<=0.5,<=8/4,<=0.5,<=1,32/16,>64,,,,,,,,,,<=0.12,,,,,,,,,,,,,,,,,,,,,,,,,
573.4141,EKP,,,,,,,,,,,4,16,,8,,512,,256,,16,32,0.5,,,,,,,2,,,,,,,,,,,,,,,,,,,,,,,,,,,,,,,,,,512.0,,,,,,,,
573.20062,EKP,,,>32,>16,>32,>8,>8,>8/152,>8,,>8,>128/4,>16,>16,=0.5,>64,,,>32,>32/16,>128,=4,,,,,,,,,>32,,>8,,>32/16,,,,,,>8,=0.5,,,,,,,,,,,,,,,,,,,,,,,,,,,,,
573.7059,EKP,0.25,,2,128,,,,,,,64,16,,4,,32,,256,,16,16,0.5,,,,,,,2,,,,,,,,,,,,,,,,,,,,,,,,,,,,,,,,,,512.0,,,,,,,,
72407.2684,EKP,,<=4,,,8,>8,<=0.5,,,8,,,,,<=1,128,,>32,,,8,1,<=4,,<=8,>32,>64,8,8,>32,>64,32/16,4,>16,32/16,>64,,,,,,,,,,16,,,,,,,,,,,,,,,,,,,,,,,,,
573.4142,EKP,,,64,0.25,,,,,,,,,,,,0.5,,32,,8,2,8,,,,,,,64,,,,,,,,,,,,,,,,,,,,,,,,,,,,,,,,,,512.0,,,,,,,,
72407.2431,EKP,<=0.5,,,<=1,,<=0.5,8,>2/38,,>16,>4,,,,<=1,>128,,<=2,,,16,1,16,,<=8,<=1,>64,<=0.12,<=1,<=0.5,>64,16/8,<=0.5,>16,32/16,>64,,,,,,,,,,<=0.12,,,,,,,,,,,,,,,,,,,,,,,,,
573.24334,EKP,,,,<0.25,,,,,,>64,<0.5,>=128/4,,,=1,>64,,,>32,>32/16,>32,<0.5,,,,,,=16/4,,,>32,,>=4,,,,,,,,>8,=1,,,,=2/4,,,,,,,,,,,,,,,,,,,,,,,,,
72407.2877,EKP,,<=4,,,,,,>2/38,,>16,,>64,4,,<=1,>128,,>32,,,>16,<=0.25,16,,>16,>32,>64,>32,>8,>32,>64,>32/16,<=0.5,>16,>32/16,>64,,,,,,,,,,>32,,,,,,,,,,,,,,,,,,,,,,,,,
573.24369,EKP,,<1,=8,,,,,>=4/76,>4,>64,,,,>=32,=0.5,>64,,,>32,=16/8,>128,<=2,,,,,,=4/4,,,>32,,<=1,,,,,,,,>8,=1,,,,=8/4,,,,,,,,,,,,,,,,,,,,,,,,,
72407.2545,EKP,,,,<=1,>16,,,,,>16,,<=4,,,<=1,>128,,>32,,,4,2,>16,,16,<=1,>64,1,>8,16,>64,32/16,<=0.5,>16,>32/16,>64,,,,,,,,,,<=0.12,,,,,,,,,,,,,,,,,,,,,,,,,
573.66545,EKP,,,,,,>=16,,,,>=64,>=4,,,>=64,,>=64,,>=64,>=32,>=32,>=64,,,,,,,,,,,,,,,,,,,,,,,,,,,,,,,,,,,,,,,,,,,,,,,,,,
573.30017,EKP,>8,,,>4,,128,,4/76,,,>2,,,,4,,,,,,,1,,<=1/4,>16,,,,,,,,,,,,,,,,,,,,,,,,,,,,,,,,,,,,,,,,,,,,,,
574.83,EKP,,<=4,,<=1,,,8,,,,,,<=1,,<=1,64,,>32,,,>16,1,<=4,,>16,>32,>64,>32,>8,>32,64,>32/16,2,16,>32/16,>64,,,,,,,,,,16,,,,,,,,,,,,,,,,,,,,,,,,,
573.46843,EKP,,>32,,,,=64,>8,>8/152,2,,,,,,<=0.5,,,,,>64/2,>64,=0.5,<=8,>32,,,,,,,>4,,,,,,,,>64/4,,,,,,,,,>64,,,,,,,,,,,,1.0,,,,,,,,,,,
573.66222,EKP,,,,,>=32,>=16,,,>=8,>=64,,,,>=64,,>=64,,>=64,>=32,>=32,>=64,,,,,,,,,,,,,,,,,,,,,,,,,,,,,,,,,,,,,,,,,,,,,,,,,,
573.66504,EKP,,>=64,,2,>=32,,,,,,,,,>=64,,>=64,,>=64,>=32,>=32,>=64,,,,,,,,,,,,,,,,,,,,,,,,,,,,,,,,,,,,,,,,,,,,,,,,,,
573.46365,EKP,>32,,,,64,>32,,,,,,,,128,,>256,,,,,32,0.25,,,,,,,2,,>256,,,,,>256,,,,,,0.25,,,,,,,,,,,,,,,,,,,,,,,,,,256,,,
573.66486,EKP,,4,,>=16,,>=16,,,>=8,,,,,,,>=64,,>=64,>=32,>=32,>=64,,,,,,,,,,,,,,,,,,,,,,,,,,,,,,,,,,,,,,,,,,,,,,,,,,
573.66442,EKP,,<=2,,,>=32,,,,,>=64,,,,>=64,,>=64,,>=64,>=32,>=32,>=64,,,,,,,,,,,,,,,,,,,,,,,,,,,,,,,,,,,,,,,,,,,,,,,,,,
573.46867,EKP,,,,>8,>16,=32,,>8/152,2,>32,>1,>128/4,,,<=0.5,,,,,>64/2,>64,<=0.25,16,>32,,,,,,,>4,,,,,,,,>64/4,,,,,,,,,>64,,,,,,,,,,,,0.5,,,,,,,,,,,
573.66352,EKP,,8,,,>=32,>=16,,,,>=64,>=4,,,>=64,,>=64,,>=64,>=32,>=32,>=64,,,,,,,,,,,,,,,,,,,,,,,,,,,,,,,,,,,,,,,,,,,,,,,,,,
72407.2868,EKP,<=0.5,,,>8,>16,<=0.5,8,,,,,,>8,,>8,>128,,4,,,>16,1,<=4,,<=8,<=1,>64,<=0.12,2,1,>64,32/16,<=0.5,>16,32/16,>64,,,,,,,,,,<=0.12,,,,,,,,,,,,,,,,,,,,,,,,,
573.29983,EKP,,<=4,,<=1,,,,<=1/19,>1,,>2,,,,<=1,,,,,,,0.5,8,<=1/4,>16,,,,,,,,,,,,,,,,,,,,,,,,,,,,,,,,,,,,,,,,,,,,,,
573.66491,EKP,,>=64,,<=1,>=32,,,,>=8,>=64,>=4,,,>=64,,>=64,,>=64,>=32,>=32,>=64,,,,,,,,,,,,,,,,,,,,,,,,,,,,,,,,,,,,,,,,,,,,,,,,,,
573.24392,EKP,>8,,,,>32,,,>8/152,>8,,,,<0.5,>=32,=0.5,>64,,,>32,>32/16,>128,<=2,,,,,,=64/4,,,>32,,>8,,,,,,,,>8,=0.5,,,,=16/4,,,,,,,,,,,,,,,,,,,,,,,,,
573.66254,EKP,,16,,<=1,,,,,,>=64,>=4,,,,,>=64,,>=64,>=32,>=32,>=64,,,,,,,,,,,,,,,,,,,,,,,,,,,,,,,,,,,,,,,,,,,,,,,,,,
573.46366,EKP,,>1024,,,,,,,,,>64,,,256,,256,,,,,32,0.25,,,,,,,2,,>256,,,,,>256,,,,,,0.25,,,,,,,,,,,,,,,,,,,,,,,,,,128,,,
573.7063,EKP,0.12,,2,0.5,,,,,,,4,2,,4,,128,,256,,16,16,0.5,,,,,,,4,,,,,,,,,,,,,,,,,,,,,,,,,,,,,,,,,,512.0,,,,,,,,
573.46343,EKP,,,,,,>32,16,,,,,,,128,,128,,,,,128,0.5,>256,,,,,,1,,256,,,,,>256,,,,,,0.25,,,,,,,,,,,,,,,,,,,,,,,,,,>256,,,
1328398.3,EKP,,<=2,>8,>8,,32,,>8,,,>2,>64,8,,,,,,,,>32,,,,,,,,,,,,,,>16,,,,,,,,,,,,,,,,,,,,,,,,,,,,,,,,,,,,
573.4152,EKP,0.25,,2,0.5,,,,,,,32,8,,8,,32,,256,,16,16,0.5,,,,,,,4,,,,,,,,,,,,,,,,,,,,,,,,,,,,,,,,,,512.0,,,,,,,,
573.12778,EKP,=16,=32,=4,,,>16,,,>16,,,,,,>4,=64,,,>32,>32/16,>256,=1,,,,,,,,,>64,,,,>32/16,,,,,,>32,>4,,,,,,,,,,,,,,,,,,,,,,,,,,,,,
72407.2554,EKP,,<=4,,>8,8,<=0.5,,>2/38,,,,,,,<=1,128,,4,,,4,<=0.25,<=4,,<=8,<=1,>64,<=0.12,<=1,1,>64,>32/16,<=0.5,>16,>32/16,16,,,,,,,,,,<=0.12,,,,,,,,,,,,,,,,,,,,,,,,,
72407.2188,EKP,<=0.5,<=4,,,>16,,<=0.5,>2/38,,,,8,,,<=1,>128,,<=2,,,16,1,16,,<=8,<=1,>64,<=0.12,4,1,>64,<=8/4,<=0.5,>16,32/16,8,,,,,,,,,,<=0.12,,,,,,,,,,,,,,,,,,,,,,,,,
72407.2574,EKP,<=0.5,,,,,<=0.5,,,,,,,,,<=1,>128,,4,,,16,2,16,,<=8,<=1,>64,,8,2,>64,<=8/4,<=0.5,>16,32/16,>64,,,,,,,,,,<=0.12,,,,,,,,,,,,,,,,,,,,,,,,,
72407.2222,EKP,,,,,,<=0.5,<=0.5,,,,1,,,,<=1,32,,>32,,,8,4,<=4,,>16,<=1,64,1,>8,8,32,>32/16,<=0.5,8,>32/16,>64,,,,,,,,,,,,,,,,,,,,,,,,,,,,,,,,,,,
72407.192,EKP,<=1,,,2,,2,>8,<=0.5/9.5,,>16,,64/4,>8,,1,32,,,,,>16,1,,,,,,,4,,,,<=0.12,,,,,,,,,1,,,,,4,,,,,,,,,,,,,,64/2,,,,,,,,,,
72407.2332,EKP,1,,,<=1,>16,,>8,,,,,,,,<=1,>128,,>32,,,>16,4,>16,,16,16,>64,1,>8,32,>64,32/16,2,>16,32/16,>64,,,,,,,,,,1,,,,,,,,,,,,,,,,,,,,,,,,,
573.29999,EKP,,<=4,,,,16,,>4/76,,,,,,,<=1,,,,,,,0.5,,<=1/4,<=8,,,,,,,,,,,,,,,,,,,,,,,,,,,,,,,,,,,,,,,,,,,,,,
574.7,EKP,,,,,,<=0.5,,,,,2,,,,<=1,>128,,<=2,,,>16,1,<=4,,<=8,<=1,>64,<=0.12,4,<=0.5,>64,16/8,<=0.5,>16,32/16,16,,,,,,,,,,<=0.12,,,,,,,,,,,,,,,,,,,,,,,,,
573.24423,EKP,>64,,=8,<2,,,>8,,,>64,>8,,,,=0.5,>64,,,>32,>32/16,>128,<=2,,,,,,=64/4,,,>32,,>8,,,,,,,,>8,=0.5,,,,=32/4,,,,,,,,,,,,,,,,,,,,,,,,,
573.15107,EKP,,,=4,=1,=32,,,>8/152,>16,,>8,,>16,,=0.5,=128,,,>32,>32/16,>256,=1,,,,,,,,,>64,,,,>32/16,,,,,,>32,=0.5,,,,,,,,,,,,,,,,,,,,,,,,,,,,,
573.4121,EKP,1,,,,,,,,,,,16,,32,,32,,64,,32,256,0.5,,,,,,,2,,,,,,,,,,,,,,,,,,,,,,,,,,,,,,,,,,512.0,,,,,,,,
573.66052,EKP,<=0.5,,,,,<=0.5,,>2/38,,2,,<=4,,,>8,>128,,4,,,<=1,1,>16,,<=8,<=1,>64,<=0.12,2,<=0.5,>64,16/8,<=0.5,>16,32/16,>64,,,,,,,,,,<=0.12,,,,,,,,,,,,,,,,,,,,,,,,,
72407.2569,EKP,<=0.5,<=4,,,,,,,,16,1,,,,<=1,>128,,16,,,2,1,16,,>16,<=1,>64,,>8,2,>64,>32/16,<=0.5,>16,>32/16,>64,,,,,,,,,,<=0.12,,,,,,,,,,,,,,,,,,,,,,,,,
573.66276,EKP,,,,>=16,,>=16,,,,,>=4,,,,,>=64,>=64,>=64,>=32,>=32,>=64,,,,,,,,,,,,,,,,,,,,,,,,,,,,,,,,,,,,,,,,,,,,,,,,,,
573.67352,EKP,,,,,,<=0.06,4,,1,,,>128,,,,,,,,,,,,1,,,,,,,,,,,,,<=0.12,2.0,16,,,,,,,,,,,,,,,,,,,,,,,,,,,,,,,,
72407.2533,EKP,>8,,,4,,>8,8,,,,,,,,<=1,>128,,>32,,,>16,>4,16,,>16,>32,>64,2,>8,>32,>64,>32/16,>8,>16,>32/16,>64,,,,,,,,,,2,,,,,,,,,,,,,,,,,,,,,,,,,
573.66219,EKP,,,,<=1,,,,,>=8,>=64,>=4,,,>=64,,>=64,,>=64,>=32,>=32,32,,,,,,,,,,,,,,,,,,,,,,,,,,,,,,,,,,,,,,,,,,,,,,,,,,
573.46865,EKP,,,,,>16,,,,,>32,,,,,=1,,,,,>64/2,>64,<=0.25,8,>32,,,,,,,>4,,,,,,,,>64/4,,,,,,,,,>64,,,,,,,,,,,,0.5,,,,,,,,,,,
573.24427,EKP,,,=8,<0.5,,,,,,,>8,,<0.5,>=32,=2,>16,,,>32,>32/16,>32,<=2,,,,,,=32/4,,,>32,,>8,,,,,,,,>8,=4,,,,=8/4,,,,,,,,,,,,,,,,,,,,,,,,,
72407.1436,EKP,,,,>64,>128,=8,=4,,,,,,,,,>128,,,,,=32,=1,>512,,,,,,=16,,,,,,,,,,,,,>16,,,,,=64,,,,,,,,,,,,,,,,,,,,,,,,
573.1923,EKP,,<=4,,<=1,>16,<=1,,>2/38,<=1,>16,>2,>64/4,<=1,>16,0.19,,,,,,>16,<=1,,,,,,,,,>32,,,,,,,,,,,,,,,,,,,,,,,,,,,,,,,,,,,,,,,,
573.29927,EKP,,,,<=1,,,,>4/76,>1,,<=0,,,,<=1,,,,,,,0.5,,<=1/4,16,,,,,,,,,,,,,,,,,,,,,,,,,,,,,,,,,,,,,,,,,,,,,,
72407.2357,EKP,<=0.5,,,,>16,,,<=1/19,,>16,<=0.25,>64,,,<=1,8,,<=2,,,8,1,>16,,<=8,<=1,32,16,<=1,1,4,>32/16,<=0.5,>16,>32/16,>64,,,,,,,,,,4,,,,,,,,,,,,,,,,,,,,,,,,,
573.4193,EKP,,,128,,,,,,,,64,,,8,,128,,256,,16,32,0.5,,,,,,,4,,,,,,,,,,,,,,,,,,,,,,,,,,,,,,,,,,512.0,,,,,,,,
573.66042,EKP,,,,,,<=0.5,,>2/38,,>16,>4,>64,,,<=1,>128,,4,,,>16,1,<=4,,>16,<=1,>64,1,8,2,>64,>32/16,<=0.5,>16,>32/16,>64,,,,,,,,,,<=0.12,,,,,,,,,,,,,,,,,,,,,,,,,
72407.2788,EKP,,<=4,,,<=1,<=0.5,,,,<=1,1,,<=1,,<=1,<=0.5,,8,,,<=1,2,>16,,>16,<=1,<=0.5,<=0.12,8,2,<=0.5,<=8/4,<=0.5,<=1,8/4,8,,,,,,,,,,<=0.12,,,,,,,,,,,,,,,,,,,,,,,,,
573.7025,EKP,=4,=8,=8,=2,=16,=1,=1,=2/38,>8,=64,<=0.25,=128/4,=4,>16,>4,=128,,,>32,>32/16,>128,=2,,,,,,,,,>32,,=1,,>32/16,,,,,,>8,=1,,,,,,,,,,,,,,,,,,,,,,,,,,,,,
573.66344,EKP,,,,,,,,,,>=64,>=4,,,,,>=64,,>=64,>=32,>=32,>=64,,,,,,,,,,,,,,,,,,,,,,,,,,,,,,,,,,,,,,,,,,,,,,,,,,
72407.2875,EKP,,,,,2,<=0.5,8,>2/38,,>16,,8,,,<=1,64,,>32,,,>16,4,16,,>16,16,>64,>32,>8,>32,64,<=8/4,<=0.5,8,>32/16,>64,,,,,,,,,,8,,,,,,,,,,,,,,,,,,,,,,,,,
573.46829,EKP,,>32,,>8,,=64,>8,>8/152,,>32,>1,,,,<=0.5,,,,,>64/2,>64,<=0.25,32,>32,,,,,,,>4,,,,,,,,>64/4,,,,,,,,,>64,,,,,,,,,,,,1.0,,,,,,,,,,,
72407.2372,EKP,,,,<=1,,,,>2/38,,,,16,>8,,<=1,64,,>32,,,>16,1,16,,>16,8,64,32,>8,>32,64,<=8/4,<=0.5,2,>32/16,>64,,,,,,,,,,4,,,,,,,,,,,,,,,,,,,,,,,,,
72407.2571,EKP,,<=4,,>8,,,<=0.5,>2/38,,,,<=4,>8,,<=1,>128,,<=2,,,<=1,1,16,,<=8,<=1,>64,<=0.12,4,<=0.5,>64,<=8/4,<=0.5,16,32/16,>64,,,,,,,,,,<=0.12,,,,,,,,,,,,,,,,,,,,,,,,,
573.66224,EKP,,16,,,,>=16,,,>=8,>=64,>=4,,,>=64,,>=64,,>=64,>=32,>=32,>=64,,,,,,,,,,,,,,,,,,,,,,,,,,,,,,,,,,,,,,,,,,,,,,,,,,
573.46345,EKP,>32,>1024,,,,>32,,,,,,,,>256,,128,,,,,32,0.5,,,,,,,8,,128,,,,,>256,,,,,,0.25,,,,,,,,,,,,,,,,,,,,,,,,,,>256,,,
573.66512,EKP,,,,,,,,,,,>=4,,,>=64,,>=64,,>=64,>=32,>=32,>=64,,,,,,,,,,,,,,,,,,,,,,,,,,,,,,,,,,,,,,,,,,,,,,,,,,
573.24256,EKP,=64,>64,>32,,,,>8,,,,,,,>16,=0.5,>64,,,>32,>32/16,>128,=2,,,>16,,,>64/4,>16,,>32,,>8,,>32/16,,,,,,>8,=1,,,,>32/4,,,,,,,,,,,,,,,,,,,,,,,,,
72407.2173,EKP,,<=4,,>8,16,,,,,,,<=4,,,<=1,>128,,4,,,8,1,16,,>16,<=1,>64,,8,4,>64,32/16,<=0.5,>16,>32/16,>64,,,,,,,,,,<=0.12,,,,,,,,,,,,,,,,,,,,,,,,,
573.67371,EKP,32,,,,32,,,,,,,>128,,,,,,,,,,,,2,,,,,,,,,,,,,0.5,0.25,>32,,,,,,,,,,,,,,,,,,,,,,,,,,,,,,,,
573.29964,EKP,>8,,,<=1,,64,,<=1/19,,,,,,,<=1,,,,,,,0.5,,4/4,>16,,,,,,,,,,,,,,,,,,,,,,,,,,,,,,,,,,,,,,,,,,,,,,
573.29914,EKP,>8,,,>4,,,,,,,>2,,,,<=1,,,,,,,1,,<=1/4,>16,,,,,,,,,,,,,,,,,,,,,,,,,,,,,,,,,,,,,,,,,,,,,,
573.24359,EKP,>16,,,,>32,>8,,,>8,,,>128/4,>=16,>=32,=0.5,>64,,,>32,>=32/16,>128,<=2,,,,,,=64/4,,,>32,,>8,,,,,,,,>8,=0.5,,,,=32/4,,,,,,,,,,,,,,,,,,,,,,,,,
573.66447,EKP,,16,,,,>=16,,,,,>=4,,,>=64,,>=64,,>=64,>=32,>=32,>=64,,,,,,,,,,,,,,,,,,,,,,,,,,,,,,,,,,,,,,,,,,,,,,,,,,
573.66571,EKP,,,,,,,,,,32,>=4,,,,,>=64,,>=64,>=32,>=32,>=64,,,,,,,,,,,,,,,,,,,,,,,,,,,,,,,,,,,,,,,,,,,,,,,,,,
72407.2543,EKP,<=0.5,<=4,,,,<=0.5,,<=1/19,,>16,,<=4,,,<=1,>128,,4,,,2,1,>16,,<=8,<=1,>64,<=0.12,8,<=0.5,>64,32/16,<=0.5,>16,32/16,>64,,,,,,,,,,<=0.12,,,,,,,,,,,,,,,,,,,,,,,,,
573.4096,EKP,0.12,,256,256,,,,,,,256,32,,8,,512,,256,,16,64,2,,,,,,,8,,,,,,,,,,,,,,,,,,,,,,,,,,,,,,,,,,512.0,,,,,,,,
573.4128,EKP,0.059999999,,32,0.5,,,,,,,,,,,,0.5,,32,,4,1,8,,,,,,,32,,,,,,,,,,,,,,,,,,,,,,,,,,,,,,,,,,128.0,,,,,,,,
573.46855,EKP,,,,,>16,=64,,,2,<=0.25,>1,,,,<=0.5,,,,,>64/2,>64,=0.5,16,>32,,,,,,,>4,,,,,,,,>64/4,,,,,,,,,>64,,,,,,,,,,,,0.5,,,,,,,,,,,
72407.2368,EKP,,,,,,<=0.5,,,,2,2,,<=1,,<=1,64,,8,,,<=1,1,16,,>16,<=1,>64,<=0.12,2,4,>64,16/8,<=0.5,>16,32/16,>64,,,,,,,,,,<=0.12,,,,,,,,,,,,,,,,,,,,,,,,,
72407.2822,EKP,,<=4,,<=1,<=1,,,,,,,,,,<=1,16,,>32,,,>16,1,<=4,,16,16,<=0.5,>32,4,>32,<=0.5,32/16,<=0.5,2,32/16,16,,,,,,,,,,8,,,,,,,,,,,,,,,,,,,,,,,,,
72407.2756,EKP,,<=4,,>8,8,<=0.5,<=0.5,>2/38,,4,1,<=4,,,<=1,>128,,4,,,<=1,1,<=4,,<=8,<=1,>64,<=0.12,>8,1,>64,32/16,<=0.5,>16,>32/16,>64,,,,,,,,,,<=0.12,,,,,,,,,,,,,,,,,,,,,,,,,
72407.2864,EKP,1,16,,2,,<=0.5,2,,,,,8,,,<=1,32,,>32,,,>16,1,16,,>16,32,>64,>32,>8,>32,16,16/8,<=0.5,2,>32/16,>64,,,,,,,,,,32,,,,,,,,,,,,,,,,,,,,,,,,,
573.4215,EKP,,,,128,,,,,,,256,16,,,,256,,256,,32,16,2,,,,,,,8,,,,,,,,,,,,,,,,,,,,,,,,,,,,,,,,,,512.0,,,,,,,,
1304923.3,EKP,4,<=4,,>8,8,8,>8,>4/76,>4,>16,>2,>64/4,>8,,<=0.25,16,,,,,>16,0.5,,,,,,,4,,,,>2,,,,,,,,,0.5,,,,,4,,,,,,,,,,,,,,>128/2,,,,,,,,,,
573.24453,EKP,,,<=4,,,,>8,>8/152,,,>8,>128/4,>=16,>=32,=0.5,>64,,,>32,>32/16,>128,<1,,,,,,=64/4,,,>32,,>8,,,,,,,,>8,=1,,,,=32/4,,,,,,,,,,,,,,,,,,,,,,,,,
573.24358,EKP,,,,<1,>32,>8,,,,,>8,>128/4,,>=32,=0.5,>64,,,>32,>32/16,>128,<=2,,,,,,=64/4,,,>32,,>8,,,,,,,,>8,=1,,,,=32/4,,,,,,,,,,,,,,,,,,,,,,,,,
573.67367,EKP,2,,,,,2,1,,8,,,,,,,,,,,,,,,8,,,,,,,,,,,,,0.5,1.0,>32,,,,,,,,,,,,,,,,,,,,,,,,,,,,,,,,
72407.2638,EKP,<=0.5,<=4,,,,,8,,,,>4,<=4,,,<=1,>128,,4,,,16,1,<=4,,<=8,<=1,>64,<=0.12,4,4,>64,<=8/4,<=0.5,>16,16/8,>64,,,,,,,,,,<=0.12,,,,,,,,,,,,,,,,,,,,,,,,,
573.67353,EKP,,,,16,,32,,,,,,>128,,,,,,,,,,,,1,,,,,,,,,,,,,<=0.12,0.25,>32,,,,,,,,,,,,,,,,,,,,,,,,,,,,,,,,
573.29967,EKP,>8,<=4,,<=1,,,,,,,,,,,2,,,,,,,0.5,,<=1/4,>16,,,,,,,,,,,,,,,,,,,,,,,,,,,,,,,,,,,,,,,,,,,,,,
574.108,EKP,,<=4,,>8,>16,,<=0.5,>2/38,,,,>64,>8,,4,>128,,>32,,,>16,1,>16,,>16,>32,>64,16,8,>32,>64,>32/16,8,>16,>32/16,>64,,,,,,,,,,1,,,,,,,,,,,,,,,,,,,,,,,,,
573.29863,EKP,,,,,,128,,4/76,,,>2,,,,4,,,,,,,0.5,16,<=1/4,>16,,,,,,,,,,,,,,,,,,,,,,,,,,,,,,,,,,,,,,,,,,,,,,
72407.2859,EKP,<=0.5,,,,8,<=0.5,,>2/38,,>16,1,,,,<=1,64,,>32,,,>16,1,<=4,,>16,32,>64,16,>8,>32,>64,32/16,<=0.5,8,>32/16,>64,,,,,,,,,,4,,,,,,,,,,,,,,,,,,,,,,,,,
72407.2749,EKP,,<=4,,,>16,,1,>2/38,,>16,4,,8,,<=1,>128,,4,,,16,1,<=4,,<=8,<=1,>64,<=0.12,8,1,>64,16/8,<=0.5,>16,32/16,>64,,,,,,,,,,<=0.12,,,,,,,,,,,,,,,,,,,,,,,,,
573.66469,EKP,,,,,,,,,>=8,>=64,>=4,,,,,32,,>=64,>=32,>=32,32,,,,,,,,,,,,,,,,,,,,,,,,,,,,,,,,,,,,,,,,,,,,,,,,,,
72407.2516,EKP,<=0.5,,,,,<=0.5,,>2/38,,>16,,<=4,<=1,,<=1,>128,,<=2,,,8,1,16,,<=8,<=1,>64,<=0.12,<=1,1,>64,16/8,<=0.5,>16,32/16,>64,,,,,,,,,,<=0.12,,,,,,,,,,,,,,,,,,,,,,,,,
573.30013,EKP,>8,>32,,>4,,,,>4/76,>1,,,,,,<=1,,,,,,,1,,<=1/4,>16,,,,,,,,,,,,,,,,,,,,,,,,,,,,,,,,,,,,,,,,,,,,,,
573.4133,EKP,,,4,64,,,,,,,,,,,,512,,256,,8,64,0.5,,,,,,,2,,,,,,,,,,,,,,,,,,,,,,,,,,,,,,,,,,512.0,,,,,,,,
72407.2334,EKP,,<=4,,,,<=0.5,,,,16,,<=4,,,<=1,>128,,4,,,2,1,16,,>16,<=1,>64,,2,2,>64,16/8,<=0.5,>16,32/16,>64,,,,,,,,,,<=0.12,,,,,,,,,,,,,,,,,,,,,,,,,
573.46335,EKP,,1,,,,>32,64,,,,,,,,,256,,,,,256,2,>256,,,,,,8,,256,,,,,>256,,,,,,0.25,,,,,,,,,,,,,,,,,,,,,,,,,,256,,,
573.7028,EKP,=16,=16,=32,=2,>32,>8,>8,>8/152,>8,>64,>8,>128/4,>16,>16,=1,>128,,,>32,>32/16,>128,<=0.5,,,,,,,,,>32,,>8,,>32/16,,,,,,>8,=1,,,,,,,,,,,,,,,,,,,,,,,,,,,,,
573.46355,EKP,,>256,,,,,>64,,,,,,,256,,64,,,,,64,4,>256,,,,,,32,,128,,,,,>256,,,,,,0.5,,,,,,,,,,,,,,,,,,,,,,,,,,>256,,,
72407.2388,EKP,<=0.5,,,>8,>16,<=0.5,<=0.5,>2/38,,>16,4,,>8,,<=1,>128,,<=2,,,8,1,16,,<=8,<=1,>64,<=0.12,4,<=0.5,>64,<=8/4,<=0.5,>16,32/16,>64,,,,,,,,,,<=0.12,,,,,,,,,,,,,,,,,,,,,,,,,
72407.175,EKP,,32,,4,,,>8,,>4,>16,,>64/4,,,0.5,>32,,,,,>16,1,,,,,,,8,,,,>2,,,,,,,,,1,,,,,8,,,,,,,,,,,,,,>128/2,,,,,,,,,,
72407.2872,EKP,,<=4,,<=1,<=1,<=0.5,<=0.5,<=1/19,,,<=0.25,<=4,<=1,,<=1,<=0.5,,<=2,,,<=1,1,<=4,,<=8,<=1,<=0.5,<=0.12,<=1,<=0.5,<=0.5,<=8/4,<=0.5,<=1,<=4/2,>64,,,,,,,,,,<=0.12,,,,,,,,,,,,,,,,,,,,,,,,,
72407.2298,EKP,<=0.5,<=4,,,<=1,<=0.5,<=0.5,,,<=1,,,,,<=1,<=0.5,,<=2,,,<=1,<=0.25,16,,<=8,<=1,<=0.5,<=0.12,<=1,<=0.5,<=0.5,<=8/4,<=0.5,<=1,<=4/2,<=4,,,,,,,,,,<=0.12,,,,,,,,,,,,,,,,,,,,,,,,,
573.65912,EKP,<=0.5,,,,<=1,,<=0.5,<=1/19,,<=1,,,,,<=1,128,,<=2,,,<=1,1,<=4,,<=8,<=1,>64,<=0.12,2,<=0.5,>64,<=8/4,<=0.5,8,16/8,>64,,,,,,,,,,<=0.12,,,,,,,,,,,,,,,,,,,,,,,,,
573.29988,EKP,,16,,<=1,,,,>4/76,,,>2,,,,>8,,,,,,,4,32,<=1/4,>16,,,,,,,,,,,,,,,,,,,,,,,,,,,,,,,,,,,,,,,,,,,,,,
72407.2656,EKP,1,<=4,,,>16,<=0.5,4,,,>16,>4,,<=1,,<=1,>128,,>32,,,>16,4,>16,,>16,>32,>64,>32,>8,>32,>64,32/16,<=0.5,>16,>32/16,>64,,,,,,,,,,16,,,,,,,,,,,,,,,,,,,,,,,,,
72407.2194,EKP,,<=4,,,>16,<=0.5,2,,,,>4,,,,<=1,>128,,<=2,,,>16,1,<=4,,<=8,<=1,>64,<=0.12,2,2,>64,16/8,<=0.5,>16,32/16,>64,,,,,,,,,,<=0.12,,,,,,,,,,,,,,,,,,,,,,,,,
72407.2479,EKP,,,,>8,>16,,,>2/38,,,4,>64,,,<=1,>128,,>32,,,>16,4,>16,,16,16,>64,2,>8,>32,>64,>32/16,4,>16,>32/16,>64,,,,,,,,,,16,,,,,,,,,,,,,,,,,,,,,,,,,
573.66001,EKP,,,,2,,,1,,,>16,1,>64,8,,<=1,>128,,>32,,,>16,2,16,,16,>32,>64,32,>8,>32,>64,>32/16,>8,>16,>32/16,>64,,,,,,,,,,>32,,,,,,,,,,,,,,,,,,,,,,,,,
72407.2615,EKP,,,,<=1,>16,,1,>2/38,,,4,,8,,<=1,>128,,16,,,>16,1,16,,<=8,<=1,>64,1,8,8,>64,<=8/4,<=0.5,>16,32/16,>64,,,,,,,,,,<=0.12,,,,,,,,,,,,,,,,,,,,,,,,,
1284798.4,EKP,4,<=4,,4,8,4,>8,>4/76,>4,>16,>2,>64/4,8,,<=0.25,32,,,,,>16,1,,,,,,,4,,,,1,,,,,,,,,0.5,,,,,4,,,,,,,,,,,,,,>128/2,,,,,,,,,,
573.66407,EKP,,,,<=1,>=32,>=16,,,>=8,>=64,>=4,,,>=64,,>=64,,>=64,>=32,>=32,>=64,,,,,,,,,,,,,,,,,,,,,,,,,,,,,,,,,,,,,,,,,,,,,,,,,,
573.29984,EKP,>8,,,<=1,,128,,>4/76,,,>2,,,,<=1,,,,,,,0.5,16,<=1/4,>16,,,,,,,,,,,,,,,,,,,,,,,,,,,,,,,,,,,,,,,,,,,,,,
72407.2254,EKP,<=0.5,,,<=1,,,,<=1/19,,,,<=4,<=1,,<=1,>128,,<=2,,,8,1,16,,>16,<=1,>64,<=0.12,4,<=0.5,>64,16/8,<=0.5,>16,>32/16,>64,,,,,,,,,,<=0.12,,,,,,,,,,,,,,,,,,,,,,,,,
72407.2255,EKP,<=0.5,,,>8,,,<=0.5,,,4,1,,8,,<=1,>128,,<=2,,,<=1,1,>16,,<=8,<=1,>64,<=0.12,>8,1,>64,16/8,<=0.5,>16,32/16,>64,,,,,,,,,,<=0.12,,,,,,,,,,,,,,,,,,,,,,,,,
573.4167,EKP,0.25,,256,0.25,,,,,,,1,512,,32,,1,,64,,16,16,2,,,,,,,64,,,,,,,,,,,,,,,,,,,,,,,,,,,,,,,,,,512.0,,,,,,,,
573.66439,EKP,,4,,<=1,>=32,,,,,,>=4,,,>=64,,>=64,,>=64,>=32,>=32,>=64,,,,,,,,,,,,,,,,,,,,,,,,,,,,,,,,,,,,,,,,,,,,,,,,,,
72407.201,EKP,8,16,,2,16,,>8,>4/76,>4,,,,>8,,0.5,16,,,,,>16,1,,,,,,,8,,,,>2,,,,,,,,,1,,,,,8,,,,,,,,,,,,,,>128/2,,,,,,,,,,
573.52166,EKP,,>64,,>16,,,,,>8,,>8,>128/4,,>16,=0.5,>64,,,>32,>32/16,>128,=2,,,>16,,,>64/4,=8,,>32,,>8,,>32/16,,,,,,>8,=0.5,,,,>32/4,,,,,,,,,,,,,,,,,,,,,,,,,
573.30001,EKP,>8,>32,,>4,,16,,<=1/19,>1,,,,,,>8,,,,,,,0.5,,2/4,>16,,,,,,,,,,,,,,,,,,,,,,,,,,,,,,,,,,,,,,,,,,,,,,
573.30014,EKP,>8,<=4,,,,32,,>4/76,,,,,,,>8,,,,,,,2,,<=1/4,16,,,,,,,,,,,,,,,,,,,,,,,,,,,,,,,,,,,,,,,,,,,,,,
573.4089,EKP,0.25,,256,8,,,,,,,512,64,,32,,256,,256,,32,64,1,,,,,,,4,,,,,,,,,,,,,,,,,,,,,,,,,,,,,,,,,,512.0,,,,,,,,
72407.257,EKP,>8,,,<=1,,,>8,>4/76,>4,<=1,4,,>8,,0.5,>32,,>32,,,<=1,0.5,>16,,>16,8,4,1,>8,>32,1,<=8/4,<=0.5,<=1,16/8,>64,,,,,,0.5,,,,1,8,,,,,,,,,,,,,,>128/2,,,,,,,,,,
573.4222,EKP,,,,,,,,,,,16,,,,,0.12,,16,,32,1,2,,,,,,,8,,,,,,,,,,,,,,,,,,,,,,,,,,,,,,,,,,512.0,,,,,,,,
573.29933,EKP,,32,,2,,128,,>4/76,>1,,>2,,,,>8,,,,,,,1,16,<=1/4,>16,,,,,,,,,,,,,,,,,,,,,,,,,,,,,,,,,,,,,,,,,,,,,,
1328397.3,EKP,<=1,<=2,,<=1,,<=0.25,<=0.12,>=320,<=0.25,,<=0.25,,,<=4,,<=1,,,>=32,,<=1,<=2,,,,,,,,,,,,,8,,,,,,<=4,,,,,,,64,<=1,,,,,,,,,,,,,,,,,,,,,,
573.46353,EKP,,,,,,>32,32,,,,64,,,,,128,,,,,32,0.5,,,,,,,8,,128,,,,,>256,,,,,,0.25,,,,,,,,,,,,,,,,,,,,,,,,,,>256,,,
573.66549,EKP,,,,,,,,,,>=64,,,,,,>=64,,>=64,>=32,>=32,>=64,,,,,,,,,,,,,,,,,,,,,,,,,,,,,,,,,,,,,,,,,,,,,,,,,,
573.66421,EKP,,,,,>=32,>=16,,,,>=64,,,,,,>=64,,>=64,>=32,>=32,>=64,,,,,,,,,,,,,,,,,,,,,,,,,,,,,,,,,,,,,,,,,,,,,,,,,,
573.66068,EKP,,,,,2,8,<=0.5,,,,,<=4,<=1,,<=1,1,,>32,,,2,1,>16,,16,8,4,1,4,>32,<=0.5,<=8/4,8,2,32/16,32,,,,,,,,,,1,,,,,,,,,,,,,,,,,,,,,,,,,
573.24378,EKP,>32,<=16,,,>32,>8,,,,,,,>16,,=4,>64,,,>32,>32/16,>128,<1,,,,,,=64/4,,,>32,,>8,,,,,,,,>8,=4,,,,=32/4,,,,,,,,,,,,,,,,,,,,,,,,,
573.66324,EKP,,,,<=1,,>=16,,,>=8,,,,,,,>=64,>=64,>=64,>=32,>=32,>=64,,,,,,,,,,,,,,,,,,,,,,,,,,,,,,,,,,,,,,,,,,,,,,,,,,
573.66363,EKP,,16,,8,>=32,>=16,,,,>=64,>=4,,,>=64,,>=64,,>=64,>=32,>=32,>=64,,,,,,,,,,,,,,,,,,,,,,,,,,,,,,,,,,,,,,,,,,,,,,,,,,
573.12781,EKP,,=16,>32,,,,>8,>8/152,,>64,,,,,=0.5,>64,,,>32,>32/16,>128,=2,,,,,,,,,>32,,>8,,>32/16,,,,,,>8,=0.5,,,,,,,,,,,,,,,,,,,,,,,,,,,,,
573.7087,EKP,0.12,,8,64,,,,,,,256,32,,8,,256,,256,,16,64,1,,,,,,,4,,,,,,,,,,,,,,,,,,,,,,,,,,,,,,,,,,512.0,,,,,,,,
573.65954,EKP,<=0.5,<=4,,>8,>16,,,,,,1,,,,<=1,>128,,4,,,8,1,<=4,,>16,<=1,>64,,2,<=0.5,>64,<=8/4,<=0.5,>16,8/4,>64,,,,,,,,,,<=0.12,,,,,,,,,,,,,,,,,,,,,,,,,
72407.2558,EKP,<=0.5,<=4,,,>16,<=0.5,,>2/38,,>16,>4,<=4,,,<=1,>128,,8,,,>16,1,16,,<=8,<=1,>64,<=0.12,8,4,>64,16/8,<=0.5,>16,>32/16,>64,,,,,,,,,,<=0.12,,,,,,,,,,,,,,,,,,,,,,,,,
72407.263,EKP,>8,32,,,,>8,,>4/76,>4,>16,>2,,>8,,>4,>32,,,,,>16,2,,,,,,,16,,,,>2,,,,,,,,,>4,,,,,16,,,,,,,,,,,,,,>128/2,,,,,,,,,,
72407.2816,EKP,<=0.5,<=4,,>8,,,,>2/38,,,,<=4,8,,<=1,>128,,<=2,,,<=1,1,16,,>16,<=1,>64,<=0.12,>8,<=0.5,>64,32/16,<=0.5,>16,>32/16,<=4,,,,,,,,,,<=0.12,,,,,,,,,,,,,,,,,,,,,,,,,
72407.2247,EKP,<=0.5,<=4,,,,,,>2/38,,,1,,<=1,,<=1,>128,,8,,,>16,4,16,,>16,<=1,>64,<=0.12,>8,2,>64,>32/16,<=0.5,>16,>32/16,>64,,,,,,,,,,<=0.12,,,,,,,,,,,,,,,,,,,,,,,,,
573.4065,EKP,0.25,,2,16,,,,,,,1,16,,8,,64,,128,,16,512,1,,,,,,,2,,,,,,,,,,,,,,,,,,,,,,,,,,,,,,,,,,512.0,,,,,,,,
573.66506,EKP,,16,,<=1,,>=16,,,,>=64,>=4,,,>=64,,>=64,,>=64,>=32,>=32,>=64,,,,,,,,,,,,,,,,,,,,,,,,,,,,,,,,,,,,,,,,,,,,,,,,,,
573.24328,EKP,,<1,<=4,>=16,,>8,>8,>8/152,,,,,>16,>=32,=8,>64,,,>32,>32/16,>64,<=2,,,,,,=32/4,,,>32,,>=4,,,,,,,,>8,=8,,,,=4/4,,,,,,,,,,,,,,,,,,,,,,,,,
573.4212,EKP,,,,,,,,,,,,4,,,,16,,128,,16,512,1,,,,,,,2,,,,,,,,,,,,,,,,,,,,,,,,,,,,,,,,,,512.0,,,,,,,,
1284789.4,EKP,>8,32,,<=1,>16,>8,>8,<=0.5/9.5,>4,>16,>2,>64/4,>8,,>4,>32,,,,,>16,1,,,,,,,8,,,,>2,,,,,,,,,>4,,,,,8,,,,,,,,,,,,,,>128/2,,,,,,,,,,
573.65945,EKP,,16,,<=1,,<=0.5,,>2/38,,,,,,,<=1,32,,>32,,,>16,1,<=4,,>16,16,>64,>32,>8,32,32,<=8/4,<=0.5,2,>32/16,>64,,,,,,,,,,16,,,,,,,,,,,,,,,,,,,,,,,,,
1284787.3,EKP,>8,16,,>8,>16,>8,>8,>4/76,>4,>16,>2,>64/4,>8,,<=0.25,>32,,,,,>16,0.5,,,,,,,4,,,,>2,,,,,,,,,0.5,,,,,4,,,,,,,,,,,,,,>128/2,,,,,,,,,,
573.46858,EKP,,,,,,,>8,>8/152,>2,>32,,>128/4,,,=1,,,,,>64/2,>64,=0.5,16,>32,,,,,,,>4,,,,,,,,>64/4,,,,,,,,,>64,,,,,,,,,,,,1.0,,,,,,,,,,,
72407.2828,EKP,<=0.5,,,<=1,<=1,<=0.5,2,,,<=1,,<=4,<=1,,<=1,64,,<=2,,,<=1,1,16,,16,<=1,64,<=0.12,<=1,<=0.5,>64,<=8/4,<=0.5,8,8/4,>64,,,,,,,,,,<=0.12,,,,,,,,,,,,,,,,,,,,,,,,,
573.24367,EKP,>=4,,,<0.25,,,,,>8,,,>=128/4,<0.5,,=0.5,>8,,,>32,>=32/16,>64,<1,,,,,,=16/4,,,>32,,>=4,,,,,,,,>8,=1,,,,=1/4,,,,,,,,,,,,,,,,,,,,,,,,,
573.25569,EKP,32,<=8,,2,,,,,,>64,,>128/,8,,<=0.5,>32,,,>64,,>64,,20,,>64,,,,<=8,,,,,,>64/,,,,,>32,>64,<=1,,,,,,,,,,,,,,,,,,,,,,,,,,,,,
573.65979,EKP,<=0.5,<=4,,<=1,,<=0.5,,>2/38,,<=1,<=0.25,<=4,,,<=1,8,,<=2,,,<=1,1,<=4,,<=8,<=1,32,<=0.12,4,<=0.5,16,<=8/4,<=0.5,8,16/8,8,,,,,,,,,,<=0.12,,,,,,,,,,,,,,,,,,,,,,,,,
573.66303,EKP,,4,,,>=32,,,,,>=64,>=4,,,>=64,,>=64,,>=64,>=32,>=32,>=64,,,,,,,,,,,,,,,,,,,,,,,,,,,,,,,,,,,,,,,,,,,,,,,,,,
72407.2777,EKP,,<=4,,,4,,,,,8,>4,16,8,,<=1,32,,16,,,8,1,16,,>16,<=1,64,1,>8,8,32,16/8,<=0.5,16,32/16,>64,,,,,,,,,,<=0.12,,,,,,,,,,,,,,,,,,,,,,,,,
573.46359,EKP,,>256,,,128,>32,32,,,,>64,,,256,,>256,,,,,32,2,>256,,,,,,2,,>256,,,,,>256,,,,,,0.5,,,,,,,,,,,,,,,,,,,,,,,,,,>256,,,
72407.186,EKP,8,>32,,,>16,>8,>8,>4/76,>4,>16,>2,,>8,,0.5,>32,,,,,>16,0.5,,,,,,,4,,,,>2,,,,,,,,,1,,,,,4,,,,,,,,,,,,,,>128/2,,,,,,,,,,
573.46876,EKP,,>32,,>8,,=64,>8,,2,<=0.25,>1,>128/4,,,=2,,,,,>64/2,>64,<=0.25,8,>32,,,,,,,>4,,,,,,,,>64/4,,,,,,,,,>64,,,,,,,,,,,,0.5,,,,,,,,,,,
573.4182,EKP,0.25,,2,256,,,,,,,256,256,,4,,512,,256,,32,512,0.5,,,,,,,2,,,,,,,,,,,,,,,,,,,,,,,,,,,,,,,,,,512.0,,,,,,,,
72407.2408,EKP,<=0.5,<=4,,,,<=0.5,,>2/38,,>16,,<=4,8,,<=1,>128,,4,,,>16,1,16,,<=8,<=1,>64,<=0.12,8,1,>64,16/8,<=0.5,>16,32/16,>64,,,,,,,,,,<=0.12,,,,,,,,,,,,,,,,,,,,,,,,,
573.29937,EKP,,<=4,,>4,,16,,>4/76,,,>2,,,,>8,,,,,,,0.5,,<=1/4,<=8,,,,,,,,,,,,,,,,,,,,,,,,,,,,,,,,,,,,,,,,,,,,,,
573.7055,EKP,0.25,,4,64,,,,,,,16,16,,8,,256,,256,,16,32,1,,,,,,,8,,,,,,,,,,,,,,,,,,,,,,,,,,,,,,,,,,512.0,,,,,,,,
573.66349,EKP,,,,,>=32,>=16,,,>=8,>=64,,,,>=64,,>=64,,>=64,>=32,>=32,>=64,,,,,,,,,,,,,,,,,,,,,,,,,,,,,,,,,,,,,,,,,,,,,,,,,,
72407.2245,EKP,<=0.5,,,>8,,,,,,,1,<=4,,,<=1,>128,,<=2,,,8,1,16,,<=8,<=1,>64,<=0.12,2,<=0.5,>64,<=8/4,<=0.5,>16,16/8,>64,,,,,,,,,,<=0.12,,,,,,,,,,,,,,,,,,,,,,,,,
573.7031,EKP,=32,=64,>32,>16,>32,>8,>8,>8/152,=4,>64,>8,>128/4,>16,>32,=4,>64,,,>32,>32/16,=32,=4,,,,,,,,,>32,,>8,,>32/16,,,,,,>16,=4,,,,,,,,,,,,,,,,,,,,,,,,,,,,,
72407.2668,EKP,,,,,,,<=0.5,<=1/19,,<=1,,<=4,,,<=1,<=0.5,,<=2,,,<=1,1,<=4,,<=8,<=1,<=0.5,<=0.12,2,<=0.5,<=0.5,<=8/4,<=0.5,<=1,<=4/2,16,,,,,,,,,,<=0.12,,,,,,,,,,,,,,,,,,,,,,,,,
573.66223,EKP,,<=2,,>=16,,>=16,,,,>=64,,,,,,>=64,,>=64,>=32,>=32,>=64,,,,,,,,,,,,,,,,,,,,,,,,,,,,,,,,,,,,,,,,,,,,,,,,,,
573.4174,EKP,0.5,,4,1,,,,,,,4,64,,32,,,,64,,32,64,1,,,,,,,4,,,,,,,,,,,,,,,,,,,,,,,,,,,,,,,,,,512.0,,,,,,,,
573.66329,EKP,,32,,>=16,,,,,>=8,,,,,,,>=64,>=64,>=64,>=32,>=32,>=64,,,,,,,,,,,,,,,,,,,,,,,,,,,,,,,,,,,,,,,,,,,,,,,,,,
72407.247,EKP,,32,,,,,,,>4,>16,>2,,,,>4,>32,,,,,>16,1,,,,,,,8,,,,>2,,,,,,,,,>4,,,,,4,,,,,,,,,,,,,,>128/2,,,,,,,,,,
573.7022,EKP,=1,=2,=4,>16,>32,=2,>8,>8/152,>8,>64,>8,>128/4,=16,>16,=0.5,>64,,,>32,=32/16,>128,<=0.5,,,,,,,,,>32,,=2,,>32/16,,,,,,>8,=1,,,,,,,,,,,,,,,,,,,,,,,,,,,,,
573.24439,EKP,>64,<1,,<=4,,>8,>8,,,>64,>8,,,>=32,=1,>64,,,>32,>32/16,>128,<=2,,,,,,=64/4,,,>32,,>8,,,,,,,,>8,=2,,,,=32/4,,,,,,,,,,,,,,,,,,,,,,,,,
72407.2333,EKP,,<=4,,<=1,,8,<=0.5,,,,,,,,<=1,128,,>32,,,>16,1,>16,,<=8,>32,>64,>32,4,>32,>64,>32/16,8,16,>32/16,>64,,,,,,,,,,32,,,,,,,,,,,,,,,,,,,,,,,,,
72407.2404,EKP,<=0.5,<=4,,>8,,,,>2/38,,,,>64,>8,,<=1,64,,>32,,,>16,1,<=4,,<=8,32,>64,>32,<=1,32,16,32/16,<=0.5,>16,>32/16,>64,,,,,,,,,,32,,,,,,,,,,,,,,,,,,,,,,,,,
72407.2541,EKP,,,,,,,<=0.5,,,>16,,,,,<=1,>128,,4,,,2,1,>16,,<=8,<=1,>64,<=0.12,8,1,>64,16/8,<=0.5,>16,32/16,>64,,,,,,,,,,<=0.12,,,,,,,,,,,,,,,,,,,,,,,,,
1328390.3,EKP,<=1,<=2,,<=1,,<=0.25,<=0.12,<=20,<=0.25,,<=0.25,,,<=4,,<=1,,,>=32,,<=1,<=2,,,,,,,,,,,,,8,,,,,,<=1,,,,,,,64,<=1,,,,,,,,,,,,,,,,,,,,,,
573.66382,EKP,,,,<=1,>=32,>=16,,,,>=64,,,,,,>=64,,>=64,>=32,>=32,>=64,,,,,,,,,,,,,,,,,,,,,,,,,,,,,,,,,,,,,,,,,,,,,,,,,,
573.66555,EKP,,,,,,,,,>=8,>=64,,,,>=64,,>=64,,>=64,>=32,>=32,32,,,,,,,,,,,,,,,,,,,,,,,,,,,,,,,,,,,,,,,,,,,,,,,,,,
72407.2714,EKP,,16,,>8,,,<=0.5,>2/38,,8,,,,,<=1,>128,,32,,,<=1,2,<=4,,>16,<=1,>64,1,8,8,>64,16/8,<=0.5,16,32/16,>64,,,,,,,,,,<=0.12,,,,,,,,,,,,,,,,,,,,,,,,,
573.66272,EKP,,16,,,>=32,>=16,,,>=8,16,,,,>=64,,>=64,,>=64,>=32,>=32,>=64,,,,,,,,,,,,,,,,,,,,,,,,,,,,,,,,,,,,,,,,,,,,,,,,,,
573.66386,EKP,,,,,>=32,>=16,,,>=8,,>=4,,,,,>=64,,>=64,>=32,>=32,>=64,,,,,,,,,,,,,,,,,,,,,,,,,,,,,,,,,,,,,,,,,,,,,,,,,,
573.46838,EKP,,>32,,>8,>16,=64,,,,>32,>1,,,,<=0.5,,,,,>64/2,>64,=0.5,32,>32,,,,,,,>4,,,,,,,,>64/4,,,,,,,,,>64,,,,,,,,,,,,0.5,,,,,,,,,,,
573.46373,EKP,,,,,64,,,,,,,,,256,,256,,,,,32,0.5,256,,,,,,2,,>256,,,,,>256,,,,,,0.25,,,,,,,,,,,,,,,,,,,,,,,,,,256,,,
573.4066,EKP,0.25,,16,1,,,,,,,64,16,,32,,256,,256,,8,512,0.5,,,,,,,32,,,,,,,,,,,,,,,,,,,,,,,,,,,,,,,,,,512.0,,,,,,,,
573.29981,EKP,>8,16,,,,,,>4/76,,,,,,,>8,,,,,,,0.5,,<=1/4,>16,,,,,,,,,,,,,,,,,,,,,,,,,,,,,,,,,,,,,,,,,,,,,,
573.46394,EKP,,4,,,,8,,,,,>64,,,64,,>256,,,,,>256,2,>256,,,,,,32,,>256,,,,,>256,,,,,,0.5,,,,,,,,,,,,,,,,,,,,,,,,,,256,,,
573.24408,EKP,>=4,,>32,,,>8,>8,,,,>8,,>=16,>=32,=0.5,>64,,,>32,>32/16,>128,<=2,,,,,,=64/4,,,>32,,=2,,,,,,,,>8,=0.5,,,,=16/4,,,,,,,,,,,,,,,,,,,,,,,,,
72407.2348,EKP,,,,>8,>16,,<=0.5,>2/38,,,,,8,,<=1,>128,,<=2,,,>16,1,<=4,,<=8,<=1,>64,<=0.12,4,1,>64,16/8,<=0.5,>16,32/16,>64,,,,,,,,,,<=0.12,,,,,,,,,,,,,,,,,,,,,,,,,
72407.2319,EKP,<=0.5,<=4,,<=1,>16,<=0.5,4,,,>16,,,4,,<=1,>128,,16,,,8,4,<=4,,>16,<=1,>64,1,>8,4,>64,32/16,<=0.5,>16,>32/16,>64,,,,,,,,,,,,,,,,,,,,,,,,,,,,,,,,,,,
573.67358,EKP,2,,,0.5,64,,>8,,32,,,>128,,,,,,,,,,,,32,,,,,,,,,,,,,0.5,1.0,32,,,,,,,,,,,,,,,,,,,,,,,,,,,,,,,,
573.7078,EKP,0.5,,4,64,,,,,,,64,512,,4,,512,,256,,64,64,0.5,,,,,,,4,,,,,,,,,,,,,,,,,,,,,,,,,,,,,,,,,,512.0,,,,,,,,
573.66413,EKP,,,,>=16,>=32,,,,>=8,,,,,,,>=64,,>=64,>=32,>=32,>=64,,,,,,,,,,,,,,,,,,,,,,,,,,,,,,,,,,,,,,,,,,,,,,,,,,
573.46384,EKP,,1,,,128,,>64,,,,,,,,,128,,,,,64,4,>256,,,,,,128,,256,,,,,>256,,,,,,0.5,,,,,,,,,,,,,,,,,,,,,,,,,,>256,,,
573.66319,EKP,,,,,>=64,>=16,,,,,>=4,,,,,>=64,>=64,>=64,>=32,>=32,>=64,,,,,,,,,,,,,,,,,,,,,,,,,,,,,,,,,,,,,,,,,,,,,,,,,,
573.66522,EKP,,,,,,,,,,>=64,,,,32,,>=64,,>=64,>=32,>=32,>=64,,,,,,,,,,,,,,,,,,,,,,,,,,,,,,,,,,,,,,,,,,,,,,,,,,
72407.2175,EKP,<=0.5,,,,,,,>2/38,,16,4,,,,<=1,>128,,4,,,4,2,16,,>16,<=1,>64,1,4,2,>64,16/8,<=0.5,>16,32/16,64,,,,,,,,,,<=0.12,,,,,,,,,,,,,,,,,,,,,,,,,
72407.2813,EKP,,<=4,,<=1,,<=0.5,,,,>16,1,<=4,<=1,,<=1,>128,,8,,,16,1,>16,,<=8,<=1,>64,,<=1,2,>64,<=8/4,<=0.5,>16,8/4,>64,,,,,,,,,,<=0.12,,,,,,,,,,,,,,,,,,,,,,,,,
573.4192,EKP,0.12,,,0.5,,,,,,,1,,,,,0.12,,32,,32,0.5,0.5,,,,,,,4,,,,,,,,,,,,,,,,,,,,,,,,,,,,,,,,,,512.0,,,,,,,,
72407.2244,EKP,<=0.5,<=4,,,,,<=0.5,>2/38,,,,<=4,,,<=1,>128,,<=2,,,<=1,1,16,,<=8,<=1,>64,<=0.12,4,<=0.5,>64,<=8/4,<=0.5,16,16/8,16,,,,,,,,,,<=0.12,,,,,,,,,,,,,,,,,,,,,,,,,
573.4073,EKP,0.059999999,,4,512,,,,,,,128,8,,32,,0.059999999,,16,,8,0.5,1,,,,,,,4,,,,,,,,,,,,,,,,,,,,,,,,,,,,,,,,,,128.0,,,,,,,,
1284796.3,EKP,>8,<=4,,4,>16,>8,>8,>4/76,>4,>16,>2,>64/4,8,,<=0.25,>32,,,,,>16,1,,,,,,,4,,,,>2,,,,,,,,,0.5,,,,,4,,,,,,,,,,,,,,>128/2,,,,,,,,,,
574.105,EKP,<=0.5,<=4,,4,>16,,<=0.5,,,>16,<=0.25,,,,<=1,>128,,>32,,,>16,4,<=4,,16,>32,>64,16,>8,>32,>64,>32/16,4,>16,>32/16,>64,,,,,,,,,,16,,,,,,,,,,,,,,,,,,,,,,,,,
573.67356,EKP,0.5,,,,,<=0.06,>8,,,,,,,,,,,,,,,,,1,,,,,,,,,,,,,<=0.12,1.0,8,,,,,,,,,,,,,,,,,,,,,,,,,,,,,,,,
573.5646,EKP,>64,>64,>64,,,>32,,,,>64,,>128/,,,32,>32,,,>64,,>64,,20,,>64,,,,>=8,,,,,,>64/,,,,,>32,>64,>=16,,,,,,,,,,,,,,,,,,,,,,,,,,,,,
1328416.3,EKP,,,,<=1,<=1,<=.25,,<=1,,,>2,,<=1,,,,,,,,<=1,,,,,,,,,,<=1,,,,16,,,,,,<=4,,,,,,,64,,,,,,,,,,,,,,,,,,,,,,,
573.66513,EKP,,,,<=1,,>=16,,,>=8,,>=4,,,,,>=64,,>=64,>=32,>=32,>=64,,,,,,,,,,,,,,,,,,,,,,,,,,,,,,,,,,,,,,,,,,,,,,,,,,
573.7095,EKP,0.5,,8,0.5,,,,,,,4,16,,32,,,,256,,8,8,4,,,,,,,8,,,,,,,,,,,,,,,,,,,,,,,,,,,,,,,,,,512.0,,,,,,,,
573.4124,EKP,0.25,,,,,,,,,,256,512,,,,512,,256,,32,256,0.5,,,,,,,32,,,,,,,,,,,,,,,,,,,,,,,,,,,,,,,,,,512.0,,,,,,,,
573.7052,EKP,0.12,,256,128,,,,,,,512,128,,8,,128,,256,,16,32,4,,,,,,,16,,,,,,,,,,,,,,,,,,,,,,,,,,,,,,,,,,512.0,,,,,,,,
573.66056,EKP,<=0.5,,,>8,,<=0.5,,,,,1,<=4,,,<=1,>128,,<=2,,,2,1,<=4,,<=8,<=1,>64,<=0.12,4,<=0.5,>64,>32/16,<=0.5,>16,>32/16,32,,,,,,,,,,<=0.12,,,,,,,,,,,,,,,,,,,,,,,,,
573.66027,EKP,,,,,,1,,>2/38,,,,,,,8,>128,,>32,,,16,2,>16,,>16,>32,>64,4,>8,>32,>64,>32/16,<=0.5,>16,>32/16,>64,,,,,,,,,,4,,,,,,,,,,,,,,,,,,,,,,,,,
72407.2685,EKP,,,,,,,>8,,,,>4,,>8,,>8,>128,,>32,,,>16,2,>16,,>16,16,>64,2,>8,>32,>64,>32/16,4,>16,>32/16,>64,,,,,,,,,,2,,,,,,,,,,,,,,,,,,,,,,,,,
72407.171,EKP,>8,>32,,>8,>16,>8,>8,>4/76,>4,>16,>2,>64/4,>8,,>4,>32,,,,,>16,2,,,,,,,>16,,,,>2,,,,,,,,,2,,,,,16,,,,,,,,,,,,,,>128/2,,,,,,,,,,
573.66375,EKP,,,,,,>=16,,,,<=1,>=4,,,>=64,,8,,>=64,>=32,>=32,0.5,,,,,,,,,,,,,,,,,,,,,,,,,,,,,,,,,,,,,,,,,,,,,,,,,,
72407.2381,EKP,,,,>8,,4,,<=1/19,,,,<=4,>8,,<=1,>128,,>32,,,>16,1,>16,,>16,>32,>64,>32,4,>32,>64,>32/16,2,>16,>32/16,>64,,,,,,,,,,16,,,,,,,,,,,,,,,,,,,,,,,,,
72407.2865,EKP,,,,<=1,,,,2/38,,,4,,,,<=1,32,,>32,,,>16,1,>16,,>16,>32,>64,>32,4,>32,32,16/8,<=0.5,8,>32/16,>64,,,,,,,,,,16,,,,,,,,,,,,,,,,,,,,,,,,,
72407.2858,EKP,,,,,<=1,<=0.5,<=0.5,,,,,,<=1,,<=1,8,,>32,,,>16,1,16,,>16,>32,64,>32,2,>32,4,<=8/4,<=0.5,<=1,32/16,>64,,,,,,,,,,16,,,,,,,,,,,,,,,,,,,,,,,,,
573.5765,EKP,>=16,<=32,1,<=1,>=16,>=8,,>64/128,,>64,>16,>128/,>=16,64,<=0.25,>32,,,>64,,>64,,20,,32,,,,<=4,,,,,,>64/,,,,,>32,>64,<=0.25,,,,,,,,,,,,,,,,,,,,,,,,,,,,,
573.66012,EKP,<=0.5,<=4,,,>16,,,,,>16,4,8,,,<=1,>128,,>32,,,>16,2,16,,<=8,16,>64,1,8,>32,>64,32/16,1,>16,32/16,64,,,,,,,,,,,,,,,,,,,,,,,,,,,,,,,,,,,
573.29866,EKP,>8,<=4,,<=1,,,,<=1/19,>1,,>2,,,,<=1,,,,,,,0.5,,<=1/4,>16,,,,,,,,,,,,,,,,,,,,,,,,,,,,,,,,,,,,,,,,,,,,,,
573.7362,EKP,=32,>64,>32,>16,>32,>8,>8,>8/152,=4,>64,>8,>128/4,>16,>32,=0.5,>64,,,>32,>32/16,=32,>4,,,,,,,,,>32,,>8,,>32/16,,,,,,>32,,,,,,,,,,,,,,,,,,,,,,,,,,,,,,
72407.2805,EKP,,<=4,,,,,<=0.5,,,,1,,8,,<=1,>128,,16,,,<=1,1,<=4,,<=8,<=1,>64,,>8,32,>64,16/8,<=0.5,>16,16/8,>64,,,,,,,,,,,,,,,,,,,,,,,,,,,,,,,,,,,
573.4098,EKP,0.12,,32,0.25,,,,,,,8,8,,64,,0.25,,32,,4,0.5,8,,,,,,,64,,,,,,,,,,,,,,,,,,,,,,,,,,,,,,,,,,64.0,,,,,,,,
573.4149,EKP,0.12,,2,32,,,,,,,256,32,,8,,512,,256,,16,64,0.5,,,,,,,8,,,,,,,,,,,,,,,,,,,,,,,,,,,,,,,,,,512.0,,,,,,,,
573.66232,EKP,,,,>=16,>=32,,,,>=8,,,,,,,>=64,,>=64,>=32,>=32,>=64,,,,,,,,,,,,,,,,,,,,,,,,,,,,,,,,,,,,,,,,,,,,,,,,,,
573.46408,EKP,32,,,,64,>32,32,,,,,,,256,,256,,,,,64,2,>256,,,,,,4,,>256,,,,,>256,,,,,,0.5,,,,,,,,,,,,,,,,,,,,,,,,,,>256,,,
72407.2652,EKP,<=0.5,,,,,,4,,,,>4,,>8,,<=1,>128,,32,,,8,4,<=4,,>16,<=1,>64,,>8,8,>64,<=8/4,<=0.5,>16,32/16,>64,,,,,,,,,,1,,,,,,,,,,,,,,,,,,,,,,,,,
1284820.3,EKP,4,<=4,,>8,8,8,>8,>4/76,>4,>16,>2,>64/4,>8,,<=0.25,32,,,,,>16,1,,,,,,,16,,,,>2,,,,,,,,,0.5,,,,,16,,,,,,,,,,,,,,>128/2,,,,,,,,,,
573.18093,EKP,,,,,,,>8,,,>64,,>128/4,>16,,=0.5,>64,,,>32,>32/16,>128,=2,,,,,,,,,>32,,>8,,>32/16,,,,,,>8,=0.5,,,,,,,,,,,,,,,,,,,,,,,,,,,,,
72407.2268,EKP,<=0.5,<=4,,<=1,>16,,,>2/38,,,1,<=4,,,<=1,>128,,<=2,,,<=1,1,16,,<=8,<=1,>64,<=0.12,4,<=0.5,>64,16/8,<=0.5,>16,32/16,>64,,,,,,,,,,<=0.12,,,,,,,,,,,,,,,,,,,,,,,,,
573.7039,EKP,0.12,,2,128,,,,,,,64,4,,4,,128,,256,,16,32,0.5,,,,,,,4,,,,,,,,,,,,,,,,,,,,,,,,,,,,,,,,,,512.0,,,,,,,,
573.66332,EKP,,16,,>=16,,>=16,,,>=8,>=64,>=4,,,>=64,,>=64,>=64,>=64,>=32,>=32,>=64,,,,,,,,,,,,,,,,,,,,,,,,,,,,,,,,,,,,,,,,,,,,,,,,,,
573.66304,EKP,,4,,,>=32,,,,>=8,<=1,>=4,,,>=64,,>=64,,>=64,>=32,>=32,>=64,,,,,,,,,,,,,,,,,,,,,,,,,,,,,,,,,,,,,,,,,,,,,,,,,,
573.66508,EKP,,<=2,,,,>=16,,,>=8,,>=4,,,,,>=64,,>=64,>=32,>=32,>=64,,,,,,,,,,,,,,,,,,,,,,,,,,,,,,,,,,,,,,,,,,,,,,,,,,
573.46369,EKP,,,,,4,16,,,,,,,,4,,64,,,,,32,0.5,16,,,,,,4,,64,,,,,8,,,,,,0.25,,,,,,,,,,,,,,,,,,,,,,,,,,8,,,
72407.2383,EKP,,<=4,,,8,,<=0.5,>2/38,,2,1,<=4,8,,2,>128,,4,,,<=1,1,16,,<=8,<=1,>64,,>8,1,>64,32/16,<=0.5,16,32/16,>64,,,,,,,,,,<=0.12,,,,,,,,,,,,,,,,,,,,,,,,,
573.65965,EKP,<=0.5,,,,,,,>2/38,,,,<=4,,,<=1,>128,,4,,,<=1,1,16,,<=8,<=1,>64,<=0.12,4,4,>64,16/8,<=0.5,>16,16/8,>64,,,,,,,,,,<=0.12,,,,,,,,,,,,,,,,,,,,,,,,,
1284788.3,EKP,>8,32,,<=1,>16,>8,>8,>4/76,>4,>16,>2,>64/4,>8,,0.5,>32,,,,,>16,0.5,,,,,,,4,,,,>2,,,,,,,,,0.5,,,,,4,,,,,,,,,,,,,,>128/2,,,,,,,,,,
72407.2509,EKP,<=0.5,<=4,,<=1,,<=0.5,,,,,1,<=4,<=1,,<=1,<=0.5,,>32,,,<=1,2,16,,>16,16,2,,8,>32,<=0.5,<=8/4,<=0.5,<=1,32/16,>64,,,,,,,,,,,,,,,,,,,,,,,,,,,,,,,,,,,
573.66356,EKP,,>=64,,>=16,,>=16,,,>=8,>=64,>=4,,,,,>=64,,>=64,>=32,>=32,>=64,,,,,,,,,,,,,,,,,,,,,,,,,,,,,,,,,,,,,,,,,,,,,,,,,,
72407.2176,EKP,<=0.5,<=4,,,,,,,,<=1,<=0.25,,<=1,,<=1,2,,>32,,,<=1,4,16,,>16,8,4,1,8,>32,1,<=8/4,<=0.5,2,16/8,64,,,,,,,,,,1,,,,,,,,,,,,,,,,,,,,,,,,,
573.29991,EKP,>8,,,>4,,>128,,,,,>2,,,,>8,,,,,,,1,128,<=1/4,16,,,,,,,,,,,,,,,,,,,,,,,,,,,,,,,,,,,,,,,,,,,,,,
574.26,EKP,=4,>64,>32,,>32,=4,,>8/152,>8,>64,>8,>128/4,>16,>16,=0.5,>128,,,>32,>32/16,>128,=1,,,>16,,,=128/4,=8,,>32,,=4,,>32/16,,,,,,>8,=0.5,,,,>128/4,,,,,,,,,,,,,,,,,,,,,,,,,
573.66362,EKP,,16,,<=1,,,,,>=8,>=64,,,,>=64,,>=64,,>=64,>=32,>=32,>=64,,,,,,,,,,,,,,,,,,,,,,,,,,,,,,,,,,,,,,,,,,,,,,,,,,
573.46853,EKP,,,,,,,>8,,2,,>1,,,,<=0.5,,,,,>64/2,>64,=0.5,32,>32,,,,,,,>4,,,,,,,,>64/4,,,,,,,,,>64,,,,,,,,,,,,0.5,,,,,,,,,,,
573.66302,EKP,,4,,<=1,>=32,>=16,,,,,>=4,,,,,>=64,,>=64,>=32,>=32,>=64,,,,,,,,,,,,,,,,,,,,,,,,,,,,,,,,,,,,,,,,,,,,,,,,,,
573.29954,EKP,,,,,,,,>4/76,>1,,>2,,,,>8,,,,,,,2,,2/4,>16,,,,,,,,,,,,,,,,,,,,,,,,,,,,,,,,,,,,,,,,,,,,,,
573.66268,EKP,,<=2,,,,,,,,<=1,,,,,,4,,>=64,>=32,>=32,0.5,,,,,,,,,,,,,,,,,,,,,,,,,,,,,,,,,,,,,,,,,,,,,,,,,,
573.66544,EKP,,4,,>=16,,>=16,,,>=8,>=64,>=4,,,,,>=64,,>=64,>=32,>=32,>=64,,,,,,,,,,,,,,,,,,,,,,,,,,,,,,,,,,,,,,,,,,,,,,,,,,
573.46329,EKP,>32,2,,,,>32,>64,,,,>64,,,,,128,,,,,32,4,>256,,,,,,64,,256,,,,,>256,,,,,,0.25,,,,,,,,,,,,,,,,,,,,,,,,,,256,,,
573.24349,EKP,,<4,>32,,>32,,,>8/152,,>64,>8,>128/4,,>=32,=2,>64,,,>32,>=32/16,>128,=4,,,,,,=64/4,,,>32,,<=1,,,,,,,,>8,=0.5,,,,=32/4,,,,,,,,,,,,,,,,,,,,,,,,,
573.66265,EKP,,<=2,,,,>=16,,,>=8,>=64,,,,>=64,,>=64,,>=64,>=32,>=32,32,,,,,,,,,,,,,,,,,,,,,,,,,,,,,,,,,,,,,,,,,,,,,,,,,,
573.66377,EKP,,32,,,>=32,>=16,,,>=8,>=64,,,,>=64,,>=64,,>=64,>=32,>=32,>=64,,,,,,,,,,,,,,,,,,,,,,,,,,,,,,,,,,,,,,,,,,,,,,,,,,
573.30003,EKP,8,,,<=1,,,,>4/76,>1,,,,,,<=1,,,,,,,2,<=4,<=1/4,>16,,,,,,,,,,,,,,,,,,,,,,,,,,,,,,,,,,,,,,,,,,,,,,
72407.2784,EKP,,,,<=1,>16,,,>2/38,,16,,,,,<=1,>128,,<=2,,,8,1,>16,,>16,<=1,>64,<=0.12,<=1,<=0.5,>64,<=8/4,<=0.5,>16,8/4,>64,,,,,,,,,,<=0.12,,,,,,,,,,,,,,,,,,,,,,,,,
72407.2394,EKP,<=0.5,,,,4,,,,,,1,<=4,<=1,,<=1,>128,,4,,,4,<=0.25,<=4,,<=8,<=1,>64,<=0.12,<=1,<=0.5,>64,<=8/4,<=0.5,16,16/8,>64,,,,,,,,,,<=0.12,,,,,,,,,,,,,,,,,,,,,,,,,
72407.2501,EKP,,,,<=1,>16,<=0.5,<=0.5,>2/38,,,,,,,>8,>128,,4,,,>16,1,>16,,<=8,<=1,>64,1,4,2,>64,32/16,<=0.5,>16,>32/16,>64,,,,,,,,,,<=0.12,,,,,,,,,,,,,,,,,,,,,,,,,
573.66308,EKP,,,,,>=32,>=16,,,2,2,,,,>=64,,>=64,,>=64,>=32,>=32,>=64,,,,,,,,,,,,,,,,,,,,,,,,,,,,,,,,,,,,,,,,,,,,,,,,,,
573.65982,EKP,<=0.5,<=4,,,>16,<=0.5,2,,,>16,4,,<=1,,<=1,>128,,<=2,,,8,1,16,,<=8,<=1,>64,<=0.12,2,<=0.5,>64,<=8/4,<=0.5,>16,16/8,<=4,,,,,,,,,,<=0.12,,,,,,,,,,,,,,,,,,,,,,,,,
573.7216,EKP,,<=4,,<=1,>16,>8,,>2/38,>4,>16,2,>64/4,<=1,>16,0.19,,,,,,>16,<=1,,,,,,,,,>32,,,,,,,,,,,,,,,,,,,,,,,,,,,,,,,,,,,,,,,,
573.46336,EKP,,>256,,,,,32,,,,,,,256,,128,,,,,256,1,>256,,,,,,4,,256,,,,,>256,,,,,,0.25,,,,,,,,,,,,,,,,,,,,,,,,,,256,,,
573.4143,EKP,0.12,,,,,,,,,,,,,,,0.25,,16,,16,2,2,,,,,,,64,,,,,,,,,,,,,,,,,,,,,,,,,,,,,,,,,,512.0,,,,,,,,
72407.2606,EKP,<=0.5,,,<=1,,,,<=1/19,,,<=0.25,,<=1,,<=1,>128,,<=2,,,2,1,<=4,,<=8,<=1,>64,<=0.12,4,1,>64,32/16,<=0.5,>16,32/16,>64,,,,,,,,,,<=0.12,,,,,,,,,,,,,,,,,,,,,,,,,
573.66479,EKP,,8,,,>=32,>=16,,,>=8,>=64,>=4,,,,,>=64,,>=64,>=32,>=32,>=64,,,,,,,,,,,,,,,,,,,,,,,,,,,,,,,,,,,,,,,,,,,,,,,,,,
72407.2488,EKP,<=0.5,,,,,,,<=1/19,,,,,,,<=1,>128,,<=2,,,<=1,<=0.25,<=4,,<=8,<=1,>64,<=0.12,<=1,<=0.5,>64,<=8/4,<=0.5,16,8/4,<=4,,,,,,,,,,<=0.12,,,,,,,,,,,,,,,,,,,,,,,,,
573.4107,EKP,0.12,,,,,,,,,,8,8,,,,0.029999999,,256,,16,0.25,0.5,,,,,,,4,,,,,,,,,,,,,,,,,,,,,,,,,,,,,,,,,,512.0,,,,,,,,
573.66059,EKP,,,,<=1,<=1,<=0.5,<=0.5,,,,<=0.25,<=4,<=1,,<=1,<=0.5,,<=2,,,<=1,1,16,,<=8,<=1,<=0.5,<=0.12,<=1,<=0.5,<=0.5,<=8/4,<=0.5,<=1,8/4,32,,,,,,,,,,<=0.12,,,,,,,,,,,,,,,,,,,,,,,,,
573.24435,EKP,>16,,<=4,<2,>32,>8,,>8/152,,,,>128/4,,>=32,=0.5,>64,,,>32,>32/16,>128,<1,,,,,,=64/4,,,>32,,>8,,,,,,,,>8,=0.5,,,,=32/4,,,,,,,,,,,,,,,,,,,,,,,,,
573.66292,EKP,,<=2,,>=16,>=64,>=16,,,,,,,,>=64,,>=64,>=64,>=64,>=32,>=32,>=64,,,,,,,,,,,,,,,,,,,,,,,,,,,,,,,,,,,,,,,,,,,,,,,,,,
573.4083,EKP,0.5,,4,128,,,,,,,16,8,,16,,256,,256,,16,32,0.5,,,,,,,2,,,,,,,,,,,,,,,,,,,,,,,,,,,,,,,,,,512.0,,,,,,,,
72407.2713,EKP,,<=4,,<=1,,,<=0.5,>2/38,,>16,,,8,,<=1,>128,,<=2,,,16,1,16,,>16,<=1,>64,<=0.12,2,<=0.5,>64,16/8,<=0.5,>16,>32/16,>64,,,,,,,,,,<=0.12,,,,,,,,,,,,,,,,,,,,,,,,,
573.67372,EKP,,,,,8,8,,,16,,,>128,,,,,,,,,,,,1,,,,,,,,,,,,,0.5,0.5,32,,,,,,,,,,,,,,,,,,,,,,,,,,,,,,,,
573.7077,EKP,0.25,,256,128,,,,,,,128,32,,4,,512,,256,,16,64,2,,,,,,,16,,,,,,,,,,,,,,,,,,,,,,,,,,,,,,,,,,512.0,,,,,,,,
573.24403,EKP,>64,,>=16,<2,>32,>8,,>8/152,,>64,,>128/4,,>=32,=0.5,>64,,,>32,>32/16,>128,<=2,,,,,,=64/4,,,>32,,>8,,,,,,,,>8,=1,,,,=32/4,,,,,,,,,,,,,,,,,,,,,,,,,
573.5766,EKP,>=64,>64,>64,>64,>64,>32,,>64/128,,>64,>16,>128/,>64,>64,16,>32,,,>64,,>64,,,,64,,,,>=16,,,,,,>64/,,,,,>32,>64,>=8,,,,,,,,,,,,,,,,,,,,,,,,,,,,,
72407.2581,EKP,<=0.5,,,<=1,,<=0.5,,,,2,1,<=4,<=1,,<=1,>128,,4,,,<=1,1,>16,,<=8,<=1,>64,<=0.12,>8,<=0.5,>64,<=8/4,<=0.5,16,32/16,>64,,,,,,,,,,<=0.12,,,,,,,,,,,,,,,,,,,,,,,,,
573.31623,EKP,,>64,,,>=64,,,,,,,>=128,,>=64,4,>=64,,,>=32,>=32,>=64,4,128,,,,,,,,,,,,,,,,,,,,,,,,,,,,,,,,,,,,,,,>320,,,,,,,,,
573.66489,EKP,,,,>=16,,>=16,,,>=8,,,,,>=64,,>=64,,>=64,>=32,>=32,32,,,,,,,,,,,,,,,,,,,,,,,,,,,,,,,,,,,,,,,,,,,,,,,,,,
573.66261,EKP,,,,>=16,>=32,,,,>=8,16,,,,>=64,,>=64,,>=64,>=32,>=32,>=64,,,,,,,,,,,,,,,,,,,,,,,,,,,,,,,,,,,,,,,,,,,,,,,,,,
72407.197,EKP,,32,,2,>16,,,,>4,,>2,>64/4,,,0.5,>32,,,,,>16,1,,,,,,,8,,,,>2,,,,,,,,,1,,,,,8,,,,,,,,,,,,,,>128/2,,,,,,,,,,
573.4206,EKP,0.12,,16,,,,,,,,,16,,16,,0.25,,32,,4,0.25,4,,,,,,,16,,,,,,,,,,,,,,,,,,,,,,,,,,,,,,,,,,128.0,,,,,,,,
1284833.4,EKP,4,<=4,,8,<=2,4,<=1,<=0.5/9.5,4,>16,<=0.25,>64/4,8,,<=0.25,4,,,,,16,0.5,,,,,,,<=2,,,,2,,,,,,,,,0.5,,,,,<=2,,,,,,,,,,,,,,>128/2,,,,,,,,,,
72407.2645,EKP,,<=4,,>8,>16,,,,,,>4,<=4,,,<=1,>128,,<=2,,,16,<=0.25,<=4,,<=8,<=1,>64,<=0.12,<=1,<=0.5,>64,16/8,<=0.5,>16,32/16,>64,,,,,,,,,,<=0.12,,,,,,,,,,,,,,,,,,,,,,,,,
573.66297,EKP,,,,<=1,,>=16,,,>=8,>=64,,,,,,>=64,>=64,>=64,>=32,>=32,>=64,,,,,,,,,,,,,,,,,,,,,,,,,,,,,,,,,,,,,,,,,,,,,,,,,,
1400164.3,EKP,,<=2,,>8,32,0.094,,>8,,,>2,>64,8,,,,,,,,16,<2,,,,,,,,,4,,,,>16,,,,,,>32,,,,,,,256,,,,,,,,,,,,,,,,,,,,,,,
573.7074,EKP,0.12,,256,0.25,,,,,,,64,32,,32,,512,,256,,16,256,4,,,,,,,32,,,,,,,,,,,,,,,,,,,,,,,,,,,,,,,,,,512.0,,,,,,,,
72407.2425,EKP,2,<=4,,,>16,2,,<=1/19,,,>4,,,,<=1,4,,>32,,,8,4,16,,>16,16,16,16,>8,>32,2,>32/16,2,16,>32/16,>64,,,,,,,,,,2,,,,,,,,,,,,,,,,,,,,,,,,,
573.66215,EKP,,<=2,,,>=32,>=16,,,,>=64,,,,32,,>=64,,>=64,>=32,>=32,>=64,,,,,,,,,,,,,,,,,,,,,,,,,,,,,,,,,,,,,,,,,,,,,,,,,,
72407.172,EKP,>8,32,,>8,,>8,,,,>16,>2,>64/4,>8,,>4,>32,,,,,>16,1,,,,,,,8,,,,>2,,,,,,,,,>4,,,,,8,,,,,,,,,,,,,,>128/2,,,,,,,,,,
573.66425,EKP,,,,,>=32,,,,>=8,,>=4,,,>=64,,>=64,,>=64,>=32,>=32,>=64,,,,,,,,,,,,,,,,,,,,,,,,,,,,,,,,,,,,,,,,,,,,,,,,,,
573.46392,EKP,,,,,128,>32,16,,,,,,,128,,256,,,,,64,1,256,,,,,,4,,>256,,,,,>256,,,,,,0.5,,,,,,,,,,,,,,,,,,,,,,,,,,>256,,,
72407.2724,EKP,<=0.5,<=4,,,>16,<=0.5,<=0.5,<=1/19,,>16,,<=4,2,,<=1,>128,,<=2,,,2,1,16,,<=8,<=1,>64,<=0.12,2,<=0.5,>64,>32/16,<=0.5,>16,>32/16,>64,,,,,,,,,,<=0.12,,,,,,,,,,,,,,,,,,,,,,,,,
1328392.3,EKP,<=1,<=2,,<=1,,<=0.25,1,<=20,<=0.25,,<=0.25,,,<=4,,<=1,,,>=32,,<=1,<=2,,,,,,,,,,,,,8,,,,,,<=2,,,,,,,32,<=1,,,,,,,,,,,,,,,,,,,,,,
573.46385,EKP,>32,,,,,>32,>64,,,,,,,256,,128,,,,,32,2,,,,,,,128,,256,,,,,>256,,,,,,0.125,,,,,,,,,,,,,,,,,,,,,,,,,,256,,,
573.66558,EKP,,,,,,>=16,,,,,>=4,,,,,>=64,,>=64,>=32,>=32,>=64,,,,,,,,,,,,,,,,,,,,,,,,,,,,,,,,,,,,,,,,,,,,,,,,,,
72407.2531,EKP,,,,>8,>16,<=0.5,,,,>16,,16,>8,,<=1,>128,,4,,,>16,2,<=4,,<=8,<=1,>64,<=0.12,8,1,>64,32/16,<=0.5,>16,32/16,>64,,,,,,,,,,<=0.12,,,,,,,,,,,,,,,,,,,,,,,,,
573.66419,EKP,,,,2,>=32,,,,,>=64,>=4,,,>=64,,>=64,,>=64,>=32,>=32,>=64,,,,,,,,,,,,,,,,,,,,,,,,,,,,,,,,,,,,,,,,,,,,,,,,,,
573.24451,EKP,,=32,=8,,>32,,,>8/152,>8,>64,>8,>128/4,,>=32,=8,>64,,,>32,>32/16,>128,<=2,,,,,,=64/4,,,>32,,>8,,,,,,,,>8,=8,,,,=32/4,,,,,,,,,,,,,,,,,,,,,,,,,
72407.2752,EKP,<=0.5,<=4,,>8,,,>8,,,>16,>4,16,>8,,<=1,>128,,32,,,>16,>4,16,,>16,2,>64,1,>8,8,>64,16/8,<=0.5,>16,32/16,>64,,,,,,,,,,,,,,,,,,,,,,,,,,,,,,,,,,,
573.29874,EKP,,<=4,,<=1,,16,,,>1,,>2,,,,<=1,,,,,,,0.5,,<=1/4,<=8,,,,,,,,,,,,,,,,,,,,,,,,,,,,,,,,,,,,,,,,,,,,,,
573.4072,EKP,0.059999999,,256,0.5,,,,,,,512,32,,16,,512,,256,,16,128,2,,,,,,,16,,,,,,,,,,,,,,,,,,,,,,,,,,,,,,,,,,512.0,,,,,,,,
573.66541,EKP,,,,>=16,,,,,>=8,>=64,,,,>=64,,>=64,,>=64,>=32,>=32,>=64,,,,,,,,,,,,,,,,,,,,,,,,,,,,,,,,,,,,,,,,,,,,,,,,,,
573.7047,EKP,0.12,,256,1,,,,,,,256,32,,64,,256,,256,,16,32,2,,,,,,,16,,,,,,,,,,,,,,,,,,,,,,,,,,,,,,,,,,512.0,,,,,,,,
573.66338,EKP,,,,,,,,,,>=64,>=4,,,,,>=64,>=64,>=64,>=32,>=32,>=64,,,,,,,,,,,,,,,,,,,,,,,,,,,,,,,,,,,,,,,,,,,,,,,,,,
72407.2327,EKP,,<=4,,,,,,,,,<=0.25,,8,,<=1,128,,>32,,,>16,<=0.25,16,,<=8,>32,>64,32,<=1,>32,>64,>32/16,4,>16,32/16,>64,,,,,,,,,,32,,,,,,,,,,,,,,,,,,,,,,,,,
573.29949,EKP,,<=4,,,,128,,,>1,,,,,,>8,,,,,,,1,,<=1/4,>16,,,,,,,,,,,,,,,,,,,,,,,,,,,,,,,,,,,,,,,,,,,,,,
573.65901,EKP,,,,>8,,<=0.5,<=0.5,>2/38,,<=1,2,,,,<=1,32,,4,,,<=1,1,<=4,,>16,<=1,>64,<=0.12,>8,1,64,<=8/4,<=0.5,8,32/16,>64,,,,,,,,,,<=0.12,,,,,,,,,,,,,,,,,,,,,,,,,
573.46405,EKP,,,,,,,1,,,,,,,>256,,256,,,,,>256,2,64,,,,,,8,,>256,,,,,>256,,,,,,0.5,,,,,,,,,,,,,,,,,,,,,,,,,,>256,,,
573.66248,EKP,,,,,,>=16,,,>=8,,>=4,,,,,>=64,,>=64,>=32,>=32,32,,,,,,,,,,,,,,,,,,,,,,,,,,,,,,,,,,,,,,,,,,,,,,,,,,
573.66461,EKP,,8,,>=16,>=32,,,,,,>=4,,,,,>=64,,>=64,>=32,>=32,>=64,,,,,,,,,,,,,,,,,,,,,,,,,,,,,,,,,,,,,,,,,,,,,,,,,,
573.66327,EKP,,<=2,,<=1,,>=16,,,>=8,>=64,,,,,,>=64,>=64,>=64,>=32,>=32,>=64,,,,,,,,,,,,,,,,,,,,,,,,,,,,,,,,,,,,,,,,,,,,,,,,,,
72407.2591,EKP,<=0.5,,,>8,>16,<=0.5,<=0.5,,,16,,<=4,,,<=1,>128,,<=2,,,8,2,<=4,,<=8,<=1,>64,<=0.12,4,<=0.5,>64,<=8/4,<=0.5,>16,32/16,64,,,,,,,,,,<=0.12,,,,,,,,,,,,,,,,,,,,,,,,,
573.4074,EKP,0.5,,16,0.5,,,,,,,0.25,32,,64,,1,,64,,8,2,2,,,,,,,16,,,,,,,,,,,,,,,,,,,,,,,,,,,,,,,,,,128.0,,,,,,,,
573.9723,EKP,,<=1,=16,,,,,,,>64,>8,,=16,>32,,>64,,,>64,>32/16,>128,,,,,,,,,,>64,,>8,,,,,,,,>32,=2,,,,,,,,,,,,,,,,,,,,,,,,,,,,,
72407.2362,EKP,<=0.5,<=4,,,>16,<=0.5,,<=1/19,,>16,<=0.25,8,<=1,,<=1,>128,,<=2,,,16,1,16,,<=8,<=1,>64,<=0.12,4,1,>64,32/16,<=0.5,>16,>32/16,>64,,,,,,,,,,<=0.12,,,,,,,,,,,,,,,,,,,,,,,,,
573.65942,EKP,<=0.5,,,,>16,,4,,,>16,>4,,,,<=1,>128,,>32,,,>16,<=0.25,>16,,<=8,>32,>64,>32,<=1,>32,>64,>32/16,>8,>16,>32/16,>64,,,,,,,,,,>32,,,,,,,,,,,,,,,,,,,,,,,,,
573.66246,EKP,,16,,,>=32,,,,,>=64,>=4,,,,,>=64,,>=64,>=32,>=32,>=64,,,,,,,,,,,,,,,,,,,,,,,,,,,,,,,,,,,,,,,,,,,,,,,,,,
573.7051,EKP,0.059999999,,16,0.25,,,,,,,0.25,16,,64,,0.25,,32,,4,1,4,,,,,,,64,,,,,,,,,,,,,,,,,,,,,,,,,,,,,,,,,,256.0,,,,,,,,
573.66006,EKP,<=0.5,,,<=1,,,8,,,,,32,<=1,,>8,>128,,16,,,>16,1,>16,,<=8,<=1,>64,1,4,2,>64,32/16,<=0.5,>16,>32/16,>64,,,,,,,,,,<=0.12,,,,,,,,,,,,,,,,,,,,,,,,,
1284797.4,EKP,4,<=4,,4,<=2,4,<=1,<=0.5/9.5,4,>16,0.5,>64/4,8,,<=0.25,4,,,,,16,0.5,,,,,,,4,,,,2,,,,,,,,,0.5,,,,,4,,,,,,,,,,,,,,>128/2,,,,,,,,,,
72407.2422,EKP,<=0.5,,,,4,,<=0.5,,,4,,<=4,,,<=1,128,,<=2,,,<=1,1,<=4,,>16,<=1,>64,<=0.12,4,1,>64,32/16,<=0.5,16,>32/16,32,,,,,,,,,,<=0.12,,,,,,,,,,,,,,,,,,,,,,,,,
573.66291,EKP,,>=64,,,>=64,>=16,,,>=8,,,,,>=64,,>=64,>=64,>=64,>=32,>=32,>=64,,,,,,,,,,,,,,,,,,,,,,,,,,,,,,,,,,,,,,,,,,,,,,,,,,
72407.262,EKP,,<=4,,<=1,,<=0.5,,,>4,>16,>2,,<=1,,0.5,>32,,<=2,,,<=1,2,16,,>16,<=1,>64,<=0.12,8,<=0.5,>64,16/8,<=0.5,>16,32/16,>64,,,,,,1,,,,<=0.12,8,,,,,,,,,,,,,,>128/2,,,,,,,,,,
1400162.3,EKP,,>32,,>8,,>8,,>8,,,>2,>64,>8,,<4,,,,,,>32,2,,,,,,,,,>32,,,,>16,,,,,,>32,,,,,,,>256,,,,,,,,,,,,,,,,,,,,,,,
573.66393,EKP,,,,<=1,,>=16,,,,,>=4,,,,,>=64,,>=64,>=32,>=32,>=64,,,,,,,,,,,,,,,,,,,,,,,,,,,,,,,,,,,,,,,,,,,,,,,,,,
573.65985,EKP,,,,<=1,4,<=0.5,,>2/38,,,,,<=1,,<=1,>128,,<=2,,,<=1,1,16,,<=8,<=1,>64,<=0.12,4,1,>64,16/8,<=0.5,16,16/8,>64,,,,,,,,,,<=0.12,,,,,,,,,,,,,,,,,,,,,,,,,
573.30008,EKP,,>32,,,,16,,2/38,,,,,,,4,,,,,,,1,,<=1/4,>16,,,,,,,,,,,,,,,,,,,,,,,,,,,,,,,,,,,,,,,,,,,,,,
573.18542,EKP,<=0.5,<=1,>32,,=32,<=0.12,>8,,=0.25,,,>128/4,,,=4,>64,,,>32,=32/16,>128,=4,,,,,,,,,>32,,<=0.12,,>32/16,,,,,,>8,=4,,,,,,,,,,,,,,,,,,,,,,,,,,,,,
573.4155,EKP,0.12,,32,0.25,,,,,,,4,16,,64,,1,,256,,32,1,4,,,,,,,32,,,,,,,,,,,,,,,,,,,,,,,,,,,,,,,,,,512.0,,,,,,,,
573.66296,EKP,,8,,<=1,>=64,,,,>=8,,>=4,,,>=64,,>=64,>=64,>=64,>=32,>=32,>=64,,,,,,,,,,,,,,,,,,,,,,,,,,,,,,,,,,,,,,,,,,,,,,,,,,
573.46358,EKP,16,,,,,>32,,,,,64,,,256,,>256,,,,,32,0.25,>256,,,,,,1,,>256,,,,,>256,,,,,,0.5,,,,,,,,,,,,,,,,,,,,,,,,,,>256,,,
72407.2757,EKP,,,,,,<=0.5,>8,,,16,,,,,<=1,>128,,<=2,,,16,1,<=4,,<=8,<=1,>64,<=0.12,4,1,>64,<=8/4,<=0.5,>16,32/16,64,,,,,,,,,,<=0.12,,,,,,,,,,,,,,,,,,,,,,,,,
573.4108,EKP,0.12,,256,0.5,,,,,,,256,8,,,,256,,256,,16,128,0.5,,,,,,,4,,,,,,,,,,,,,,,,,,,,,,,,,,,,,,,,,,512.0,,,,,,,,
573.46377,EKP,,,,,256,>32,>64,,,,,,,,,256,,,,,256,4,>256,,,,,,64,,>256,,,,,>256,,,,,,0.5,,,,,,,,,,,,,,,,,,,,,,,,,,>256,,,
573.31608,EKP,>16,,,,>=64,,,,,,,>=128,,>=64,>16,>=64,,,>=32,>=32,>=64,>=8,128,,,,,,,,,,,,,,,,,,,,,,,,,,,,,,,,,,,,,,,>320,,,,,,,,,
72407.2677,EKP,,8,,>8,,<=0.5,,,,,>4,32,,,<=1,>128,,<=2,,,>16,1,<=4,,16,<=1,>64,<=0.12,<=1,1,>64,32/16,<=0.5,>16,>32/16,<=4,,,,,,,,,,<=0.12,,,,,,,,,,,,,,,,,,,,,,,,,
573.66239,EKP,,32,,,>=32,,,,>=8,>=64,,,,,,>=64,,>=64,>=32,>=32,>=64,,,,,,,,,,,,,,,,,,,,,,,,,,,,,,,,,,,,,,,,,,,,,,,,,,
72407.2265,EKP,<=0.5,<=4,,,,,<=0.5,>2/38,,16,1,<=4,,,<=1,>128,,<=2,,,<=1,1,<=4,,>16,<=1,>64,<=0.12,4,<=0.5,>64,16/8,<=0.5,>16,32/16,>64,,,,,,,,,,<=0.12,,,,,,,,,,,,,,,,,,,,,,,,,
573.46395,EKP,,,,,64,32,,,,,,,,,,128,,,,,32,0.5,,,,,,,8,,128,,,,,>256,,,,,,0.25,,,,,,,,,,,,,,,,,,,,,,,,,,>256,,,
573.29995,EKP,8,,,<=1,,8,,,>1,,<=0,,,,<=1,,,,,,,<=0,,<=1/4,<=8,,,,,,,,,,,,,,,,,,,,,,,,,,,,,,,,,,,,,,,,,,,,,,
573.4204,EKP,0.12,,,,,,,,,,,,,,,0.25,,32,,8,1,4,,,,,,,32,,,,,,,,,,,,,,,,,,,,,,,,,,,,,,,,,,256.0,,,,,,,,
573.66435,EKP,,,,>=16,>=32,>=16,,,>=8,,,,,,,>=64,,>=64,>=32,>=32,>=64,,,,,,,,,,,,,,,,,,,,,,,,,,,,,,,,,,,,,,,,,,,,,,,,,,
573.66424,EKP,,<=2,,<=1,,>=16,,,,,,,,>=64,,>=64,,>=64,>=32,>=32,>=64,,,,,,,,,,,,,,,,,,,,,,,,,,,,,,,,,,,,,,,,,,,,,,,,,,
573.66267,EKP,,<=2,,<=1,,>=16,,,>=8,,>=4,,,,,>=64,,>=64,>=32,>=32,>=64,,,,,,,,,,,,,,,,,,,,,,,,,,,,,,,,,,,,,,,,,,,,,,,,,,
573.66348,EKP,,,,,>=64,>=16,,,>=8,>=64,,,,>=64,,>=64,>=64,>=64,>=32,>=32,16,,,,,,,,,,,,,,,,,,,,,,,,,,,,,,,,,,,,,,,,,,,,,,,,,,
573.24442,EKP,<0.5,<1,>32,<0.25,>32,=2,,,,>64,,,<=4,>=32,=0.25,>64,,,>32,>=32/16,>64,<=2,,,,,,=1/4,,,>32,,<=1,,,,,,,,>8,=0.5,,,,=4/4,,,,,,,,,,,,,,,,,,,,,,,,,
573.31599,EKP,>16,>64,,4,>=64,,,,>=8,,>4,>=128,,,>16,>=64,,,>=32,>=32,>=64,2,64,,,,,,,,,,,,,,,,,,,,,,,,,,,,,,,,,,,,,,,>320,,,,,,,,,
573.46871,EKP,,>32,,,>16,=64,>8,,,,,,,,<=0.5,,,,,>64/2,>64,<=0.25,>128,>32,,,,,,,>4,,,,,,,,>64/4,,,,,,,,,>64,,,,,,,,,,,,1.0,,,,,,,,,,,
1304917.4,EKP,8,<=4,,4,16,>8,>8,<=0.5/9.5,>4,>16,>2,>64/4,>8,,<=0.25,32,,,,,>16,1,,,,,,,8,,,,>2,,,,,,,,,0.5,,,,,8,,,,,,,,,,,,,,>128/2,,,,,,,,,,
1328396.3,EKP,>=16,>=64,,<=1,,>=16,>=8,80,>=1,,>=4,,,>=64,,>=64,,,>=32,,<=64,<=2,,,,,,,,,,,,,>=32,,,,,,>=8,,,,,,,256,>=64,,,,,,,,,,,,,,,,,,,,,,
573.4165,EKP,0.5,,4,16,,,,,,,1,16,,8,,32,,64,,16,256,0.5,,,,,,,4,,,,,,,,,,,,,,,,,,,,,,,,,,,,,,,,,,512.0,,,,,,,,
573.4156,EKP,0.25,,2,16,,,,,,,1,8,,8,,32,,32,,8,512,0.5,,,,,,,4,,,,,,,,,,,,,,,,,,,,,,,,,,,,,,,,,,512.0,,,,,,,,
573.46864,EKP,,>32,,,,=64,>8,,,>32,>1,,,,=1,,,,,>64/2,>64,=0.5,8,>32,,,,,,,>4,,,,,,,,>64/4,,,,,,,,,>64,,,,,,,,,,,,1.0,,,,,,,,,,,
573.7221,EKP,,<=4,,<=1,>16,>8,,>2/38,>4,>16,>2,>64/4,<=1,>16,0.19,,,,,,>16,<=1,,,,,,,,,>32,,,,,,,,,,,,,,,,,,,,,,,,,,,,,,,,,,,,,,,,
573.5778,EKP,>=8,64,>64,1,>=16,>=8,,>64/128,,>64,>16,>128/,64,64,0.125,>32,,,>64,,>64,>=2,,,>=32,,,,16,,,,,,>64/,,,,,>32,>64,<=0.25,,,,,,,,,,,,,,,,,,,,,,,,,,,,,
1284815.3,EKP,>8,32,,2,>16,>8,>8,>4/76,>4,>16,>2,>64/4,>8,,<=0.25,>32,,,,,>16,1,,,,,,,8,,,,>2,,,,,,,,,0.5,,,,,8,,,,,,,,,,,,,,>128/2,,,,,,,,,,
72407.2588,EKP,,<=4,,,<=1,<=0.5,,<=1/19,,,<=0.25,<=4,<=1,,<=1,<=0.5,,4,,,<=1,1,16,,16,<=1,<=0.5,,2,1,<=0.5,<=8/4,<=0.5,<=1,8/4,8,,,,,,,,,,<=0.12,,,,,,,,,,,,,,,,,,,,,,,,,
573.67361,EKP,,,,>16,>64,<=0.06,>8,,,,,,,,,,,,,,,,,2,,,,,,,,,,,,,0.5,0.5,>32,,,,,,,,,,,,,,,,,,,,,,,,,,,,,,,,
1284834.3,EKP,2,<=4,,<=1,4,<=1,<=1,<=0.5/9.5,2,>16,<=0.25,>64/4,<=1,,<=0.25,4,,,,,16,0.5,,,,,,,4,,,,1,,,,,,,,,0.5,,,,,4,,,,,,,,,,,,,,>128/2,,,,,,,,,,
573.4226,EKP,,,2,,,,,,,,0.059999999,2,,8,,32,,64,,16,64,0.5,,,,,,,4,,,,,,,,,,,,,,,,,,,,,,,,,,,,,,,,,,512.0,,,,,,,,
573.66485,EKP,,,,>=16,>=32,>=16,,,,,>=4,,,8,,32,,>=64,>=32,>=32,32,,,,,,,,,,,,,,,,,,,,,,,,,,,,,,,,,,,,,,,,,,,,,,,,,,
573.29901,EKP,,,,<=1,,>128,,<=1/19,>1,,,,,,>8,,,,,,,1,32,<=1/4,>16,,,,,,,,,,,,,,,,,,,,,,,,,,,,,,,,,,,,,,,,,,,,,,
573.24447,EKP,,,,=8,>32,>8,,,>8,>64,,,=8,>=32,=0.5,>64,,,>32,>32/16,>128,<1,,,,,,=64/4,,,>32,,>8,,,,,,,,>8,=0.5,,,,=32/4,,,,,,,,,,,,,,,,,,,,,,,,,
573.18087,EKP,,=16,=4,,>32,,>8,>8/152,>8,,,>128/4,,,=0.5,>64,,,>32,,>128,=1,,=4/4,,,,,,,>32,,>8,,>32/16,,,,,,>8,=1,,,,,,,,,,,,,,,,,,,,,,,,,,,,,
573.66293,EKP,,,,>=16,>=64,>=16,,,,>=64,>=4,,,16,,>=64,>=64,>=64,>=32,>=32,>=64,,,,,,,,,,,,,,,,,,,,,,,,,,,,,,,,,,,,,,,,,,,,,,,,,,
573.66536,EKP,,,,,>=32,>=16,,,,,,,,,,>=64,,>=64,>=32,>=32,>=64,,,,,,,,,,,,,,,,,,,,,,,,,,,,,,,,,,,,,,,,,,,,,,,,,,
573.31619,EKP,>16,>64,,4,,>16,,,,,>4,>=128,,>=64,>16,>=64,,,>=32,>=32,>=64,4,128,,,,,,,,,,,,,,,,,,,,,,,,,,,,,,,,,,,,,,,>320,,,,,,,,,
573.66402,EKP,,,,<=1,,>=16,,,>=8,>=64,,,,>=64,,>=64,,>=64,>=32,>=32,>=64,,,,,,,,,,,,,,,,,,,,,,,,,,,,,,,,,,,,,,,,,,,,,,,,,,
573.66417,EKP,,,,,,>=16,,,>=8,,>=4,,,>=64,,>=64,,>=64,>=32,>=32,>=64,,,,,,,,,,,,,,,,,,,,,,,,,,,,,,,,,,,,,,,,,,,,,,,,,,
573.66475,EKP,,,,,,>=16,,,,>=64,>=4,,,>=64,,>=64,,>=64,>=32,>=32,>=64,,,,,,,,,,,,,,,,,,,,,,,,,,,,,,,,,,,,,,,,,,,,,,,,,,
72407.2867,EKP,,<=4,,,2,<=0.5,,>2/38,,,1,,4,,<=1,32,,>32,,,>16,1,<=4,,>16,16,64,32,>8,>32,16,16/8,<=0.5,2,>32/16,>64,,,,,,,,,,8,,,,,,,,,,,,,,,,,,,,,,,,,
1328405.3,EKP,,,,<=1,,32,,>8,,,2,64,<=1,,,,,>32,,,>32,,,,,,,,,,,,,,>16,,,,,,>32,,,,,,,,,,,,,,,,,,,,,,,,,,,,,,
573.29997,EKP,,,,<=1,,64,,>4/76,>1,,>2,,,,<=1,,,,,,,0.5,,<=1/4,>16,,,,,,,,,,,,,,,,,,,,,,,,,,,,,,,,,,,,,,,,,,,,,,
573.29963,EKP,8,,,<=1,,,,,>1,,>2,,,,<=1,,,,,,,0.5,,<=1/4,<=8,,,,,,,,,,,,,,,,,,,,,,,,,,,,,,,,,,,,,,,,,,,,,,
573.66279,EKP,,<=2,,<=1,,,,,,,>=4,,,,,>=64,>=64,>=64,>=32,>=32,16,,,,,,,,,,,,,,,,,,,,,,,,,,,,,,,,,,,,,,,,,,,,,,,,,,
573.29894,EKP,,,,>4,,,,>4/76,>1,,>2,,,,<=1,,,,,,,0.5,<=4,<=1/4,<=8,,,,,,,,,,,,,,,,,,,,,,,,,,,,,,,,,,,,,,,,,,,,,,
573.66334,EKP,,,,>=16,>=64,>=16,,,,,>=4,,,,,>=64,>=64,>=64,>=32,>=32,>=64,,,,,,,,,,,,,,,,,,,,,,,,,,,,,,,,,,,,,,,,,,,,,,,,,,
573.4061,EKP,0.12,,256,64,,,,,,,128,512,,32,,512,,256,,16,512,2,,,,,,,32,,,,,,,,,,,,,,,,,,,,,,,,,,,,,,,,,,512.0,,,,,,,,
1284810.3,EKP,>8,32,,<=1,>16,>8,>8,>4/76,>4,>16,>2,>64/4,>8,,<=0.25,>32,,,,,>16,0.5,,,,,,,8,,,,>2,,,,,,,,,0.5,,,,,4,,,,,,,,,,,,,,>128/2,,,,,,,,,,
573.66557,EKP,,4,,,,>=16,,,,,>=4,,,,,>=64,,>=64,>=32,>=32,>=64,,,,,,,,,,,,,,,,,,,,,,,,,,,,,,,,,,,,,,,,,,,,,,,,,,
1284794.4,EKP,4,16,,>8,8,8,>8,>4/76,4,>16,>2,>64/4,>8,,<=0.25,32,,,,,>16,0.5,,,,,,,8,,,,2,,,,,,,,,0.5,,,,,8,,,,,,,,,,,,,,>128/2,,,,,,,,,,
573.66241,EKP,,<=2,,<=1,,,,,<=0.12,,,,,<=4,,16,,4,>=32,8,1,,,,,,,,,,,,,,,,,,,,,,,,,,,,,,,,,,,,,,,,,,,,,,,,,,
573.29877,EKP,,16,,2,,128,,,,,>2,,,,>8,,,,,,,0.5,,<=1/4,>16,,,,,,,,,,,,,,,,,,,,,,,,,,,,,,,,,,,,,,,,,,,,,,
573.4125,EKP,,,,,,,,,,,,32,,,,1,,64,,4,1,4,,,,,,,32,,,,,,,,,,,,,,,,,,,,,,,,,,,,,,,,,,128.0,,,,,,,,
573.65955,EKP,,,,>8,<=1,<=0.5,,,,>16,,8,>8,,<=1,64,,>32,,,>16,1,<=4,,>16,>32,>64,>32,>8,>32,16,16/8,<=0.5,8,>32/16,>64,,,,,,,,,,32,,,,,,,,,,,,,,,,,,,,,,,,,
1284824.3,EKP,>8,8,,>8,>16,>8,>8,2/38,>4,>16,>2,>64/4,>8,,<=0.25,>32,,,,,>16,<=0.25,,,,,,,<=2,,,,>2,,,,,,,,,1,,,,,4,,,,,,,,,,,,,,>128/2,,,,,,,,,,
72407.211,EKP,>8,,,,>16,>8,,>4/76,,,,,>8,,>4,>32,,,,,>16,4,,,,,,,>16,,,,>2,,,,,,,,,>4,,,,,>16,,,,,,,,,,,,,,>128/2,,,,,,,,,,
1284823.3,EKP,>8,16,,8,>16,>8,>8,>4/76,>4,>16,>2,>64/4,>8,,<=0.25,>32,,,,,>16,0.5,,,,,,,4,,,,>2,,,,,,,,,0.5,,,,,4,,,,,,,,,,,,,,>128/2,,,,,,,,,,
573.7056,EKP,1,,16,16,,,,,,,0.25,512,,128,,0.5,,64,,64,1,2,,,,,,,32,,,,,,,,,,,,,,,,,,,,,,,,,,,,,,,,,,512.0,,,,,,,,
573.66441,EKP,,,,,,,,,,,>=4,,,>=64,,>=64,,>=64,>=32,>=32,>=64,,,,,,,,,,,,,,,,,,,,,,,,,,,,,,,,,,,,,,,,,,,,,,,,,,
573.66464,EKP,,<=2,,,,,,,>=8,,,,,,,>=64,,>=64,>=32,>=32,>=64,,,,,,,,,,,,,,,,,,,,,,,,,,,,,,,,,,,,,,,,,,,,,,,,,,
573.24399,EKP,,=32,<=4,,,,,>8/152,,,>8,>128/4,,,=0.25,>64,,,>32,>32/16,>128,<0.5,,,,,,=64/4,,,>32,,>8,,,,,,,,>8,=0.5,,,,=32/4,,,,,,,,,,,,,,,,,,,,,,,,,
72407.2815,EKP,,,,<=1,<=1,<=0.5,,,,<=1,,,,,<=1,<=0.5,,<=2,,,<=1,1,<=4,,<=8,<=1,<=0.5,<=0.12,2,<=0.5,<=0.5,<=8/4,<=0.5,<=1,<=4/2,>64,,,,,,,,,,<=0.12,,,,,,,,,,,,,,,,,,,,,,,,,
573.66432,EKP,,32,,>=16,,,,,>=8,>=64,,,,>=64,,>=64,>=64,>=64,>=32,>=32,>=64,,,,,,,,,,,,,,,,,,,,,,,,,,,,,,,,,,,,,,,,,,,,,,,,,,
573.24438,EKP,,=32,<=4,<1,,,,>8/152,>8,>64,,>128/4,,,=4,>64,,,>32,>32/16,>128,<1,,,,,,=64/4,,,>32,,>8,,,,,,,,>8,=4,,,,=16/4,,,,,,,,,,,,,,,,,,,,,,,,,
573.66529,EKP,,,,,>=32,>=16,,,>=8,,,,,,,>=64,,>=64,>=32,>=32,>=64,,,,,,,,,,,,,,,,,,,,,,,,,,,,,,,,,,,,,,,,,,,,,,,,,,
573.46407,EKP,,,,,,,,,,,>64,,,128,,>256,,,,,32,1,,,,,,,4,,>256,,,,,>256,,,,,,0.25,,,,,,,,,,,,,,,,,,,,,,,,,,256,,,
72407.2542,EKP,<=0.5,,,,16,<=0.5,,,,8,<=0.25,,,,<=1,>128,,<=2,,,<=1,1,>16,,<=8,<=1,>64,<=0.12,8,<=0.5,>64,16/8,<=0.5,>16,32/16,>64,,,,,,,,,,<=0.12,,,,,,,,,,,,,,,,,,,,,,,,,
573.66359,EKP,,,,>=16,,,,,>=8,,>=4,,,,,>=64,,>=64,>=32,>=32,>=64,,,,,,,,,,,,,,,,,,,,,,,,,,,,,,,,,,,,,,,,,,,,,,,,,,
573.24341,EKP,>64,<1,,,>32,>8,,,>8,>64,>8,>128/4,<0.5,>=32,=0.5,>64,,,>32,>32/16,>128,<=2,,,,,,=64/4,,,>32,,>8,,,,,,,,>8,=0.5,,,,=32/4,,,,,,,,,,,,,,,,,,,,,,,,,
573.24405,EKP,>8,=32,,,>32,,,,,>64,,,>16,>=32,=0.25,>64,,,>32,>32/16,>128,<0.5,,,,,,=64/4,,,>32,,>=4,,,,,,,,>8,=0.5,,,,=8/4,,,,,,,,,,,,,,,,,,,,,,,,,
573.66505,EKP,,,,,>=32,>=16,,,>=8,,,,,>=64,,>=64,,>=64,>=32,>=32,>=64,,,,,,,,,,,,,,,,,,,,,,,,,,,,,,,,,,,,,,,,,,,,,,,,,,
573.29916,EKP,>8,,,>4,,128,,,,,,,,,>8,,,,,,,1,,4/4,16,,,,,,,,,,,,,,,,,,,,,,,,,,,,,,,,,,,,,,,,,,,,,,
573.46849,EKP,,>32,,>8,>16,=64,>8,>8/152,,,,>128/4,,,<=0.5,,,,,>64/2,>64,=0.5,<=8,>32,,,,,,,>4,,,,,,,,>64/4,,,,,,,,,>64,,,,,,,,,,,,1.0,,,,,,,,,,,
573.29872,EKP,>8,16,,2,,128,,<=1/19,,,>2,,,,<=1,,,,,,,<=0,>128,<=1/4,16,,,,,,,,,,,,,,,,,,,,,,,,,,,,,,,,,,,,,,,,,,,,,,
573.4218,EKP,0.5,,,0.5,,,,,,,,16,,4,,0.059999999,,256,,8,2,2,,,,,,,8,,,,,,,,,,,,,,,,,,,,,,,,,,,,,,,,,,512.0,,,,,,,,
72407.2392,EKP,<=0.5,,,,,,2,>2/38,,,,<=4,,,<=1,>128,,<=2,,,8,1,16,,<=8,<=1,>64,<=0.12,<=1,1,>64,<=8/4,<=0.5,>16,16/8,<=4,,,,,,,,,,<=0.12,,,,,,,,,,,,,,,,,,,,,,,,,
573.7068,EKP,0.25,,8,64,,,,,,,256,32,,64,,128,,256,,16,32,2,,,,,,,8,,,,,,,,,,,,,,,,,,,,,,,,,,,,,,,,,,512.0,,,,,,,,
573.4081,EKP,0.12,,8,0.5,,,,,,,8,32,,16,,0.25,,32,,4,1,2,,,,,,,16,,,,,,,,,,,,,,,,,,,,,,,,,,,,,,,,,,128.0,,,,,,,,
1284816.3,EKP,>8,32,,2,>16,>8,>8,>4/76,>4,>16,>2,>64/4,>8,,>4,>32,,,,,>16,0.5,,,,,,,4,,,,>2,,,,,,,,,>4,,,,,4,,,,,,,,,,,,,,>128/2,,,,,,,,,,
72407.2811,EKP,,,,,>16,,<=0.5,<=1/19,,,,,,,<=1,4,,>32,,,>16,1,16,,<=8,32,32,>32,<=1,32,8,>32/16,4,>16,>32/16,>64,,,,,,,,,,4,,,,,,,,,,,,,,,,,,,,,,,,,
574.84,EKP,,<=4,,<=1,,,8,>2/38,,4,,,2,,<=1,64,,>32,,,>16,1,16,,>16,>32,>64,>32,>8,>32,>64,>32/16,2,16,>32/16,>64,,,,,,,,,,16,,,,,,,,,,,,,,,,,,,,,,,,,
573.24402,EKP,,,=8,>16,,>8,,,>8,,,,>=16,>=32,=1,>64,,,>32,>32/16,>128,<0.5,,,,,,=64/4,,,>32,,>8,,,,,,,,>8,=1,,,,=32/4,,,,,,,,,,,,,,,,,,,,,,,,,
72407.2861,EKP,<=0.5,<=4,,>8,>16,,1,,,,,<=4,8,,<=1,>128,,<=2,,,<=1,1,16,,<=8,<=1,>64,<=0.12,2,1,>64,16/8,<=0.5,>16,32/16,>64,,,,,,,,,,<=0.12,,,,,,,,,,,,,,,,,,,,,,,,,
72407.2393,EKP,,,,,>16,,8,>2/38,,>16,,<=4,,,<=1,>128,,<=2,,,>16,1,<=4,,<=8,<=1,>64,<=0.12,2,1,>64,16/8,<=0.5,>16,32/16,>64,,,,,,,,,,<=0.12,,,,,,,,,,,,,,,,,,,,,,,,,
573.4094,EKP,0.5,,4,0.5,,,,,,,2,16,,8,,0.25,,16,,4,1,0.5,,,,,,,4,,,,,,,,,,,,,,,,,,,,,,,,,,,,,,,,,,512.0,,,,,,,,
573.24443,EKP,,,<=4,=8,,,>8,>8/152,>8,,,,,>=32,=0.25,>64,,,>32,>32/16,>128,<0.5,,,,,,=64/4,,,>32,,=2,,,,,,,,>8,=0.5,,,,=8/4,,,,,,,,,,,,,,,,,,,,,,,,,
573.66537,EKP,,,,>=16,>=32,>=16,,,,16,>=4,,,,,>=64,,>=64,>=32,>=32,>=64,,,,,,,,,,,,,,,,,,,,,,,,,,,,,,,,,,,,,,,,,,,,,,,,,,
573.66455,EKP,,,,<=1,,,,,<=0.12,,,,,,,>=64,,>=64,>=32,16,0.5,,,,,,,,,,,,,,,,,,,,,,,,,,,,,,,,,,,,,,,,,,,,,,,,,,
573.66026,EKP,<=0.5,,,>8,>16,<=0.5,>8,,,,,,,,>8,>128,,>32,,,>16,1,16,,>16,4,>64,2,>8,>32,>64,>32/16,<=0.5,>16,>32/16,>64,,,,,,,,,,1,,,,,,,,,,,,,,,,,,,,,,,,,
573.29928,EKP,>8,16,,,,128,,>4/76,>1,,>2,,,,<=1,,,,,,,1,,<=1/4,>16,,,,,,,,,,,,,,,,,,,,,,,,,,,,,,,,,,,,,,,,,,,,,,
573.4131,EKP,,,,128,,,,,,,,128,,256,,512,,256,,64,256,0.5,,,,,,,32,,,,,,,,,,,,,,,,,,,,,,,,,,,,,,,,,,512.0,,,,,,,,
573.66548,EKP,,,,,>=32,,,,>=8,>=64,,,,>=64,,>=64,,>=64,>=32,>=32,32,,,,,,,,,,,,,,,,,,,,,,,,,,,,,,,,,,,,,,,,,,,,,,,,,,
573.66403,EKP,,,,,>=32,>=16,,,>=8,>=64,>=4,,,>=64,,>=64,,>=64,>=32,>=32,>=64,,,,,,,,,,,,,,,,,,,,,,,,,,,,,,,,,,,,,,,,,,,,,,,,,,
573.4205,EKP,0.25,,256,64,,,,,,,0.12,64,,4,,512,,256,,16,64,4,,,,,,,16,,,,,,,,,,,,,,,,,,,,,,,,,,,,,,,,,,512.0,,,,,,,,
72407.2358,EKP,,<=4,,,>16,,,,,16,,<=4,8,,<=1,>128,,<=2,,,8,1,16,,<=8,<=1,>64,<=0.12,2,1,>64,<=8/4,<=0.5,>16,16/8,>64,,,,,,,,,,<=0.12,,,,,,,,,,,,,,,,,,,,,,,,,
573.4051,EKP,0.5,,16,0.5,,,,,,,0.25,16,,64,,,,64,,4,1,8,,,,,,,32,,,,,,,,,,,,,,,,,,,,,,,,,,,,,,,,,,256.0,,,,,,,,
573.66547,EKP,,,,<=1,,>=16,,,>=8,>=64,,,,,,>=64,,>=64,>=32,>=32,>=64,,,,,,,,,,,,,,,,,,,,,,,,,,,,,,,,,,,,,,,,,,,,,,,,,,
573.66376,EKP,,<=2,,,>=32,>=16,,,,,,,,,,>=64,,>=64,>=32,>=32,>=64,,,,,,,,,,,,,,,,,,,,,,,,,,,,,,,,,,,,,,,,,,,,,,,,,,
573.66069,EKP,,,,,,4,,,,,<=0.25,<=4,,,<=1,32,,>32,,,>16,1,>16,,<=8,>32,>64,>32,2,>32,32,>32/16,1,8,32/16,8,,,,,,,,,,16,,,,,,,,,,,,,,,,,,,,,,,,,
573.4053,EKP,0.5,,8,1,,,,,,,16,8,,16,,,,16,,8,0.5,4,,,,,,,16,,,,,,,,,,,,,,,,,,,,,,,,,,,,,,,,,,512.0,,,,,,,,
573.29971,EKP,8,,,>4,,,,,>1,,>2,,,,<=1,,,,,,,1,16,<=1/4,16,,,,,,,,,,,,,,,,,,,,,,,,,,,,,,,,,,,,,,,,,,,,,,
573.4163,EKP,0.059999999,,32,0.25,,,,,,,0.25,16,,32,,0.5,,32,,4,1,4,,,,,,,32,,,,,,,,,,,,,,,,,,,,,,,,,,,,,,,,,,128.0,,,,,,,,
573.7076,EKP,0.12,,256,128,,,,,,,128,32,,32,,512,,256,,16,256,4,,,,,,,32,,,,,,,,,,,,,,,,,,,,,,,,,,,,,,,,,,512.0,,,,,,,,
574.86,EKP,<=0.5,,,>8,,<=0.5,,,,,,,,,<=1,>128,,<=2,,,4,1,<=4,,<=8,<=1,>64,<=0.12,4,<=0.5,>64,<=8/4,<=0.5,>16,32/16,>64,,,,,,,,,,<=0.12,,,,,,,,,,,,,,,,,,,,,,,,,
72407.2682,EKP,<=0.5,<=4,,,2,,,,,,1,<=4,,,<=1,16,,<=2,,,2,1,<=4,,<=8,<=1,32,<=0.12,4,<=0.5,16,16/8,<=0.5,8,32/16,>64,,,,,,,,,,<=0.12,,,,,,,,,,,,,,,,,,,,,,,,,
573.4084,EKP,0.5,,2,128,,,,,,,16,8,,16,,512,,256,,16,32,0.5,,,,,,,2,,,,,,,,,,,,,,,,,,,,,,,,,,,,,,,,,,512.0,,,,,,,,
573.4068,EKP,0.12,,256,128,,,,,,,512,512,,8,,256,,256,,16,512,0.5,,,,,,,32,,,,,,,,,,,,,,,,,,,,,,,,,,,,,,,,,,512.0,,,,,,,,
573.46841,EKP,,,,,>16,,,>8/152,,,,>128/4,,,<=0.5,,,,,>64/2,>64,=0.5,<=8,>32,,,,,,,>4,,,,,,,,>64/4,,,,,,,,,>64,,,,,,,,,,,,1.0,,,,,,,,,,,
573.46337,EKP,,>256,,,256,>32,32,,,,32,,,,,>256,,,,,>256,0.5,>256,,,,,,2,,>256,,,,,>256,,,,,,0.25,,,,,,,,,,,,,,,,,,,,,,,,,,>256,,,
573.66526,EKP,,<=2,,<=1,>=32,,,,,<=1,>=4,,,,,>=64,,>=64,>=32,>=32,>=64,,,,,,,,,,,,,,,,,,,,,,,,,,,,,,,,,,,,,,,,,,,,,,,,,,
573.52167,EKP,,,,,,=4,,,>8,,,>128/4,,,=0.5,>64,,,>32,>32/16,=128,=4,,,>16,,,=8/4,>16,,>32,,=4,,>32/16,,,,,,>8,=0.5,,,,>32/4,,,,,,,,,,,,,,,,,,,,,,,,,
573.66412,EKP,,<=2,,<=1,>=32,>=16,,,,,,,,>=64,,>=64,,>=64,>=32,>=32,32,,,,,,,,,,,,,,,,,,,,,,,,,,,,,,,,,,,,,,,,,,,,,,,,,,
573.24338,EKP,,<1,=8,>=16,,,,,>8,>64,>8,,,>=32,=8,>64,,,>32,>32/16,>128,<=2,,,,,,=64/4,,,>32,,>8,,,,,,,,>8,=8,,,,=32/4,,,,,,,,,,,,,,,,,,,,,,,,,
573.46832,EKP,,,,,>16,=64,,>8/152,>2,,,>128/4,,,<=0.5,,,,,>64/2,>64,=0.5,32,>32,,,,,,,>4,,,,,,,,>64/4,,,,,,,,,>64,,,,,,,,,,,,0.5,,,,,,,,,,,
573.66525,EKP,,<=2,,>=16,>=32,,,,,>=64,>=4,,,,,>=64,,>=64,>=32,>=32,>=64,,,,,,,,,,,,,,,,,,,,,,,,,,,,,,,,,,,,,,,,,,,,,,,,,,
573.4175,EKP,0.25,,8,0.5,,,,,,,0.5,16,,32,,0.12,,32,,4,0.25,2,,,,,,,16,,,,,,,,,,,,,,,,,,,,,,,,,,,,,,,,,,64.0,,,,,,,,
573.24386,EKP,,,,,<0.5,<0.12,,,,,,<8/4,=8,,=1,>=4,,,>32,<2/4,>64,<1,,,,,,=0.5/4,,,>=4,,<0.12,,,,,,,,>8,=1,,,,=0.25/4,,,,,,,,,,,,,,,,,,,,,,,,,
573.67359,EKP,0.5,,,>16,,,,,,,,>128,,,,,,,,,,,,4,,,,,,,,,,,,,0.5,8.0,>32,,,,,,,,,,,,,,,,,,,,,,,,,,,,,,,,
573.7222,EKP,,<=4,,<=1,>16,>8,,>2/38,>4,>16,>2,>64/4,<=1,>16,0.19,,,,,,>16,<=1,,,,,,,,,>32,,,,,,,,,,,,,,,,,,,,,,,,,,,,,,,,,,,,,,,,
573.4219,EKP,0.059999999,,,0.5,,,,,,,0.25,16,,64,,0.25,,64,,16,0.5,16,,,,,,,64,,,,,,,,,,,,,,,,,,,,,,,,,,,,,,,,,,512.0,,,,,,,,
72407.2352,EKP,,,,,,<=0.5,<=0.5,<=1/19,,<=1,<=0.25,,<=1,,<=1,<=0.5,,<=2,,,<=1,1,<=4,,<=8,<=1,<=0.5,<=0.12,2,<=0.5,<=0.5,<=8/4,<=0.5,<=1,<=4/2,>64,,,,,,,,,,<=0.12,,,,,,,,,,,,,,,,,,,,,,,,,
573.66369,EKP,,<=2,,<=1,,,,,>=8,<=1,>=4,,,>=64,,>=64,,>=64,>=32,>=32,>=64,,,,,,,,,,,,,,,,,,,,,,,,,,,,,,,,,,,,,,,,,,,,,,,,,,
573.1922,EKP,,<=4,,<=1,>16,>8,,>2/38,>4,>16,2,>64/4,<=1,>16,0.19,,,,,,>16,<=1,,,,,,,,,>32,,,,,,,,,,,,,,,,,,,,,,,,,,,,,,,,,,,,,,,,
573.46412,EKP,0.125,,,,16,0.25,,,,,>64,,,256,,32,,,,,2,4,>256,,,,,,8,,64,,,,,16,,,,,,0.5,,,,,,,,,,,,,,,,,,,,,,,,,,64,,,
72407.2309,EKP,,<=4,,<=1,>16,<=0.5,,,,,2,<=4,8,,<=1,>128,,4,,,16,2,<=4,,>16,<=1,>64,,8,2,>64,32/16,<=0.5,>16,>32/16,>64,,,,,,,,,,<=0.12,,,,,,,,,,,,,,,,,,,,,,,,,
573.66458,EKP,,,,<=1,2,<=0.25,,,<=0.12,2,1,,,<=4,,>=64,,>=64,>=32,16,0.5,,,,,,,,,,,,,,,,,,,,,,,,,,,,,,,,,,,,,,,,,,,,,,,,,,
573.4137,EKP,0.25,,,16,,,,,,,,8,,,,256,,256,,8,16,0.5,,,,,,,1,,,,,,,,,,,,,,,,,,,,,,,,,,,,,,,,,,512.0,,,,,,,,
574.107,EKP,,<=4,,<=1,,,,>2/38,,>16,,32,,,<=1,>128,,<=2,,,16,1,<=4,,<=8,<=1,>64,<=0.12,4,<=0.5,>64,32/16,<=0.5,>16,>32/16,64,,,,,,,,,,<=0.12,,,,,,,,,,,,,,,,,,,,,,,,,
72407.2782,EKP,,<=4,,,>16,,2,>2/38,,,2,,4,,<=1,>128,,32,,,4,2,16,,16,<=1,>64,1,>8,16,>64,>32/16,<=0.5,>16,>32/16,>64,,,,,,,,,,,,,,,,,,,,,,,,,,,,,,,,,,,
573.4158,EKP,0.25,,256,8,,,,,,,128,4,,8,,32,,256,,8,32,1,,,,,,,8,,,,,,,,,,,,,,,,,,,,,,,,,,,,,,,,,,512.0,,,,,,,,
573.24409,EKP,>64,,=8,,,>8,>8,,,>64,>8,>128/4,,>=32,=0.5,>128,,,>32,>=32/16,>128,<1,,,,,,=64/4,,,>32,,>8,,,,,,,,>8,=1,,,,=64/4,,,,,,,,,,,,,,,,,,,,,,,,,
72407.2566,EKP,2,,,>8,,,,>2/38,,,,,,,<=1,16,,>32,,,>16,<=0.25,16,,<=8,>32,>64,>32,<=1,>32,32,>32/16,2,>16,>32/16,>64,,,,,,,,,,16,,,,,,,,,,,,,,,,,,,,,,,,,
573.4168,EKP,0.12,,8,0.25,,,,,,,4,8,,16,,0.25,,16,,8,0.5,2,,,,,,,8,,,,,,,,,,,,,,,,,,,,,,,,,,,,,,,,,,512.0,,,,,,,,
573.46846,EKP,,>32,,,>16,=64,,>8/152,>2,>32,,,,,<=0.5,,,,,>64/2,>64,=0.5,32,>32,,,,,,,>4,,,,,,,,>64/4,,,,,,,,,>64,,,,,,,,,,,,1.0,,,,,,,,,,,
1328394.3,EKP,<=1,<=2,,<=1,,<=0.25,1,>=320,<=0.25,,<=0.25,,,<=4,,<=1,,,>=32,,<=1,4,,,,,,,,,,,,,16,,,,,,<=2,,,,,,,64,<=1,,,,,,,,,,,,,,,,,,,,,,
72407.205,EKP,,,,>8,>16,,,,,,,,>8,,>4,>32,,,,,>16,4,,,,,,,8,,,,>2,,,,,,,,,>4,,,,,16,,,,,,,,,,,,,,>128/2,,,,,,,,,,
573.66011,EKP,,,,>8,4,,,,,,1,,8,,<=1,128,,<=2,,,<=1,1,16,,<=8,<=1,>64,<=0.12,4,<=0.5,>64,<=8/4,<=0.5,>16,32/16,>64,,,,,,,,,,<=0.12,,,,,,,,,,,,,,,,,,,,,,,,,
1328424.3,EKP,,,>8,<=1,,32,,,,,>2,>64,8,,>=4,,,,,,>16,<=1,,,,,,,,,,,,,>16,,,,,,>16,,,,,,,>64,,,,,,,,,,,,,,,,,,,,,,,
573.66565,EKP,,,,,,,,,>=8,16,,,,>=64,,>=64,,>=64,>=32,>=32,>=64,,,,,,,,,,,,,,,,,,,,,,,,,,,,,,,,,,,,,,,,,,,,,,,,,,
573.24452,EKP,>16,,,<2,,>8,,,,>64,>8,>128/4,>16,,=8,>64,,,>32,>32/16,>128,<=2,,,,,,=64/4,,,>32,,>8,,,,,,,,>8,=8,,,,=32/4,,,,,,,,,,,,,,,,,,,,,,,,,
573.66477,EKP,,,,,,>=16,,,>=8,,,,,,,32,,>=64,>=32,>=32,32,,,,,,,,,,,,,,,,,,,,,,,,,,,,,,,,,,,,,,,,,,,,,,,,,,
1328419.3,EKP,,,,<=1,<=1,<=.25,,<=1,,,<=.25,,<=1,,,,,,,,<=1,,,,,,,,,,<=1,,,,4,,,,,,<=4,,,,,,,64,,,,,,,,,,,,,,,,,,,,,,,
72407.2827,EKP,<=0.5,<=4,,>8,,<=0.5,,>2/38,,,4,,>8,,<=1,>128,,4,,,>16,1,16,,<=8,<=1,>64,,4,2,>64,<=8/4,<=0.5,>16,32/16,>64,,,,,,,,,,<=0.12,,,,,,,,,,,,,,,,,,,,,,,,,
574.99,EKP,,,,>8,16,2,<=0.5,>2/38,,<=1,,>64,8,,<=1,32,,>32,,,>16,<=0.25,>16,,<=8,>32,>64,>32,<=1,>32,64,>32/16,2,16,>32/16,>64,,,,,,,,,,8,,,,,,,,,,,,,,,,,,,,,,,,,
573.66474,EKP,,,,,,>=16,,,>=8,>=64,>=4,,,8,,32,,>=64,>=32,>=32,32,,,,,,,,,,,,,,,,,,,,,,,,,,,,,,,,,,,,,,,,,,,,,,,,,,
573.29962,EKP,,,,>4,,,,>4/76,>1,,>2,,,,>8,,,,,,,0.5,,2/4,<=8,,,,,,,,,,,,,,,,,,,,,,,,,,,,,,,,,,,,,,,,,,,,,,
1284813.3,EKP,>8,32,,8,>16,>8,>8,>4/76,>4,>16,>2,>64/4,>8,,<=0.25,>32,,,,,>16,1,,,,,,,8,,,,>2,,,,,,,,,0.5,,,,,8,,,,,,,,,,,,,,>128/2,,,,,,,,,,
573.29876,EKP,8,<=4,,,,16,,>4/76,,,,,,,>8,,,,,,,1,<=4,<=1/4,<=8,,,,,,,,,,,,,,,,,,,,,,,,,,,,,,,,,,,,,,,,,,,,,,
72407.2654,EKP,,<=4,,,8,2,<=0.5,,,16,,,,,<=1,128,,>32,,,16,1,<=4,,<=8,>32,>64,16,8,>32,>64,>32/16,1,>16,>32/16,>64,,,,,,,,,,8,,,,,,,,,,,,,,,,,,,,,,,,,
573.4207,EKP,1,,,128,,,,,,,1,,,4,,16,,64,,16,512,1,,,,,,,32,,,,,,,,,,,,,,,,,,,,,,,,,,,,,,,,,,512.0,,,,,,,,
573.7043,EKP,0.12,,2,0.5,,,,,,,16,64,,4,,32,,256,,16,16,0.5,,,,,,,2,,,,,,,,,,,,,,,,,,,,,,,,,,,,,,,,,,512.0,,,,,,,,
573.7023,EKP,<=0.5,<=1,=4,=0.5,>32,=2,=2,<=0.5/9.5,>8,>64,=8,>128/4,<=0.5,=16,=0.5,>64,,,>32,=32/16,>128,<=0.5,,,,,,,,,>32,,=1,,>32/16,,,,,,>8,=1,,,,,,,,,,,,,,,,,,,,,,,,,,,,,
72407.2299,EKP,,,,>8,>16,,,>2/38,,,,,,,<=1,>128,,>32,,,>16,4,<=4,,>16,4,>64,1,>8,>32,>64,16/8,1,>16,>32/16,>64,,,,,,,,,,1,,,,,,,,,,,,,,,,,,,,,,,,,
573.66243,EKP,,,,>=16,>=32,,,,,,,,,>=64,,>=64,,>=64,>=32,>=32,>=64,,,,,,,,,,,,,,,,,,,,,,,,,,,,,,,,,,,,,,,,,,,,,,,,,,
573.66097,EKP,<=0.5,,,,<=1,,,,,>16,2,16,<=1,,<=1,64,,>32,,,>16,1,<=4,,>16,>32,>64,>32,2,>32,32,<=8/4,<=0.5,4,32/16,>64,,,,,,,,,,32,,,,,,,,,,,,,,,,,,,,,,,,,
573.66345,EKP,,,,>=16,,>=16,,,,>=64,,,,,,>=64,>=64,>=64,>=32,>=32,>=64,,,,,,,,,,,,,,,,,,,,,,,,,,,,,,,,,,,,,,,,,,,,,,,,,,
573.46352,EKP,,,,,,>32,,,,,>64,,,256,,128,,,,,32,4,>256,,,,,,64,,256,,,,,>256,,,,,,0.5,,,,,,,,,,,,,,,,,,,,,,,,,,256,,,
573.4223,EKP,0.25,,2,,,,,,,,0.029999999,,,32,,0.059999999,,32,,1,0.12,4,,,,,,,16,,,,,,,,,,,,,,,,,,,,,,,,,,,,,,,,,,128.0,,,,,,,,
1284828.3,EKP,>8,32,,<=1,>16,>8,>8,>4/76,>4,>16,>2,>64/4,>8,,>4,>32,,,,,>16,1,,,,,,,8,,,,>2,,,,,,,,,>4,,,,,8,,,,,,,,,,,,,,>128/2,,,,,,,,,,
72407.2648,EKP,,<=4,,,,<=0.5,<=0.5,,,16,,<=4,,,<=1,>128,,16,,,2,2,<=4,,>16,<=1,>64,1,>8,4,>64,32/16,<=0.5,>16,>32/16,>64,,,,,,,,,,<=0.12,,,,,,,,,,,,,,,,,,,,,,,,,
573.4087,EKP,0.12,,8,0.5,,,,,,,0.12,16,,8,,0.25,,16,,4,0.5,2,,,,,,,8,,,,,,,,,,,,,,,,,,,,,,,,,,,,,,,,,,128.0,,,,,,,,
72407.2285,EKP,,,,,>16,,,,,>16,,<=4,>8,,<=1,>128,,4,,,16,1,16,,<=8,<=1,>64,<=0.12,4,1,>64,16/8,<=0.5,>16,32/16,>64,,,,,,,,,,<=0.12,,,,,,,,,,,,,,,,,,,,,,,,,
72407.2744,EKP,,,,<=1,>16,<=0.5,,,,,>4,<=4,,,<=1,>128,,4,,,8,<=0.25,<=4,,<=8,<=1,>64,<=0.12,<=1,1,>64,<=8/4,<=0.5,>16,<=4/2,>64,,,,,,,,,,<=0.12,,,,,,,,,,,,,,,,,,,,,,,,,
573.66428,EKP,,,,<=1,>=32,,,,<=0.12,,1,,,,,>=64,,>=64,>=32,16,0.5,,,,,,,,,,,,,,,,,,,,,,,,,,,,,,,,,,,,,,,,,,,,,,,,,,
1328401.3,EKP,,>32,,>8,,32,,>8,,,>2,>64,>8,,,,,>32,,,>32,,,,,,,,,,,,,,>16,,,,,,>32,,,,,,,,,,,,,,,,,,,,,,,,,,,,,,
573.4177,EKP,0.25,,,256,,,,,,,16,512,,32,,,,256,,32,512,,,,,,,,,,,,,,,,,,,,,,,,,,,,,,,,,,,,,,,,,,512.0,,,,,,,,
573.24441,EKP,>=4,<1,,<0.5,>32,>8,>8,>8/152,,,>8,,<0.5,=16,=0.5,>64,,,>32,>32/16,>128,<1,,,,,,=64/4,,,>32,,>=4,,,,,,,,>8,=1,,,,=4/4,,,,,,,,,,,,,,,,,,,,,,,,,
574.113,EKP,<=0.5,,,>8,,,4,,,,,8,8,,<=1,>128,,4,,,16,2,<=4,,>16,<=1,>64,1,8,4,>64,>32/16,<=0.5,>16,>32/16,8,,,,,,,,,,<=0.12,,,,,,,,,,,,,,,,,,,,,,,,,
573.66379,EKP,,,,,>=32,>=16,,,,>=64,>=4,,,,,>=64,,>=64,>=32,>=32,>=64,,,,,,,,,,,,,,,,,,,,,,,,,,,,,,,,,,,,,,,,,,,,,,,,,,
573.4171,EKP,0.12,,4,128,,,,,,,256,4,,4,,128,,256,,16,16,1,,,,,,,4,,,,,,,,,,,,,,,,,,,,,,,,,,,,,,,,,,512.0,,,,,,,,
573.7084,EKP,0.5,,256,2,,,,,,,512,128,,16,,512,,256,,32,256,4,,,,,,,16,,,,,,,,,,,,,,,,,,,,,,,,,,,,,,,,,,256.0,,,,,,,,
573.66073,EKP,<=0.5,<=4,,<=1,>16,,,>2/38,,,,<=4,,,<=1,>128,,4,,,2,1,16,,<=8,<=1,>64,<=0.12,2,2,>64,>32/16,<=0.5,>16,>32/16,>64,,,,,,,,,,<=0.12,,,,,,,,,,,,,,,,,,,,,,,,,
1400161.3,EKP,,,,<=1,4,>8,,<=1,,,>2,>64,<=1,,<4,,,,,,>32,,,,,,,,,,8,,,,>16,,,,,,>32,,,,,,,,,,,,,,,,,,,,,,,,,,,,,,
573.66005,EKP,<=0.5,,,,>16,,>8,>2/38,,>16,,8,4,,<=1,>128,,8,,,>16,1,<=4,,>16,<=1,>64,1,2,2,>64,32/16,<=0.5,>16,>32/16,>64,,,,,,,,,,<=0.12,,,,,,,,,,,,,,,,,,,,,,,,,
573.29867,EKP,>8,,,>4,,128,,>4/76,>1,,,,,,2,,,,,,,0.5,,2/4,>16,,,,,,,,,,,,,,,,,,,,,,,,,,,,,,,,,,,,,,,,,,,,,,
1329843.3,EKP,,4,<8,>8,32,>8,,,,,>2,>64,>8,,<=2,,,,,,>32,<=1,,,,,,,,,>32,,,,,,,,,,,,,,,,,,,,,,,,,,,,,,,,,,,,,,,,
72407.2553,EKP,<=0.5,,,>8,>16,,2,,,>16,,<=4,8,,<=1,>128,,16,,,16,<=0.25,<=4,,<=8,<=1,>64,,<=1,4,>64,>32/16,<=0.5,>16,32/16,>64,,,,,,,,,,<=0.12,,,,,,,,,,,,,,,,,,,,,,,,,
573.66322,EKP,,,,<=1,>=64,>=16,,,,,>=4,,,>=64,,>=64,>=64,>=64,>=32,>=32,16,,,,,,,,,,,,,,,,,,,,,,,,,,,,,,,,,,,,,,,,,,,,,,,,,,
573.66539,EKP,,,,>=16,>=32,>=16,,,>=8,>=64,,,,>=64,,>=64,,>=64,>=32,>=32,>=64,,,,,,,,,,,,,,,,,,,,,,,,,,,,,,,,,,,,,,,,,,,,,,,,,,
1400168.3,EKP,,,,<=1,<=1,<=.25,,<=1,,,<=.25,<=4,<=1,,,,,,,,<=1,,,,,,,,,,<=1,,,,4,,,,,,<=4,,,,,,,64,,,,,,,,,,,,,,,,,,,,,,,
573.66251,EKP,,,,<=1,,>=16,,,>=8,,,,,>=64,,>=64,,>=64,>=32,>=32,32,,,,,,,,,,,,,,,,,,,,,,,,,,,,,,,,,,,,,,,,,,,,,,,,,,
573.24395,EKP,,,<=4,<0.5,,>=4,,<0.5/9.5,,>64,>=4,,<2,>=32,=0.5,>64,,,>32,>32/16,>128,<1,,,,,,=64/4,,,>32,,>=4,,,,,,,,>8,=0.5,,,,=8/4,,,,,,,,,,,,,,,,,,,,,,,,,
573.66553,EKP,,,,,>=32,>=16,,,>=8,,,,,,,>=64,,>=64,>=32,>=32,>=64,,,,,,,,,,,,,,,,,,,,,,,,,,,,,,,,,,,,,,,,,,,,,,,,,,
573.4191,EKP,,,128,8,,,,,,,1,4,,16,,64,,256,,16,256,1,,,,,,,4,,,,,,,,,,,,,,,,,,,,,,,,,,,,,,,,,,512.0,,,,,,,,
573.24415,EKP,>=4,=32,,<1,,,,>8/152,>8,,>8,,,>=32,=0.5,>64,,,>32,>32/16,>128,<0.5,,,,,,=64/4,,,>32,,>=4,,,,,,,,>8,=0.5,,,,=8/4,,,,,,,,,,,,,,,,,,,,,,,,,
573.66235,EKP,,,,>=16,,,,,,>=64,>=4,,,,,>=64,,>=64,>=32,>=32,>=64,,,,,,,,,,,,,,,,,,,,,,,,,,,,,,,,,,,,,,,,,,,,,,,,,,
573.66397,EKP,,>=64,,,,,,,,,,,,>=64,,>=64,,>=64,>=32,>=32,>=64,,,,,,,,,,,,,,,,,,,,,,,,,,,,,,,,,,,,,,,,,,,,,,,,,,
573.29869,EKP,,,,<=1,,64,,,>1,,>2,,,,<=1,,,,,,,0.5,16,<=1/4,>16,,,,,,,,,,,,,,,,,,,,,,,,,,,,,,,,,,,,,,,,,,,,,,
573.4134,EKP,0.12,,,0.25,,,,,,,,,,,,0.5,,32,,16,16,8,,,,,,,64,,,,,,,,,,,,,,,,,,,,,,,,,,,,,,,,,,512.0,,,,,,,,
573.66497,EKP,,4,,,,,,,>=8,>=64,,,,,,>=64,,>=64,>=32,>=32,>=64,,,,,,,,,,,,,,,,,,,,,,,,,,,,,,,,,,,,,,,,,,,,,,,,,,
573.66036,EKP,,,,,<=1,,>8,,,2,>4,8,>8,,<=1,4,,8,,,2,1,16,,>16,<=1,64,,>8,4,4,<=8/4,<=0.5,2,>32/16,>64,,,,,,,,,,<=0.12,,,,,,,,,,,,,,,,,,,,,,,,,
573.4176,EKP,0.12,,256,128,,,,,,,64,8,,8,,0.12,,8,,8,0.5,4,,,,,,,32,,,,,,,,,,,,,,,,,,,,,,,,,,,,,,,,,,512.0,,,,,,,,
573.66406,EKP,,<=2,,,>=32,>=16,,,,,>=4,,,,,>=64,,>=64,>=32,>=32,>=64,,,,,,,,,,,,,,,,,,,,,,,,,,,,,,,,,,,,,,,,,,,,,,,,,,
573.12777,EKP,,=64,=16,,>32,>16,,=0.5/9.5,,>64,>8,,>16,>32,=0.5,=256,,,>32,>32/16,=128,=0.5,,,,,,,,,>64,,,,>32/16,,,,,,>32,=0.5,,,,,,,,,,,,,,,,,,,,,,,,,,,,,
72407.2586,EKP,,<=4,,<=1,>16,,,<=1/19,,,1,32,<=1,,<=1,>128,,<=2,,,>16,1,<=4,,<=8,<=1,>64,,4,1,>64,>32/16,<=0.5,>16,>32/16,>64,,,,,,,,,,<=0.12,,,,,,,,,,,,,,,,,,,,,,,,,
573.66044,EKP,,,,>8,>16,8,,>2/38,,>16,,>64,>8,,<=1,>128,,>32,,,>16,2,>16,,>16,>32,>64,>32,>8,>32,>64,>32/16,4,>16,>32/16,>64,,,,,,,,,,32,,,,,,,,,,,,,,,,,,,,,,,,,
573.29891,EKP,8,,,,,16,,,>1,,>2,,,,>8,,,,,,,2,8,<=1/4,>16,,,,,,,,,,,,,,,,,,,,,,,,,,,,,,,,,,,,,,,,,,,,,,
573.29892,EKP,>8,<=4,,>4,,,,2/38,>1,,,,,,<=1,,,,,,,0.5,,2/4,>16,,,,,,,,,,,,,,,,,,,,,,,,,,,,,,,,,,,,,,,,,,,,,,
573.4059,EKP,1,,8,0.5,,,,,,,1,512,,8,,,,8,,32,0.5,2,,,,,,,16,,,,,,,,,,,,,,,,,,,,,,,,,,,,,,,,,,512.0,,,,,,,,
573.66284,EKP,,4,,,2,<=0.25,,,<=0.5,,>=4,,,,,>=64,>=64,>=64,>=32,16,32,,,,,,,,,,,,,,,,,,,,,,,,,,,,,,,,,,,,,,,,,,,,,,,,,,
573.24344,EKP,>32,,,<0.25,,>8,,,>8,>64,,,<0.5,,=1,>64,,,>32,>32/16,>128,<1,,,,,,=64/4,,,>32,,>8,,,,,,,,>8,=1,,,,=32/4,,,,,,,,,,,,,,,,,,,,,,,,,
72407.2721,EKP,<=0.5,,,,4,,,,,>16,<=0.25,<=4,,,<=1,32,,16,,,>16,1,<=4,,<=8,16,64,<=0.12,2,4,>64,<=8/4,<=0.5,8,32/16,>64,,,,,,,,,,<=0.12,,,,,,,,,,,,,,,,,,,,,,,,,
72407.2171,EKP,<=0.5,,,<=1,,<=0.5,,,,,,,,,<=1,>128,,4,,,>16,1,16,,>16,<=1,>64,,8,2,>64,<=8/4,<=0.5,16,8/4,>64,,,,,,,,,,<=0.12,,,,,,,,,,,,,,,,,,,,,,,,,
573.66346,EKP,,,,,,>=16,,,>=8,,>=4,,,>=64,,>=64,,>=64,>=32,>=32,>=64,,,,,,,,,,,,,,,,,,,,,,,,,,,,,,,,,,,,,,,,,,,,,,,,,,
573.66257,EKP,,16,,>=16,,,,,>=8,,,,,,,>=64,,>=64,>=32,>=32,>=64,,,,,,,,,,,,,,,,,,,,,,,,,,,,,,,,,,,,,,,,,,,,,,,,,,
72407.2587,EKP,<=0.5,,,<=1,<=1,<=0.5,<=0.5,,,,,<=4,<=1,,<=1,<=0.5,,<=2,,,<=1,<=0.25,<=4,,<=8,<=1,<=0.5,<=0.12,<=1,<=0.5,<=0.5,<=8/4,<=0.5,<=1,<=4/2,<=4,,,,,,,,,,<=0.12,,,,,,,,,,,,,,,,,,,,,,,,,
573.66245,EKP,,,,<=1,,,,,>=8,,,,,,,>=64,,>=64,>=32,>=32,32,,,,,,,,,,,,,,,,,,,,,,,,,,,,,,,,,,,,,,,,,,,,,,,,,,
573.66326,EKP,,16,,<=1,,,,,<=0.5,,>=4,,,>=64,,<=1,32,16,>=32,<=2,<=1,,,,,,,,,,,,,,,,,,,,,,,,,,,,,,,,,,,,,,,,,,,,,,,,,,
573.66517,EKP,,,,>=16,>=32,>=16,,,,,,,,>=64,,>=64,,>=64,>=32,>=32,>=64,,,,,,,,,,,,,,,,,,,,,,,,,,,,,,,,,,,,,,,,,,,,,,,,,,
573.7064,EKP,0.12,,256,0.5,,,,,,,64,8,,8,,32,,256,,8,16,2,,,,,,,16,,,,,,,,,,,,,,,,,,,,,,,,,,,,,,,,,,512.0,,,,,,,,
573.46376,EKP,,>256,,,64,,,,,,64,,,256,,256,,,,,32,0.5,256,,,,,,2,,>256,,,,,>256,,,,,,0.25,,,,,,,,,,,,,,,,,,,,,,,,,,256,,,
573.4092,EKP,0.25,,2,0.5,,,,,,,1,16,,16,,64,,128,,16,512,0.5,,,,,,,2,,,,,,,,,,,,,,,,,,,,,,,,,,,,,,,,,,512.0,,,,,,,,
573.18543,EKP,=2,>64,,>16,>32,=4,,>8/152,,>64,,>128/4,>16,>16,=0.5,>128,,,>32,>32/16,>128,=2,,,,,,,,,>32,,=4,,>32/16,,,,,,>16,=1,,,,,,,,,,,,,,,,,,,,,,,,,,,,,
573.7092,EKP,0.5,,256,128,,,,,,,64,128,,16,,256,,256,,64,256,4,,,,,,,64,,,,,,,,,,,,,,,,,,,,,,,,,,,,,,,,,,512.0,,,,,,,,
573.29973,EKP,4,,,>4,,32,,,,,,,,,8,,,,,,,0.5,>128,>16/4,>16,,,,,,,,,,,,,,,,,,,,,,,,,,,,,,,,,,,,,,,,,,,,,,
573.65918,EKP,,<=4,,<=1,,,<=0.5,,,<=1,<=0.25,<=4,<=1,,<=1,<=0.5,,<=2,,,<=1,1,16,,<=8,<=1,<=0.5,<=0.12,2,1,<=0.5,<=8/4,<=0.5,<=1,<=4/2,>64,,,,,,,,,,<=0.12,,,,,,,,,,,,,,,,,,,,,,,,,
574.103,EKP,,<=4,,<=1,<=1,,,,,,1,,<=1,,<=1,64,,>32,,,>16,1,16,,<=8,>32,>64,>32,2,>32,8,<=8/4,1,>16,>32/16,>64,,,,,,,,,,16,,,,,,,,,,,,,,,,,,,,,,,,,
573.7038,EKP,0.12,,256,256,,,,,,,0.25,32,,16,,16,,64,,16,256,2,,,,,,,64,,,,,,,,,,,,,,,,,,,,,,,,,,,,,,,,,,512.0,,,,,,,,
1438701.3,EKP,,>32,,4,>32,>8,,>8,,,>2,>64,>8,,,,,,,,32,2,,,,,,,,,>32,,,,>16,,,,,,>32,,,,,,,,,,,,,,,,,,,,,,,,,,,,,,
573.4183,EKP,0.059999999,,16,0.25,,,,,,,0.25,16,,32,,0.5,,32,,4,0.5,2,,,,,,,16,,,,,,,,,,,,,,,,,,,,,,,,,,,,,,,,,,128.0,,,,,,,,
72407.2538,EKP,<=0.5,8,,>8,>16,,1,,,>16,4,16,,,<=1,>128,,<=2,,,16,2,<=4,,<=8,<=1,>64,<=0.12,8,<=0.5,>64,16/8,<=0.5,>16,>32/16,>64,,,,,,,,,,<=0.12,,,,,,,,,,,,,,,,,,,,,,,,,
1304920.3,EKP,8,>32,,2,16,>8,>8,<=0.5/9.5,>4,>16,>2,>64/4,>8,,<=0.25,>32,,,,,>16,1,,,,,,,8,,,,>2,,,,,,,,,0.5,,,,,8.0,,,,,,,,,,,,,,>128/2,,,,,,,,,,
573.7088,EKP,0.5,,256,128,,,,,,,256,32,,8,,256,,256,,32,16,4,,,,,,,16,,,,,,,,,,,,,,,,,,,,,,,,,,,,,,,,,,512.0,,,,,,,,
573.29929,EKP,,,,2,,128,,>4/76,>1,,>2,,,,>8,,,,,,,1,16,<=1/4,>16,,,,,,,,,,,,,,,,,,,,,,,,,,,,,,,,,,,,,,,,,,,,,,
573.46874,EKP,,>32,,,,,>8,>8/152,,<=0.25,,,,,=1,,,,,>64/2,>64,=0.5,4,>32,,,,,,,>4,,,,,,,,>64/4,,,,,,,,,>64,,,,,,,,,,,,1.0,,,,,,,,,,,
573.29885,EKP,8,,,>4,,8,,,>1,,>2,,,,<=1,,,,,,,0.5,,<=1/4,<=8,,,,,,,,,,,,,,,,,,,,,,,,,,,,,,,,,,,,,,,,,,,,,,
573.29921,EKP,,<=4,,<=1,,,,<=1/19,>1,,,,,,<=1,,,,,,,0.5,<=4,<=1/4,<=8,,,,,,,,,,,,,,,,,,,,,,,,,,,,,,,,,,,,,,,,,,,,,,
573.7219,EKP,,<=4,,<=1,>16,>8,,>2/38,>4,>16,2,>64/4,<=1,>16,0.19,,,,,,>16,<=1,,,,,,,,,>32,,,,,,,,,,,,,,,,,,,,,,,,,,,,,,,,,,,,,,,,
573.66392,EKP,,,,>=16,>=32,,,,,>=64,,,,,,>=64,,>=64,>=32,>=32,>=64,,,,,,,,,,,,,,,,,,,,,,,,,,,,,,,,,,,,,,,,,,,,,,,,,,
573.66298,EKP,,,,,>=64,,,,>=8,>=64,,,,,,>=64,>=64,>=64,>=32,>=32,>=64,,,,,,,,,,,,,,,,,,,,,,,,,,,,,,,,,,,,,,,,,,,,,,,,,,
573.4079,EKP,0.12,,4,128,,,,,,,1,512,,8,,0.12,,8,,32,1,1,,,,,,,4,,,,,,,,,,,,,,,,,,,,,,,,,,,,,,,,,,512.0,,,,,,,,
72407.191,EKP,,,,8,>16,,,,,>16,,>64/4,,,2,>32,,,,,>16,1,,,,,,,8,,,,>2,,,,,,,,,1,,,,,8.0,,,,,,,,,,,,,,>128/2,,,,,,,,,,
573.7049,EKP,0.12,,8,0.5,,,,,,,64,8,,8,,0.059999999,,16,,4,0.25,2,,,,,,,32,,,,,,,,,,,,,,,,,,,,,,,,,,,,,,,,,,128.0,,,,,,,,
573.4151,EKP,0.12,,2,128,,,,,,,128,32,,8,,512,,256,,16,32,0.5,,,,,,,4,,,,,,,,,,,,,,,,,,,,,,,,,,,,,,,,,,512.0,,,,,,,,
573.29977,EKP,>8,32,,2,,,,>4/76,>1,,>2,,,,<=1,,,,,,,0.5,,<=1/4,>16,,,,,,,,,,,,,,,,,,,,,,,,,,,,,,,,,,,,,,,,,,,,,,
72407.2518,EKP,<=0.5,,,,,<=0.5,,,,,,<=4,,,<=1,>128,,4,,,16,1,<=4,,>16,<=1,>64,<=0.12,4,1,>64,<=8/4,<=0.5,>16,16/8,>64,,,,,,,,,,<=0.12,,,,,,,,,,,,,,,,,,,,,,,,,
1438702.3,EKP,,,,<=1,<=1,<=.25,,<=1,,,<=.25,<=4,<=1,,,,,,,,<=1,,,,,,,,,,<=1,,,,4,,,,,,<=4,,,,,,,,,,,,,,,,,,,,,,,,,,,,,,
573.66534,EKP,,4,,>=16,,,,,,>=64,,,,>=64,,>=64,,>=64,>=32,>=32,>=64,,,,,,,,,,,,,,,,,,,,,,,,,,,,,,,,,,,,,,,,,,,,,,,,,,
573.4166,EKP,0.12,,256,64,,,,,,,128,512,,16,,256,,256,,32,256,1,,,,,,,32,,,,,,,,,,,,,,,,,,,,,,,,,,,,,,,,,,512.0,,,,,,,,
72407.221,EKP,,>32,,>8,,>8,>8,>4/76,>4,,>2,>64/4,,,1,>32,,,,,>16,1,,,,,,,8,,,,>2,,,,,,,,,1,,,,,4.0,,,,,,,,,,,,,,>128/2,,,,,,,,,,
573.66062,EKP,<=0.5,,,<=1,<=1,<=0.5,<=0.5,,,,2,,,,<=1,32,,<=2,,,<=1,<=0.25,<=4,,<=8,<=1,32,<=0.12,>8,1,16,<=8/4,<=0.5,4,16/8,>64,,,,,,,,,,<=0.12,,,,,,,,,,,,,,,,,,,,,,,,,
573.66433,EKP,,<=2,,,>=32,,,,,>=64,,,,,,>=64,,>=64,>=32,>=32,>=64,,,,,,,,,,,,,,,,,,,,,,,,,,,,,,,,,,,,,,,,,,,,,,,,,,
573.24425,EKP,,<=16,=8,<1,,>8,,,,,,>128/4,,,=0.5,>64,,,>32,>32/16,>128,<=2,,,,,,=64/4,,,>32,,>8,,,,,,,,>8,=0.5,,,,=32/4,,,,,,,,,,,,,,,,,,,,,,,,,
573.7217,EKP,,<=4,,<=1,>16,>8,,>2/38,>4,>16,>2,>64/4,<=1,>16,0.19,,,,,,>16,<=1,,,,,,,,,>32,,,,,,,,,,,,,,,,,,,,,,,,,,,,,,,,,,,,,,,,
573.66271,EKP,,,,>=16,>=32,,,,,,>=4,,,,,>=64,,>=64,>=32,>=32,>=64,,,,,,,,,,,,,,,,,,,,,,,,,,,,,,,,,,,,,,,,,,,,,,,,,,
573.31624,EKP,>16,,,,,>16,,,>=8,,>4,>=128,,,>16,>=64,,,>=32,>=32,>=64,4,64,,,,,,,,,,,,,,,,,,,,,,,,,,,,,,,,,,,,,,,>320,,,,,,,,,
1284812.3,EKP,8,16,,>8,8,>8,2,>4/76,>4,>16,>2,>64/4,>8,,>4,8,,,,,>16,0.5,,,,,,,8,,,,>2,,,,,,,,,>4,,,,,8.0,,,,,,,,,,,,,,>128/2,,,,,,,,,,
573.46389,EKP,,,,,,,16,,,,32,,,128,,256,,,,,64,1,256,,,,,,4,,>256,,,,,>256,,,,,,0.5,,,,,,,,,,,,,,,,,,,,,,,,,,>256,,,
573.46344,EKP,,>256,,,,>32,,,,,>64,,,128,,>256,,,,,64,0.5,>256,,,,,,1,,256,,,,,>256,,,,,,0.25,,,,,,,,,,,,,,,,,,,,,,,,,,>256,,,
573.4088,EKP,0.25,,2,64,,,,,,,64,64,,64,,512,,256,,16,128,0.5,,,,,,,2,,,,,,,,,,,,,,,,,,,,,,,,,,,,,,,,,,512.0,,,,,,,,
1400163.3,EKP,,<=2,,>8,>32,3,,>8,,,>2,>64,8,,,,,,,,16,<2,,,,,,,,,4,,,,>16,,,,,,>32,,,,,,,>256,,,,,,,,,,,,,,,,,,,,,,,
573.66317,EKP,,16,,>=16,>=64,,,,,,>=4,,,16,,>=64,>=64,>=64,>=32,>=32,>=64,,,,,,,,,,,,,,,,,,,,,,,,,,,,,,,,,,,,,,,,,,,,,,,,,,
573.66467,EKP,,,,,,>=16,,,>=8,>=64,>=4,,,32,,>=64,,>=64,>=32,>=32,>=64,,,,,,,,,,,,,,,,,,,,,,,,,,,,,,,,,,,,,,,,,,,,,,,,,,
1328411.3,EKP,,16,,>8,,32,,>8,,,>2,>64,>8,,,,,>32,,,>32,,,,,,,,,,,,,,>16,,,,,,>32,,,,,,,,,,,,,,,,,,,,,,,,,,,,,,
573.29896,EKP,,,,<=1,,,,>4/76,>1,,,,,,<=1,,,,,,,1,,<=1/4,>16,,,,,,,,,,,,,,,,,,,,,,,,,,,,,,,,,,,,,,,,,,,,,,
1284809.4,EKP,4,8,,>8,16,8,>8,>4/76,4,>16,>2,>64/4,>8,,<=0.25,32,,,,,>16,0.5,,,,,,,4,,,,>2,,,,,,,,,0.5,,,,,4.0,,,,,,,,,,,,,,>128/2,,,,,,,,,,
72407.2232,EKP,,<=4,,<=1,>16,<=0.5,,,,>16,1,,,,<=1,>128,,4,,,>16,1,<=4,,<=8,<=1,>64,,2,1,>64,<=8/4,<=0.5,>16,32/16,>64,,,,,,,,,,<=0.12,,,,,,,,,,,,,,,,,,,,,,,,,
573.7069,EKP,0.5,,256,32,,,,,,,128,512,,64,,512,,256,,16,512,0.5,,,,,,,64,,,,,,,,,,,,,,,,,,,,,,,,,,,,,,,,,,512.0,,,,,,,,
573.7062,EKP,0.12,,16,0.5,,,,,,,0.25,16,,128,,1,,64,,4,1,4,,,,,,,32,,,,,,,,,,,,,,,,,,,,,,,,,,,,,,,,,,128.0,,,,,,,,
573.24339,EKP,,<8,<=4,,,,>8,,,>64,>8,>128/4,>=16,,=1,>64,,,>32,>32/16,>128,<0.5,,,,,,=64/4,,,>32,,>8,,,,,,,,>8,=1,,,,=32/4,,,,,,,,,,,,,,,,,,,,,,,,,
1328410.3,EKP,,>32,,>8,,,,>8,,,>2,,>8,,,,,,,,>32,,,,,,,,,,,,,,>16,,,,,,>32,,,,,,,256,,,,,,,,,,,,,,,,,,,,,,,
573.66371,EKP,,,,,>=32,,,,,<=1,,,,>=64,,>=64,,>=64,>=32,>=32,>=64,,,,,,,,,,,,,,,,,,,,,,,,,,,,,,,,,,,,,,,,,,,,,,,,,,
573.7083,EKP,0.25,,256,0.5,,,,,,,16,128,,4,,0.5,,64,,16,0.25,2,,,,,,,8,,,,,,,,,,,,,,,,,,,,,,,,,,,,,,,,,,512.0,,,,,,,,
573.66365,EKP,,,,,,>=16,,,,>=64,>=4,,,,,>=64,,>=64,>=32,>=32,>=64,,,,,,,,,,,,,,,,,,,,,,,,,,,,,,,,,,,,,,,,,,,,,,,,,,
1400166.3,EKP,,,,<=1,<=1,<=.25,,<=1,,,<=.25,<=4,<=1,,,,,,,,<=1,,,,,,,,,,<=1,,,,4,,,,,,<=4,,,,,,,,,,,,,,,,,,,,,,,,,,,,,,
573.66415,EKP,,<=2,,<=1,,,,,>=8,>=64,>=4,,,>=64,,>=64,,>=64,>=32,>=32,>=64,,,,,,,,,,,,,,,,,,,,,,,,,,,,,,,,,,,,,,,,,,,,,,,,,,
72407.152,EKP,>8,32,,2,>16,>8,>8,>4/76,>4,>16,>2,>64/4,>8,,0.5,>32,,,,,>16,0.5,,,,,,,4,,,,>2,,,,,,,,,0.5,,,,,4.0,,,,,,,,,,,,,,>128/2,,,,,,,,,,
573.4104,EKP,0.12,,,32,,,,,,,4,8,,,,256,,256,,16,16,1,,,,,,,8,,,,,,,,,,,,,,,,,,,,,,,,,,,,,,,,,,512.0,,,,,,,,
573.7081,EKP,0.5,,4,0.5,,,,,,,512,32,,8,,512,,256,,16,256,1,,,,,,,8,,,,,,,,,,,,,,,,,,,,,,,,,,,,,,,,,,512.0,,,,,,,,
573.65957,EKP,2,<=4,,,,<=0.5,,>2/38,,,,8,,,<=1,32,,>32,,,>16,1,<=4,,<=8,>32,>64,>32,4,>32,4,<=8/4,<=0.5,2,>32/16,>64,,,,,,,,,,32,,,,,,,,,,,,,,,,,,,,,,,,,
573.4178,EKP,1,,8,2,,,,,,,1,8,,32,,,,256,,16,2,2,,,,,,,16,,,,,,,,,,,,,,,,,,,,,,,,,,,,,,,,,,512.0,,,,,,,,
573.4077,EKP,0.12,,2,0.5,,,,,,,1,16,,32,,0.12,,32,,16,2,0.5,,,,,,,2,,,,,,,,,,,,,,,,,,,,,,,,,,,,,,,,,,512.0,,,,,,,,
573.29974,EKP,>8,32,,,,128,,,>1,,>2,,,,>8,,,,,,,0.5,,<=1/4,>16,,,,,,,,,,,,,,,,,,,,,,,,,,,,,,,,,,,,,,,,,,,,,,
72407.2474,EKP,,<=4,,,>16,<=0.5,,,,,,<=4,8,,<=1,>128,,<=2,,,2,1,16,,<=8,<=1,>64,<=0.12,>8,1,>64,16/8,<=0.5,>16,32/16,>64,,,,,,,,,,<=0.12,,,,,,,,,,,,,,,,,,,,,,,,,
573.46372,EKP,,,,,64,32,,,,,,,,,,256,,,,,32,0.125,,,,,,,2,,>256,,,,,>256,,,,,,0.25,,,,,,,,,,,,,,,,,,,,,,,,,,128,,,
72407.2747,EKP,,,,,>16,,,>2/38,,>16,,,>8,,<=1,>128,,>32,,,>16,1,>16,,>16,16,>64,1,4,32,>64,>32/16,<=0.5,>16,>32/16,>64,,,,,,,,,,,,,,,,,,,,,,,,,,,,,,,,,,,
573.4054,EKP,0.25,,16,0.5,,,,,,,8,8,,16,,,,16,,2,0.5,4,,,,,,,32,,,,,,,,,,,,,,,,,,,,,,,,,,,,,,,,,,256.0,,,,,,,,
573.7073,EKP,0.12,,256,256,,,,,,,1,16,,8,,0.12,,8,,16,0.25,1,,,,,,,32,,,,,,,,,,,,,,,,,,,,,,,,,,,,,,,,,,512.0,,,,,,,,
573.4085,EKP,0.5,,4,1,,,,,,,128,16,,16,,256,,256,,16,32,0.5,,,,,,,4,,,,,,,,,,,,,,,,,,,,,,,,,,,,,,,,,,512.0,,,,,,,,
1284799.4,EKP,>8,8,,>8,>16,>8,>8,>4/76,>4,>16,>2,>64/4,>8,,>4,>32,,,,,>16,1,,,,,,,4,,,,>2,,,,,,,,,2,,,,,4.0,,,,,,,,,,,,,,>128/2,,,,,,,,,,
1438700.3,EKP,,,,<=1,<=1,<=.25,,<=1,,,<=.25,<=4,<=1,,,,,,,,<=1,,,,,,,,,,<=1,,,,<=2,,,,,,<=4,,,,,,,64,,,,,,,,,,,,,,,,,,,,,,,
573.4138,EKP,0.12,,,64,,,,,,,,8,,,,256,,256,,16,16,1,,,,,,,4,,,,,,,,,,,,,,,,,,,,,,,,,,,,,,,,,,512.0,,,,,,,,
1284807.4,EKP,>8,16,,<=1,>16,>8,>8,>4/76,>4,>16,>2,>64/4,>8,,<=0.25,>32,,,,,>16,1,,,,,,,8,,,,>2,,,,,,,,,0.5,,,,,8.0,,,,,,,,,,,,,,>128/2,,,,,,,,,,
573.4048,EKP,0.25,,,1,,,,,,,1,16,,4,,,,64,,8,256,,,,,,,,,,,,,,,,,,,,,,,,,,,,,,,,,,,,,,,,,,512.0,,,,,,,,
573.66398,EKP,,>=64,,,,>=16,,,>=8,,,,,,,>=64,,>=64,>=32,>=32,>=64,,,,,,,,,,,,,,,,,,,,,,,,,,,,,,,,,,,,,,,,,,,,,,,,,,
573.66274,EKP,,,,<=1,,,,,>=8,,>=4,,,>=64,,>=64,>=64,>=64,>=32,>=32,16,,,,,,,,,,,,,,,,,,,,,,,,,,,,,,,,,,,,,,,,,,,,,,,,,,
573.66269,EKP,,16,,<=1,>=32,>=16,,,>=8,>=64,,,,>=64,,>=64,,>=64,>=32,>=32,32,,,,,,,,,,,,,,,,,,,,,,,,,,,,,,,,,,,,,,,,,,,,,,,,,,
573.66385,EKP,,,,,,,,,>=8,>=64,>=4,,,>=64,,>=64,,>=64,>=32,>=32,>=64,,,,,,,,,,,,,,,,,,,,,,,,,,,,,,,,,,,,,,,,,,,,,,,,,,
573.4173,EKP,0.5,,256,128,,,,,,,128,64,,8,,512,,256,,32,128,2,,,,,,,8,,,,,,,,,,,,,,,,,,,,,,,,,,,,,,,,,,512.0,,,,,,,,
573.7082,EKP,0.059999999,,256,32,,,,,,,256,32,,16,,512,,256,,16,256,4,,,,,,,32,,,,,,,,,,,,,,,,,,,,,,,,,,,,,,,,,,512.0,,,,,,,,
1400160.3,EKP,,,,<=1,>32,>8,,<=1,,,>2,>64,<=1,,<4,,,,,,>32,,,,,,,,,,8,,,,>16,,,,,,>32,,,,,,,,,,,,,,,,,,,,,,,,,,,,,,
1284829.3,EKP,>8,32,,<=1,>16,>8,>8,>4/76,>4,>16,>2,>64/4,>8,,<=0.25,>32,,,,,>16,0.5,,,,,,,8,,,,>2,,,,,,,,,0.5,,,,,8.0,,,,,,,,,,,,,,>128/2,,,,,,,,,,
573.4095,EKP,0.12,,256,0.25,,,,,,,0.25,16,,64,,0.5,,32,,8,1,8,,,,,,,64,,,,,,,,,,,,,,,,,,,,,,,,,,,,,,,,,,256.0,,,,,,,,
573.7048,EKP,0.12,,4,64,,,,,,,256,32,,32,,32,,256,,16,16,2,,,,,,,8,,,,,,,,,,,,,,,,,,,,,,,,,,,,,,,,,,512.0,,,,,,,,
573.66229,EKP,,16,,2,,,,,>=8,>=64,>=4,,,>=64,,>=64,,>=64,>=32,>=32,>=64,,,,,,,,,,,,,,,,,,,,,,,,,,,,,,,,,,,,,,,,,,,,,,,,,,
1400169.3,EKP,,,,<=1,<=1,3,,<=1,,,<=.25,<=4,<=1,,,,,,,,<=1,,,,,,,,,,<=1,,,,4,,,,,,<=4,,,,,,,64,,,,,,,,,,,,,,,,,,,,,,,
573.65986,EKP,,<=4,,>8,>16,,,>2/38,,,,,4,,<=1,>128,,<=2,,,2,1,16,,16,<=1,>64,<=0.12,2,<=0.5,>64,32/16,<=0.5,>16,>32/16,>64,,,,,,,,,,<=0.12,,,,,,,,,,,,,,,,,,,,,,,,,
573.7042,EKP,0.12,,8,0.25,,,,,,,2,16,,32,,0.25,,16,,8,0.5,2,,,,,,,16,,,,,,,,,,,,,,,,,,,,,,,,,,,,,,,,,,512.0,,,,,,,,
573.4049,EKP,0.5,,16,0.5,,,,,,,0.5,16,,64,,,,16,,1,2,8,,,,,,,32,,,,,,,,,,,,,,,,,,,,,,,,,,,,,,,,,,128.0,,,,,,,,
573.7024,EKP,<=0.5,=16,=16,=16,>32,=0.25,>8,>8/152,=0.5,>64,>8,>128/4,>16,>16,=0.5,>128,,,>32,=32/16,>128,=2,,,,,,,,,>32,,<=0.12,,>32/16,,,,,,>8,<=0.5,,,,,,,,,,,,,,,,,,,,,,,,,,,,,
72407.151,EKP,4,>32,,>8,>16,>8,>8,>4/76,>4,>16,>2,>64/4,>8,,0.5,>32,,,,,>16,2,,,,,,,16,,,,>2,,,,,,,,,1,,,,,16.0,,,,,,,,,,,,,,>128/2,,,,,,,,,,
573.25927,EKP,=2,,,<=0.25,,,,<=0.5/9.5,,=8,,=128/4,,,<=0.25,=4,,,<32,,<=1,<=0.5,,<=0.5/4,,,,,,,>32,,=1,,,,,,,,,,,,,,,,,,,,,,,,,,,,,,,,,,,,,,
573.4082,EKP,0.12,,256,128,,,,,,,128,16,,8,,256,,256,,16,8,1,,,,,,,8,,,,,,,,,,,,,,,,,,,,,,,,,,,,,,,,,,512.0,,,,,,,,
573.4063,EKP,0.12,,16,0.5,,,,,,,0.5,32,,64,,0.5,,32,,4,1,4,,,,,,,64,,,,,,,,,,,,,,,,,,,,,,,,,,,,,,,,,,256.0,,,,,,,,
573.4157,EKP,0.25,,2,64,,,,,,,256,32,,8,,256,,256,,16,64,1,,,,,,,2,,,,,,,,,,,,,,,,,,,,,,,,,,,,,,,,,,512.0,,,,,,,,
1438698.3,EKP,,,,,,,,<=1,,,<=.25,<=4,<=1,,,,,,,,<=1,,,,,,,,,,<=1,,,,4,,,,,,<=4,,,,,,,,,,,,,,,,,,,,,,,,,,,,,,
573.46378,EKP,16,>256,,,128,>32,>64,,,,,,,>256,,128,,,,,64,4,>256,,,,,,32,,128,,,,,>256,,,,,,0.5,,,,,,,,,,,,,,,,,,,,,,,,,,>256,,,
573.7045,EKP,0.25,,256,1,,,,,,,256,8,,16,,128,,256,,16,16,1,,,,,,,8,,,,,,,,,,,,,,,,,,,,,,,,,,,,,,,,,,512.0,,,,,,,,
573.66256,EKP,,<=2,,,,,,,>=8,,>=4,,,>=64,,>=64,,>=64,>=32,>=32,>=64,,,,,,,,,,,,,,,,,,,,,,,,,,,,,,,,,,,,,,,,,,,,,,,,,,
573.66288,EKP,,,,>=16,8,>=16,,,,,,,,16,,>=64,>=64,>=64,>=32,>=32,>=64,,,,,,,,,,,,,,,,,,,,,,,,,,,,,,,,,,,,,,,,,,,,,,,,,,
573.4181,EKP,0.12,,256,64,,,,,,,256,64,,4,,512,,256,,16,512,2,,,,,,,8,,,,,,,,,,,,,,,,,,,,,,,,,,,,,,,,,,512.0,,,,,,,,
573.7053,EKP,0.12,,256,128,,,,,,,256,256,,8,,256,,256,,16,16,0.5,,,,,,,32,,,,,,,,,,,,,,,,,,,,,,,,,,,,,,,,,,512.0,,,,,,,,
573.66252,EKP,,>=64,,>=16,>=32,,,,>=8,,>=4,,,,,>=64,,>=64,>=32,>=32,>=64,,,,,,,,,,,,,,,,,,,,,,,,,,,,,,,,,,,,,,,,,,,,,,,,,,
573.66283,EKP,,,,<=1,,,,,>=8,,>=4,,,>=64,,>=64,>=64,>=64,>=32,>=32,>=64,,,,,,,,,,,,,,,,,,,,,,,,,,,,,,,,,,,,,,,,,,,,,,,,,,
573.4102,EKP,0.12,,,,,,,,,,,64,,16,,512,,256,,16,512,1,,,,,,,8,,,,,,,,,,,,,,,,,,,,,,,,,,,,,,,,,,512.0,,,,,,,,
573.4058,EKP,0.5,,256,128,,,,,,,64,32,,32,,512,,256,,16,512,1,,,,,,,64,,,,,,,,,,,,,,,,,,,,,,,,,,,,,,,,,,512.0,,,,,,,,
573.4062,EKP,0.12,,256,0.5,,,,,,,0.25,32,,64,,0.5,,32,,16,1,4,,,,,,,64,,,,,,,,,,,,,,,,,,,,,,,,,,,,,,,,,,512.0,,,,,,,,
573.4076,EKP,0.5,,8,1,,,,,,,0.25,16,,16,,,,16,,4,0.5,4,,,,,,,16,,,,,,,,,,,,,,,,,,,,,,,,,,,,,,,,,,128.0,,,,,,,,
1328418.3,EKP,,,,<=1,<=1,<=.25,,>8,,,<=.25,,<=1,,,,,,,,<=1,,,,,,,,,,<=1,,,,4,,,,,,<=4,,,,,,,128,,,,,,,,,,,,,,,,,,,,,,,
573.4101,EKP,,,256,,,,,,,,,512,,,,0.25,,8,,64,8,2,,,,,,,32,,,,,,,,,,,,,,,,,,,,,,,,,,,,,,,,,,512.0,,,,,,,,
573.4052,EKP,0.5,,4,0.5,,,,,,,0.5,16,,16,,,,16,,4,0.5,2,,,,,,,4,,,,,,,,,,,,,,,,,,,,,,,,,,,,,,,,,,32.0,,,,,,,,
1284832.3,EKP,>8,32,,<=1,>16,>8,>8,>4/76,>4,>16,>2,>64/4,>8,,<=0.25,>32,,,,,>16,0.5,,,,,,,4,,,,>2,,,,,,,,,0.5,,,,,4.0,,,,,,,,,,,,,,>128/2,,,,,,,,,,
573.4161,EKP,0.5,,256,32,,,,,,,4,8,,8,,512,,256,,16,16,2,,,,,,,8,,,,,,,,,,,,,,,,,,,,,,,,,,,,,,,,,,512.0,,,,,,,,
573.7066,EKP,0.25,,8,64,,,,,,,256,8,,32,,512,,256,,8,256,1,,,,,,,8,,,,,,,,,,,,,,,,,,,,,,,,,,,,,,,,,,512.0,,,,,,,,
