Sample_ID_IfH,Organism_Code,meropenem,cefoxitin,ertapenem,tobramycin,tigecycline,piperacillin/tazobactam,cefotaxime,cefpodoxime,cefpodoxime_clavulanic_acid,amoxicillin/clavulanic acid,ampicillin,gentamicin,amikacin,ceftriaxone,chloramphenicol,streptomycin,cefepime,trimethoprim,trimethoprim/sulfamethoxazole,norfloxacin,tetracycline,ciprofloxacin,nitrofurantoin,ceftazidime,azithromycin,sulfamethoxazole,aztreonam,ceftolozane/tazobactam,cephalothin,cefotetan,cefuroxime,imipenem,ampicillin/sulbactam,ceftazidime/avibactam,cefazolin,nalidixic acid,levofloxacin,moxifloxacin,trimethoprim/sulfobactam,cefalotin,ticarcillin/clavulanic acid,piperacillin,colistin,fosfomycin,netilmicin,beta-lactam,ticarcillin
573.41948,EKP,>=16,>=64,>=8,=8,=1,>=128/4,>=64,>=8,,,>=32,>=16,<=2,>=64,,,>=32,,>=16/304,,>=16,>=4,>=512,>=64,,,>=64,>=32/4,>=64,>=64,>=64,>=16,>=32/16,>=16/4,>=64,>=32,>=8,>=8,,,,,,,,,
573.40443,EKP,<=25,>=64,,>=16,>=8,=64/4,>=64,>=8,,,>=32,>=16,<=2,>=64,,,>=32,,>=16/304,,>=16,=1,>=512,=16,,,>=64,=16/4,>=64,<=4,>=64,<=25,>=32/16,=5/4,>=64,>=32,=1,=2,,,,,,,,,
573.41155,EKP,<=25,<=4,<=12,>=16,=1,=32/4,>=64,>=8,,,>=32,>=16,<=2,>=64,,,>=32,,=2/38,,>=16,=2,=32,>=64,,,>=64,=16/4,>=64,<=4,>=64,=5,>=32/16,<=12/4,>=64,>=32,=1,=2,,,,,,,,,
573.4117,EKP,<=25,<=4,<=12,>=16,=1,=32/4,>=64,>=8,,,>=32,>=16,<=2,>=64,,,>=32,,>=16/304,,>=16,=2,=128,=16,,,=32,=16/4,>=64,<=4,>=64,<=25,>=32/16,=5/4,>=64,=16,=1,=4,,,,,,,,,
573.41296,EKP,>=16,>=64,>=8,>=16,=1,>=128/4,>=64,>=8,,,>=32,<=1,=16,>=64,,,>=32,,<=1/19,,>=16,>=4,=256,>=64,,,>=64,>=32/4,>=64,>=64,>=64,>=16,>=32/16,=1/4,>=64,>=32,>=8,>=8,,,,,,,,,
573.4114,EKP,>=16,>=64,>=8,>=16,=2,>=128/4,>=64,>=8,,,>=32,>=16,=32,>=64,,,>=32,,>=16/304,,>=16,>=4,=256,>=64,,,>=64,>=32/4,>=64,>=64,>=64,>=16,>=32/16,>=16/4,>=64,>=32,>=8,>=8,,,,,,,,,
72407.592,EKP,<=0.25,16,0.25,>=16,1,>=128,>=64,,,>=32,>=32,>=16,>=64,,,,>=32,,>=320,,,>=4,,>=64,,,>=64,,,,>=64,,,,,,,,,,,,,,,,
573.41139,EKP,>=16,>=64,>=8,>=16,>=8,>=128/4,>=64,>=8,,,>=32,>=16,>=64,>=64,,,>=32,,>=16/304,,>=16,>=4,>=512,>=64,,,>=64,>=32/4,>=64,=32,>=64,=2,>=32/16,=5/4,>=64,>=32,>=8,>=8,,,,,,,,,
573.44066,EKP,<=25,<=4,<=12,<=1,<=5,<=4/4,<=25,<=25,,,>=32,<=1,<=2,<=25,,,<=12,,<=1/19,,<=1,<=25,=256,<=1,,,<=1,<=25/4,<=2,<=4,<=1,=1,=4/2,<=12/4,<=4,=4,<=12,<=25,,,,,,,,,
573.42016,EKP,<=25,<=4,<=12,<=1,<=5,<=4/4,<=25,<=25,,,>=32,<=1,<=2,<=25,,,<=12,,>=16/304,,<=1,<=25,=128,<=1,,,<=1,<=25/4,<=2,<=4,=2,<=25,=8/4,=25/4,<=4,=4,<=12,<=25,,,,,,,,,
573.41093,EKP,<=25,<=4,<=12,<=1,<=5,=32/4,<=25,<=25,,,>=32,<=1,<=2,<=25,,,<=12,,<=1/19,,>=16,<=25,=128,<=1,,,<=1,<=25/4,=4,<=4,=2,<=25,>=32/16,<=12/4,<=4,=4,<=12,<=25,,,,,,,,,
573.5683,EKP,<=0.25,<=4,<=0.5,4,1,<=4,4,,,8,>=32,>=16,<=2,,,,<=1,<=0.5,,,,1,,<=1,,,<=1,,,,>=64,,,,,,,,,>=64,,,,,,,
573.40391,EKP,<=25,<=4,<=12,>=16,=1,=16/4,>=64,>=8,,,>=32,<=1,=4,>=64,,,>=32,,>=16/304,,>=16,<=25,=128,=16,,,=16,<=25/4,>=64,<=4,>=64,<=25,>=32/16,=25/4,>=64,=4,<=12,<=25,,,,,,,,,
573.44127,EKP,=2,<=4,<=12,<=1,<=5,>=128/4,=5,<=25,,,>=32,<=1,<=2,<=25,,,<=12,,<=1/19,,<=1,<=25,=64,<=1,,,<=1,<=25/4,<=2,<=4,<=1,=1,=8/4,<=12/4,<=4,=4,<=12,<=25,,,,,,,,,
573.41103,EKP,<=25,<=4,<=12,=8,=1,=64/4,>=64,>=8,,,>=32,<=1,<=2,>=64,,,>=32,,>=16/304,,>=16,<=25,=64,=16,,,>=64,=4/4,>=64,<=4,>=64,<=25,>=32/16,<=12/4,>=64,=4,<=12,<=25,,,,,,,,,
573.4113,EKP,<=25,<=4,<=12,=8,>=8,=32/4,>=64,>=8,,,>=32,>=16,<=2,>=64,,,>=32,,>=16/304,,>=16,=2,<=16,=16,,,>=64,=1/4,>=64,<=4,>=64,<=25,>=32/16,=5/4,>=64,>=32,=1,=4,,,,,,,,,
573.41161,EKP,<=25,<=4,<=12,>=16,=1,=16/4,=16,>=8,,,>=32,>=16,=16,=32,,,=2,,>=16/304,,>=16,=1,=64,>=64,,,>=64,=8/4,>=64,<=4,>=64,=5,>=32/16,=5/4,>=64,=16,=1,=2,,,,,,,,,
72407.594,EKP,<=0.25,<=4,<=0.12,<=1,<=0.5,8,<=0.25,,,<=2,>=32,<=1,<=2,,,,<=0.12,,>=320,,,<=0.25,,0.5,,,<=1,,,,4,,,,,,,,,,,,,,,,
573.42887,EKP,<=25,<=4,<=12,<=1,<=5,<=4/4,<=25,<=25,,,>=32,<=1,<=2,<=25,,,<=12,,<=1/19,,<=1,<=25,=128,<=1,,,<=1,<=25/4,<=2,<=4,=2,<=25,=8/4,<=12/4,<=4,=4,<=12,<=25,,,,,,,,,
72407.512,EKP,<=0.25,<=4,<=0.12,>=16,2,16,>=64,,,>=32,>=32,>=16,8,,,,>=32,,>=320,,,2,,32,,,16,,,,>=64,,,,,,,,,,,,,,,,
1438806.3,EKP,>=16,>=64,>=1,,4,,>=64,,,,>=32,4,>=64,,,,,,>=320,,,>=4,256,>=64,,,,,>=64,,,>=16,>=32,,>=8,,>=8,,,,,,,,,,
72407.572,EKP,>=16,>=64,>=8,>=16,<=0.5,>=128,>=64,,,>=32,>=32,>=16,4,,,,>=32,,>=320,,,2,,>=64,,,>=64,,,,>=64,,,,,,,,,,,,,,,,
573.5794,EKP,<=0.25,>=64,1,>=16,2,>=128,>=64,,,>=32,>=32,<=1,8,,,,8,>=16,,,,>=4,,>=64,,,>=64,,,,>=64,,,,,,,,,>=64,,,,,,,
573.42032,EKP,<=25,<=4,<=12,<=1,<=5,<=4/4,<=25,<=25,,,>=32,<=1,<=2,<=25,,,<=12,,=2/38,,<=1,<=25,=128,<=1,,,<=1,<=25/4,<=2,<=4,=2,<=25,=8/4,<=12/4,<=4,=4,<=12,<=25,,,,,,,,,
573.44063,EKP,<=25,<=4,<=12,<=1,<=5,<=4/4,<=25,<=25,,,>=32,<=1,<=2,<=25,,,<=12,,<=1/19,,<=1,<=25,=128,<=1,,,<=1,<=25/4,<=2,<=4,=2,<=25,=8/4,<=12/4,<=4,=4,<=12,<=25,,,,,,,,,
573.41092,EKP,<=25,<=4,<=12,<=1,<=5,<=4/4,<=25,<=25,,,>=32,<=1,<=2,<=25,,,<=12,,<=1/19,,<=1,<=25,=64,<=1,,,<=1,<=25/4,=4,<=4,=4,<=25,=8/4,<=12/4,<=4,=4,<=12,<=25,,,,,,,,,
573.41097,EKP,<=25,=16,=1,>=16,<=5,=64/4,>=64,>=8,,,>=32,>=16,>=64,>=64,,,>=32,,<=1/19,,=2,>=4,>=512,>=64,,,>=64,>=32/4,>=64,<=4,>=64,<=25,>=32/16,=5/4,>=64,>=32,>=8,>=8,,,,,,,,,
573.43102,EKP,>=16,>=64,>=8,>=16,=1,>=128/4,>=64,>=8,,,>=32,<=1,=16,>=64,,,>=32,,>=16/304,,=8,>=4,=256,>=64,,,>=64,>=32/4,>=64,>=64,>=64,>=16,>=32/16,>=16/4,>=64,>=32,>=8,>=8,,,,,,,,,
573.40412,EKP,>=16,>=64,>=8,>=16,>=8,>=128/4,>=64,>=8,,,>=32,>=16,<=2,>=64,,,>=32,,>=16/304,,>=16,>=4,=256,>=64,,,>=64,>=32/4,>=64,>=64,>=64,=1,>=32/16,=1/4,>=64,>=32,>=8,>=8,,,,,,,,,
573.41981,EKP,<=25,<=4,<=12,>=16,=1,=16/4,>=64,>=8,,,>=32,<=1,<=2,>=64,,,>=32,,>=16/304,,>=16,=1,=64,=8,,,=16,<=25/4,>=64,<=4,>=64,<=25,>=32/16,<=12/4,>=64,=16,=1,=2,,,,,,,,,
573.40382,EKP,<=25,<=4,<=12,>=16,<=5,=16/4,>=64,>=8,,,>=32,>=16,<=2,>=64,,,>=32,,>=16/304,,>=16,=2,=128,=4,,,=16,<=25/4,>=64,<=4,>=64,<=25,>=32/16,<=12/4,>=64,=16,=1,=2,,,,,,,,,
573.44085,EKP,=1,=16,>=8,>=16,>=8,>=128/4,>=64,>=8,,,>=32,>=16,<=2,>=64,,,>=32,,>=16/304,,>=16,>=4,=128,>=64,,,>=64,>=32/4,>=64,<=4,>=64,=2,>=32/16,=5/4,>=64,>=32,>=8,>=8,,,,,,,,,
573.40396,EKP,>=16,>=64,>=8,>=16,>=8,>=128/4,>=64,>=8,,,>=32,<=1,>=64,>=64,,,>=32,,<=1/19,,>=16,>=4,=256,>=64,,,>=64,>=32/4,>=64,>=64,>=64,>=16,>=32/16,>=16/4,>=64,>=32,>=8,>=8,,,,,,,,,
72407.505,EKP,<=0.25,16,<=0.12,>=16,1,8,>=64,,,>=32,>=32,>=16,>=64,,,,>=32,,>=320,,,<=0.25,,>=64,,,>=64,,,,>=64,,,,,,,,,,,,,,,,
573.44125,EKP,<=25,<=4,<=12,<=1,=1,<=4/4,>=64,>=8,,,>=32,<=1,<=2,>=64,,,>=32,,>=16/304,,>=16,=1,=128,=16,,,=16,<=25/4,>=64,<=4,>=64,<=25,>=32/16,<=12/4,>=64,=16,=1,=2,,,,,,,,,
573.24287,EKP,<=0.25,<=4,<=1,>=16,,=8/4,,,,=16/8,>=32,>=16,=16,>=64,,,=8,,>=16/304,,<=1,=2,,=4,,,,,,,,,,,,,=4,,,,,,,,,,
573.41133,EKP,=8,>=64,>=8,=8,=4,>=128/4,>=64,>=8,,,>=32,>=16,=16,>=64,,,>=32,,>=16/304,,>=16,>=4,>=512,>=64,,,>=64,>=32/4,>=64,<=4,>=64,=2,>=32/16,=1/4,>=64,>=32,>=8,>=8,,,,,,,,,
573.41134,EKP,<=25,<=4,<=12,<=1,<=5,<=4/4,<=25,<=25,,,>=32,<=1,<=2,<=25,,,<=12,,<=1/19,,<=1,<=25,=64,<=1,,,<=1,<=25/4,<=2,<=4,=2,=1,=8/4,<=12/4,<=4,<=2,<=12,<=25,,,,,,,,,
573.40389,EKP,<=25,<=4,<=12,>=16,<=5,=16/4,>=64,>=8,,,>=32,>=16,<=2,>=64,,,>=32,,>=16/304,,>=16,=2,=128,=16,,,=16,<=25/4,>=64,<=4,>=64,<=25,>=32/16,<=12/4,>=64,=8,=1,=2,,,,,,,,,
573.40419,EKP,<=25,<=4,<=12,<=1,<=5,<=4/4,<=25,<=25,,,>=32,<=1,<=2,<=25,,,<=12,,<=1/19,,<=1,<=25,=64,<=1,,,<=1,<=25/4,<=2,<=4,=2,<=25,=8/4,<=12/4,<=4,=4,<=12,<=25,,,,,,,,,
573.5826,EKP,<=0.25,>=64,<=0.5,2,2,16,16,,,>=32,>=32,<=1,<=2,,,,<=1,>=16,,,,>=4,,16,,,8,,,,>=64,,,,,,,,,>=64,,,,,,,
573.42953,EKP,<=25,<=4,<=12,<=1,<=5,<=4/4,<=25,<=25,,,>=32,<=1,<=2,<=25,,,<=12,,>=16/304,,<=1,<=25,=128,<=1,,,<=1,<=25/4,<=2,<=4,=2,<=25,=8/4,=25/4,<=4,=4,<=12,<=25,,,,,,,,,
573.4042,EKP,<=25,>=64,,>=16,=1,=16/4,>=64,>=8,,,>=32,>=16,>=64,>=64,,,>=32,,>=16/304,,=8,>=4,=128,=16,,,>=64,=1/4,>=64,<=4,>=64,<=25,>=32/16,=25/4,>=64,>=32,>=8,>=8,,,,,,,,,
573.44097,EKP,=8,>=64,>=8,=8,=4,>=128/4,>=64,>=8,,,>=32,>=16,=16,>=64,,,>=32,,>=16/304,,>=16,>=4,>=512,>=64,,,>=64,>=32/4,>=64,<=4,>=64,=2,>=32/16,=1/4,>=64,>=32,>=8,>=8,,,,,,,,,
573.44106,EKP,>=16,>=64,>=8,>=16,>=8,>=128/4,>=64,>=8,,,>=32,>=16,<=2,>=64,,,>=32,,>=16/304,,>=16,>=4,=256,>=64,,,>=64,>=32/4,>=64,>=64,>=64,=1,>=32/16,=1/4,>=64,>=32,>=8,>=8,,,,,,,,,
573.40364,EKP,<=25,<=4,<=12,=2,=1,<=4/4,=32,>=8,,,>=32,>=16,<=2,=32,,,>=32,,<=1/19,,>=16,=2,=64,<=1,,,<=1,<=25/4,>=64,<=4,>=64,<=25,>=32/16,<=12/4,>=64,>=32,=4,>=8,,,,,,,,,
573.40374,EKP,>=16,>=64,=1,=8,<=5,>=128/4,>=64,>=8,,,>=32,=4,<=2,>=64,,,>=32,,>=16/304,,=2,<=25,=64,>=64,,,=16,>=32/4,>=64,<=4,>=64,>=16,>=32/16,>=16/4,>=64,=4,<=12,<=25,,,,,,,,,
573.41173,EKP,<=25,<=4,<=12,<=1,<=5,<=4/4,<=25,<=25,,,>=32,<=1,<=2,<=25,,,<=12,,=2/38,,<=1,<=25,=128,<=1,,,<=1,<=25/4,<=2,<=4,=2,<=25,=8/4,<=12/4,<=4,=4,<=12,<=25,,,,,,,,,
72407.521,EKP,>=16,>=64,>=8,>=16,1,>=128,>=64,,,>=32,>=32,>=16,>=64,,,,>=32,,>=320,,,>=4,,>=64,,,>=64,,,,>=64,,,,,,,,,,,,,,,,
573.41112,EKP,<=25,>=64,<=12,<=1,>=8,=16/4,<=25,=2,,,>=32,<=1,<=2,=1,,,<=12,,<=1/19,,>=16,<=25,=128,<=1,,,<=1,=1/4,>=64,<=4,>=64,<=25,>=32/16,=5/4,<=4,>=32,=1,=4,,,,,,,,,
573.41972,EKP,=1,=16,>=8,>=16,>=8,>=128/4,>=64,>=8,,,>=32,>=16,<=2,>=64,,,>=32,,>=16/304,,>=16,>=4,=128,>=64,,,>=64,>=32/4,>=64,<=4,>=64,=2,>=32/16,=5/4,>=64,>=32,>=8,>=8,,,,,,,,,
573.40416,EKP,>=16,>=64,>=8,>=16,>=8,>=128/4,>=64,>=8,,,>=32,>=16,>=64,>=64,,,>=32,,>=16/304,,>=16,>=4,>=512,>=64,,,>=64,>=32/4,>=64,=32,>=64,=2,>=32/16,=5/4,>=64,>=32,>=8,>=8,,,,,,,,,
573.44071,EKP,<=25,<=4,<=12,<=1,<=5,<=4/4,>=64,>=8,,,>=32,<=1,<=2,>=64,,,=2,,<=1/19,,<=1,<=25,<=16,=4,,,=4,<=25/4,>=64,<=4,>=64,<=25,=8/4,<=12/4,>=64,=4,<=12,<=25,,,,,,,,,
573.44079,EKP,<=25,<=4,<=12,>=16,<=5,=8/4,>=64,>=8,,,>=32,<=1,<=2,>=64,,,>=32,,>=16/304,,>=16,=1,=64,=16,,,=16,<=25/4,>=64,<=4,>=64,<=25,>=32/16,<=12/4,>=64,=8,=1,=2,,,,,,,,,
573.32137,EKP,<=0.25,<=4,<=0.12,,,,,,,,>=32,<=1,<=2,>=64,=4,,,,,,,=0.5,=64,=32,,,,,,,,,,,>=64,,,,,,,,=1,=64,,,
573.42098,EKP,<=25,<=4,<=12,>=16,=1,=32/4,=32,>=8,,,>=32,<=1,<=2,=32,,,=2,,>=16/304,,>=16,>=4,=64,>=64,,,>=64,=8/4,>=64,<=4,=16,<=25,>=32/16,=25/4,>=64,>=32,>=8,>=8,,,,,,,,,
573.41083,EKP,>=16,>=64,>=8,>=16,=1,>=128/4,>=64,>=8,,,>=32,<=1,>=64,>=64,,,>=32,,>=16/304,,=8,>=4,=256,>=64,,,>=64,>=32/4,>=64,>=64,>=64,>=16,>=32/16,=1/4,>=64,>=32,>=8,>=8,,,,,,,,,
573.41124,EKP,<=25,<=4,<=12,=4,=1,<=4/4,>=64,>=8,,,>=32,>=16,<=2,>=64,,,>=32,,>=16/304,,>=16,=5,=128,=4,,,=2,<=25/4,>=64,<=4,>=64,<=25,=16/8,<=12/4,>=64,=16,=1,=2,,,,,,,,,
573.42014,EKP,=2,<=4,<=12,<=1,<=5,>=128/4,=5,<=25,,,>=32,<=1,<=2,<=25,,,<=12,,<=1/19,,<=1,<=25,=64,<=1,,,<=1,<=25/4,<=2,<=4,<=1,=1,=8/4,<=12/4,<=4,=4,<=12,<=25,,,,,,,,,
573.42952,EKP,<=25,<=4,<=12,>=16,=1,=16/4,=16,>=8,,,>=32,>=16,=16,=32,,,=2,,>=16/304,,>=16,=1,=64,>=64,,,>=64,=8/4,>=64,<=4,>=64,=5,>=32/16,=5/4,>=64,=16,=1,=2,,,,,,,,,
573.40381,EKP,<=25,=32,<=12,<=1,>=8,>=128/4,<=25,=2,,,>=32,<=1,<=2,<=25,,,<=12,,<=1/19,,>=16,<=25,=128,<=1,,,<=1,=1/4,=32,<=4,=32,<=25,>=32/16,=5/4,=16,>=32,=1,=1,,,,,,,,,
573.44109,EKP,>=16,>=64,>=8,>=16,>=8,>=128/4,>=64,>=8,,,>=32,>=16,>=64,>=64,,,>=32,,>=16/304,,>=16,>=4,>=512,>=64,,,>=64,>=32/4,>=64,=32,>=64,=2,>=32/16,=5/4,>=64,>=32,>=8,>=8,,,,,,,,,
573.4194,EKP,>=16,>=64,>=8,>=16,=1,>=128/4,>=64,>=8,,,>=32,=2,=8,>=64,,,>=32,,<=1/19,,=4,>=4,>=512,>=64,,,>=64,>=32/4,>=64,=32,>=64,>=16,>=32/16,=5/4,>=64,>=32,>=8,>=8,,,,,,,,,
1438782.3,EKP,8,,>=8,,2,,>=64,,,,>=32,<=1,16,,,,,,>=320,,,>=4,256,,,,,,16,,,8,>=32,,>=64,,>=8,,,,,,,,,,
573.44104,EKP,>=16,=32,>=8,<=1,<=5,>=128/4,=32,>=8,,,>=32,>=16,<=2,>=64,,,>=32,,>=16/304,,=4,>=4,=128,>=64,,,>=64,>=32/4,>=64,<=4,>=64,>=16,>=32/16,=5/4,>=64,>=32,>=8,>=8,,,,,,,,,
573.44072,EKP,>=16,>=64,>=8,>=16,=4,>=128/4,>=64,>=8,,,>=32,>=16,<=2,>=64,,,>=32,,>=16/304,,=8,>=4,=256,>=64,,,>=64,>=32/4,>=64,=32,>=64,>=16,>=32/16,=1/4,>=64,>=32,>=8,>=8,,,,,,,,,
573.44055,EKP,>=16,>=64,>=8,>=16,=1,>=128/4,>=64,>=8,,,>=32,=2,=8,>=64,,,>=32,,<=1/19,,=4,>=4,>=512,>=64,,,>=64,>=32/4,>=64,=32,>=64,>=16,>=32/16,=5/4,>=64,>=32,>=8,>=8,,,,,,,,,
573.41085,EKP,<=25,<=4,<=12,<=1,<=5,<=4/4,<=25,<=25,,,>=32,<=1,<=2,<=25,,,<=12,,<=1/19,,<=1,<=25,=64,<=1,,,<=1,<=25/4,<=2,<=4,=2,<=25,=4/2,<=12/4,<=4,<=2,<=12,<=25,,,,,,,,,
573.44145,EKP,<=25,<=4,<=12,<=1,<=5,<=4/4,<=25,<=25,,,>=32,<=1,<=2,<=25,,,<=12,,=2/38,,<=1,<=25,=128,<=1,,,<=1,<=25/4,<=2,<=4,=2,<=25,=8/4,<=12/4,<=4,=4,<=12,<=25,,,,,,,,,
573.24295,EKP,<=0.25,=16,<=0.5,>=16,,=16/4,,,,=16/8,>=32,<=1,=8,>=64,,,=8,,<=1/19,,>=16,>=4,,=32,,,,,,,,,,,,,>=8,,,,,,,,,,
573.5712,EKP,<=0.25,<=4,<=0.5,8,<=0.5,8,>=64,,,16,>=32,>=16,<=2,,,,>=64,<=0.5,,,,<=0.25,,>=64,,,>=64,,,,>=64,,,,,,,,,>=64,,,,,,,
573.42962,EKP,<=25,<=4,<=12,>=16,=1,=16/4,>=64,>=8,,,>=32,<=1,=4,>=64,,,>=32,,>=16/304,,>=16,=2,=128,=4,,,=16,<=25/4,>=64,<=4,>=64,<=25,>=32/16,<=12/4,>=64,=16,=1,=2,,,,,,,,,
573.41148,EKP,<=25,<=4,<=12,<=1,<=5,<=4/4,<=25,<=25,,,>=32,<=1,<=2,<=25,,,<=12,,<=1/19,,<=1,<=25,=128,<=1,,,<=1,<=25/4,<=2,<=4,=2,=5,=8/4,<=12/4,<=4,=4,<=12,<=25,,,,,,,,,
573.41129,EKP,<=25,<=4,<=12,<=1,=1,>=128/4,<=25,<=25,,,>=32,<=1,<=2,<=25,,,<=12,,>=16/304,,=4,>=4,=256,<=1,,,<=1,=5/4,>=64,<=4,=16,<=25,>=32/16,=25/4,=16,>=32,=4,>=8,,,,,,,,,
573.5811,EKP,>=16,>=64,>=8,8,2,>=128,>=64,,,>=32,>=32,8,8,,,,>=64,>=16,,,,>=4,,>=64,,,>=64,,,,>=64,,,,,,,,,>=64,,,,,,,
573.32134,EKP,<=0.25,<=4,<=0.12,,,,,,,,>=32,<=1,<=2,>=64,=4,,,,,,,<=0.25,<=16,=8,,,,,,,,,,,>=64,,,,,,,,<=0.5,<=16,,,
573.41988,EKP,<=25,<=4,<=12,<=1,=1,>=128/4,<=25,<=25,,,>=32,<=1,<=2,<=25,,,<=12,,>=16/304,,=4,>=4,=256,<=1,,,<=1,=5/4,>=64,<=4,=16,<=25,>=32/16,=25/4,=16,>=32,=4,>=8,,,,,,,,,
72407.509,EKP,>=16,>=64,>=8,>=16,1,>=128,>=64,,,>=32,>=32,>=16,>=64,,,,>=32,,<=20,,,>=4,,>=64,,,>=64,,,,>=64,,,,,,,,,,,,,,,,
573.41959,EKP,<=25,=32,<=12,<=1,>=8,>=128/4,<=25,=2,,,>=32,<=1,<=2,<=25,,,<=12,,<=1/19,,>=16,<=25,=128,<=1,,,<=1,=1/4,=32,<=4,=32,<=25,>=32/16,=5/4,=16,>=32,=1,=1,,,,,,,,,
573.40438,EKP,<=25,=16,,>=16,<=5,=64/4,>=64,>=8,,,>=32,<=1,<=2,>=64,,,>=32,,=2/38,,<=1,<=25,=256,>=64,,,>=64,=16/4,>=64,<=4,>=64,<=25,>=32/16,=25/4,>=64,<=2,<=12,<=25,,,,,,,,,
573.4111,EKP,<=25,<=4,<=12,<=1,<=5,<=4/4,<=25,<=25,,,>=32,<=1,<=2,<=25,,,<=12,,<=1/19,,<=1,<=25,=64,<=1,,,<=1,<=25/4,<=2,<=4,=2,<=25,=8/4,<=12/4,<=4,=4,<=12,<=25,,,,,,,,,
573.41109,EKP,<=25,<=4,<=12,>=16,<=5,=16/4,>=64,>=8,,,>=32,>=16,<=2,>=64,,,>=32,,>=16/304,,>=16,=2,=128,=16,,,=16,<=25/4,>=64,<=4,>=64,<=25,>=32/16,<=12/4,>=64,=8,=1,=2,,,,,,,,,
573.42949,EKP,<=25,<=4,<=12,<=1,=1,<=4/4,>=64,>=8,,,>=32,<=1,<=2,>=64,,,>=32,,>=16/304,,>=16,=1,=128,=16,,,=16,<=25/4,>=64,<=4,>=64,<=25,>=32/16,<=12/4,>=64,=16,=1,=2,,,,,,,,,
573.44062,EKP,<=25,<=4,<=12,<=1,<=5,<=4/4,<=25,<=25,,,>=32,<=1,<=2,<=25,,,<=12,,<=1/19,,<=1,<=25,=64,<=1,,,<=1,<=25/4,=4,<=4,=4,<=25,=8/4,<=12/4,<=4,=4,<=12,<=25,,,,,,,,,
573.40423,EKP,<=25,<=4,<=12,<=1,<=5,<=4/4,<=25,<=25,,,>=32,<=1,<=2,<=25,,,<=12,,<=1/19,,<=1,<=25,=128,<=1,,,<=1,<=25/4,<=2,<=4,=2,=5,=8/4,<=12/4,<=4,=4,<=12,<=25,,,,,,,,,
573.4045,EKP,<=25,=16,<=12,=4,>=8,=16/4,=32,>=8,,,>=32,>=16,<=2,>=64,,,=8,,=8/152,,>=16,>=4,=256,<=1,,,=4,=1/4,>=64,<=4,>=64,<=25,>=32/16,=5/4,>=64,>=32,>=8,>=8,,,,,,,,,
573.41956,EKP,<=25,<=4,<=12,<=1,<=5,<=4/4,>=64,>=8,,,>=32,<=1,<=2,>=64,,,=2,,<=1/19,,<=1,<=25,<=16,=4,,,=4,<=25/4,>=64,<=4,>=64,<=25,=8/4,<=12/4,>=64,=4,<=12,<=25,,,,,,,,,
573.27349,EKP,=1,,,,,,,,,=1/1,=1,=1,=1,=1,=1,,,=1,,,,=1,=1,,,=1,=1,,,,,=1,,,,,,,,,,,,=1,=1,,
573.44054,EKP,<=25,<=4,<=12,<=1,<=5,<=4/4,<=25,<=25,,,>=32,<=1,<=2,<=25,,,<=12,,<=1/19,,<=1,<=25,=64,<=1,,,<=1,<=25/4,<=2,<=4,=2,<=25,=4/2,<=12/4,<=4,<=2,<=12,<=25,,,,,,,,,
1400171.3,EKP,<=0.25,<=4,<=0.25,,<=2,,<=1,,,,>=32,<=1,<=2,,,,,,<=20,,,<=0.25,64,<=1,,,,,<=1,,,<=1,8,,<=2,,<=0.12,,,,,,,,,,
573.5819,EKP,<=0.25,<=4,<=0.5,>=16,2,16,>=64,,,16,>=32,>=16,<=2,,,,>=64,<=0.5,,,,1,,16,,,>=64,,,,>=64,,,,,,,,,>=64,,,,,,,
573.42881,EKP,<=25,<=4,<=12,=2,=1,<=4/4,=32,>=8,,,>=32,>=16,<=2,=32,,,>=32,,<=1/19,,>=16,=2,=64,<=1,,,<=1,<=25/4,>=64,<=4,>=64,<=25,>=32/16,<=12/4,>=64,>=32,=4,>=8,,,,,,,,,
573.40427,EKP,<=25,<=4,<=12,<=1,<=5,=64/4,<=25,<=25,,,>=32,<=1,<=2,<=25,,,<=12,,<=1/19,,>=16,<=25,=128,<=1,,,<=1,<=25/4,=8,<=4,=2,<=25,>=32/16,<=12/4,<=4,=4,<=12,<=25,,,,,,,,,
573.40402,EKP,<=25,<=4,<=12,<=1,<=5,<=4/4,<=25,<=25,,,>=32,<=1,<=2,<=25,,,<=12,,<=1/19,,>=16,<=25,=64,<=1,,,<=1,<=25/4,=4,<=4,<=1,<=25,>=32/16,=25/4,<=4,<=2,<=12,<=25,,,,,,,,,
573.41985,EKP,>=16,>=64,>=8,>=16,=2,>=128/4,>=64,>=8,,,>=32,=8,>=64,>=64,,,>=32,,>=16/304,,=8,>=4,>=512,>=64,,,>=64,>=32/4,>=64,>=64,>=64,>=16,>=32/16,=8/4,>=64,>=32,>=8,>=8,,,,,,,,,
573.42958,EKP,>=16,>=64,>=8,=8,>=8,>=128/4,>=64,>=8,,,>=32,>=16,<=2,>=64,,,>=32,,>=16/304,,>=16,>=4,=256,=16,,,>=64,>=32/4,>=64,>=64,>=64,>=16,>=32/16,=1/4,>=64,>=32,>=8,>=8,,,,,,,,,
1438798.3,EKP,4,,>=8,,8,,>=64,,,,>=32,<=1,<=2,,,,,,>=320,,,>=4,,,,,,,>=64,,,2,>=32,,>=64,,>=8,,,,,,,,,,
573.18472,EKP,>=0.25,<=4,<=0.5,>=16,,=16/4,,,,>=32/16,>=32,<=1,<=2,>=64,,,=2,,<=16/304,,>=16,<=0.25,=128,=16,,,,,,,,,,,,,<=0.12,,,,,,,,,,
573.41935,EKP,>=16,>=64,>=8,>=16,=1,>=128/4,>=64,>=8,,,>=32,<=1,>=64,>=64,,,>=32,,>=16/304,,=8,>=4,=256,>=64,,,>=64,>=32/4,>=64,>=64,>=64,>=16,>=32/16,=1/4,>=64,>=32,>=8,>=8,,,,,,,,,
573.42923,EKP,>=16,>=64,>=8,>=16,=2,>=128/4,>=64,>=8,,,>=32,=8,>=64,>=64,,,>=32,,>=16/304,,=8,>=4,>=512,>=64,,,>=64,>=32/4,>=64,>=64,>=64,>=16,>=32/16,=8/4,>=64,>=32,>=8,>=8,,,,,,,,,
573.43104,EKP,>=16,>=64,>=8,>=16,=1,>=128/4,>=64,>=8,,,>=32,<=1,=16,>=64,,,>=32,,<=1/19,,>=16,>=4,=256,>=64,,,>=64,>=32/4,>=64,>=64,>=64,>=16,>=32/16,=1/4,>=64,>=32,>=8,>=8,,,,,,,,,
573.24264,EKP,=8,>=64,,>=16,,>=128/4,,,,>=32/16,>=32,>=16,=16,>=64,,,>=64,,>=16/304,,>=16,>=4,,>=64,,,,,,,,,,,>=64,,>=8,,,,,,,,,,
573.40439,EKP,<=25,<=4,<=12,<=1,=1,<=4/4,<=25,<=25,,,>=32,<=1,<=2,<=25,,,<=12,,>=16/304,,>=16,=1,=128,<=1,,,<=1,<=25/4,<=2,<=4,<=1,<=25,=4/2,<=12/4,<=4,=16,=1,=4,,,,,,,,,
573.40379,EKP,>=16,>=64,>=8,>=16,=4,>=128/4,>=64,>=8,,,>=32,>=16,<=2,>=64,,,>=32,,>=16/304,,=8,>=4,=256,>=64,,,>=64,>=32/4,>=64,=32,>=64,>=16,>=32/16,=1/4,>=64,>=32,>=8,>=8,,,,,,,,,
573.40436,EKP,<=25,<=4,<=12,<=1,<=5,<=4/4,<=25,<=25,,,>=32,<=1,<=2,<=25,,,<=12,,>=16/304,,<=1,<=25,=128,<=1,,,<=1,<=25/4,<=2,<=4,=2,<=25,=8/4,=25/4,<=4,=4,<=12,<=25,,,,,,,,,
573.42926,EKP,<=25,<=4,<=12,<=1,=1,=16/4,=32,>=8,,,>=32,<=1,<=2,=32,,,=8,,>=16/304,,>=16,=1,=128,<=1,,,=2,=1/4,>=64,<=4,>=64,<=25,>=32/16,=25/4,>=64,=16,=1,=2,,,,,,,,,
573.44111,EKP,<=25,<=4,<=12,=8,<=5,<=4/4,<=25,<=25,,,>=32,>=16,<=2,<=25,,,<=12,,<=1/19,,>=16,>=4,<=16,<=1,,,<=1,<=25/4,=16,<=4,<=1,<=25,<=2/1,<=12/4,=16,>=32,>=8,>=8,,,,,,,,,
573.42878,EKP,<=25,<=4,<=12,<=1,<=5,<=4/4,<=25,<=25,,,>=32,<=1,<=2,<=25,,,<=12,,<=1/19,,<=1,<=25,=64,<=1,,,<=1,<=25/4,=4,<=4,=4,<=25,=8/4,=25/4,<=4,=4,<=12,<=25,,,,,,,,,
573.40408,EKP,<=25,<=4,<=12,<=1,=1,=16/4,=32,>=8,,,>=32,<=1,<=2,=32,,,=8,,>=16/304,,>=16,=1,=128,<=1,,,=2,=1/4,>=64,<=4,>=64,<=25,>=32/16,=25/4,>=64,=16,=1,=2,,,,,,,,,
573.44092,EKP,>=16,>=64,>=8,>=16,<=5,>=128/4,>=64,>=8,,,>=32,>=16,=16,>=64,,,>=32,,>=16/304,,=2,=2,=128,>=64,,,>=64,>=32/4,>=64,<=4,>=64,=8,>=32/16,=4/4,>=64,=16,=1,=2,,,,,,,,,
573.44087,EKP,<=25,<=4,<=12,=8,<=5,<=4/4,>=64,>=8,,,>=32,>=16,<=2,>=64,,,>=32,,>=16/304,,>=16,<=25,=128,=16,,,=16,<=25/4,>=64,<=4,>=64,<=25,>=32/16,=25/4,>=64,=16,=1,=4,,,,,,,,,
573.24283,EKP,<=0.25,=32,<=0.5,<=1,,>=128/4,,,,=16/8,>=32,<=1,<=2,=16,,,=2,,<=1/19,,=8,>=4,=128,>=64,,,,,,,,,,,>=64,,>=8,,,,,,,,,,
573.40384,EKP,<=25,<=4,<=12,=8,=1,=64/4,>=64,>=8,,,>=32,<=1,<=2,>=64,,,>=32,,>=16/304,,>=16,<=25,=64,=16,,,>=64,=4/4,>=64,<=4,>=64,<=25,>=32/16,<=12/4,>=64,=4,<=12,<=25,,,,,,,,,
573.42913,EKP,<=25,<=4,<=12,>=16,<=5,>=128/4,>=64,>=8,,,>=32,>=16,=16,>=64,,,>=32,,>=16/304,,=2,>=4,=128,>=64,,,>=64,>=32/4,>=64,<=4,>=64,<=25,>=32/16,=1/4,>=64,>=32,>=8,>=8,,,,,,,,,
72407.506,EKP,<=0.25,16,0.25,>=16,1,>=128,>=64,,,>=32,>=32,4,>=64,,,,>=32,,>=320,,,>=4,,>=64,,,>=64,,,,>=64,,,,,,,,,,,,,,,,
573.41158,EKP,<=25,<=4,<=12,<=1,=1,<=4/4,>=64,>=8,,,>=32,<=1,<=2,>=64,,,>=32,,>=16/304,,>=16,=1,=128,=16,,,=16,<=25/4,>=64,<=4,>=64,<=25,>=32/16,<=12/4,>=64,=16,=1,=2,,,,,,,,,
573.44089,EKP,<=25,<=4,<=12,>=16,<=5,>=128/4,>=64,>=8,,,>=32,>=16,=16,>=64,,,>=32,,>=16/304,,=2,>=4,=128,>=64,,,>=64,>=32/4,>=64,<=4,>=64,<=25,>=32/16,=1/4,>=64,>=32,>=8,>=8,,,,,,,,,
573.4201,EKP,<=25,<=4,<=12,=8,<=5,=32/4,>=64,>=8,,,>=32,<=1,<=2,>=64,,,>=32,,>=16/304,,=2,>=4,>=512,=16,,,>=64,=1/4,>=64,<=4,>=64,=5,>=32/16,=5/4,>=64,>=32,>=8,>=8,,,,,,,,,
573.40393,EKP,<=25,<=4,<=12,=8,<=5,<=4/4,>=64,>=8,,,>=32,>=16,<=2,>=64,,,>=32,,>=16/304,,>=16,<=25,=128,=16,,,=16,<=25/4,>=64,<=4,>=64,<=25,>=32/16,=25/4,>=64,=16,=1,=4,,,,,,,,,
573.42031,EKP,<=25,<=4,<=12,<=1,<=5,=8/4,<=25,<=25,,,<=2,<=1,<=2,<=25,,,<=12,,<=1/19,,<=1,<=25,=32,<=1,,,<=1,<=25/4,<=2,<=4,<=1,<=25,<=2/1,<=12/4,<=4,<=2,<=12,<=25,,,,,,,,,
1438807.3,EKP,<=0.25,16,<0.25,,4,,<=1,,,,>=32,<=1,<=2,,,,,,<=20,,,1,256,<=1,,,,,<=1,,,<=1,8,,4,,1,,,,,,,,,,
573.40372,EKP,<=25,<=4,<=12,<=1,=1,<=4/4,<=25,<=25,,,>=32,<=1,<=2,<=25,,,<=12,,>=16/304,,=4,=2,=256,<=1,,,<=1,=5/4,=8,<=4,=4,<=25,=8/4,=5/4,<=4,>=32,=4,>=8,,,,,,,,,
573.41958,EKP,<=25,<=4,<=12,>=16,<=5,=16/4,>=64,>=8,,,>=32,>=16,<=2,>=64,,,>=32,,>=16/304,,>=16,=2,=128,=16,,,=16,<=25/4,>=64,<=4,>=64,<=25,>=32/16,<=12/4,>=64,=16,=1,=2,,,,,,,,,
573.42876,EKP,<=25,<=4,<=12,<=1,<=5,<=4/4,<=25,<=25,,,>=32,<=1,<=2,<=25,,,<=12,,<=1/19,,<=1,<=25,=128,<=1,,,<=1,<=25/4,<=2,<=4,<=1,<=25,=8/4,<=12/4,<=4,=4,<=12,<=25,,,,,,,,,
1400178.3,EKP,>=16,>=64,>=1,,<=2,,>=64,,,,>=32,8,16,,,,,,>=320,,,>=4,256,>=64,,,,,16,,,,,,>=8,,>=8,,,,,,,,,,
72407.485,EKP,<=0.25,8,0.25,>=16,2,>=128,>=64,,,>=32,>=32,8,>=64,,,,>=32,,>=320,,,>=4,,>=64,,,>=64,,,,>=64,,,,,,,,,,,,,,,,
573.44056,EKP,<=25,<=4,<=12,=2,=1,<=4/4,=32,>=8,,,>=32,>=16,<=2,=32,,,>=32,,<=1/19,,>=16,=2,=64,<=1,,,<=1,<=25/4,>=64,<=4,>=64,<=25,>=32/16,<=12/4,>=64,>=32,=4,>=8,,,,,,,,,
573.40368,EKP,<=25,<=4,<=12,=8,=1,<=4/4,>=64,>=8,,,>=32,>=16,<=2,>=64,,,>=32,,>=16/304,,>=16,=1,=256,=8,,,=16,<=25/4,>=64,<=4,>=64,<=25,>=32/16,<=12/4,>=64,=16,=1,=2,,,,,,,,,
573.44114,EKP,<=25,<=4,<=12,>=16,<=5,=16/4,>=64,>=8,,,>=32,>=16,<=2,>=64,,,>=32,,>=16/304,,>=16,>=4,=128,>=64,,,>=64,=16/4,>=64,<=4,>=64,<=25,>=32/16,<=12/4,>=64,>=32,=4,>=8,,,,,,,,,
573.41984,EKP,<=25,<=4,<=12,<=1,<=5,<=4/4,<=25,<=25,,,>=32,<=1,<=2,<=25,,,<=12,,<=1/19,,>=16,<=25,=64,<=1,,,<=1,<=25/4,=4,<=4,<=1,<=25,>=32/16,=25/4,<=4,<=2,<=12,<=25,,,,,,,,,
573.44094,EKP,<=25,<=4,<=12,>=16,=1,=16/4,>=64,>=8,,,>=32,<=1,<=2,>=64,,,>=32,,>=16/304,,>=16,=1,=64,=8,,,=16,<=25/4,>=64,<=4,>=64,<=25,>=32/16,<=12/4,>=64,=16,=1,=2,,,,,,,,,
573.5677,EKP,<=0.25,<=4,<=0.5,4,4,16,>=64,,,16,>=32,>=16,<=2,,,,>=64,>=16,,,,>=4,,>=64,,,>=64,,,,>=64,,,,,,,,,>=64,,,,,,,
573.44091,EKP,<=25,<=4,<=12,<=1,<=5,<=4/4,<=25,<=25,,,>=32,<=1,<=2,<=25,,,<=12,,<=1/19,,<=1,<=25,=128,<=1,,,<=1,<=25/4,<=2,<=4,=2,<=25,=4/2,<=12/4,<=4,=4,<=12,<=25,,,,,,,,,
573.40362,EKP,<=25,<=4,<=12,<=1,<=5,<=4/4,<=25,<=25,,,>=32,<=1,<=2,<=25,,,<=12,,<=1/19,,<=1,<=25,=64,<=1,,,<=1,<=25/4,<=2,<=4,=2,<=25,=4/2,<=12/4,<=4,<=2,<=12,<=25,,,,,,,,,
573.41987,EKP,<=25,>=64,<=12,=8,=4,=64/4,>=64,>=8,,,>=32,>=16,<=2,>=64,,,>=32,,>=16/304,,>=16,>=4,=128,=16,,,>=64,=1/4,>=64,<=4,>=64,=1,>=32/16,=5/4,>=64,>=32,>=8,>=8,,,,,,,,,
573.41108,EKP,=8,>=64,>=8,>=16,>=8,>=128/4,>=64,>=8,,,>=32,<=1,<=2,>=64,,,>=32,,>=16/304,,>=16,>=4,=64,>=64,,,>=64,>=32/4,>=64,>=64,>=64,>=16,>=32/16,>=16/4,>=64,>=32,=4,>=8,,,,,,,,,
573.5813,EKP,<=0.25,<=4,<=0.5,8,1,8,>=64,,,8,>=32,>=16,<=2,,,,>=64,<=0.5,,,,1,,>=64,,,>=64,,,,>=64,,,,,,,,,>=64,,,,,,,
573.41131,EKP,<=25,>=64,<=12,=8,=4,=64/4,>=64,>=8,,,>=32,>=16,<=2,>=64,,,>=32,,>=16/304,,>=16,>=4,=128,=16,,,>=64,=1/4,>=64,<=4,>=64,=1,>=32/16,=5/4,>=64,>=32,>=8,>=8,,,,,,,,,
573.42004,EKP,<=25,<=4,<=12,<=1,<=5,>=128/4,<=25,<=25,,,>=32,<=1,<=2,<=25,,,<=12,,>=16/304,,>=16,<=25,=256,<=1,,,<=1,<=25/4,=8,<=4,=2,<=25,>=32/16,<=12/4,>=64,<=2,<=12,<=25,,,,,,,,,
1400173.3,EKP,<=0.25,<=4,<=0.25,,<=2,,<=1,,,,>=32,<=1,<=2,,,,,,<=20,,,<=0.25,<=16,<=1,,,,,<=1,,,<=1,4,,<=2,,<=0.12,,,,,,,,,,
573.41143,EKP,<=25,>=64,,>=16,=1,=16/4,>=64,>=8,,,>=32,>=16,>=64,>=64,,,>=32,,>=16/304,,=8,>=4,=128,=16,,,>=64,=1/4,>=64,<=4,>=64,<=25,>=32/16,=25/4,>=64,>=32,>=8,>=8,,,,,,,,,
72407.497,EKP,<=0.25,16,0.25,>=16,1,>=128,>=64,,,>=32,>=32,4,>=64,,,,>=32,,>=320,,,>=4,,>=64,,,>=64,,,,>=64,,,,,,,,,,,,,,,,
573.40425,EKP,<=25,<=4,<=12,<=1,<=5,=32/4,<=25,<=25,,,>=32,<=1,<=2,<=25,,,<=12,,>=16/304,,<=1,<=25,=64,<=1,,,<=1,<=25/4,=4,<=4,<=1,<=25,>=32/16,<=12/4,<=4,=4,<=12,<=25,,,,,,,,,
573.41169,EKP,<=25,<=4,<=12,>=16,<=5,=32/4,>=64,>=8,,,>=32,>=16,<=2,>=64,,,>=32,,>=16/304,,<=1,>=4,=128,>=64,,,>=64,>=32/4,>=64,<=4,>=64,<=25,>=32/16,<=12/4,>=64,=16,=1,=2,,,,,,,,,
573.41146,EKP,<=25,<=4,<=12,<=1,<=5,<=4/4,<=25,<=25,,,>=32,<=1,<=2,<=25,,,<=12,,<=1/19,,<=1,<=25,<=16,<=1,,,<=1,<=25/4,<=2,<=4,=2,<=25,=8/4,<=12/4,<=4,=4,<=12,<=25,,,,,,,,,
573.40429,EKP,<=25,<=4,<=12,<=1,<=5,=64/4,<=25,<=25,,,>=32,<=1,<=2,<=25,,,<=12,,<=1/19,,>=16,=1,=128,<=1,,,<=1,<=25/4,=8,<=4,=2,<=25,>=32/16,<=12/4,<=4,>=32,=1,=2,,,,,,,,,
573.40409,EKP,<=25,<=4,<=12,<=1,<=5,<=4/4,<=25,<=25,,,=8,<=1,<=2,<=25,,,<=12,,<=1/19,,<=1,<=25,=128,<=1,,,<=1,<=25/4,<=2,<=4,=2,<=25,<=2/1,<=12/4,<=4,<=2,<=12,<=25,,,,,,,,,
72407.481,EKP,<=0.25,16,0.25,>=16,2,>=128,>=64,,,>=32,>=32,4,8,,,,>=32,,>=320,,,>=4,,>=64,,,>=64,,,,>=64,,,,,,,,,,,,,,,,
573.41939,EKP,<=25,<=4,<=12,<=1,<=5,<=4/4,<=25,<=25,,,>=32,<=1,<=2,<=25,,,<=12,,<=1/19,,<=1,<=25,=64,<=1,,,<=1,<=25/4,<=2,<=4,=2,<=25,=4/2,<=12/4,<=4,<=2,<=12,<=25,,,,,,,,,
72407.571,EKP,<=0.25,16,0.25,>=16,2,32,>=64,,,>=32,>=32,4,>=64,,,,>=32,,>=320,,,>=4,,>=64,,,>=64,,,,>=64,,,,,,,,,,,,,,,,
573.44135,EKP,<=25,<=4,<=12,<=1,<=5,<=4/4,<=25,<=25,,,>=32,<=1,<=2,<=25,,,<=12,,=2/38,,>=16,<=25,=128,<=1,,,<=1,<=25/4,<=2,<=4,=2,<=25,=8/4,<=12/4,<=4,<=2,<=12,<=25,,,,,,,,,
573.41957,EKP,>=16,>=64,>=8,>=16,=4,>=128/4,>=64,>=8,,,>=32,>=16,<=2,>=64,,,>=32,,>=16/304,,=8,>=4,=256,>=64,,,>=64,>=32/4,>=64,=32,>=64,>=16,>=32/16,=1/4,>=64,>=32,>=8,>=8,,,,,,,,,
573.42902,EKP,<=25,<=4,<=12,=8,=1,=64/4,>=64,>=8,,,>=32,<=1,<=2,>=64,,,>=32,,>=16/304,,>=16,<=25,=64,=16,,,>=64,=4/4,>=64,<=4,>=64,<=25,>=32/16,<=12/4,>=64,=4,<=12,<=25,,,,,,,,,
72407.574,EKP,>=16,>=64,>=8,>=16,1,>=128,>=64,,,>=32,>=32,>=16,>=64,,,,>=32,,>=320,,,2,,>=64,,,>=64,,,,>=64,,,,,,,,,,,,,,,,
573.4196,EKP,<=25,<=4,<=12,>=16,<=5,=16/4,>=64,>=8,,,>=32,>=16,<=2,>=64,,,>=32,,>=16/304,,>=16,=2,=128,=4,,,=16,<=25/4,>=64,<=4,>=64,<=25,>=32/16,<=12/4,>=64,=16,=1,=2,,,,,,,,,
573.40377,EKP,<=25,=16,=1,>=16,<=5,=64/4,>=64,>=8,,,>=32,>=16,>=64,>=64,,,>=32,,<=1/19,,=2,>=4,>=512,>=64,,,>=64,>=32/4,>=64,<=4,>=64,<=25,>=32/16,=5/4,>=64,>=32,>=8,>=8,,,,,,,,,
573.42897,EKP,<=25,<=4,<=12,>=16,<=5,=16/4,>=64,>=8,,,>=32,>=16,<=2,>=64,,,>=32,,>=16/304,,>=16,=2,=128,=16,,,=16,<=25/4,>=64,<=4,>=64,<=25,>=32/16,<=12/4,>=64,=16,=1,=2,,,,,,,,,
72407.566,EKP,<=0.25,<=4,<=0.12,>=16,2,32,>=64,,,>=32,>=32,>=16,>=64,,,,>=32,,>=320,,,2,,>=64,,,>=64,,,,>=64,,,,,,,,,,,,,,,,
573.40447,EKP,<=25,>=64,<=12,=8,=1,>=128/4,=16,>=8,,,>=32,=8,<=2,=32,,,=1,,>=16/304,,=4,>=4,=256,>=64,,,=4,=16/4,>=64,>=64,>=64,<=25,>=32/16,=1/4,>=64,>=32,>=8,>=8,,,,,,,,,
72407.507,EKP,<=0.25,<=4,<=0.12,>=16,2,64,>=64,,,>=32,>=32,>=16,8,,,,>=32,,>=320,,,2,,>=64,,,>=64,,,,>=64,,,,,,,,,,,,,,,,
573.41174,EKP,<=25,=16,<=12,=4,>=8,=16/4,=32,>=8,,,>=32,>=16,<=2,>=64,,,=8,,=8/152,,>=16,>=4,=256,<=1,,,=4,=1/4,>=64,<=4,>=64,<=25,>=32/16,=5/4,>=64,>=32,>=8,>=8,,,,,,,,,
1400185.3,EKP,<=0.25,<=4,<=0.25,,<=2,,16,,,,>=32,>=16,16,,,,,,>=320,,,>=4,256,>=64,,,,,<=1,,,<=1,>=32,,>=8,,>=8,,,,,,,,,,
573.42907,EKP,>=16,=16,>=8,=8,=2,>=128/4,=32,>=8,,,>=32,>=16,<=2,>=64,,,>=32,,>=16/304,,>=16,>=4,=64,=16,,,>=64,>=32/4,>=64,=8,>=64,>=16,>=32/16,=5/4,>=64,>=32,>=8,>=8,,,,,,,,,
72407.556,EKP,<=0.25,<=4,<=0.12,>=16,1,32,>=64,,,>=32,>=32,>=16,4,,,,>=32,,>=320,,,2,,32,,,>=64,,,,>=64,,,,,,,,,,,,,,,,
573.27346,EKP,=1,,,,,,,,,=1/1,=1,=1,=1,=1,=1,,,=1,,,,=1,=1,,,=1,=1,,,,,=1,,,,,,,,,,,,=1,=1,,
1438794.3,EKP,>=16,,>=8,,2,,>=64,,,,>=32,<=1,>=64,,,,,,>=320,,,>=4,>=512,,,,,,>=64,,,>=16,>=32,,>=64,,>=8,,,,,,,,,,
573.4203,EKP,<=25,=16,<=12,=4,>=8,=16/4,=32,>=8,,,>=32,>=16,<=2,>=64,,,=8,,=8/152,,>=16,>=4,=256,<=1,,,=4,=1/4,>=64,<=4,>=64,<=25,>=32/16,=5/4,>=64,>=32,>=8,>=8,,,,,,,,,
573.44119,EKP,<=25,<=4,<=12,>=16,<=5,=32/4,>=64,>=8,,,>=32,>=16,<=2,=32,,,=4,,>=16/304,,=2,>=4,>=512,>=64,,,>=64,=8/4,>=64,<=4,>=64,<=25,>=32/16,=5/4,>=64,>=32,>=8,>=8,,,,,,,,,
573.15029,EKP,>=16,,>=8,,,,,,,,,4,>=64,,,,,,<=20,,,>=4,,,,,,,,,,>=16,,,,,,,,,,,,,,,
573.42026,EKP,<=25,=16,<=12,>=16,=1,>=128/4,>=64,>=8,,,>=32,>=16,>=64,>=64,,,>=32,,>=16/304,,>=16,>=4,=64,>=64,,,>=64,=16/4,>=64,<=4,>=64,=5,>=32/16,<=12/4,>=64,>=32,=4,>=8,,,,,,,,,
573.40446,EKP,<=25,=16,<=12,>=16,=1,>=128/4,>=64,>=8,,,>=32,>=16,>=64,>=64,,,>=32,,>=16/304,,>=16,>=4,=64,>=64,,,>=64,=16/4,>=64,<=4,>=64,=5,>=32/16,<=12/4,>=64,>=32,=4,>=8,,,,,,,,,
573.40403,EKP,=8,>=64,>=8,=8,=4,>=128/4,>=64,>=8,,,>=32,>=16,=16,>=64,,,>=32,,>=16/304,,>=16,>=4,>=512,>=64,,,>=64,>=32/4,>=64,<=4,>=64,=2,>=32/16,=1/4,>=64,>=32,>=8,>=8,,,,,,,,,
573.44086,EKP,<=25,<=4,<=12,<=1,<=5,<=4/4,>=64,>=8,,,>=32,<=1,<=2,>=64,,,>=32,,>=16/304,,<=1,=1,=256,=16,,,=16,<=25/4,>=64,<=4,>=64,<=25,>=32/16,=25/4,>=64,=16,=1,=2,,,,,,,,,
72407.547,EKP,<=0.25,<=4,<=0.12,<=1,1,<=4,>=64,,,>=32,>=32,<=1,<=2,,,,>=32,,>=320,,,<=0.25,,32,,,16,,,,>=64,,,,,,,,,,,,,,,,
573.40397,EKP,<=25,<=4,<=12,<=1,<=5,<=4/4,<=25,<=25,,,>=32,<=1,<=2,<=25,,,<=12,,<=1/19,,<=1,<=25,=128,<=1,,,<=1,<=25/4,<=2,<=4,=2,<=25,=4/2,<=12/4,<=4,=4,<=12,<=25,,,,,,,,,
573.24299,EKP,<=0.25,<=4,<=0.5,=8,,=32/4,,,,=16/8,>=32,>=16,<=2,>=64,,,<=1,,<=1/19,,<=1,<=0.25,,=16,,,,,,,,,,,,,<=0.12,,,,,,,,,,
573.44126,EKP,<=25,=8,<=12,<=1,=2,=8/4,<=25,<=25,,,>=32,<=1,<=2,<=25,,,<=12,,<=1/19,,=8,=1,>=512,<=1,,,<=1,=5/4,=8,<=4,=16,=5,=16/8,=5/4,<=4,>=32,=1,=2,,,,,,,,,
1438793.3,EKP,<=0.25,,<=0.5,,,,<=1,,,,>=32,<=1,<=2,,,,,,<=20,,,<=0.25,<=16,,,,,,<=1,,,<=0.25,8,,<=4,,<=0.12,,,,,,,,,,
72407.546,EKP,<=0.25,<=4,<=0.12,<=1,1,<=4,>=64,,,16,>=32,<=1,<=2,,,,>=32,,>=320,,,<=0.25,,32,,,16,,,,>=64,,,,,,,,,,,,,,,,
573.5724,EKP,<=0.25,<=4,<=0.5,4,1,<=4,<=1,,,4,>=32,>=16,<=2,,,,<=1,>=16,,,,0.5,,16,,,16,,,,4,,,,,,,,,>=64,,,,,,,
72407.576,EKP,>=16,>=64,>=8,>=16,<=0.5,>=128,>=64,,,>=32,>=32,>=16,>=64,,,,>=32,,>=320,,,2,,>=64,,,>=64,,,,>=64,,,,,,,,,,,,,,,,
573.28627,EKP,>=16,,>=8,,,,,,,,,<=1,<=2,,,,,,>=320,,,>=4,,,,,,,,,,>=16,,,,,,,,,,,,,,,
573.24279,EKP,<=0.25,<=4,<=0.5,<=1,,<=4/4,,,,=4/2,>=32,<=1,<=2,>=64,,,=2,,>=16/304,,>=16,=1,,=16,,,,,,,,,,,,,=1,,,,,,,,,,
573.41974,EKP,<=25,<=4,<=12,=8,<=5,<=4/4,>=64,>=8,,,>=32,>=16,<=2,>=64,,,>=32,,>=16/304,,>=16,<=25,=128,=16,,,=16,<=25/4,>=64,<=4,>=64,<=25,>=32/16,=25/4,>=64,=16,=1,=4,,,,,,,,,
72407.526,EKP,<=0.25,<=4,<=0.12,>=16,2,16,>=64,,,>=32,>=32,>=16,8,,,,>=32,,>=320,,,1,,32,,,16,,,,>=64,,,,,,,,,,,,,,,,
72407.484,EKP,<=0.25,16,0.25,>=16,1,>=128,>=64,,,>=32,>=32,>=16,>=64,,,,>=32,,>=320,,,>=4,,>=64,,,>=64,,,,>=64,,,,,,,,,,,,,,,,
573.41947,EKP,<=25,<=4,<=12,<=1,<=5,<=4/4,<=25,<=25,,,>=32,<=1,<=2,<=25,,,<=12,,<=1/19,,<=1,<=25,=128,<=1,,,<=1,<=25/4,<=2,<=4,=2,<=25,=8/4,<=12/4,<=4,=4,<=12,<=25,,,,,,,,,
573.44143,EKP,<=25,=16,<=12,=4,>=8,=16/4,=32,>=8,,,>=32,>=16,<=2,>=64,,,=8,,=8/152,,>=16,>=4,=256,<=1,,,=4,=1/4,>=64,<=4,>=64,<=25,>=32/16,=5/4,>=64,>=32,>=8,>=8,,,,,,,,,
573.27323,EKP,>=16,,>=8,,,,,,,,,4,>=64,,,,,,>=320,,,>=4,,,,,,,,,,>=16,,,,,,,,,,,,,,,
573.40387,EKP,<=25,<=4,<=12,<=1,<=5,<=4/4,<=25,<=25,,,>=32,<=1,<=2,<=25,,,<=12,,<=1/19,,<=1,<=25,=64,<=1,,,<=1,<=25/4,<=2,<=4,=2,<=25,=8/4,<=12/4,<=4,=4,<=12,<=25,,,,,,,,,
573.44128,EKP,<=25,<=4,<=12,>=16,=1,=16/4,=16,>=8,,,>=32,>=16,=16,=32,,,=2,,>=16/304,,>=16,=1,=64,>=64,,,>=64,=8/4,>=64,<=4,>=64,=5,>=32/16,=5/4,>=64,=16,=1,=2,,,,,,,,,
573.5711,EKP,<=0.25,<=4,<=0.5,2,1,<=4,2,,,4,>=32,>=16,<=2,,,,<=1,<=0.5,,,,<=0.25,,16,,,16,,,,4,,,,,,,,,>=64,,,,,,,
573.41172,EKP,<=25,<=4,<=12,>=16,=1,=16/4,>=64,>=8,,,>=32,<=1,=4,>=64,,,>=32,,>=16/304,,>=16,=2,=128,=4,,,=16,<=25/4,>=64,<=4,>=64,<=25,>=32/16,<=12/4,>=64,=16,=1,=2,,,,,,,,,
72407.589,EKP,<=0.25,32,<=0.12,>=16,1,32,>=64,,,>=32,>=32,>=16,>=64,,,,>=32,,>=320,,,<=0.25,,>=64,,,>=64,,,,>=64,,,,,,,,,,,,,,,,
573.41986,EKP,<=25,<=4,<=12,=8,>=8,=32/4,>=64,>=8,,,>=32,>=16,<=2,>=64,,,>=32,,>=16/304,,>=16,=2,<=16,=16,,,>=64,=1/4,>=64,<=4,>=64,<=25,>=32/16,=5/4,>=64,>=32,=1,=4,,,,,,,,,
573.41295,EKP,>=16,>=64,>=8,>=16,<=5,>=128/4,>=64,>=8,,,>=32,>=16,>=64,>=64,,,>=32,,>=16/304,,<=1,>=4,=128,>=64,,,>=64,>=32/4,>=64,>=64,>=64,>=16,>=32/16,>=16/4,>=64,>=32,>=8,>=8,,,,,,,,,
573.42028,EKP,<=25,<=4,<=12,>=16,=1,=32/4,>=64,>=8,,,>=32,>=16,<=2,>=64,,,>=32,,>=16/304,,>=16,=2,=128,=16,,,=32,=16/4,>=64,<=4,>=64,<=25,>=32/16,=5/4,>=64,=16,=1,=4,,,,,,,,,
573.14776,EKP,>=16,,>=8,,,,,,,,,<=1,<=2,,,,,,>=320,,,>=4,,,,,,,,,,>=16,,,,,,,,,,,,,,,
573.41154,EKP,<=25,<=4,<=12,=8,<=5,=32/4,>=64,>=8,,,>=32,<=1,<=2,>=64,,,>=32,,>=16/304,,=2,>=4,>=512,=16,,,>=64,=1/4,>=64,<=4,>=64,=5,>=32/16,=5/4,>=64,>=32,>=8,>=8,,,,,,,,,
72407.493,EKP,<=0.25,16,0.25,>=16,1,>=128,>=64,,,>=32,>=32,8,>=64,,,,>=32,,>=320,,,>=4,,>=64,,,>=64,,,,>=64,,,,,,,,,,,,,,,,
573.44137,EKP,<=25,<=4,<=12,>=16,<=5,=32/4,>=64,>=8,,,>=32,>=16,<=2,>=64,,,>=32,,>=16/304,,<=1,>=4,=128,>=64,,,>=64,>=32/4,>=64,<=4,>=64,<=25,>=32/16,<=12/4,>=64,=16,=1,=2,,,,,,,,,
573.5816,EKP,<=0.25,<=4,<=0.5,>=16,1,16,>=64,,,16,>=32,>=16,<=2,,,,>=64,<=0.5,,,,1,,16,,,>=64,,,,>=64,,,,,,,,,>=64,,,,,,,
573.41087,EKP,>=16,>=64,>=8,>=16,=1,>=128/4,>=64,>=8,,,>=32,=2,=8,>=64,,,>=32,,<=1/19,,=4,>=4,>=512,>=64,,,>=64,>=32/4,>=64,=32,>=64,>=16,>=32/16,=5/4,>=64,>=32,>=8,>=8,,,,,,,,,
573.42911,EKP,<=25,<=4,<=12,=8,<=5,<=4/4,>=64,>=8,,,>=32,>=16,<=2,>=64,,,>=32,,>=16/304,,>=16,<=25,=128,=16,,,=16,<=25/4,>=64,<=4,>=64,<=25,>=32/16,=25/4,>=64,=16,=1,=4,,,,,,,,,
573.41102,EKP,<=25,<=4,<=12,<=1,=1,<=4/4,>=64,>=8,,,>=32,<=1,<=2,>=64,,,=2,,>=16/304,,>=16,=5,=128,=4,,,=2,<=25/4,>=64,<=4,>=64,<=25,=8/4,<=12/4,>=64,=8,=1,=2,,,,,,,,,
573.24319,EKP,=2,,>4,,,>64/4,,,,,>16,<=4,>32,>32,,,,,>1/19,,,>2,>64,>16,,,>16,,,,>16,=4,>16/8,,,,>4,,,,,,,,,,
573.5827,EKP,<=0.25,<=4,<=0.5,4,2,<=4,2,,,4,>=32,>=16,<=2,,,,<=1,>=16,,,,0.5,,16,,,16,,,,4,,,,,,,,,>=64,,,,,,,
573.44103,EKP,<=25,<=4,<=12,<=1,<=5,<=4/4,<=25,<=25,,,=8,<=1,<=2,<=25,,,<=12,,<=1/19,,<=1,<=25,=128,<=1,,,<=1,<=25/4,<=2,<=4,=2,<=25,<=2/1,<=12/4,<=4,<=2,<=12,<=25,,,,,,,,,
72407.522,EKP,<=0.25,<=4,<=0.12,<=1,<=0.5,<=4,>=64,,,>=32,>=32,<=1,<=2,,,,>=32,,>=320,,,0.5,,32,,,16,,,,>=64,,,,,,,,,,,,,,,,
573.5705,EKP,<=0.25,16,<=0.5,8,>=8,32,>=64,,,>=32,>=32,<=1,<=2,,,,>=64,>=16,,,,>=4,,>=64,,,>=64,,,,>=64,,,,,,,,,>=64,,,,,,,
573.41128,EKP,<=25,<=4,<=12,<=1,=1,=16/4,=32,>=8,,,>=32,<=1,<=2,=32,,,=8,,>=16/304,,>=16,=1,=128,<=1,,,=2,=1/4,>=64,<=4,>=64,<=25,>=32/16,=25/4,>=64,=16,=1,=2,,,,,,,,,
72407.591,EKP,>=16,8,>=8,>=16,2,>=128,>=64,,,>=32,>=32,>=16,>=64,,,,>=32,,>=320,,,>=4,,>=64,,,>=64,,,,>=64,,,,,,,,,,,,,,,,
573.44141,EKP,<=25,<=4,<=12,>=16,=1,=32/4,>=64,>=8,,,>=32,>=16,<=2,>=64,,,>=32,,>=16/304,,>=16,=2,=128,=16,,,=32,=16/4,>=64,<=4,>=64,<=25,>=32/16,=5/4,>=64,=16,=1,=4,,,,,,,,,
573.5682,EKP,<=0.25,>=64,<=0.5,2,2,>=128,>=64,,,>=32,>=32,<=1,<=2,,,,2,>=16,,,,1,,>=64,,,>=64,,,,>=64,,,,,,,,,>=64,,,,,,,
1438803.3,EKP,<=0.25,<=4,<=0.25,,<=2,,<=1,,,,>=32,<=1,<=2,,,,,,<=20,,,<=0.25,32,<=1,,,,,<=1,,,<=1,8,,<=2,,<=0.12,,,,,,,,,,
573.40428,EKP,<=25,<=4,<=12,>=16,<=5,=32/4,>=64,>=8,,,>=32,>=16,<=2,>=64,,,>=32,,>=16/304,,>=16,=2,=128,=16,,,>=64,=16/4,>=64,<=4,>=64,<=25,>=32/16,=25/4,>=64,=16,=1,=2,,,,,,,,,
573.14789,EKP,>=16,,>=8,,,,,,,,,4,>=64,,,,,,>=320,,,>=4,,,,,,,,,,>=16,,,,,,,,,,,,,,,
573.40386,EKP,<=25,<=4,<=12,>=16,<=5,=8/4,>=64,>=8,,,>=32,<=1,<=2,>=64,,,>=32,,>=16/304,,>=16,=1,=64,=16,,,=16,<=25/4,>=64,<=4,>=64,<=25,>=32/16,<=12/4,>=64,=8,=1,=2,,,,,,,,,
573.41171,EKP,<=25,>=64,<=12,=8,=1,>=128/4,=16,>=8,,,>=32,=8,<=2,=32,,,=1,,>=16/304,,=4,>=4,=256,>=64,,,=4,=16/4,>=64,>=64,>=64,<=25,>=32/16,=1/4,>=64,>=32,>=8,>=8,,,,,,,,,
573.40385,EKP,=8,>=64,>=8,>=16,>=8,>=128/4,>=64,>=8,,,>=32,<=1,<=2,>=64,,,>=32,,>=16/304,,>=16,>=4,=64,>=64,,,>=64,>=32/4,>=64,>=64,>=64,>=16,>=32/16,>=16/4,>=64,>=32,=4,>=8,,,,,,,,,
573.41954,EKP,>=16,>=64,>=8,>=16,<=5,>=128/4,>=64,>=8,,,>=32,>=16,>=64,>=64,,,>=32,,>=16/304,,>=16,>=4,=128,>=64,,,>=64,>=32/4,>=64,>=64,>=64,>=16,>=32/16,>=16/4,>=64,>=32,>=8,>=8,,,,,,,,,
573.5817,EKP,<=0.25,<=4,<=0.5,8,2,>=128,>=64,,,>=32,>=32,<=1,<=2,,,,>=64,>=16,,,,>=4,,>=64,,,>=64,,,,>=64,,,,,,,,,>=64,,,,,,,
72407.579,EKP,>=16,>=64,>=8,>=16,<=0.5,>=128,>=64,,,>=32,>=32,>=16,>=64,,,,>=32,,>=320,,,2,,>=64,,,>=64,,,,>=64,,,,,,,,,,,,,,,,
573.42877,EKP,<=25,<=4,<=12,<=1,<=5,<=4/4,<=25,<=25,,,=16,<=1,<=2,<=25,,,<=12,,<=1/19,,<=1,<=25,=64,<=1,,,<=1,<=25/4,<=2,<=4,<=1,<=25,=4/2,<=12/4,<=4,=4,<=12,<=25,,,,,,,,,
573.24313,EKP,>=16,,>=8,,,,,,,,,<=1,>=64,,,,,,<=20,,,>=4,,,,,,,,,,>=16,,,,,,,,,,,,,,,
573.24291,EKP,>=16,>=64,,>=16,,>=128/4,,,,>=32/16,>=32,>=16,=16,>=64,,,>=64,,>=16/304,,>=16,>=4,,>=64,,,,,,,,,,,,,>=8,,,,,,,,,,
72407.569,EKP,>=16,>=64,>=8,>=16,1,>=128,>=64,,,>=32,>=32,>=16,>=64,,,,>=32,,>=320,,,2,,>=64,,,>=64,,,,>=64,,,,,,,,,,,,,,,,
573.42089,EKP,>=16,>=64,>=8,>=16,=1,>=128/4,>=64,>=8,,,>=32,<=1,=16,>=64,,,>=32,,>=16/304,,=8,>=4,=256,>=64,,,>=64,>=32/4,>=64,>=64,>=64,>=16,>=32/16,>=16/4,>=64,>=32,>=8,>=8,,,,,,,,,
1400177.3,EKP,<=0.25,<=4,<=0.25,,<=2,,<=1,,,,>=32,<=1,<=2,,,,,,<=20,,,<=0.25,64,<=1,,,,,<=1,,,<=1,<=2,,<=2,,<=0.12,,,,,,,,,,
573.42879,EKP,<=25,<=4,<=12,<=1,<=5,<=4/4,<=25,<=25,,,>=32,<=1,<=2,<=25,,,<=12,,<=1/19,,<=1,<=25,=64,<=1,,,<=1,<=25/4,<=2,<=4,=2,<=25,=4/2,<=12/4,<=4,<=2,<=12,<=25,,,,,,,,,
573.42956,EKP,<=25,<=4,<=12,<=1,=1,<=4/4,<=25,<=25,,,>=32,<=1,<=2,<=25,,,<=12,,>=16/304,,>=16,=1,=128,<=1,,,<=1,<=25/4,<=2,<=4,<=1,<=25,=4/2,<=12/4,<=4,=16,=1,=4,,,,,,,,,
72407.503,EKP,<=0.25,<=4,<=0.12,>=16,2,>=128,>=64,,,>=32,>=32,>=16,>=64,,,,>=32,,>=320,,,>=4,,>=64,,,>=64,,,,>=64,,,,,,,,,,,,,,,,
573.24289,EKP,=8,>=64,,>=16,,>=128/4,,,,=16/8,>=32,>=16,<=2,>=64,,,>=64,,>=16/304,,>=16,>=4,=256,>=64,,,,,,,,,,,>=64,,>=8,,,,,,,,,,
573.24244,EKP,=4,>=64,=4,<=1,,>=128/4,,,,=16/8,>=32,<=1,<=2,=16,,,=2,,>=16/304,,>=16,>=4,,>=64,,,,,,,,,,,>=64,,>=8,,,,,,,,,,
573.41157,EKP,<=25,=8,<=12,<=1,=2,=8/4,<=25,<=25,,,>=32,<=1,<=2,<=25,,,<=12,,<=1/19,,=8,=1,>=512,<=1,,,<=1,=5/4,=8,<=4,=16,=5,=16/8,=5/4,<=4,>=32,=1,=2,,,,,,,,,
573.41114,EKP,=1,=16,>=8,>=16,>=8,>=128/4,>=64,>=8,,,>=32,>=16,<=2,>=64,,,>=32,,>=16/304,,>=16,>=4,=128,>=64,,,>=64,>=32/4,>=64,<=4,>=64,=2,>=32/16,=5/4,>=64,>=32,>=8,>=8,,,,,,,,,
573.41106,EKP,>=16,>=64,>=8,>=16,=4,>=128/4,>=64,>=8,,,>=32,>=16,<=2,>=64,,,>=32,,>=16/304,,=8,>=4,=256,>=64,,,>=64,>=32/4,>=64,=32,>=64,>=16,>=32/16,=1/4,>=64,>=32,>=8,>=8,,,,,,,,,
72407.585,EKP,<=0.25,<=4,0.25,<=1,2,>=128,>=64,,,>=32,>=32,<=1,4,,,,>=32,,>=320,,,>=4,,>=64,,,>=64,,,,>=64,,,,,,,,,,,,,,,,
573.42908,EKP,<=25,<=4,<=12,>=16,=1,=16/4,>=64,>=8,,,>=32,<=1,=4,>=64,,,>=32,,>=16/304,,>=16,<=25,=128,=16,,,=16,<=25/4,>=64,<=4,>=64,<=25,>=32/16,=25/4,>=64,=4,<=12,<=25,,,,,,,,,
573.42942,EKP,<=25,<=4,<=12,<=1,<=5,=32/4,<=25,<=25,,,>=32,<=1,<=2,<=25,,,<=12,,>=16/304,,<=1,<=25,=64,<=1,,,<=1,<=25/4,=4,<=4,<=1,<=25,>=32/16,<=12/4,<=4,=4,<=12,<=25,,,,,,,,,
573.15223,EKP,>=16,,>=8,,,,,,,,,8,>=64,,,,,,<=20,,,>=4,,,,,,,,,,>=16,,,,,,,,,,,,,,,
573.42903,EKP,<=25,<=4,<=12,>=16,<=5,=8/4,>=64,>=8,,,>=32,<=1,<=2,>=64,,,>=32,,>=16/304,,>=16,=1,=64,=16,,,=16,<=25/4,>=64,<=4,>=64,<=25,>=32/16,<=12/4,>=64,=8,=1,=2,,,,,,,,,
72407.517,EKP,<=0.25,<=4,<=0.12,<=1,2,8,>=64,,,16,>=32,<=1,<=2,,,,>=32,,>=320,,,1,,32,,,>=64,,,,>=64,,,,,,,,,,,,,,,,
573.44619,EKP,>=16,>=64,>=8,>=16,<=5,>=128/4,>=64,>=8,,,>=32,>=16,>=64,>=64,,,>=32,,>=16/304,,<=1,>=4,=128,>=64,,,>=64,>=32/4,>=64,>=64,>=64,>=16,>=32/16,>=16/4,>=64,>=32,>=8,>=8,,,,,,,,,
573.40435,EKP,<=25,<=4,<=12,>=16,=1,=16/4,=16,>=8,,,>=32,>=16,=16,=32,,,=2,,>=16/304,,>=16,=1,=64,>=64,,,>=64,=8/4,>=64,<=4,>=64,=5,>=32/16,=5/4,>=64,=16,=1,=2,,,,,,,,,
573.41095,EKP,<=25,<=4,<=12,<=1,<=5,<=4/4,<=25,<=25,,,>=32,<=1,<=2,<=25,,,<=12,,<=1/19,,<=1,<=25,=256,<=1,,,<=1,<=25/4,<=2,<=4,<=1,=1,=4/2,<=12/4,<=4,=4,<=12,<=25,,,,,,,,,
72407.524,EKP,>=16,>=64,>=8,>=16,1,>=128,>=64,,,>=32,>=32,>=16,>=64,,,,>=32,,>=320,,,>=4,,>=64,,,>=64,,,,>=64,,,,,,,,,,,,,,,,
573.44098,EKP,<=25,>=64,<=12,=8,=4,=64/4,>=64,>=8,,,>=32,>=16,<=2,>=64,,,>=32,,>=16/304,,>=16,>=4,=128,=16,,,>=64,=1/4,>=64,<=4,>=64,=1,>=32/16,=5/4,>=64,>=32,>=8,>=8,,,,,,,,,
573.41144,EKP,<=25,<=4,<=12,=8,<=5,<=4/4,<=25,<=25,,,>=32,>=16,<=2,<=25,,,<=12,,<=1/19,,>=16,>=4,<=16,<=1,,,<=1,<=25/4,=16,<=4,<=1,<=25,<=2/1,<=12/4,=16,>=32,>=8,>=8,,,,,,,,,
1400184.3,EKP,<=0.25,<=4,<=0.25,,<=2,,16,,,,>=32,>=16,16,,,,,,>=320,,,>=4,256,>=64,,,,,<=1,,,<=1,>=32,,>=8,,>=8,,,,,,,,,,
573.24268,EKP,<=0.25,<=4,<=0.5,<=1,,=8/4,,,,=8/4,>=32,<=1,<=2,>=64,,,=8,,>=16/304,,<=1,=1,,>=64,,,,,,,,,,,>=64,,=1,,,,,,,,,,
573.41126,EKP,<=25,<=4,<=12,<=1,<=5,<=4/4,<=25,<=25,,,>=32,<=1,<=2,<=25,,,<=12,,<=1/19,,>=16,<=25,=64,<=1,,,<=1,<=25/4,=4,<=4,<=1,<=25,>=32/16,=25/4,<=4,<=2,<=12,<=25,,,,,,,,,
72407.543,EKP,<=0.25,<=4,0.25,>=16,2,>=128,>=64,,,>=32,>=32,8,>=64,,,,>=32,,>=320,,,>=4,,>=64,,,>=64,,,,>=64,,,,,,,,,,,,,,,,
573.41164,EKP,<=25,=16,,>=16,<=5,=64/4,>=64,>=8,,,>=32,<=1,<=2,>=64,,,>=32,,=2/38,,<=1,<=25,=256,>=64,,,>=64,=16/4,>=64,<=4,>=64,<=25,>=32/16,=25/4,>=64,<=2,<=12,<=25,,,,,,,,,
573.42909,EKP,=1,=16,>=8,>=16,>=8,>=128/4,>=64,>=8,,,>=32,>=16,<=2,>=64,,,>=32,,>=16/304,,>=16,>=4,=128,>=64,,,>=64,>=32/4,>=64,<=4,>=64,=2,>=32/16,=5/4,>=64,>=32,>=8,>=8,,,,,,,,,
573.14821,EKP,>=16,,>=8,,,,,,,,,4,>=64,,,,,,>=320,,,>=4,,,,,,,,,,>=16,,,,,,,,,,,,,,,
573.41094,EKP,<=25,<=4,<=12,=8,=1,<=4/4,>=64,>=8,,,>=32,>=16,<=2,>=64,,,>=32,,>=16/304,,>=16,=1,=256,=8,,,=16,<=25/4,>=64,<=4,>=64,<=25,>=32/16,<=12/4,>=64,=16,=1,=2,,,,,,,,,
1328377.3,EKP,>=16,,>=8,,4,,>=64,,,,>=32,>=16,>=64,,,,,,>=320,,,>=4,>=512,,,,,,8,,,2,,,>=64,,>=8,,,,,,,,,,
573.42029,EKP,<=25,<=4,<=12,<=1,<=5,=8/4,>=64,>=8,,,>=32,<=1,<=2,>=64,,,=2,,<=1/19,,<=1,=1,=128,<=1,,,=2,<=25/4,>=64,<=4,>=64,<=25,>=32/16,<=12/4,>=64,=16,=1,=4,,,,,,,,,
573.40404,EKP,<=25,>=64,<=12,=8,=4,=64/4,>=64,>=8,,,>=32,>=16,<=2,>=64,,,>=32,,>=16/304,,>=16,>=4,=128,=16,,,>=64,=1/4,>=64,<=4,>=64,=1,>=32/16,=5/4,>=64,>=32,>=8,>=8,,,,,,,,,
573.24293,EKP,<=0.25,<=4,<=0.5,=8,,=16/4,,,,=16/8,>=32,<=1,<=2,>=64,,,=2,,>=16/304,,>=16,>=4,=128,=16,,,,,,,,,,,>=64,,>=8,,,,,,,,,,
573.42015,EKP,<=25,<=4,<=12,>=16,=1,=16/4,=16,>=8,,,>=32,>=16,=16,=32,,,=2,,>=16/304,,>=16,=1,=64,>=64,,,>=64,=8/4,>=64,<=4,>=64,=5,>=32/16,=5/4,>=64,=16,=1,=2,,,,,,,,,
573.42917,EKP,>=16,>=64,>=8,>=16,=1,>=128/4,>=64,>=8,,,>=32,<=1,=16,>=64,,,>=32,,>=16/304,,>=16,>=4,=256,>=64,,,>=64,>=32/4,>=64,>=64,>=64,>=16,>=32/16,>=16/4,>=64,>=32,>=8,>=8,,,,,,,,,
573.5828,EKP,<=0.25,<=4,<=0.5,<=1,1,<=4,<=1,,,<=2,>=32,<=1,<=2,,,,<=1,<=0.5,,,,<=0.25,,<=1,,,<=1,,,,4,,,,,,,,,4,,,,,,,
573.44142,EKP,<=25,<=4,<=12,<=1,<=5,=8/4,>=64,>=8,,,>=32,<=1,<=2,>=64,,,=2,,<=1/19,,<=1,=1,=128,<=1,,,=2,<=25/4,>=64,<=4,>=64,<=25,>=32/16,<=12/4,>=64,=16,=1,=4,,,,,,,,,
573.44095,EKP,<=25,<=4,<=12,=4,=1,<=4/4,>=64,>=8,,,>=32,>=16,<=2,>=64,,,>=32,,>=16/304,,>=16,=5,=128,=4,,,=2,<=25/4,>=64,<=4,>=64,<=25,=16/8,<=12/4,>=64,=16,=1,=2,,,,,,,,,
72407.528,EKP,<=0.25,<=4,<=0.12,>=16,2,32,>=64,,,>=32,>=32,>=16,8,,,,>=32,,>=320,,,1,,>=64,,,32,,,,>=64,,,,,,,,,,,,,,,,
573.40366,EKP,<=25,<=4,<=12,<=1,<=5,=32/4,<=25,<=25,,,>=32,<=1,<=2,<=25,,,<=12,,<=1/19,,>=16,<=25,=128,<=1,,,<=1,<=25/4,=4,<=4,=2,<=25,>=32/16,<=12/4,<=4,=4,<=12,<=25,,,,,,,,,
573.41115,EKP,>=16,>=64,>=8,>=16,>=8,>=128/4,>=64,>=8,,,>=32,=8,<=2,>=64,,,>=32,,>=16/304,,>=16,>=4,>=512,>=64,,,>=64,>=32/4,>=64,>=64,>=64,>=16,>=32/16,>=16/4,>=64,>=32,>=8,>=8,,,,,,,,,
573.31032,EKP,<=0.25,<=4,<=0.12,,,,,,,,>=32,>=16,<=2,>=64,=4,,,,,,,=2,=64,=32,,,,,,,,,,,>=64,,,,,,,,<=0.5,<=16,,,
573.41941,EKP,<=25,<=4,<=12,=2,=1,<=4/4,=32,>=8,,,>=32,>=16,<=2,=32,,,>=32,,<=1/19,,>=16,=2,=64,<=1,,,<=1,<=25/4,>=64,<=4,>=64,<=25,>=32/16,<=12/4,>=64,>=32,=4,>=8,,,,,,,,,
573.40399,EKP,>=16,>=64,>=8,>=16,=1,>=128/4,>=64,>=8,,,>=32,<=1,=16,>=64,,,>=32,,>=16/304,,>=16,>=4,=256,>=64,,,>=64,>=32/4,>=64,>=64,>=64,>=16,>=32/16,>=16/4,>=64,>=32,>=8,>=8,,,,,,,,,
573.42021,EKP,>=16,>=64,>=8,=8,>=8,>=128/4,>=64,>=8,,,>=32,>=16,<=2,>=64,,,>=32,,>=16/304,,>=16,>=4,=256,=16,,,>=64,>=32/4,>=64,>=64,>=64,>=16,>=32/16,=1/4,>=64,>=32,>=8,>=8,,,,,,,,,
72407.577,EKP,<=0.25,32,<=0.12,>=16,1,64,>=64,,,>=32,>=32,>=16,>=64,,,,>=32,,>=320,,,1,,>=64,,,>=64,,,,>=64,,,,,,,,,,,,,,,,
573.41121,EKP,>=16,>=64,>=8,>=16,<=5,>=128/4,>=64,>=8,,,>=32,>=16,=16,>=64,,,>=32,,>=16/304,,=2,=2,=128,>=64,,,>=64,>=32/4,>=64,<=4,>=64,=8,>=32/16,=4/4,>=64,=16,=1,=2,,,,,,,,,
573.42947,EKP,<=25,<=4,<=12,=8,<=5,=32/4,>=64,>=8,,,>=32,<=1,<=2,>=64,,,>=32,,>=16/304,,=2,>=4,>=512,=16,,,>=64,=1/4,>=64,<=4,>=64,=5,>=32/16,=5/4,>=64,>=32,>=8,>=8,,,,,,,,,
573.40358,EKP,>=16,>=64,>=8,>=16,=1,>=128/4,>=64,>=8,,,>=32,<=1,>=64,>=64,,,>=32,,>=16/304,,=8,>=4,=256,>=64,,,>=64,>=32/4,>=64,>=64,>=64,>=16,>=32/16,=1/4,>=64,>=32,>=8,>=8,,,,,,,,,
573.24266,EKP,<=0.25,<=4,<=0.5,<=1,,<=4/4,,,,=4/2,>=32,<=1,<=2,>=64,,,=2,,<=1/19,,<=1,<=0.25,=64,=16,,,,,,,,,,,,,=1,,,,,,,,,,
573.42005,EKP,<=25,<=4,<=12,<=1,<=5,=32/4,<=25,<=25,,,>=32,<=1,<=2,<=25,,,<=12,,>=16/304,,<=1,<=25,=64,<=1,,,<=1,<=25/4,=4,<=4,<=1,<=25,>=32/16,<=12/4,<=4,=4,<=12,<=25,,,,,,,,,
72407.588,EKP,<=0.25,<=4,<=0.12,>=16,2,16,>=64,,,>=32,>=32,<=1,4,,,,>=32,,>=320,,,2,,32,,,>=64,,,,>=64,,,,,,,,,,,,,,,,
573.42964,EKP,<=25,>=64,<=12,=8,=1,>=128/4,=16,>=8,,,>=32,=8,<=2,=32,,,=1,,>=16/304,,=4,>=4,=256,>=64,,,=4,=16/4,>=64,>=64,>=64,<=25,>=32/16,=1/4,>=64,>=32,>=8,>=8,,,,,,,,,
573.41159,EKP,<=25,<=4,<=12,<=1,<=5,=8/4,>=64,>=8,,,>=32,<=1,<=2,>=64,,,=2,,<=1/19,,<=1,=1,=128,<=1,,,=2,<=25/4,>=64,<=4,>=64,<=25,>=32/16,<=12/4,>=64,=16,=1,=4,,,,,,,,,
573.27324,EKP,>=16,,>=8,,,,,,,,,<=1,>=64,,,,,,>=320,,,>=4,,,,,,,,,,>=16,,,,,,,,,,,,,,,
573.31029,EKP,<=0.25,<=4,<=0.5,,,,,,,,>=32,<=1,=4,>=64,,,,,,,,=2,=32,=16,,,,,,,,,,,,,,,,,,,,<=16,,,
573.40415,EKP,>=16,>=64,>=8,>=16,=2,>=128/4,>=64,>=8,,,>=32,>=16,=32,>=64,,,>=32,,>=16/304,,>=16,>=4,=256,>=64,,,>=64,>=32/4,>=64,>=64,>=64,>=16,>=32/16,>=16/4,>=64,>=32,>=8,>=8,,,,,,,,,
573.40395,EKP,<=25,<=4,<=12,>=16,<=5,>=128/4,>=64,>=8,,,>=32,>=16,=16,>=64,,,>=32,,>=16/304,,=2,>=4,=128,>=64,,,>=64,>=32/4,>=64,<=4,>=64,<=25,>=32/16,=1/4,>=64,>=32,>=8,>=8,,,,,,,,,
573.24306,EKP,>=16,>=64,,<=1,,>=128/4,,,,>=32/16,>=32,<=1,<=2,=16,,,=2,,>=16/304,,=4,=2,,>=64,,,,,,,,,,,,,=4,,,,,,,,,,
573.41082,EKP,<=25,<=4,<=12,<=1,<=5,<=4/4,<=25,<=25,,,>=32,<=1,<=2,<=25,,,<=12,,<=1/19,,<=1,<=25,=128,<=1,,,<=1,<=25/4,<=2,<=4,<=1,<=25,=8/4,<=12/4,<=4,=4,<=12,<=25,,,,,,,,,
573.42899,EKP,<=25,<=4,<=12,>=16,<=5,=16/4,>=64,>=8,,,>=32,>=16,<=2,>=64,,,>=32,,>=16/304,,>=16,=2,=128,=4,,,=16,<=25/4,>=64,<=4,>=64,<=25,>=32/16,<=12/4,>=64,=16,=1,=2,,,,,,,,,
573.42929,EKP,<=25,<=4,<=12,>=16,<=5,=8/4,=16,>=8,,,>=32,>=16,=16,=32,,,=1,,>=16/304,,=2,=5,=64,>=64,,,>=64,<=25/4,>=64,<=4,=16,<=25,=16/8,=25/4,>=64,=16,=1,=2,,,,,,,,,
573.42898,EKP,<=25,=32,<=12,<=1,>=8,>=128/4,<=25,=2,,,>=32,<=1,<=2,<=25,,,<=12,,<=1/19,,>=16,<=25,=128,<=1,,,<=1,=1/4,=32,<=4,=32,<=25,>=32/16,=5/4,=16,>=32,=1,=1,,,,,,,,,
1328363.3,EKP,<=0.25,,<=0.5,,,,<=1,,,,>=32,<=1,<=2,,,,,,<=20,,,<=0.25,128,,,,,,<=1,,,<=1,,,<=4,,<=0.12,,,,,,,,,,
573.41167,EKP,<=25,<=4,<=12,<=1,<=5,<=4/4,<=25,<=25,,,>=32,<=1,<=2,<=25,,,<=12,,=2/38,,>=16,<=25,=128,<=1,,,<=1,<=25/4,<=2,<=4,=2,<=25,=8/4,<=12/4,<=4,<=2,<=12,<=25,,,,,,,,,
72407.532,EKP,<=0.25,16,0.25,>=16,2,>=128,>=64,,,>=32,>=32,>=16,>=64,,,,>=32,,>=320,,,>=4,,>=64,,,>=64,,,,>=64,,,,,,,,,,,,,,,,
573.41946,EKP,<=25,<=4,<=12,<=1,<=5,<=4/4,<=25,<=25,,,>=32,<=1,<=2,<=25,,,<=12,,<=1/19,,<=1,<=25,=64,<=1,,,<=1,<=25/4,=4,<=4,=4,<=25,=8/4,<=12/4,<=4,=4,<=12,<=25,,,,,,,,,
573.44074,EKP,<=25,<=4,<=12,>=16,<=5,=16/4,>=64,>=8,,,>=32,>=16,<=2,>=64,,,>=32,,>=16/304,,>=16,=2,=128,=4,,,=16,<=25/4,>=64,<=4,>=64,<=25,>=32/16,<=12/4,>=64,=16,=1,=2,,,,,,,,,
573.5697,EKP,<=0.25,<=4,<=0.5,>=16,2,>=128,>=64,,,>=32,>=32,>=16,32,,,,>=64,>=16,,,,1,,>=64,,,>=64,,,,>=64,,,,,,,,,>=64,,,,,,,
72407.534,EKP,<=0.25,<=4,<=0.12,>=16,2,>=128,>=64,,,>=32,>=32,>=16,8,,,,>=32,,>=320,,,>=4,,>=64,,,>=64,,,,>=64,,,,,,,,,,,,,,,,
573.41156,EKP,=2,<=4,<=12,<=1,<=5,>=128/4,=5,<=25,,,>=32,<=1,<=2,<=25,,,<=12,,<=1/19,,<=1,<=25,=64,<=1,,,<=1,<=25/4,<=2,<=4,<=1,=1,=8/4,<=12/4,<=4,=4,<=12,<=25,,,,,,,,,
573.41955,EKP,<=25,=16,=1,>=16,<=5,=64/4,>=64,>=8,,,>=32,>=16,>=64,>=64,,,>=32,,<=1/19,,=2,>=4,>=512,>=64,,,>=64,>=32/4,>=64,<=4,>=64,<=25,>=32/16,=5/4,>=64,>=32,>=8,>=8,,,,,,,,,
573.41976,EKP,<=25,<=4,<=12,>=16,<=5,>=128/4,>=64,>=8,,,>=32,>=16,=16,>=64,,,>=32,,>=16/304,,=2,>=4,=128,>=64,,,>=64,>=32/4,>=64,<=4,>=64,<=25,>=32/16,=1/4,>=64,>=32,>=8,>=8,,,,,,,,,
72407.491,EKP,>=16,>=64,>=8,>=16,1,>=128,>=64,,,>=32,>=32,>=16,>=64,,,,>=32,,>=320,,,>=4,,>=64,,,>=64,,,,>=64,,,,,,,,,,,,,,,,
1328367.3,EKP,>=16,,>=8,,,,>=64,,,,>=32,>=16,>=64,,,,,,40,,,>=4,>=512,,,,,,2,,,8,,,>=64,,>=8,,,,,,,,,,
573.42006,EKP,<=25,<=4,<=12,>=16,<=5,=32/4,>=64,>=8,,,>=32,>=16,<=2,=32,,,=4,,>=16/304,,=2,>=4,>=512,>=64,,,>=64,=8/4,>=64,<=4,>=64,<=25,>=32/16,=5/4,>=64,>=32,>=8,>=8,,,,,,,,,
573.42893,EKP,>=16,>=64,>=8,>=16,<=5,>=128/4,>=64,>=8,,,>=32,>=16,>=64,>=64,,,>=32,,>=16/304,,>=16,>=4,=128,>=64,,,>=64,>=32/4,>=64,>=64,>=64,>=16,>=32/16,>=16/4,>=64,>=32,>=8,>=8,,,,,,,,,
573.41942,EKP,<=25,<=4,<=12,>=16,=1,=16/4,>=64,>=8,,,>=32,<=1,<=2,>=64,,,>=32,,>=16/304,,>=16,<=25,=128,=16,,,=32,<=25/4,>=64,<=4,>=64,<=25,>=32/16,<=12/4,>=64,=4,<=12,<=25,,,,,,,,,
1328368.3,EKP,<=0.25,,<=0.5,,,,<=1,,,,>=32,<=1,<=2,,,,,,<=20,,,<=0.25,64,,,,,,<=1,,,<=1,,,<=4,,<=0.12,,,,,,,,,,
573.42937,EKP,<=25,>=64,,>=16,=1,=16/4,>=64,>=8,,,>=32,>=16,>=64,>=64,,,>=32,,>=16/304,,=8,>=4,=128,=16,,,>=64,=1/4,>=64,<=4,>=64,<=25,>=32/16,=25/4,>=64,>=32,>=8,>=8,,,,,,,,,
573.44118,EKP,<=25,<=4,<=12,<=1,<=5,=32/4,<=25,<=25,,,>=32,<=1,<=2,<=25,,,<=12,,>=16/304,,<=1,<=25,=64,<=1,,,<=1,<=25/4,=4,<=4,<=1,<=25,>=32/16,<=12/4,<=4,=4,<=12,<=25,,,,,,,,,
573.5808,EKP,<=0.25,<=4,<=0.5,8,2,>=128,>=64,,,>=32,>=32,>=16,<=2,,,,>=64,>=16,,,,>=4,,>=64,,,>=64,,,,>=64,,,,,,,,,>=64,,,,,,,
573.14819,EKP,>=16,,>=8,,,,,,,,,4,>=64,,,,,,>=320,,,>=4,,,,,,,,,,>=16,,,,,,,,,,,,,,,
573.24032,EKP,>=16,,>=8,,,,,,,,,2,>=64,,,,,,>=320,,,>=4,,,,,,,,,,>=16,,,,,,,,,,,,,,,
72407.535,EKP,<=0.25,<=4,<=0.12,<=1,2,8,>=64,,,16,>=32,<=1,<=2,,,,>=32,,>=320,,,1,,32,,,16,,,,>=64,,,,,,,,,,,,,,,,
573.40422,EKP,<=25,<=4,<=12,<=1,<=5,<=4/4,<=25,<=25,,,>=32,<=1,<=2,<=25,,,<=12,,<=1/19,,<=1,<=25,<=16,<=1,,,<=1,<=25/4,<=2,<=4,=2,<=25,=8/4,<=12/4,<=4,=4,<=12,<=25,,,,,,,,,
1438788.3,EKP,8,,>=8,,4,,>=64,,,,>=32,>=16,<=2,,,,,,>=30,,,>=4,,,,,,,>=64,,,2,>=32,,>=64,,>=8,,,,,,,,,,
573.24282,EKP,<=0.25,<=4,<=0.5,>=16,,=16/4,,,,>=32/16,>=32,>=16,=4,>=64,,,=8,,>=16/304,,>=16,=2,=64,=16,,,,,,,,,,,>=64,,=1,,,,,,,,,,
1328370.3,EKP,<=0.25,,<=0.5,,,,<=1,,,,<=2,<=1,<=2,,,,,,<=20,,,<=0.25,64,,,,,,<=1,,,<=1,,,<=4,,<=0.12,,,,,,,,,,
573.5796,EKP,<=0.25,16,<=0.5,<=1,2,>=128,16,,,>=32,>=32,<=1,<=2,,,,<=1,>=16,,,,>=4,,>=64,,,16,,,,>=64,,,,,,,,,>=64,,,,,,,
573.42935,EKP,<=25,<=4,<=12,=8,<=5,<=4/4,<=25,<=25,,,>=32,>=16,<=2,<=25,,,<=12,,<=1/19,,>=16,>=4,<=16,<=1,,,<=1,<=25/4,=16,<=4,<=1,<=25,<=2/1,<=12/4,=16,>=32,>=8,>=8,,,,,,,,,
573.41116,EKP,<=25,<=4,<=12,<=1,<=5,<=4/4,>=64,>=8,,,>=32,<=1,<=2,>=64,,,>=32,,>=16/304,,<=1,=1,=256,=16,,,=16,<=25/4,>=64,<=4,>=64,<=25,>=32/16,=25/4,>=64,=16,=1,=2,,,,,,,,,
573.40434,EKP,=2,<=4,<=12,<=1,<=5,>=128/4,=5,<=25,,,>=32,<=1,<=2,<=25,,,<=12,,<=1/19,,<=1,<=25,=64,<=1,,,<=1,<=25/4,<=2,<=4,<=1,=1,=8/4,<=12/4,<=4,=4,<=12,<=25,,,,,,,,,
573.41125,EKP,>=16,>=64,>=8,>=16,=1,>=128/4,>=64,>=8,,,>=32,<=1,=16,>=64,,,>=32,,>=16/304,,>=16,>=4,=256,>=64,,,>=64,>=32/4,>=64,>=64,>=64,>=16,>=32/16,>=16/4,>=64,>=32,>=8,>=8,,,,,,,,,
573.42927,EKP,>=16,=32,>=8,<=1,<=5,>=128/4,=32,>=8,,,>=32,>=16,<=2,>=64,,,>=32,,>=16/304,,=4,>=4,=128,>=64,,,>=64,>=32/4,>=64,<=4,>=64,>=16,>=32/16,=5/4,>=64,>=32,>=8,>=8,,,,,,,,,
573.5672,EKP,<=0.25,8,<=0.5,>=16,2,>=128,>=64,,,>=32,>=32,>=16,4,,,,>=64,>=16,,,,>=4,,>=64,,,>=64,,,,>=64,,,,,,,,,>=64,,,,,,,
72407.494,EKP,<=0.25,16,0.25,>=16,1,>=128,>=64,,,>=32,>=32,>=16,>=64,,,,>=32,,>=320,,,>=4,,>=64,,,>=64,,,,>=64,,,,,,,,,,,,,,,,
573.41142,EKP,<=25,<=4,<=12,<=1,<=5,<=4/4,<=25,<=25,,,>=32,<=1,<=2,<=25,,,<=12,,<=1/19,,<=1,<=25,=64,<=1,,,<=1,<=25/4,<=2,<=4,=2,<=25,=8/4,<=12/4,<=4,=4,<=12,<=25,,,,,,,,,
573.40426,EKP,<=25,<=4,<=12,>=16,<=5,=32/4,>=64,>=8,,,>=32,>=16,<=2,=32,,,=4,,>=16/304,,=2,>=4,>=512,>=64,,,>=64,=8/4,>=64,<=4,>=64,<=25,>=32/16,=5/4,>=64,>=32,>=8,>=8,,,,,,,,,
573.4195,EKP,<=25,<=4,<=12,<=1,<=5,<=4/4,<=25,<=25,,,>=32,<=1,<=2,<=25,,,<=12,,<=1/19,,<=1,<=25,=256,<=1,,,<=1,<=25/4,<=2,<=4,<=1,=1,=4/2,<=12/4,<=4,=4,<=12,<=25,,,,,,,,,
573.41091,EKP,<=25,<=4,<=12,<=1,<=5,<=4/4,<=25,<=25,,,>=32,<=1,<=2,<=25,,,<=12,,<=1/19,,<=1,<=25,=128,<=1,,,<=1,<=25/4,<=2,<=4,=2,<=25,=8/4,<=12/4,<=4,=4,<=12,<=25,,,,,,,,,
573.41162,EKP,<=25,<=4,<=12,<=1,=1,<=4/4,<=25,<=25,,,>=32,<=1,<=2,<=25,,,<=12,,>=16/304,,>=16,<=25,=64,<=1,,,<=1,<=25/4,=4,<=4,=4,=5,>=32/16,<=12/4,<=4,=16,=1,=2,,,,,,,,,
573.4197,EKP,<=25,<=4,<=12,>=16,=1,=16/4,>=64,>=8,,,>=32,<=1,=4,>=64,,,>=32,,>=16/304,,>=16,<=25,=128,=16,,,=16,<=25/4,>=64,<=4,>=64,<=25,>=32/16,=25/4,>=64,=4,<=12,<=25,,,,,,,,,
1438790.3,EKP,>=16,,>=8,,2,,>=64,,,,>=32,2,>=64,,,,,,>=320,,,>=4,,,,,,,8,,,>=16,>=32,,>=64,,>=8,,,,,,,,,,
573.42931,EKP,<=25,<=4,<=12,<=1,<=5,<=4/4,<=25,<=25,,,>=32,<=1,<=2,<=25,,,<=12,,<=1/19,,<=1,<=25,=64,<=1,,,<=1,<=25/4,<=2,<=4,=2,=1,=8/4,<=12/4,<=4,<=2,<=12,<=25,,,,,,,,,
573.42914,EKP,>=16,>=64,>=8,>=16,>=8,>=128/4,>=64,>=8,,,>=32,<=1,>=64,>=64,,,>=32,,<=1/19,,>=16,>=4,=256,>=64,,,>=64,>=32/4,>=64,>=64,>=64,>=16,>=32/16,>=16/4,>=64,>=32,>=8,>=8,,,,,,,,,
573.42946,EKP,<=25,<=4,<=12,<=1,<=5,=64/4,<=25,<=25,,,>=32,<=1,<=2,<=25,,,<=12,,<=1/19,,>=16,=1,=128,<=1,,,<=1,<=25/4,=8,<=4,=2,<=25,>=32/16,<=12/4,<=4,>=32,=1,=2,,,,,,,,,
573.42912,EKP,>=16,>=64,>=8,>=16,>=8,>=128/4,>=64,>=8,,,>=32,=8,<=2,>=64,,,>=32,,>=16/304,,>=16,>=4,>=512,>=64,,,>=64,>=32/4,>=64,>=64,>=64,>=16,>=32/16,>=16/4,>=64,>=32,>=8,>=8,,,,,,,,,
573.40383,EKP,<=25,<=4,<=12,<=1,=1,<=4/4,>=64,>=8,,,>=32,<=1,<=2,>=64,,,=2,,>=16/304,,>=16,=5,=128,=4,,,=2,<=25/4,>=64,<=4,>=64,<=25,=8/4,<=12/4,>=64,=8,=1,=2,,,,,,,,,
573.4116,EKP,<=25,<=4,<=12,<=1,<=5,<=4/4,<=25,<=25,,,>=32,<=1,<=2,<=25,,,<=12,,>=16/304,,<=1,<=25,=128,<=1,,,<=1,<=25/4,<=2,<=4,=2,<=25,=8/4,=25/4,<=4,=4,<=12,<=25,,,,,,,,,
72407.516,EKP,<=0.25,<=4,<=0.12,>=16,2,16,>=64,,,>=32,>=32,>=16,8,,,,>=32,,>=320,,,1,,32,,,16,,,,>=64,,,,,,,,,,,,,,,,
573.42969,EKP,<=25,<=4,<=12,<=1,<=5,<=4/4,<=25,<=25,,,>=32,<=1,<=2,<=25,,,<=12,,=2/38,,<=1,<=25,=128,<=1,,,<=1,<=25/4,<=2,<=4,=2,<=25,=8/4,<=12/4,<=4,=4,<=12,<=25,,,,,,,,,
573.44068,EKP,<=25,<=4,<=12,<=1,<=5,<=4/4,<=25,<=25,,,>=32,<=1,<=2,<=25,,,<=12,,<=1/19,,<=1,<=25,=128,<=1,,,<=1,<=25/4,<=2,<=4,=2,<=25,=8/4,<=12/4,<=4,=4,<=12,<=25,,,,,,,,,
573.41998,EKP,<=25,<=4,<=12,=8,<=5,<=4/4,<=25,<=25,,,>=32,>=16,<=2,<=25,,,<=12,,<=1/19,,>=16,>=4,<=16,<=1,,,<=1,<=25/4,=16,<=4,<=1,<=25,<=2/1,<=12/4,=16,>=32,>=8,>=8,,,,,,,,,
72407.529,EKP,<=0.25,<=4,<=0.12,<=1,<=0.5,8,>=64,,,16,>=32,<=1,<=2,,,,>=32,,>=320,,,0.5,,32,,,16,,,,>=64,,,,,,,,,,,,,,,,
573.44112,EKP,<=25,<=4,<=12,<=1,<=5,<=4/4,<=25,<=25,,,>=32,<=1,<=2,<=25,,,<=12,,<=1/19,,<=1,<=25,=64,<=1,,,<=1,<=25/4,<=2,<=4,=2,<=25,=8/4,<=12/4,<=4,=4,<=12,<=25,,,,,,,,,
573.32135,EKP,<=0.25,<=4,<=0.12,,,,,,,,>=32,>=16,<=2,>=64,=4,,,,,,,=1,=32,=4,,,,,,,,,,,>=64,,,,,,,,<=0.5,<=16,,,
573.4036,EKP,<=25,<=4,<=12,<=1,<=5,<=4/4,<=25,<=25,,,=16,<=1,<=2,<=25,,,<=12,,<=1/19,,<=1,<=25,=64,<=1,,,<=1,<=25/4,<=2,<=4,<=1,<=25,=4/2,<=12/4,<=4,=4,<=12,<=25,,,,,,,,,
72407.557,EKP,<=0.25,32,<=0.12,>=16,2,16,>=64,,,>=32,>=32,>=16,>=64,,,,>=32,,>=320,,,<=0.25,,>=64,,,>=64,,,,>=64,,,,,,,,,,,,,,,,
573.4037,EKP,<=25,<=4,<=12,<=1,<=5,<=4/4,<=25,<=25,,,>=32,<=1,<=2,<=25,,,<=12,,<=1/19,,<=1,<=25,=128,<=1,,,<=1,<=25/4,<=2,<=4,=2,<=25,=8/4,<=12/4,<=4,=4,<=12,<=25,,,,,,,,,
573.5824,EKP,8,>=64,>=8,8,>=8,>=128,8,,,>=32,>=32,8,4,,,,<=1,>=16,,,,2,,>=64,,,4,,,,>=64,,,,,,,,,>=64,,,,,,,
573.4198,EKP,>=16,>=64,>=8,>=16,=1,>=128/4,>=64,>=8,,,>=32,<=1,=16,>=64,,,>=32,,>=16/304,,>=16,>=4,=256,>=64,,,>=64,>=32/4,>=64,>=64,>=64,>=16,>=32/16,>=16/4,>=64,>=32,>=8,>=8,,,,,,,,,
573.44618,EKP,>=16,>=64,>=8,>=16,=1,>=128/4,>=64,>=8,,,>=32,<=1,=16,>=64,,,>=32,,>=16/304,,=8,>=4,=256,>=64,,,>=64,>=32/4,>=64,>=64,>=64,>=16,>=32/16,>=16/4,>=64,>=32,>=8,>=8,,,,,,,,,
573.5814,EKP,<=0.25,<=4,<=0.5,8,2,<=4,>=64,,,8,>=32,>=16,<=2,,,,2,>=16,,,,<=0.25,,16,,,16,,,,>=64,,,,,,,,,>=64,,,,,,,
573.24304,EKP,=1,>=64,,>=16,,>=128/4,,,,>=32/16,>=32,=4,=32,>=64,,,>=64,,>=16/304,,>=16,>=4,,>=64,,,,,,,,,,,,,>=8,,,,,,,,,,
573.42894,EKP,<=25,=16,=1,>=16,<=5,=64/4,>=64,>=8,,,>=32,>=16,>=64,>=64,,,>=32,,<=1/19,,=2,>=4,>=512,>=64,,,>=64,>=32/4,>=64,<=4,>=64,<=25,>=32/16,=5/4,>=64,>=32,>=8,>=8,,,,,,,,,
72407.539,EKP,<=0.25,<=4,<=0.12,>=16,2,64,>=64,,,>=32,>=32,>=16,>=64,,,,>=32,,>=320,,,>=4,,>=64,,,>=64,,,,>=64,,,,,,,,,,,,,,,,
573.44082,EKP,<=25,<=4,<=12,>=16,<=5,=16/4,>=64,>=8,,,>=32,>=16,<=2,>=64,,,>=32,,>=16/304,,>=16,=2,=128,=16,,,=16,<=25/4,>=64,<=4,>=64,<=25,>=32/16,<=12/4,>=64,=8,=1,=2,,,,,,,,,
72407.514,EKP,>=16,>=64,>=8,>=16,2,>=128,>=64,,,>=32,>=32,>=16,>=64,,,,>=32,,>=320,,,>=4,,>=64,,,>=64,,,,>=64,,,,,,,,,,,,,,,,
573.42885,EKP,<=25,<=4,<=12,=8,=1,<=4/4,>=64,>=8,,,>=32,>=16,<=2,>=64,,,>=32,,>=16/304,,>=16,=1,=256,=8,,,=16,<=25/4,>=64,<=4,>=64,<=25,>=32/16,<=12/4,>=64,=16,=1,=2,,,,,,,,,
573.42951,EKP,=2,<=4,<=12,<=1,<=5,>=128/4,=5,<=25,,,>=32,<=1,<=2,<=25,,,<=12,,<=1/19,,<=1,<=25,=64,<=1,,,<=1,<=25/4,<=2,<=4,<=1,=1,=8/4,<=12/4,<=4,=4,<=12,<=25,,,,,,,,,
72407.565,EKP,<=0.25,<=4,0.25,>=16,2,>=128,>=64,,,>=32,>=32,8,>=64,,,,>=32,,>=320,,,>=4,,>=64,,,>=64,,,,>=64,,,,,,,,,,,,,,,,
573.42889,EKP,<=25,<=4,<=12,<=1,=1,<=4/4,<=25,<=25,,,>=32,<=1,<=2,<=25,,,<=12,,>=16/304,,=4,=2,=256,<=1,,,<=1,=5/4,=8,<=4,=4,<=25,=8/4,=5/4,<=4,>=32,=4,>=8,,,,,,,,,
1400174.3,EKP,>=16,>=64,>=2,,4,,>=64,,,,>=32,4,>=64,,,,,,80,,,>=4,>=512,>=64,,,,,>=64,,,>=16,>=32,,>=8,,>=8,,,,,,,,,,
573.28631,EKP,>=16,,>=8,,,,,,,,,4,>=64,,,,,,>=320,,,>=4,,,,,,,,,,>=16,,,,,,,,,,,,,,,
573.41099,EKP,>=16,>=64,=1,=8,<=5,>=128/4,>=64,>=8,,,>=32,=4,<=2,>=64,,,>=32,,>=16/304,,=2,<=25,=64,>=64,,,=16,>=32/4,>=64,<=4,>=64,>=16,>=32/16,>=16/4,>=64,=4,<=12,<=25,,,,,,,,,
573.42011,EKP,<=25,<=4,<=12,>=16,=1,=32/4,>=64,>=8,,,>=32,>=16,<=2,>=64,,,>=32,,=2/38,,>=16,=2,=32,>=64,,,>=64,=16/4,>=64,<=4,>=64,=5,>=32/16,<=12/4,>=64,>=32,=1,=2,,,,,,,,,
573.24245,EKP,>=4,>=64,>=8,>=16,,>=128/4,,,,>=32/16,>=32,<=1,>=64,>=64,,,>=64,,>=16/304,,>=16,>=4,,>=64,,,,,,,,,,,>=64,,>=8,,,,,,,,,,
573.14784,EKP,>=16,,>=8,,,,,,,,,<=1,>=64,,,,,,<=20,,,>=4,,,,,,,,,,>=16,,,,,,,,,,,,,,,
573.42882,EKP,<=25,<=4,<=12,>=16,=1,=16/4,>=64,>=8,,,>=32,<=1,<=2,>=64,,,>=32,,>=16/304,,>=16,<=25,=128,=16,,,=32,<=25/4,>=64,<=4,>=64,<=25,>=32/16,<=12/4,>=64,=4,<=12,<=25,,,,,,,,,
573.44051,EKP,<=25,<=4,<=12,<=1,<=5,<=4/4,<=25,<=25,,,>=32,<=1,<=2,<=25,,,<=12,,<=1/19,,<=1,<=25,=128,<=1,,,<=1,<=25/4,<=2,<=4,<=1,<=25,=8/4,<=12/4,<=4,=4,<=12,<=25,,,,,,,,,
573.42943,EKP,<=25,<=4,<=12,>=16,<=5,=32/4,>=64,>=8,,,>=32,>=16,<=2,=32,,,=4,,>=16/304,,=2,>=4,>=512,>=64,,,>=64,=8/4,>=64,<=4,>=64,<=25,>=32/16,=5/4,>=64,>=32,>=8,>=8,,,,,,,,,
573.28633,EKP,>=16,,>=8,,,,,,,,,4,>=64,,,,,,>=320,,,>=4,,,,,,,,,,>=16,,,,,,,,,,,,,,,
72407.563,EKP,<=0.25,<=4,<=0.12,<=1,2,16,>=64,,,>=32,>=32,<=1,<=2,,,,>=32,,>=320,,,1,,>=64,,,>=64,,,,>=64,,,,,,,,,,,,,,,,
573.41989,EKP,<=25,<=4,<=12,<=1,=1,=16/4,=32,>=8,,,>=32,<=1,<=2,=32,,,=8,,>=16/304,,>=16,=1,=128,<=1,,,=2,=1/4,>=64,<=4,>=64,<=25,>=32/16,=25/4,>=64,=16,=1,=2,,,,,,,,,
573.41135,EKP,<=25,<=4,<=12,<=1,<=5,<=4/4,<=25,<=25,,,=8,<=1,<=2,<=25,,,<=12,,<=1/19,,<=1,<=25,=128,<=1,,,<=1,<=25/4,<=2,<=4,=2,<=25,<=2/1,<=12/4,<=4,<=2,<=12,<=25,,,,,,,,,
573.44134,EKP,>=16,>=64,>=8,=8,>=8,>=128/4,>=64,>=8,,,>=32,>=16,<=2,>=64,,,>=32,,>=16/304,,>=16,>=4,=256,=16,,,>=64,>=32/4,>=64,>=64,>=64,>=16,>=32/16,=1/4,>=64,>=32,>=8,>=8,,,,,,,,,
573.44069,EKP,>=16,>=64,>=8,>=16,<=5,>=128/4,>=64,>=8,,,>=32,>=16,>=64,>=64,,,>=32,,>=16/304,,>=16,>=4,=128,>=64,,,>=64,>=32/4,>=64,>=64,>=64,>=16,>=32/16,>=16/4,>=64,>=32,>=8,>=8,,,,,,,,,
573.27342,EKP,=1,,,,,,,,,=1/1,=1,=1,=1,=1,=1,,,=1,,,,=1,=1,,,=1,=1,,,,,=1,,,,,,,,,,,,=1,=1,,
573.42003,EKP,<=25,<=4,<=12,<=1,<=5,<=4/4,<=25,<=25,,,>=32,<=1,<=2,<=25,,,<=12,,<=1/19,,<=1,<=25,=128,<=1,,,<=1,<=25/4,<=2,<=4,=2,=5,=8/4,<=12/4,<=4,=4,<=12,<=25,,,,,,,,,
72407.496,EKP,<=0.25,<=4,<=0.12,<=1,<=0.5,8,>=64,,,>=32,>=32,<=1,<=2,,,,>=32,,>=320,,,1,,32,,,16,,,,>=64,,,,,,,,,,,,,,,,
72407.553,EKP,<=0.25,<=4,<=0.12,>=16,2,32,>=64,,,>=32,>=32,>=16,8,,,,>=32,,>=320,,,>=4,,32,,,32,,,,>=64,,,,,,,,,,,,,,,,
573.41298,EKP,<=25,<=4,<=12,>=16,=1,=32/4,=32,>=8,,,>=32,<=1,<=2,=32,,,=2,,>=16/304,,>=16,>=4,=64,>=64,,,>=64,=8/4,>=64,<=4,=16,<=25,>=32/16,=25/4,>=64,>=32,>=8,>=8,,,,,,,,,
573.42945,EKP,<=25,<=4,<=12,>=16,<=5,=32/4,>=64,>=8,,,>=32,>=16,<=2,>=64,,,>=32,,>=16/304,,>=16,=2,=128,=16,,,>=64,=16/4,>=64,<=4,>=64,<=25,>=32/16,=25/4,>=64,=16,=1,=2,,,,,,,,,
573.41965,EKP,<=25,<=4,<=12,<=1,<=5,<=4/4,<=25,<=25,,,>=32,<=1,<=2,<=25,,,<=12,,<=1/19,,<=1,<=25,=64,<=1,,,<=1,<=25/4,<=2,<=4,=2,<=25,=8/4,<=12/4,<=4,=4,<=12,<=25,,,,,,,,,
573.41961,EKP,<=25,<=4,<=12,<=1,=1,<=4/4,>=64,>=8,,,>=32,<=1,<=2,>=64,,,=2,,>=16/304,,>=16,=5,=128,=4,,,=2,<=25/4,>=64,<=4,>=64,<=25,=8/4,<=12/4,>=64,=8,=1,=2,,,,,,,,,
573.41944,EKP,<=25,<=4,<=12,<=1,<=5,<=4/4,<=25,<=25,,,<=2,<=1,<=2,<=25,,,<=12,,<=1/19,,<=1,<=25,=128,<=1,,,<=1,<=25/4,<=2,<=4,=2,=5,<=2/1,<=12/4,<=4,=4,<=12,<=25,,,,,,,,,
573.42009,EKP,<=25,<=4,<=12,<=1,<=5,=64/4,<=25,<=25,,,>=32,<=1,<=2,<=25,,,<=12,,<=1/19,,>=16,=1,=128,<=1,,,<=1,<=25/4,=8,<=4,=2,<=25,>=32/16,<=12/4,<=4,>=32,=1,=2,,,,,,,,,
573.42948,EKP,<=25,<=4,<=12,>=16,=1,=32/4,>=64,>=8,,,>=32,>=16,<=2,>=64,,,>=32,,=2/38,,>=16,=2,=32,>=64,,,>=64,=16/4,>=64,<=4,>=64,=5,>=32/16,<=12/4,>=64,>=32,=1,=2,,,,,,,,,
573.41168,EKP,<=25,>=64,,>=16,>=8,=64/4,>=64,>=8,,,>=32,>=16,<=2,>=64,,,>=32,,>=16/304,,>=16,=1,>=512,=16,,,>=64,=16/4,>=64,<=4,>=64,<=25,>=32/16,=5/4,>=64,>=32,=1,=2,,,,,,,,,
72407.513,EKP,>=16,<=4,>=8,4,2,>=128,>=64,,,>=32,>=32,2,4,,,,>=32,,>=320,,,1,,>=64,,,>=64,,,,>=64,,,,,,,,,,,,,,,,
573.41119,EKP,>=16,>=64,>=8,>=16,>=8,>=128/4,>=64,>=8,,,>=32,<=1,>=64,>=64,,,>=32,,<=1/19,,>=16,>=4,=256,>=64,,,>=64,>=32/4,>=64,>=64,>=64,>=16,>=32/16,>=16/4,>=64,>=32,>=8,>=8,,,,,,,,,
573.41995,EKP,>=16,>=64,>=8,>=16,=2,>=128/4,>=64,>=8,,,>=32,>=16,=32,>=64,,,>=32,,>=16/304,,>=16,>=4,=256,>=64,,,>=64,>=32/4,>=64,>=64,>=64,>=16,>=32/16,>=16/4,>=64,>=32,>=8,>=8,,,,,,,,,
72407.542,EKP,<=0.25,<=4,<=0.12,<=1,<=0.5,<=4,>=64,,,>=32,>=32,<=1,<=2,,,,>=32,,>=320,,,<=0.25,,32,,,16,,,,>=64,,,,,,,,,,,,,,,,
573.5665,EKP,<=0.25,<=4,<=0.5,8,2,>=128,>=64,,,>=32,>=32,<=1,<=2,,,,>=64,>=16,,,,1,,16,,,>=64,,,,>=64,,,,,,,,,>=64,,,,,,,
573.40418,EKP,<=25,<=4,<=12,=8,<=5,<=4/4,<=25,<=25,,,>=32,>=16,<=2,<=25,,,<=12,,<=1/19,,>=16,>=4,<=16,<=1,,,<=1,<=25/4,=16,<=4,<=1,<=25,<=2/1,<=12/4,=16,>=32,>=8,>=8,,,,,,,,,
573.42901,EKP,=8,>=64,>=8,>=16,>=8,>=128/4,>=64,>=8,,,>=32,<=1,<=2,>=64,,,>=32,,>=16/304,,>=16,>=4,=64,>=64,,,>=64,>=32/4,>=64,>=64,>=64,>=16,>=32/16,>=16/4,>=64,>=32,=4,>=8,,,,,,,,,
573.44083,EKP,>=16,=16,>=8,=8,=2,>=128/4,=32,>=8,,,>=32,>=16,<=2,>=64,,,>=32,,>=16/304,,>=16,>=4,=64,=16,,,>=64,>=32/4,>=64,=8,>=64,>=16,>=32/16,=5/4,>=64,>=32,>=8,>=8,,,,,,,,,
573.44121,EKP,<=25,<=4,<=12,>=16,<=5,=32/4,>=64,>=8,,,>=32,>=16,<=2,>=64,,,>=32,,>=16/304,,>=16,=2,=128,=16,,,>=64,=16/4,>=64,<=4,>=64,<=25,>=32/16,=25/4,>=64,=16,=1,=2,,,,,,,,,
573.41138,EKP,>=16,>=64,>=8,>=16,>=8,>=128/4,>=64,>=8,,,>=32,>=16,<=2,>=64,,,>=32,,>=16/304,,>=16,>=4,=256,>=64,,,>=64,>=32/4,>=64,>=64,>=64,=1,>=32/16,=1/4,>=64,>=32,>=8,>=8,,,,,,,,,
72407.531,EKP,>=16,>=64,>=8,>=16,1,>=128,>=64,,,>=32,>=32,>=16,>=64,,,,>=32,,>=320,,,>=4,,>=64,,,>=64,,,,>=64,,,,,,,,,,,,,,,,
573.44096,EKP,<=25,<=4,<=12,<=1,<=5,<=4/4,<=25,<=25,,,>=32,<=1,<=2,<=25,,,<=12,,<=1/19,,>=16,<=25,=64,<=1,,,<=1,<=25/4,=4,<=4,<=1,<=25,>=32/16,=25/4,<=4,<=2,<=12,<=25,,,,,,,,,
573.24292,EKP,<=0.25,=32,<=0.5,>=16,,=32/4,,,,=16/8,>=32,>=16,=8,>=64,,,=2,,>=16/304,,>=16,>=4,=128,=16,,,,,,,,,,,>=64,,>=8,,,,,,,,,,
573.44113,EKP,<=25,>=64,,>=16,=1,=16/4,>=64,>=8,,,>=32,>=16,>=64,>=64,,,>=32,,>=16/304,,=8,>=4,=128,=16,,,>=64,=1/4,>=64,<=4,>=64,<=25,>=32/16,=25/4,>=64,>=32,>=8,>=8,,,,,,,,,
72407.581,EKP,<=0.25,<=4,<=0.12,>=16,1,64,>=64,,,>=32,>=32,>=16,>=64,,,,>=32,,>=320,,,>=4,,>=64,,,>=64,,,,>=64,,,,,,,,,,,,,,,,
573.41101,EKP,<=25,<=4,<=12,<=1,<=5,<=4/4,>=64,>=8,,,>=32,<=1,<=2,>=64,,,=2,,<=1/19,,<=1,<=25,<=16,=4,,,=4,<=25/4,>=64,<=4,>=64,<=25,=8/4,<=12/4,>=64,=4,<=12,<=25,,,,,,,,,
573.24273,EKP,<=0.25,=8,<=0.5,=8,,=64/4,,,,=16/8,>=32,>=16,<=2,=8,,,<=1,,>=16/304,,>=16,>=4,,=4,,,,,,,,,,,>=64,,>=8,,,,,,,,,,
573.40437,EKP,<=25,<=4,<=12,<=1,=1,<=4/4,<=25,<=25,,,>=32,<=1,<=2,<=25,,,<=12,,>=16/304,,>=16,<=25,=64,<=1,,,<=1,<=25/4,=4,<=4,=4,=5,>=32/16,<=12/4,<=4,=16,=1,=2,,,,,,,,,
72407.515,EKP,<=0.25,<=4,<=0.12,>=16,2,64,>=64,,,>=32,>=32,>=16,8,,,,>=32,,>=320,,,2,,>=64,,,>=64,,,,>=64,,,,,,,,,,,,,,,,
573.42938,EKP,<=25,<=4,<=12,>=16,<=5,=16/4,>=64,>=8,,,>=32,>=16,<=2,>=64,,,>=32,,>=16/304,,>=16,>=4,=128,>=64,,,>=64,=16/4,>=64,<=4,>=64,<=25,>=32/16,<=12/4,>=64,>=32,=4,>=8,,,,,,,,,
72407.538,EKP,<=0.25,<=4,<=0.12,>=16,2,>=128,>=64,,,>=32,>=32,>=16,>=64,,,,>=32,,>=320,,,>=4,,>=64,,,>=64,,,,>=64,,,,,,,,,,,,,,,,
573.24309,EKP,=4,>=64,,>=16,,>=128/4,,,,>=32/16,>=32,>=16,>=64,>=64,,,>=64,,>=16/304,,>=16,>=4,,>=64,,,,,,,,,,,,,>=8,,,,,,,,,,
573.42963,EKP,<=25,=16,<=12,>=16,=1,>=128/4,>=64,>=8,,,>=32,>=16,>=64,>=64,,,>=32,,>=16/304,,>=16,>=4,=64,>=64,,,>=64,=16/4,>=64,<=4,>=64,=5,>=32/16,<=12/4,>=64,>=32,=4,>=8,,,,,,,,,
573.44105,EKP,<=25,<=4,<=12,>=16,<=5,=8/4,=16,>=8,,,>=32,>=16,=16,=32,,,=1,,>=16/304,,=2,=5,=64,>=64,,,>=64,<=25/4,>=64,<=4,=16,<=25,=16/8,=25/4,>=64,=16,=1,=2,,,,,,,,,
573.5709,EKP,<=0.25,<=4,<=0.5,8,1,<=4,8,,,4,>=32,8,<=2,,,,2,>=16,,,,<=0.25,,<=1,,,<=1,,,,>=64,,,,,,,,,>=64,,,,,,,
573.42941,EKP,<=25,<=4,<=12,<=1,<=5,>=128/4,<=25,<=25,,,>=32,<=1,<=2,<=25,,,<=12,,>=16/304,,>=16,<=25,=256,<=1,,,<=1,<=25/4,=8,<=4,=2,<=25,>=32/16,<=12/4,>=64,<=2,<=12,<=25,,,,,,,,,
573.41963,EKP,=8,>=64,>=8,>=16,>=8,>=128/4,>=64,>=8,,,>=32,<=1,<=2,>=64,,,>=32,,>=16/304,,>=16,>=4,=64,>=64,,,>=64,>=32/4,>=64,>=64,>=64,>=16,>=32/16,>=16/4,>=64,>=32,=4,>=8,,,,,,,,,
72407.564,EKP,<=0.25,<=4,<=0.12,<=1,2,<=4,>=64,,,16,>=32,<=1,<=2,,,,>=32,,>=320,,,0.5,,32,,,16,,,,>=64,,,,,,,,,,,,,,,,
72407.478,EKP,<=0.25,<=4,<=0.12,>=16,2,32,>=64,,,>=32,>=32,>=16,4,,,,>=32,,>=320,,,2,,32,,,32,,,,>=64,,,,,,,,,,,,,,,,
573.44102,EKP,<=25,<=4,<=12,<=1,=1,=16/4,=32,>=8,,,>=32,<=1,<=2,=32,,,=8,,>=16/304,,>=16,=1,=128,<=1,,,=2,=1/4,>=64,<=4,>=64,<=25,>=32/16,=25/4,>=64,=16,=1,=2,,,,,,,,,
573.5822,EKP,<=0.25,>=64,<=0.5,2,2,16,8,,,>=32,>=32,<=1,<=2,,,,<=1,>=16,,,,>=4,,16,,,8,,,,>=64,,,,,,,,,>=64,,,,,,,
573.4199,EKP,<=25,<=4,<=12,<=1,<=5,<=4/4,<=25,<=25,,,=8,<=1,<=2,<=25,,,<=12,,<=1/19,,<=1,<=25,=128,<=1,,,<=1,<=25/4,<=2,<=4,=2,<=25,<=2/1,<=12/4,<=4,<=2,<=12,<=25,,,,,,,,,
573.42013,EKP,<=25,=8,<=12,<=1,=2,=8/4,<=25,<=25,,,>=32,<=1,<=2,<=25,,,<=12,,<=1/19,,=8,=1,>=512,<=1,,,<=1,=5/4,=8,<=4,=16,=5,=16/8,=5/4,<=4,>=32,=1,=2,,,,,,,,,
1400181.3,EKP,<=0.25,8,<=0.25,,<=2,,16,,,,>=32,4,>=64,,,,,,<=20,,,>=4,256,>=64,,,,,<=1,,,<=1,>=32,,>=8,,>=8,,,,,,,,,,
573.41977,EKP,>=16,>=64,>=8,>=16,>=8,>=128/4,>=64,>=8,,,>=32,<=1,>=64,>=64,,,>=32,,<=1/19,,>=16,>=4,=256,>=64,,,>=64,>=32/4,>=64,>=64,>=64,>=16,>=32/16,>=16/4,>=64,>=32,>=8,>=8,,,,,,,,,
573.40378,EKP,<=25,<=4,<=12,<=1,<=5,<=4/4,>=64,>=8,,,>=32,<=1,<=2,>=64,,,=2,,<=1/19,,<=1,<=25,<=16,=4,,,=4,<=25/4,>=64,<=4,>=64,<=25,=8/4,<=12/4,>=64,=4,<=12,<=25,,,,,,,,,
573.44099,EKP,>=16,>=64,>=8,>=16,=2,>=128/4,>=64,>=8,,,>=32,=8,>=64,>=64,,,>=32,,>=16/304,,=8,>=4,>=512,>=64,,,>=64,>=32/4,>=64,>=64,>=64,>=16,>=32/16,=8/4,>=64,>=32,>=8,>=8,,,,,,,,,
72407.541,EKP,>=16,<=4,>=8,>=16,2,>=128,>=64,,,>=32,>=32,>=16,>=64,,,,>=32,,>=320,,,>=4,,>=64,,,>=64,,,,>=64,,,,,,,,,,,,,,,,
573.44131,EKP,<=25,=16,,>=16,<=5,=64/4,>=64,>=8,,,>=32,<=1,<=2,>=64,,,>=32,,=2/38,,<=1,<=25,=256,>=64,,,>=64,=16/4,>=64,<=4,>=64,<=25,>=32/16,=25/4,>=64,<=2,<=12,<=25,,,,,,,,,
573.42936,EKP,<=25,<=4,<=12,<=1,<=5,<=4/4,<=25,<=25,,,>=32,<=1,<=2,<=25,,,<=12,,<=1/19,,<=1,<=25,=64,<=1,,,<=1,<=25/4,<=2,<=4,=2,<=25,=8/4,<=12/4,<=4,=4,<=12,<=25,,,,,,,,,
573.40424,EKP,<=25,<=4,<=12,<=1,<=5,>=128/4,<=25,<=25,,,>=32,<=1,<=2,<=25,,,<=12,,>=16/304,,>=16,<=25,=256,<=1,,,<=1,<=25/4,=8,<=4,=2,<=25,>=32/16,<=12/4,>=64,<=2,<=12,<=25,,,,,,,,,
1438796.3,EKP,>=16,,4,,2,,16,,,,>=32,<=1,16,,,,,,<=20,,,>=4,,,,,,,2,,,>=16,>=32,,>=64,,>=8,,,,,,,,,,
573.44622,EKP,<=25,<=4,<=12,>=16,=1,=32/4,=32,>=8,,,>=32,<=1,<=2,=32,,,=2,,>=16/304,,>=16,>=4,=64,>=64,,,>=64,=8/4,>=64,<=4,=16,<=25,>=32/16,=25/4,>=64,>=32,>=8,>=8,,,,,,,,,
573.40431,EKP,<=25,<=4,<=12,>=16,=1,=32/4,>=64,>=8,,,>=32,>=16,<=2,>=64,,,>=32,,=2/38,,>=16,=2,=32,>=64,,,>=64,=16/4,>=64,<=4,>=64,=5,>=32/16,<=12/4,>=64,>=32,=1,=2,,,,,,,,,
573.40371,EKP,>=16,>=64,>=8,=8,=1,>=128/4,>=64,>=8,,,>=32,>=16,<=2,>=64,,,>=32,,>=16/304,,>=16,>=4,>=512,>=64,,,>=64,>=32/4,>=64,>=64,>=64,>=16,>=32/16,>=16/4,>=64,>=32,>=8,>=8,,,,,,,,,
573.44059,EKP,<=25,<=4,<=12,<=1,<=5,<=4/4,<=25,<=25,,,<=2,<=1,<=2,<=25,,,<=12,,<=1/19,,<=1,<=25,=128,<=1,,,<=1,<=25/4,<=2,<=4,=2,=5,<=2/1,<=12/4,<=4,=4,<=12,<=25,,,,,,,,,
573.41089,EKP,>=16,>=64,>=8,=8,=1,>=128/4,>=64,>=8,,,>=32,>=16,<=2,>=64,,,>=32,,>=16/304,,>=16,>=4,>=512,>=64,,,>=64,>=32/4,>=64,>=64,>=64,>=16,>=32/16,>=16/4,>=64,>=32,>=8,>=8,,,,,,,,,
72407.555,EKP,<=0.25,32,<=0.12,>=16,2,32,>=64,,,>=32,>=32,>=16,>=64,,,,>=32,,>=320,,,<=0.25,,>=64,,,>=64,,,,>=64,,,,,,,,,,,,,,,,
573.41113,EKP,<=25,<=4,<=12,>=16,<=5,=8/4,>=64,>=8,,,>=32,<=1,<=2,>=64,,,>=32,,>=16/304,,>=16,=1,=64,=16,,,=16,<=25/4,>=64,<=4,>=64,<=25,>=32/16,<=12/4,>=64,=8,=1,=2,,,,,,,,,
573.42008,EKP,<=25,<=4,<=12,>=16,<=5,=32/4,>=64,>=8,,,>=32,>=16,<=2,>=64,,,>=32,,>=16/304,,>=16,=2,=128,=16,,,>=64,=16/4,>=64,<=4,>=64,<=25,>=32/16,=25/4,>=64,=16,=1,=2,,,,,,,,,
1438786.3,EKP,8,,>=8,,4,,>=64,,,,>=32,>=16,<=2,,,,,,>=320,,,>=4,,,,,,,>=64,,,1,>=32,,>=64,,>=8,,,,,,,,,,
573.41952,EKP,>=16,>=64,=1,=8,<=5,>=128/4,>=64,>=8,,,>=32,=4,<=2,>=64,,,>=32,,>=16/304,,=2,<=25,=64,>=64,,,=16,>=32/4,>=64,<=4,>=64,>=16,>=32/16,>=16/4,>=64,=4,<=12,<=25,,,,,,,,,
72407.508,EKP,<=0.25,16,0.25,>=16,2,>=128,>=64,,,>=32,>=32,8,>=64,,,,>=32,,>=320,,,>=4,,>=64,,,>=64,,,,>=64,,,,,,,,,,,,,,,,
573.25656,EKP,>=16,,>=8,,,,,,,,,4,>=64,,,,,,>=320,,,>=4,,,,,,,,,,>=16,,,,,,,,,,,,,,,
72407.583,EKP,<=0.25,<=4,<=0.12,>=16,2,16,>=64,,,>=32,>=32,>=16,4,,,,>=32,,>=320,,,2,,32,,,16,,,,>=64,,,,,,,,,,,,,,,,
573.40449,EKP,<=25,<=4,<=12,<=1,<=5,=8/4,>=64,>=8,,,>=32,<=1,<=2,>=64,,,=2,,<=1/19,,<=1,=1,=128,<=1,,,=2,<=25/4,>=64,<=4,>=64,<=25,>=32/16,<=12/4,>=64,=16,=1,=4,,,,,,,,,
573.40421,EKP,<=25,<=4,<=12,>=16,<=5,=16/4,>=64,>=8,,,>=32,>=16,<=2,>=64,,,>=32,,>=16/304,,>=16,>=4,=128,>=64,,,>=64,=16/4,>=64,<=4,>=64,<=25,>=32/16,<=12/4,>=64,>=32,=4,>=8,,,,,,,,,
573.44076,EKP,<=25,<=4,<=12,<=1,=1,<=4/4,>=64,>=8,,,>=32,<=1,<=2,>=64,,,=2,,>=16/304,,>=16,=5,=128,=4,,,=2,<=25/4,>=64,<=4,>=64,<=25,=8/4,<=12/4,>=64,=8,=1,=2,,,,,,,,,
573.40442,EKP,<=25,<=4,<=12,<=1,<=5,<=4/4,<=25,<=25,,,>=32,<=1,<=2,<=25,,,<=12,,=2/38,,>=16,<=25,=128,<=1,,,<=1,<=25/4,<=2,<=4,=2,<=25,=8/4,<=12/4,<=4,<=2,<=12,<=25,,,,,,,,,
72407.523,EKP,<=0.25,<=4,<=0.12,<=1,<=0.5,<=4,>=64,,,>=32,>=32,<=1,<=2,,,,>=32,,>=320,,,0.5,,32,,,16,,,,>=64,,,,,,,,,,,,,,,,
72407.573,EKP,<=0.25,<=4,<=0.12,>=16,2,>=128,>=64,,,>=32,>=32,>=16,8,,,,>=32,,>=320,,,>=4,,>=64,,,>=64,,,,>=64,,,,,,,,,,,,,,,,
573.42891,EKP,>=16,>=64,=1,=8,<=5,>=128/4,>=64,>=8,,,>=32,=4,<=2,>=64,,,>=32,,>=16/304,,=2,<=25,=64,>=64,,,=16,>=32/4,>=64,<=4,>=64,>=16,>=32/16,>=16/4,>=64,=4,<=12,<=25,,,,,,,,,
573.24311,EKP,>=32,>=64,,>=16,,>=128/4,,,,>=32/16,>=32,>=16,>=64,>=64,,,>=64,,=4/76,,>=16,>=4,>=512,>=64,,,,,,,,,,,>=64,,>=8,,,,,,,,,,
573.44057,EKP,<=25,<=4,<=12,>=16,=1,=16/4,>=64,>=8,,,>=32,<=1,<=2,>=64,,,>=32,,>=16/304,,>=16,<=25,=128,=16,,,=32,<=25/4,>=64,<=4,>=64,<=25,>=32/16,<=12/4,>=64,=4,<=12,<=25,,,,,,,,,
573.42925,EKP,<=25,<=4,<=12,<=1,=1,>=128/4,<=25,<=25,,,>=32,<=1,<=2,<=25,,,<=12,,>=16/304,,=4,>=4,=256,<=1,,,<=1,=5/4,>=64,<=4,=16,<=25,>=32/16,=25/4,=16,>=32,=4,>=8,,,,,,,,,
573.5673,EKP,<=0.25,<=4,<=0.5,<=1,<=0.5,<=4,>=64,,,8,>=32,<=1,<=2,,,,8,<=0.5,,,,<=0.25,,16,,,>=64,,,,>=64,,,,,,,,,>=64,,,,,,,
573.41088,EKP,<=25,<=4,<=12,<=1,<=5,<=4/4,<=25,<=25,,,<=2,<=1,<=2,<=25,,,<=12,,<=1/19,,<=1,<=25,=128,<=1,,,<=1,<=25/4,<=2,<=4,=2,=5,<=2/1,<=12/4,<=4,=4,<=12,<=25,,,,,,,,,
573.41147,EKP,<=25,<=4,<=12,<=1,<=5,>=128/4,<=25,<=25,,,>=32,<=1,<=2,<=25,,,<=12,,>=16/304,,>=16,<=25,=256,<=1,,,<=1,<=25/4,=8,<=4,=2,<=25,>=32/16,<=12/4,>=64,<=2,<=12,<=25,,,,,,,,,
573.5803,EKP,<=0.25,<=4,<=0.5,>=16,2,16,>=64,,,16,>=32,>=16,<=2,,,,2,>=16,,,,>=4,,8,,,16,,,,>=64,,,,,,,,,>=64,,,,,,,
573.40392,EKP,<=25,<=4,<=12,<=1,<=5,<=4/4,>=64,>=8,,,>=32,<=1,<=2,>=64,,,>=32,,>=16/304,,<=1,=1,=256,=16,,,=16,<=25/4,>=64,<=4,>=64,<=25,>=32/16,=25/4,>=64,=16,=1,=2,,,,,,,,,
573.41938,EKP,<=25,<=4,<=12,<=1,<=5,<=4/4,<=25,<=25,,,>=32,<=1,<=2,<=25,,,<=12,,<=1/19,,<=1,<=25,=64,<=1,,,<=1,<=25/4,=4,<=4,=4,<=25,=8/4,=25/4,<=4,=4,<=12,<=25,,,,,,,,,
573.44077,EKP,<=25,<=4,<=12,=8,=1,=64/4,>=64,>=8,,,>=32,<=1,<=2,>=64,,,>=32,,>=16/304,,>=16,<=25,=64,=16,,,>=64,=4/4,>=64,<=4,>=64,<=25,>=32/16,<=12/4,>=64,=4,<=12,<=25,,,,,,,,,
573.5793,EKP,<=0.25,<=4,<=0.5,>=16,1,16,>=64,,,16,>=32,>=16,4,,,,>=64,<=0.5,,,,<=0.25,,16,,,>=64,,,,>=64,,,,,,,,,>=64,,,,,,,
573.42919,EKP,<=25,<=4,<=12,=4,=1,<=4/4,>=64,>=8,,,>=32,>=16,<=2,>=64,,,>=32,,>=16/304,,>=16,=5,=128,=4,,,=2,<=25/4,>=64,<=4,>=64,<=25,=16/8,<=12/4,>=64,=16,=1,=2,,,,,,,,,
573.4044,EKP,=4,<=4,>=8,>=16,=2,>=128/4,>=64,>=8,,,>=32,>=16,=8,>=64,,,>=32,,>=16/304,,>=16,>=4,=128,=16,,,=16,=8/4,>=64,<=4,>=64,=2,>=32/16,=25/4,>=64,=16,=1,=2,,,,,,,,,
573.41145,EKP,<=25,<=4,<=12,<=1,<=5,=8/4,<=25,<=25,,,>=32,<=1,<=2,<=25,,,<=12,,<=1/19,,=2,<=25,=128,<=1,,,<=1,<=25/4,=4,<=4,=4,<=25,=8/4,<=12/4,<=4,=8,<=12,=5,,,,,,,,,
573.41978,EKP,<=25,<=4,<=12,<=1,<=5,<=4/4,<=25,<=25,,,>=32,<=1,<=2,<=25,,,<=12,,<=1/19,,<=1,<=25,=128,<=1,,,<=1,<=25/4,<=2,<=4,=2,<=25,=4/2,<=12/4,<=4,=4,<=12,<=25,,,,,,,,,
573.24314,EKP,>=16,>=64,>=8,>=16,,>=128/4,,,,>=32/16,>=32,=8,>=64,=8,,,>=64,,=4/76,,=4,>=4,,>=64,,,,,,,,>=16,,,>=64,,>=8,,,,,,,,,,
72407.595,EKP,<=0.25,<=4,<=0.12,<=1,2,<=4,>=64,,,16,>=32,<=1,<=2,,,,>=32,,>=320,,,1,,32,,,16,,,,>=64,,,,,,,,,,,,,,,,
573.5681,EKP,<=0.25,<=4,<=0.5,8,2,>=128,>=64,,,>=32,>=32,>=16,<=2,,,,>=64,>=16,,,,2,,>=64,,,>=64,,,,>=64,,,,,,,,,>=64,,,,,,,
72407.587,EKP,<=0.25,16,0.25,8,1,>=128,>=64,,,>=32,>=32,>=16,<=2,,,,>=32,,>=320,,,>=4,,>=64,,,>=64,,,,>=64,,,,,,,,,,,,,,,,
573.41937,EKP,<=25,<=4,<=12,<=1,<=5,<=4/4,<=25,<=25,,,=16,<=1,<=2,<=25,,,<=12,,<=1/19,,<=1,<=25,=64,<=1,,,<=1,<=25/4,<=2,<=4,<=1,<=25,=4/2,<=12/4,<=4,=4,<=12,<=25,,,,,,,,,
573.5706,EKP,<=0.25,<=4,<=0.5,8,4,32,4,,,8,>=32,>=16,<=2,,,,<=1,>=16,,,,>=4,,>=64,,,>=64,,,,32,,,,,,,,,>=64,,,,,,,
573.14807,EKP,>=16,,>=8,,,,,,,,,4,>=64,,,,,,>=320,,,>=4,,,,,,,,,,>=16,,,,,,,,,,,,,,,
72407.559,EKP,8,32,2,>=16,2,>=128,>=64,,,>=32,>=32,>=16,>=64,,,,>=32,,>=320,,,0.5,,>=64,,,>=64,,,,>=64,,,,,,,,,,,,,,,,
573.40448,EKP,<=25,<=4,<=12,>=16,=1,=32/4,>=64,>=8,,,>=32,>=16,<=2,>=64,,,>=32,,>=16/304,,>=16,=2,=128,=16,,,=32,=16/4,>=64,<=4,>=64,<=25,>=32/16,=5/4,>=64,=16,=1,=4,,,,,,,,,
72407.499,EKP,<=0.25,8,0.25,>=16,1,>=128,>=64,,,>=32,>=32,2,4,,,,>=32,,>=320,,,>=4,,>=64,,,>=64,,,,>=64,,,,,,,,,,,,,,,,
573.24302,EKP,<=0.25,<=4,<=0.5,=8,,=8/4,,,,=16/8,>=32,<=1,<=2,>=64,,,=4,,<=1/19,,>=16,<=0.25,,=16,,,,,,,,,,,,,<=0.12,,,,,,,,,,
573.40373,EKP,<=25,<=4,<=12,<=1,<=5,<=4/4,<=25,<=25,,,>=32,<=1,<=2,<=25,,,<=12,,<=1/19,,<=1,<=25,=256,<=1,,,<=1,<=25/4,<=2,<=4,<=1,=1,=4/2,<=12/4,<=4,=4,<=12,<=25,,,,,,,,,
1438808.3,EKP,>=16,>=64,>=1,,4,,>=64,,,,>=32,4,>=64,,,,,,>=320,,,>=4,>=512,>=64,,,,,>=64,,,>=16,>=32,,>=8,,>=8,,,,,,,,,,
573.44144,EKP,<=25,<=4,<=12,<=1,<=5,=8/4,<=25,<=25,,,<=2,<=1,<=2,<=25,,,<=12,,<=1/19,,<=1,<=25,=32,<=1,,,<=1,<=25/4,<=2,<=4,<=1,<=25,<=2/1,<=12/4,<=4,<=2,<=12,<=25,,,,,,,,,
573.24281,EKP,<=0.25,<=4,<=0.5,<=1,,=16/4,,,,=16/8,>=32,<=1,<=2,>=64,,,=2,,>=16/304,,>=16,=0.5,=64,=16,,,,,,,,,,,>=64,,=1,,,,,,,,,,
573.5694,EKP,<=0.25,<=4,<=0.5,8,1,<=4,>=64,,,8,>=32,>=16,<=2,,,,<=1,>=16,,,,<=0.25,,8,,,16,,,,>=64,,,,,,,,,>=64,,,,,,,
573.41962,EKP,<=25,<=4,<=12,=8,=1,=64/4,>=64,>=8,,,>=32,<=1,<=2,>=64,,,>=32,,>=16/304,,>=16,<=25,=64,=16,,,>=64,=4/4,>=64,<=4,>=64,<=25,>=32/16,<=12/4,>=64,=4,<=12,<=25,,,,,,,,,
573.5661,EKP,<=0.25,16,<=0.5,8,>=8,16,8,,,16,>=32,>=16,<=2,,,,2,>=16,,,,>=4,,<=1,,,2,,,,>=64,,,,,,,,,>=64,,,,,,,
573.41163,EKP,<=25,<=4,<=12,<=1,=1,<=4/4,<=25,<=25,,,>=32,<=1,<=2,<=25,,,<=12,,>=16/304,,>=16,=1,=128,<=1,,,<=1,<=25/4,<=2,<=4,<=1,<=25,=4/2,<=12/4,<=4,=16,=1,=4,,,,,,,,,
573.5678,EKP,<=0.25,<=4,<=0.5,8,2,>=128,>=64,,,>=32,>=32,>=16,<=2,,,,>=64,>=16,,,,2,,>=64,,,>=64,,,,>=64,,,,,,,,,>=64,,,,,,,
573.42093,EKP,>=16,>=64,>=8,>=16,<=5,>=128/4,>=64,>=8,,,>=32,>=16,>=64,>=64,,,>=32,,>=16/304,,<=1,>=4,=128,>=64,,,>=64,>=32/4,>=64,>=64,>=64,>=16,>=32/16,>=16/4,>=64,>=32,>=8,>=8,,,,,,,,,
573.32131,EKP,<=0.25,<=4,<=0.12,,,,,,,,>=32,<=1,<=2,>=64,=4,,,,,,,<=0.5,=32,=32,,,,,,,,,,,>=64,,,,,,,,<=0.5,<=16,,,
573.41996,EKP,>=16,>=64,>=8,>=16,>=8,>=128/4,>=64,>=8,,,>=32,>=16,>=64,>=64,,,>=32,,>=16/304,,>=16,>=4,>=512,>=64,,,>=64,>=32/4,>=64,=32,>=64,=2,>=32/16,=5/4,>=64,>=32,>=8,>=8,,,,,,,,,
573.44073,EKP,<=25,<=4,<=12,>=16,<=5,=16/4,>=64,>=8,,,>=32,>=16,<=2,>=64,,,>=32,,>=16/304,,>=16,=2,=128,=16,,,=16,<=25/4,>=64,<=4,>=64,<=25,>=32/16,<=12/4,>=64,=16,=1,=2,,,,,,,,,
1438789.3,EKP,<=0.25,,<=0.5,,,,<=1,,,,16,<=1,<=2,,,,,,<=20,,,<=0.25,<=16,,,,,,<=1,,,<=0.25,4,,<=4,,<=0.12,,,,,,,,,,
573.24296,EKP,<=0.25,<=4,<=0.5,>=16,,<=4/4,,,,=4/2,>=32,<=1,=16,>=64,,,<=1,,>=16/304,,<=1,=0.5,<=16,<=1,,,,,,,,,,,>=64,,=1,,,,,,,,,,
573.44067,EKP,>=16,>=64,=1,=8,<=5,>=128/4,>=64,>=8,,,>=32,=4,<=2,>=64,,,>=32,,>=16/304,,=2,<=25,=64,>=64,,,=16,>=32/4,>=64,<=4,>=64,>=16,>=32/16,>=16/4,>=64,=4,<=12,<=25,,,,,,,,,
573.24315,EKP,>=16,,>=8,,,,,,,,,4,>=64,,,,,,>=320,,,>=4,,,,,,,,,,>=16,,,,,,,,,,,,,,,
573.4039,EKP,>=16,=16,>=8,=8,=2,>=128/4,=32,>=8,,,>=32,>=16,<=2,>=64,,,>=32,,>=16/304,,>=16,>=4,=64,=16,,,>=64,>=32/4,>=64,=8,>=64,>=16,>=32/16,=5/4,>=64,>=32,>=8,>=8,,,,,,,,,
72407.544,EKP,<=0.25,<=4,<=0.12,>=16,2,>=128,>=64,,,>=32,>=32,>=16,>=64,,,,>=32,,>=320,,,>=4,,>=64,,,>=64,,,,>=64,,,,,,,,,,,,,,,,
573.44133,EKP,=4,<=4,>=8,>=16,=2,>=128/4,>=64,>=8,,,>=32,>=16,=8,>=64,,,>=32,,>=16/304,,>=16,>=4,=128,=16,,,=16,=8/4,>=64,<=4,>=64,=2,>=32/16,=25/4,>=64,=16,=1,=2,,,,,,,,,
573.41086,EKP,<=25,<=4,<=12,=2,=1,<=4/4,=32,>=8,,,>=32,>=16,<=2,=32,,,>=32,,<=1/19,,>=16,=2,=64,<=1,,,<=1,<=25/4,>=64,<=4,>=64,<=25,>=32/16,<=12/4,>=64,>=32,=4,>=8,,,,,,,,,
573.41098,EKP,<=25,<=4,<=12,<=1,<=5,<=4/4,<=25,<=25,,,>=32,<=1,<=2,<=25,,,<=12,,<=1/19,,<=1,<=25,=128,<=1,,,<=1,<=25/4,<=2,<=4,=2,<=25,=8/4,<=12/4,<=4,=4,<=12,<=25,,,,,,,,,
573.42934,EKP,<=25,<=4,<=12,<=1,<=5,=8/4,<=25,<=25,,,>=32,<=1,<=2,<=25,,,<=12,,<=1/19,,=2,<=25,=128,<=1,,,<=1,<=25/4,=4,<=4,=4,<=25,=8/4,<=12/4,<=4,=8,<=12,=5,,,,,,,,,
573.42906,EKP,<=25,<=4,<=12,>=16,<=5,=16/4,>=64,>=8,,,>=32,>=16,<=2,>=64,,,>=32,,>=16/304,,>=16,=2,=128,=16,,,=16,<=25/4,>=64,<=4,>=64,<=25,>=32/16,<=12/4,>=64,=8,=1,=2,,,,,,,,,
573.44108,EKP,>=16,>=64,>=8,>=16,=2,>=128/4,>=64,>=8,,,>=32,>=16,=32,>=64,,,>=32,,>=16/304,,>=16,>=4,=256,>=64,,,>=64,>=32/4,>=64,>=64,>=64,>=16,>=32/16,>=16/4,>=64,>=32,>=8,>=8,,,,,,,,,
573.44101,EKP,<=25,<=4,<=12,<=1,=1,>=128/4,<=25,<=25,,,>=32,<=1,<=2,<=25,,,<=12,,>=16/304,,=4,>=4,=256,<=1,,,<=1,=5/4,>=64,<=4,=16,<=25,>=32/16,=25/4,=16,>=32,=4,>=8,,,,,,,,,
573.24308,EKP,>=16,>=64,,<=1,,>=128/4,,,,>=32/16,>=32,<=1,<=2,=32,,,=2,,>=16/304,,>=16,>=4,,>=64,,,,,,,,,,,,,>=8,,,,,,,,,,
573.42017,EKP,<=25,<=4,<=12,<=1,=1,<=4/4,<=25,<=25,,,>=32,<=1,<=2,<=25,,,<=12,,>=16/304,,>=16,<=25,=64,<=1,,,<=1,<=25/4,=4,<=4,=4,=5,>=32/16,<=12/4,<=4,=16,=1,=2,,,,,,,,,
573.44052,EKP,<=25,<=4,<=12,<=1,<=5,<=4/4,<=25,<=25,,,=16,<=1,<=2,<=25,,,<=12,,<=1/19,,<=1,<=25,=64,<=1,,,<=1,<=25/4,<=2,<=4,<=1,<=25,=4/2,<=12/4,<=4,=4,<=12,<=25,,,,,,,,,
573.32138,EKP,<=0.25,<=4,<=0.12,,,,,,,,>=32,<=1,<=2,>=64,=4,,,,,,,=1,=64,>=64,,,,,,,,,,,>=64,,,,,,,,<=0.5,<=16,,,
573.42944,EKP,<=25,<=4,<=12,<=1,<=5,=64/4,<=25,<=25,,,>=32,<=1,<=2,<=25,,,<=12,,<=1/19,,>=16,<=25,=128,<=1,,,<=1,<=25/4,=8,<=4,=2,<=25,>=32/16,<=12/4,<=4,=4,<=12,<=25,,,,,,,,,
573.44124,EKP,<=25,<=4,<=12,>=16,=1,=32/4,>=64,>=8,,,>=32,>=16,<=2,>=64,,,>=32,,=2/38,,>=16,=2,=32,>=64,,,>=64,=16/4,>=64,<=4,>=64,=5,>=32/16,<=12/4,>=64,>=32,=1,=2,,,,,,,,,
573.41999,EKP,<=25,<=4,<=12,<=1,<=5,<=4/4,<=25,<=25,,,>=32,<=1,<=2,<=25,,,<=12,,<=1/19,,<=1,<=25,=64,<=1,,,<=1,<=25/4,<=2,<=4,=2,<=25,=8/4,<=12/4,<=4,=4,<=12,<=25,,,,,,,,,
573.4202,EKP,=4,<=4,>=8,>=16,=2,>=128/4,>=64,>=8,,,>=32,>=16,=8,>=64,,,>=32,,>=16/304,,>=16,>=4,=128,=16,,,=16,=8/4,>=64,<=4,>=64,=2,>=32/16,=25/4,>=64,=16,=1,=2,,,,,,,,,
573.41997,EKP,<=25,<=4,<=12,<=1,<=5,=8/4,<=25,<=25,,,>=32,<=1,<=2,<=25,,,<=12,,<=1/19,,=2,<=25,=128,<=1,,,<=1,<=25/4,=4,<=4,=4,<=25,=8/4,<=12/4,<=4,=8,<=12,=5,,,,,,,,,
573.27327,EKP,>=16,,>=8,,,,,,,,,4,>=64,,,,,,>=320,,,>=4,,,,,,,,,,>=16,,,,,,,,,,,,,,,
573.40406,EKP,<=25,<=4,<=12,=8,>=8,=32/4,>=64,>=8,,,>=32,>=16,<=2,>=64,,,>=32,,>=16/304,,>=16,=2,<=16,=16,,,>=64,=1/4,>=64,<=4,>=64,<=25,>=32/16,=5/4,>=64,>=32,=1,=4,,,,,,,,,
573.42932,EKP,>=16,>=64,>=8,>=16,=2,>=128/4,>=64,>=8,,,>=32,>=16,=32,>=64,,,>=32,,>=16/304,,>=16,>=4,=256,>=64,,,>=64,>=32/4,>=64,>=64,>=64,>=16,>=32/16,>=16/4,>=64,>=32,>=8,>=8,,,,,,,,,
573.5692,EKP,<=0.25,<=4,<=0.5,8,2,>=128,>=64,,,>=32,>=32,<=1,<=2,,,,16,>=16,,,,>=4,,>=64,,,>=64,,,,>=64,,,,,,,,,>=64,,,,,,,
573.41176,EKP,<=25,=16,<=12,>=16,=1,>=128/4,>=64,>=8,,,>=32,>=16,>=64,>=64,,,>=32,,>=16/304,,>=16,>=4,=64,>=64,,,>=64,=16/4,>=64,<=4,>=64,=5,>=32/16,<=12/4,>=64,>=32,=4,>=8,,,,,,,,,
573.5726,EKP,<=0.25,<=4,<=0.5,8,2,32,4,,,16,>=32,>=16,<=2,,,,<=1,>=16,,,,1,,4,,,<=1,,,,>=64,,,,,,,,,>=64,,,,,,,
1328380.3,EKP,<=0.25,,<=0.5,,,,<=1,,,,>=32,<=1,<=2,,,,,,<=20,,,>=4,256,,,,,,<=1,,,<=1,,,<=4,,4,,,,,,,,,,
573.40363,EKP,>=16,>=64,>=8,>=16,=1,>=128/4,>=64,>=8,,,>=32,=2,=8,>=64,,,>=32,,<=1/19,,=4,>=4,>=512,>=64,,,>=64,>=32/4,>=64,=32,>=64,>=16,>=32/16,=5/4,>=64,>=32,>=8,>=8,,,,,,,,,
573.42884,EKP,<=25,<=4,<=12,<=1,<=5,<=4/4,<=25,<=25,,,<=2,<=1,<=2,<=25,,,<=12,,<=1/19,,<=1,<=25,=128,<=1,,,<=1,<=25/4,<=2,<=4,=2,=5,<=2/1,<=12/4,<=4,=4,<=12,<=25,,,,,,,,,
72407.511,EKP,>=16,>=64,>=8,>=16,1,>=128,>=64,,,>=32,>=32,>=16,>=64,,,,>=32,,<=20,,,>=4,,>=64,,,>=64,,,,>=64,,,,,,,,,,,,,,,,
573.42933,EKP,>=16,>=64,>=8,>=16,>=8,>=128/4,>=64,>=8,,,>=32,>=16,>=64,>=64,,,>=32,,>=16/304,,>=16,>=4,>=512,>=64,,,>=64,>=32/4,>=64,=32,>=64,=2,>=32/16,=5/4,>=64,>=32,>=8,>=8,,,,,,,,,
573.44075,EKP,<=25,=32,<=12,<=1,>=8,>=128/4,<=25,=2,,,>=32,<=1,<=2,<=25,,,<=12,,<=1/19,,>=16,<=25,=128,<=1,,,<=1,=1/4,=32,<=4,=32,<=25,>=32/16,=5/4,=16,>=32,=1,=1,,,,,,,,,
573.40394,EKP,>=16,>=64,>=8,>=16,>=8,>=128/4,>=64,>=8,,,>=32,=8,<=2,>=64,,,>=32,,>=16/304,,>=16,>=4,>=512,>=64,,,>=64,>=32/4,>=64,>=64,>=64,>=16,>=32/16,>=16/4,>=64,>=32,>=8,>=8,,,,,,,,,
1438791.3,EKP,<=0.25,,<=0.5,,,,<=1,,,,8,<=1,<=2,,,,,,<=20,,,<=0.25,32,,,,,,<=1,,,<=0.25,<=2,,<=4,,<=0.12,,,,,,,,,,
573.42924,EKP,<=25,<=4,<=12,=8,>=8,=32/4,>=64,>=8,,,>=32,>=16,<=2,>=64,,,>=32,,>=16/304,,>=16,=2,<=16,=16,,,>=64,=1/4,>=64,<=4,>=64,<=25,>=32/16,=5/4,>=64,>=32,=1,=4,,,,,,,,,
573.24272,EKP,>=16,,>=8,,,,,,,,,8,>=64,,,,,,<=20,,,>=4,,,,,,,,,,>=16,,,,,,,,,,,,,,,
573.42921,EKP,=8,>=64,>=8,=8,=4,>=128/4,>=64,>=8,,,>=32,>=16,=16,>=64,,,>=32,,>=16/304,,>=16,>=4,>=512,>=64,,,>=64,>=32/4,>=64,<=4,>=64,=2,>=32/16,=1/4,>=64,>=32,>=8,>=8,,,,,,,,,
72407.567,EKP,<=0.25,<=4,<=0.12,<=1,2,<=4,>=64,,,>=32,>=32,<=1,<=2,,,,>=32,,>=320,,,0.5,,32,,,>=64,,,,>=64,,,,,,,,,,,,,,,,
573.41994,EKP,<=25,<=4,<=12,<=1,<=5,<=4/4,<=25,<=25,,,>=32,<=1,<=2,<=25,,,<=12,,<=1/19,,<=1,<=25,=64,<=1,,,<=1,<=25/4,<=2,<=4,=2,=1,=8/4,<=12/4,<=4,<=2,<=12,<=25,,,,,,,,,
72407.536,EKP,<=0.25,<=4,0.25,>=16,2,>=128,>=64,,,>=32,>=32,>=16,4,,,,>=32,,>=320,,,>=4,,>=64,,,>=64,,,,>=64,,,,,,,,,,,,,,,,
573.5701,EKP,<=0.25,8,<=0.5,8,4,32,32,,,16,>=32,<=1,<=2,,,,2,>=16,,,,>=4,,16,,,32,,,,>=64,,,,,,,,,>=64,,,,,,,
573.41137,EKP,<=25,<=4,<=12,>=16,<=5,=8/4,=16,>=8,,,>=32,>=16,=16,=32,,,=1,,>=16/304,,=2,=5,=64,>=64,,,>=64,<=25/4,>=64,<=4,=16,<=25,=16/8,=25/4,>=64,=16,=1,=2,,,,,,,,,
573.42022,EKP,<=25,<=4,<=12,<=1,<=5,<=4/4,<=25,<=25,,,>=32,<=1,<=2,<=25,,,<=12,,=2/38,,>=16,<=25,=128,<=1,,,<=1,<=25/4,<=2,<=4,=2,<=25,=8/4,<=12/4,<=4,<=2,<=12,<=25,,,,,,,,,
573.42027,EKP,<=25,>=64,<=12,=8,=1,>=128/4,=16,>=8,,,>=32,=8,<=2,=32,,,=1,,>=16/304,,=4,>=4,=256,>=64,,,=4,=16/4,>=64,>=64,>=64,<=25,>=32/16,=1/4,>=64,>=32,>=8,>=8,,,,,,,,,
573.40451,EKP,<=25,<=4,<=12,<=1,<=5,=8/4,<=25,<=25,,,<=2,<=1,<=2,<=25,,,<=12,,<=1/19,,<=1,<=25,=32,<=1,,,<=1,<=25/4,<=2,<=4,<=1,<=25,<=2/1,<=12/4,<=4,<=2,<=12,<=25,,,,,,,,,
573.14772,EKP,>=16,,>=8,,,,,,,,,2,>=64,,,,,,<=20,,,>=4,,,,,,,,,,>=16,,,,,,,,,,,,,,,
573.41166,EKP,=4,<=4,>=8,>=16,=2,>=128/4,>=64,>=8,,,>=32,>=16,=8,>=64,,,>=32,,>=16/304,,>=16,>=4,=128,=16,,,=16,=8/4,>=64,<=4,>=64,=2,>=32/16,=25/4,>=64,=16,=1,=2,,,,,,,,,
573.44078,EKP,=8,>=64,>=8,>=16,>=8,>=128/4,>=64,>=8,,,>=32,<=1,<=2,>=64,,,>=32,,>=16/304,,>=16,>=4,=64,>=64,,,>=64,>=32/4,>=64,>=64,>=64,>=16,>=32/16,>=16/4,>=64,>=32,=4,>=8,,,,,,,,,
573.5795,EKP,<=0.25,<=4,<=0.5,>=16,1,16,>=64,,,>=32,>=32,>=16,<=2,,,,>=64,>=16,,,,<=0.25,,16,,,16,,,,>=64,,,,,,,,,>=64,,,,,,,
573.42875,EKP,>=16,>=64,>=8,>=16,=1,>=128/4,>=64,>=8,,,>=32,<=1,>=64,>=64,,,>=32,,>=16/304,,=8,>=4,=256,>=64,,,>=64,>=32/4,>=64,>=64,>=64,>=16,>=32/16,=1/4,>=64,>=32,>=8,>=8,,,,,,,,,
573.44064,EKP,>=16,>=64,>=8,=8,=1,>=128/4,>=64,>=8,,,>=32,>=16,<=2,>=64,,,>=32,,>=16/304,,>=16,>=4,>=512,>=64,,,>=64,>=32/4,>=64,>=64,>=64,>=16,>=32/16,>=16/4,>=64,>=32,>=8,>=8,,,,,,,,,
1328375.3,EKP,4,,>=8,,,,>=64,,,,>=32,>=16,4,,,,,,>=320,,,>=4,>=512,,,,,,>=64,,,<=1,,,>=64,,>=8,,,,,,,,,,
1328372.3,EKP,<=0.25,,<=0.5,,,,<=1,,,,16,<=1,<=2,,,,,,<=20,,,<=0.25,64,,,,,,<=1,,,<=1,,,<=4,,<=0.12,,,,,,,,,,
573.24288,EKP,=8,>=64,,>=16,,>=128/4,,,,=16/8,>=32,>=16,<=2,>=64,,,>=64,,>=16/304,,>=16,>=4,=256,>=64,,,,,,,,,,,>=64,,>=8,,,,,,,,,,
1438804.3,EKP,>=16,>=64,>=1,,4,,>=64,,,,>=32,<=1,>=64,,,,,,>=320,,,>=4,256,>=64,,,,,8,,,>=16,>=32,,>=8,,>=8,,,,,,,,,,
573.44116,EKP,<=25,<=4,<=12,<=1,<=5,<=4/4,<=25,<=25,,,>=32,<=1,<=2,<=25,,,<=12,,<=1/19,,<=1,<=25,=128,<=1,,,<=1,<=25/4,<=2,<=4,=2,=5,=8/4,<=12/4,<=4,=4,<=12,<=25,,,,,,,,,
573.5801,EKP,<=0.25,>=64,<=0.5,<=1,1,64,16,,,>=32,>=32,<=1,<=2,,,,2,>=16,,,,1,,>=64,,,16,,,,>=64,,,,,,,,,>=64,,,,,,,
573.41949,EKP,<=25,<=4,<=12,<=1,=1,<=4/4,<=25,<=25,,,>=32,<=1,<=2,<=25,,,<=12,,>=16/304,,=4,=2,=256,<=1,,,<=1,=5/4,=8,<=4,=4,<=25,=8/4,=5/4,<=4,>=32,=4,>=8,,,,,,,,,
1400183.3,EKP,<=0.25,<=4,<=0.25,,<=2,,<=1,,,,>=32,<=1,<=2,,,,,,<=20,,,<=0.25,64,<=1,,,,,<=1,,,<=1,4,,<=2,,<=0.12,,,,,,,,,,
573.24316,EKP,>=16,,>=8,,,,,,,,,4,>=64,,,,,,>=320,,,>=4,,,,,,,,,,>=16,,,,,,,,,,,,,,,
72407.483,EKP,<=0.25,16,0.25,<=1,1,>=128,>=64,,,>=32,>=32,<=1,<=2,,,,>=32,,>=320,,,>=4,,>=64,,,>=64,,,,>=64,,,,,,,,,,,,,,,,
573.41991,EKP,>=16,=32,>=8,<=1,<=5,>=128/4,=32,>=8,,,>=32,>=16,<=2,>=64,,,>=32,,>=16/304,,=4,>=4,=128,>=64,,,>=64,>=32/4,>=64,<=4,>=64,>=16,>=32/16,=5/4,>=64,>=32,>=8,>=8,,,,,,,,,
1400180.3,EKP,>=16,>=64,>=1,,>=2,,>=64,,,,>=32,>=16,>=64,,,,,,>=320,,,>=4,128,>=64,,,,,>=64,,,4,>=32,,>=8,,>=8,,,,,,,,,,
72407.518,EKP,<=0.25,<=4,<=0.12,>=16,2,16,>=64,,,>=32,>=32,>=16,8,,,,>=32,,>=320,,,1,,32,,,16,,,,>=64,,,,,,,,,,,,,,,,
72407.593,EKP,<=0.25,<=4,<=0.12,<=1,2,32,>=64,,,>=32,>=32,<=1,<=2,,,,>=32,,>=320,,,>=4,,>=64,,,>=64,,,,>=64,,,,,,,,,,,,,,,,
573.41165,EKP,>=16,>=64,>=8,=8,>=8,>=128/4,>=64,>=8,,,>=32,>=16,<=2,>=64,,,>=32,,>=16/304,,>=16,>=4,=256,=16,,,>=64,>=32/4,>=64,>=64,>=64,>=16,>=32/16,=1/4,>=64,>=32,>=8,>=8,,,,,,,,,
573.42904,EKP,<=25,<=4,<=12,<=1,<=5,<=4/4,<=25,<=25,,,>=32,<=1,<=2,<=25,,,<=12,,<=1/19,,<=1,<=25,=64,<=1,,,<=1,<=25/4,<=2,<=4,=2,<=25,=8/4,<=12/4,<=4,=4,<=12,<=25,,,,,,,,,
573.41971,EKP,<=25,<=4,<=12,<=1,<=5,<=4/4,>=64,>=8,,,>=32,<=1,<=2,>=64,,,>=32,,>=16/304,,<=1,=1,=256,=16,,,=16,<=25/4,>=64,<=4,>=64,<=25,>=32/16,=25/4,>=64,=16,=1,=2,,,,,,,,,
573.42002,EKP,<=25,<=4,<=12,<=1,<=5,<=4/4,<=25,<=25,,,>=32,<=1,<=2,<=25,,,<=12,,<=1/19,,<=1,<=25,<=16,<=1,,,<=1,<=25/4,<=2,<=4,=2,<=25,=8/4,<=12/4,<=4,=4,<=12,<=25,,,,,,,,,
573.40359,EKP,<=25,<=4,<=12,<=1,<=5,<=4/4,<=25,<=25,,,>=32,<=1,<=2,<=25,,,<=12,,<=1/19,,<=1,<=25,=128,<=1,,,<=1,<=25/4,<=2,<=4,<=1,<=25,=8/4,<=12/4,<=4,=4,<=12,<=25,,,,,,,,,
573.40405,EKP,>=16,>=64,>=8,>=16,=2,>=128/4,>=64,>=8,,,>=32,=8,>=64,>=64,,,>=32,,>=16/304,,=8,>=4,>=512,>=64,,,>=64,>=32/4,>=64,>=64,>=64,>=16,>=32/16,=8/4,>=64,>=32,>=8,>=8,,,,,,,,,
573.33903,EKP,<=0.25,<=4,<=0.12,,,,,,,,>=32,<=1,<=2,>=64,=4,,,,,,,=0.5,=32,=32,,,,,,,,,,,>=64,,,,,,,,<=0.5,<=16,,,
573.44115,EKP,<=25,<=4,<=12,<=1,<=5,<=4/4,<=25,<=25,,,>=32,<=1,<=2,<=25,,,<=12,,<=1/19,,<=1,<=25,<=16,<=1,,,<=1,<=25/4,<=2,<=4,=2,<=25,=8/4,<=12/4,<=4,=4,<=12,<=25,,,,,,,,,
573.41136,EKP,>=16,=32,>=8,<=1,<=5,>=128/4,=32,>=8,,,>=32,>=16,<=2,>=64,,,>=32,,>=16/304,,=4,>=4,=128,>=64,,,>=64,>=32/4,>=64,<=4,>=64,>=16,>=32/16,=5/4,>=64,>=32,>=8,>=8,,,,,,,,,
573.41968,EKP,<=25,<=4,<=12,>=16,<=5,=16/4,>=64,>=8,,,>=32,>=16,<=2,>=64,,,>=32,,>=16/304,,>=16,=2,=128,=16,,,=16,<=25/4,>=64,<=4,>=64,<=25,>=32/16,<=12/4,>=64,=8,=1,=2,,,,,,,,,
573.40441,EKP,>=16,>=64,>=8,=8,>=8,>=128/4,>=64,>=8,,,>=32,>=16,<=2,>=64,,,>=32,,>=16/304,,>=16,>=4,=256,=16,,,>=64,>=32/4,>=64,>=64,>=64,>=16,>=32/16,=1/4,>=64,>=32,>=8,>=8,,,,,,,,,
573.5815,EKP,<=0.25,<=4,<=0.5,8,2,>=128,>=64,,,16,>=32,>=16,<=2,,,,>=64,<=0.5,,,,1,,>=64,,,>=64,,,,>=64,,,,,,,,,>=64,,,,,,,
573.40398,EKP,>=16,>=64,>=8,>=16,<=5,>=128/4,>=64,>=8,,,>=32,>=16,=16,>=64,,,>=32,,>=16/304,,=2,=2,=128,>=64,,,>=64,>=32/4,>=64,<=4,>=64,=8,>=32/16,=4/4,>=64,=16,=1,=2,,,,,,,,,
573.5716,EKP,<=0.25,<=4,<=0.5,8,2,>=128,>=64,,,>=32,>=32,<=1,<=2,,,,>=64,>=16,,,,2,,>=64,,,>=64,,,,>=64,,,,,,,,,>=64,,,,,,,
573.43103,EKP,>=16,>=64,>=8,>=16,<=5,>=128/4,>=64,>=8,,,>=32,>=16,>=64,>=64,,,>=32,,>=16/304,,<=1,>=4,=128,>=64,,,>=64,>=32/4,>=64,>=64,>=64,>=16,>=32/16,>=16/4,>=64,>=32,>=8,>=8,,,,,,,,,
573.42915,EKP,<=25,<=4,<=12,<=1,<=5,<=4/4,<=25,<=25,,,>=32,<=1,<=2,<=25,,,<=12,,<=1/19,,<=1,<=25,=128,<=1,,,<=1,<=25/4,<=2,<=4,=2,<=25,=4/2,<=12/4,<=4,=4,<=12,<=25,,,,,,,,,
573.42896,EKP,>=16,>=64,>=8,>=16,=4,>=128/4,>=64,>=8,,,>=32,>=16,<=2,>=64,,,>=32,,>=16/304,,=8,>=4,=256,>=64,,,>=64,>=32/4,>=64,=32,>=64,>=16,>=32/16,=1/4,>=64,>=32,>=8,>=8,,,,,,,,,
573.41294,EKP,>=16,>=64,>=8,>=16,=1,>=128/4,>=64,>=8,,,>=32,<=1,=16,>=64,,,>=32,,>=16/304,,=8,>=4,=256,>=64,,,>=64,>=32/4,>=64,>=64,>=64,>=16,>=32/16,>=16/4,>=64,>=32,>=8,>=8,,,,,,,,,
573.41117,EKP,<=25,<=4,<=12,>=16,<=5,>=128/4,>=64,>=8,,,>=32,>=16,=16,>=64,,,>=32,,>=16/304,,=2,>=4,=128,>=64,,,>=64,>=32/4,>=64,<=4,>=64,<=25,>=32/16,=1/4,>=64,>=32,>=8,>=8,,,,,,,,,
573.41151,EKP,<=25,<=4,<=12,<=1,<=5,=64/4,<=25,<=25,,,>=32,<=1,<=2,<=25,,,<=12,,<=1/19,,>=16,<=25,=128,<=1,,,<=1,<=25/4,=8,<=4,=2,<=25,>=32/16,<=12/4,<=4,=4,<=12,<=25,,,,,,,,,
573.41992,EKP,<=25,<=4,<=12,>=16,<=5,=8/4,=16,>=8,,,>=32,>=16,=16,=32,,,=1,,>=16/304,,=2,=5,=64,>=64,,,>=64,<=25/4,>=64,<=4,=16,<=25,=16/8,=25/4,>=64,=16,=1,=2,,,,,,,,,
72407.525,EKP,<=0.25,<=4,<=0.12,>=16,2,16,>=64,,,>=32,>=32,>=16,8,,,,>=32,,>=320,,,1,,32,,,16,,,,>=64,,,,,,,,,,,,,,,,
72407.533,EKP,<=0.25,8,0.25,>=16,2,64,>=64,,,>=32,>=32,>=16,>=64,,,,>=32,,>=320,,,>=4,,>=64,,,>=64,,,,>=64,,,,,,,,,,,,,,,,
573.41096,EKP,<=25,<=4,<=12,<=1,=1,<=4/4,<=25,<=25,,,>=32,<=1,<=2,<=25,,,<=12,,>=16/304,,=4,=2,=256,<=1,,,<=1,=5/4,=8,<=4,=4,<=25,=8/4,=5/4,<=4,>=32,=4,>=8,,,,,,,,,
573.44107,EKP,<=25,<=4,<=12,<=1,<=5,<=4/4,<=25,<=25,,,>=32,<=1,<=2,<=25,,,<=12,,<=1/19,,<=1,<=25,=64,<=1,,,<=1,<=25/4,<=2,<=4,=2,=1,=8/4,<=12/4,<=4,<=2,<=12,<=25,,,,,,,,,
1328365.3,EKP,<=0.25,,<=0.5,,,,<=1,,,,16,<=1,<=2,,,,,,<=20,,,<=0.25,64,,,,,,<=1,,,<=1,,,<=4,,<=0.12,,,,,,,,,,
573.40417,EKP,<=25,<=4,<=12,<=1,<=5,=8/4,<=25,<=25,,,>=32,<=1,<=2,<=25,,,<=12,,<=1/19,,=2,<=25,=128,<=1,,,<=1,<=25/4,=4,<=4,=4,<=25,=8/4,<=12/4,<=4,=8,<=12,=5,,,,,,,,,
573.40432,EKP,<=25,<=4,<=12,<=1,=1,<=4/4,>=64,>=8,,,>=32,<=1,<=2,>=64,,,>=32,,>=16/304,,>=16,=1,=128,=16,,,=16,<=25/4,>=64,<=4,>=64,<=25,>=32/16,<=12/4,>=64,=16,=1,=2,,,,,,,,,
573.14778,EKP,>=16,,>=8,,,,,,,,,<=1,<=2,,,,,,>=320,,,>=4,,,,,,,,,,>=16,,,,,,,,,,,,,,,
573.41084,EKP,<=25,<=4,<=12,<=1,<=5,<=4/4,<=25,<=25,,,>=32,<=1,<=2,<=25,,,<=12,,<=1/19,,<=1,<=25,=64,<=1,,,<=1,<=25/4,=4,<=4,=4,<=25,=8/4,=25/4,<=4,=4,<=12,<=25,,,,,,,,,
573.42922,EKP,<=25,>=64,<=12,=8,=4,=64/4,>=64,>=8,,,>=32,>=16,<=2,>=64,,,>=32,,>=16/304,,>=16,>=4,=128,=16,,,>=64,=1/4,>=64,<=4,>=64,=1,>=32/16,=5/4,>=64,>=32,>=8,>=8,,,,,,,,,
72407.551,EKP,<=0.25,<=4,0.25,>=16,2,>=128,>=64,,,>=32,>=32,>=16,>=64,,,,>=32,,>=320,,,>=4,,>=64,,,>=64,,,,>=64,,,,,,,,,,,,,,,,
573.44058,EKP,<=25,<=4,<=12,<=1,<=5,=32/4,<=25,<=25,,,>=32,<=1,<=2,<=25,,,<=12,,<=1/19,,>=16,<=25,=128,<=1,,,<=1,<=25/4,=4,<=4,=2,<=25,>=32/16,<=12/4,<=4,=4,<=12,<=25,,,,,,,,,
573.44139,EKP,<=25,=16,<=12,>=16,=1,>=128/4,>=64,>=8,,,>=32,>=16,>=64,>=64,,,>=32,,>=16/304,,>=16,>=4,=64,>=64,,,>=64,=16/4,>=64,<=4,>=64,=5,>=32/16,<=12/4,>=64,>=32,=4,>=8,,,,,,,,,
573.42968,EKP,<=25,<=4,<=12,<=1,<=5,=8/4,<=25,<=25,,,<=2,<=1,<=2,<=25,,,<=12,,<=1/19,,<=1,<=25,=32,<=1,,,<=1,<=25/4,<=2,<=4,<=1,<=25,<=2/1,<=12/4,<=4,<=2,<=12,<=25,,,,,,,,,
573.42961,EKP,<=25,<=4,<=12,>=16,<=5,=32/4,>=64,>=8,,,>=32,>=16,<=2,>=64,,,>=32,,>=16/304,,<=1,>=4,=128,>=64,,,>=64,>=32/4,>=64,<=4,>=64,<=25,>=32/16,<=12/4,>=64,=16,=1,=2,,,,,,,,,
573.5825,EKP,<=0.25,>=64,<=0.5,2,2,16,8,,,>=32,>=32,<=1,<=2,,,,<=1,>=16,,,,>=4,,16,,,8,,,,>=64,,,,,,,,,>=64,,,,,,,
573.41107,EKP,<=25,<=4,<=12,>=16,<=5,=16/4,>=64,>=8,,,>=32,>=16,<=2,>=64,,,>=32,,>=16/304,,>=16,=2,=128,=4,,,=16,<=25/4,>=64,<=4,>=64,<=25,>=32/16,<=12/4,>=64,=16,=1,=2,,,,,,,,,
573.24284,EKP,<=0.25,<=4,<=0.5,>=16,,>=16/4,,,,=16/8,>=32,>=16,=8,>=64,,,=2,,>=16/304,,>=16,=1,=64,=8,,,,,,,,,,,>=64,,=1,,,,,,,,,,
573.42012,EKP,<=25,<=4,<=12,<=1,=1,<=4/4,>=64,>=8,,,>=32,<=1,<=2,>=64,,,>=32,,>=16/304,,>=16,=1,=128,=16,,,=16,<=25/4,>=64,<=4,>=64,<=25,>=32/16,<=12/4,>=64,=16,=1,=2,,,,,,,,,
573.41081,EKP,<=25,<=4,<=12,<=1,<=5,<=4/4,<=25,<=25,,,=16,<=1,<=2,<=25,,,<=12,,<=1/19,,<=1,<=25,=64,<=1,,,<=1,<=25/4,<=2,<=4,<=1,<=25,=4/2,<=12/4,<=4,=4,<=12,<=25,,,,,,,,,
573.24262,EKP,=2,>=64,,>=16,,>=128/4,,,,>=32/16,>=32,>=16,=4,>=64,,,>=64,,>=16/304,,>=16,>=4,>=512,>=64,,,,,,,,,,,,,>=8,,,,,,,,,,
573.24263,EKP,>=16,,>=8,,,,,,,,,4,>=64,,,,,,>=320,,,>=4,,,,,,,,,,>=16,,,,,,,,,,,,,,,
573.23991,EKP,>=16,,>=8,,,,,,,,,<=1,>=64,,,,,,>=320,,,>=4,,,,,,,,,,>=16,,,,,,,,,,,,,,,
573.27341,EKP,=1,,,,,,,,,=1/1,=1,=1,=1,=1,=1,,,=1,,,,=1,=1,,,=1,=1,,,,,=1,,,,,,,,,,,,=1,=1,,
573.5798,EKP,<=0.25,8,<=0.5,>=16,2,>=128,16,,,8,>=32,<=1,>=64,,,,2,2,,,,>=4,,>=64,,,>=64,,,,>=64,,,,,,,,,>=64,,,,,,,
573.42957,EKP,=4,<=4,>=8,>=16,=2,>=128/4,>=64,>=8,,,>=32,>=16,=8,>=64,,,>=32,,>=16/304,,>=16,>=4,=128,=16,,,=16,=8/4,>=64,<=4,>=64,=2,>=32/16,=25/4,>=64,=16,=1,=2,,,,,,,,,
72407.562,EKP,<=0.25,<=4,<=0.12,<=1,2,<=4,>=64,,,16,>=32,<=1,<=2,,,,>=32,,>=320,,,<=0.25,,32,,,16,,,,>=64,,,,,,,,,,,,,,,,
573.27348,EKP,=1,,,,,,,,,=1/1,=1,=1,=1,=1,=1,,,=1,,,,=1,=1,,,=1,=1,,,,,=1,,,,,,,,,,,,=1,=1,,
573.42094,EKP,>=16,>=64,>=8,>=16,=1,>=128/4,>=64,>=8,,,>=32,<=1,=16,>=64,,,>=32,,<=1/19,,>=16,>=4,=256,>=64,,,>=64,>=32/4,>=64,>=64,>=64,>=16,>=32/16,=1/4,>=64,>=32,>=8,>=8,,,,,,,,,
573.5719,EKP,4,>=64,>=8,>=16,4,>=128,4,,,>=32,>=32,8,32,,,,<=1,>=16,,,,1,,>=64,,,2,,,,>=64,,,,,,,,,>=64,,,,,,,
1328373.3,EKP,>=16,,4,,,,8,,,,>=32,8,<=2,,,,,,<=20,,,<=0.25,64,,,,,,2,,,4,,,>=64,,<=0.12,,,,,,,,,,
573.41104,EKP,<=25,=32,<=12,<=1,>=8,>=128/4,<=25,=2,,,>=32,<=1,<=2,<=25,,,<=12,,<=1/19,,>=16,<=25,=128,<=1,,,<=1,=1/4,=32,<=4,=32,<=25,>=32/16,=5/4,=16,>=32,=1,=1,,,,,,,,,
573.40401,EKP,<=25,<=4,<=12,=4,=1,<=4/4,>=64,>=8,,,>=32,>=16,<=2,>=64,,,>=32,,>=16/304,,>=16,=5,=128,=4,,,=2,<=25/4,>=64,<=4,>=64,<=25,=16/8,<=12/4,>=64,=16,=1,=2,,,,,,,,,
573.24298,EKP,<=0.25,<=4,<=0.5,>=16,,>=128/4,,,,=16/8,>=32,<=1,=16,=32,,,=2,,>=16/304,,=4,>=4,<=16,>=64,,,,,,,,,,,>=64,,>=8,,,,,,,,,,
573.42025,EKP,<=25,<=4,<=12,>=16,=1,=16/4,>=64,>=8,,,>=32,<=1,=4,>=64,,,>=32,,>=16/304,,>=16,=2,=128,=4,,,=16,<=25/4,>=64,<=4,>=64,<=25,>=32/16,<=12/4,>=64,=16,=1,=2,,,,,,,,,
573.27345,EKP,=1,,,,,,,,,=1/1,=1,=1,=1,=1,=1,,,=1,,,,=1,=1,,,=1,=1,,,,,=1,,,,,,,,,,,,=1,=1,,
573.41123,EKP,<=25,<=4,<=12,>=16,=1,=16/4,>=64,>=8,,,>=32,<=1,<=2,>=64,,,>=32,,>=16/304,,>=16,=1,=64,=8,,,=16,<=25/4,>=64,<=4,>=64,<=25,>=32/16,<=12/4,>=64,=16,=1,=2,,,,,,,,,
573.40445,EKP,<=25,<=4,<=12,>=16,=1,=16/4,>=64,>=8,,,>=32,<=1,=4,>=64,,,>=32,,>=16/304,,>=16,=2,=128,=4,,,=16,<=25/4,>=64,<=4,>=64,<=25,>=32/16,<=12/4,>=64,=16,=1,=2,,,,,,,,,
72407.482,EKP,<=0.25,<=4,<=0.12,>=16,2,16,>=64,,,>=32,>=32,>=16,4,,,,>=32,,>=320,,,2,,32,,,16,,,,>=64,,,,,,,,,,,,,,,,
573.41105,EKP,<=25,<=4,<=12,>=16,<=5,=16/4,>=64,>=8,,,>=32,>=16,<=2,>=64,,,>=32,,>=16/304,,>=16,=2,=128,=16,,,=16,<=25/4,>=64,<=4,>=64,<=25,>=32/16,<=12/4,>=64,=16,=1,=2,,,,,,,,,
573.44117,EKP,<=25,<=4,<=12,<=1,<=5,>=128/4,<=25,<=25,,,>=32,<=1,<=2,<=25,,,<=12,,>=16/304,,>=16,<=25,=256,<=1,,,<=1,<=25/4,=8,<=4,=2,<=25,>=32/16,<=12/4,>=64,<=2,<=12,<=25,,,,,,,,,
573.31034,EKP,<=0.25,<=4,<=0.5,,,,,,,,>=32,<=1,<=2,>=64,,,,,,,,=1,=64,=8,,,,,,,,,,,,,,,,,,,,<=16,,,
573.14791,EKP,>=16,,>=8,,,,,,,,,4,>=64,,,,,,>=320,,,>=4,,,,,,,,,,>=16,,,,,,,,,,,,,,,
573.42965,EKP,<=25,<=4,<=12,>=16,=1,=32/4,>=64,>=8,,,>=32,>=16,<=2,>=64,,,>=32,,>=16/304,,>=16,=2,=128,=16,,,=32,=16/4,>=64,<=4,>=64,<=25,>=32/16,=5/4,>=64,=16,=1,=4,,,,,,,,,
573.40367,EKP,<=25,<=4,<=12,<=1,<=5,<=4/4,<=25,<=25,,,<=2,<=1,<=2,<=25,,,<=12,,<=1/19,,<=1,<=25,=128,<=1,,,<=1,<=25/4,<=2,<=4,=2,=5,<=2/1,<=12/4,<=4,=4,<=12,<=25,,,,,,,,,
573.42007,EKP,<=25,<=4,<=12,<=1,<=5,=64/4,<=25,<=25,,,>=32,<=1,<=2,<=25,,,<=12,,<=1/19,,>=16,<=25,=128,<=1,,,<=1,<=25/4,=8,<=4,=2,<=25,>=32/16,<=12/4,<=4,=4,<=12,<=25,,,,,,,,,
573.40388,EKP,<=25,>=64,<=12,<=1,>=8,=16/4,<=25,=2,,,>=32,<=1,<=2,=1,,,<=12,,<=1/19,,>=16,<=25,=128,<=1,,,<=1,=1/4,>=64,<=4,>=64,<=25,>=32/16,=5/4,<=4,>=32,=1,=4,,,,,,,,,
573.5806,EKP,<=0.25,<=4,<=0.5,8,2,16,>=64,,,16,>=32,>=16,<=2,,,,2,>=16,,,,>=4,,16,,,16,,,,>=64,,,,,,,,,>=64,,,,,,,
573.42959,EKP,<=25,<=4,<=12,<=1,<=5,<=4/4,<=25,<=25,,,>=32,<=1,<=2,<=25,,,<=12,,=2/38,,>=16,<=25,=128,<=1,,,<=1,<=25/4,<=2,<=4,=2,<=25,=8/4,<=12/4,<=4,<=2,<=12,<=25,,,,,,,,,
1438785.3,EKP,<=0.25,,<=0.5,,,,<=1,,,,>=32,<=1,<=2,,,,,,>=320,,,<=0.25,,,,,,,<=1,,,<=0.25,>=32,,<=4,,<=0.12,,,,,,,,,,
72407.527,EKP,<=0.25,<=4,<=0.12,>=16,2,32,>=64,,,>=32,>=32,>=16,8,,,,>=32,,>=320,,,2,,>=64,,,>=64,,,,>=64,,,,,,,,,,,,,,,,
573.42895,EKP,<=25,<=4,<=12,<=1,<=5,<=4/4,>=64,>=8,,,>=32,<=1,<=2,>=64,,,=2,,<=1/19,,<=1,<=25,<=16,=4,,,=4,<=25/4,>=64,<=4,>=64,<=25,=8/4,<=12/4,>=64,=4,<=12,<=25,,,,,,,,,
573.5802,EKP,<=0.25,<=4,<=0.5,<=1,4,8,>=64,,,8,>=32,<=1,<=2,,,,>=64,>=16,,,,1,,>=64,,,>=64,,,,>=64,,,,,,,,,>=64,,,,,,,
573.41141,EKP,<=25,<=4,<=12,>=16,<=5,=16/4,>=64,>=8,,,>=32,>=16,<=2,>=64,,,>=32,,>=16/304,,>=16,>=4,=128,>=64,,,>=64,=16/4,>=64,<=4,>=64,<=25,>=32/16,<=12/4,>=64,>=32,=4,>=8,,,,,,,,,
573.5717,EKP,<=0.25,>=64,<=0.5,2,2,16,16,,,>=32,>=32,<=1,<=2,,,,<=1,>=16,,,,>=4,,16,,,8,,,,>=64,,,,,,,,,>=64,,,,,,,
573.5679,EKP,<=0.25,<=4,<=0.5,4,2,>=128,>=64,,,>=32,>=32,<=1,<=2,,,,>=64,>=16,,,,>=4,,16,,,32,,,,>=64,,,,,,,,,>=64,,,,,,,
573.24249,EKP,=4,>=64,=4,=8,,>=128/4,,,,>=32/16,>=32,>=16,<=2,>=64,,,=2,,<=1/19,,>=16,<=0.25,,>=64,,,,,,,,,,,>=64,,=1,,,,,,,,,,
573.4109,EKP,<=25,<=4,<=12,>=16,=1,=16/4,>=64,>=8,,,>=32,<=1,<=2,>=64,,,>=32,,>=16/304,,>=16,<=25,=128,=16,,,=32,<=25/4,>=64,<=4,>=64,<=25,>=32/16,<=12/4,>=64,=4,<=12,<=25,,,,,,,,,
72407.504,EKP,>=16,>=64,>=8,>=16,1,>=128,>=64,,,>=32,>=32,>=16,>=64,,,,>=32,,>=320,,,2,,>=64,,,>=64,,,,>=64,,,,,,,,,,,,,,,,
573.5658,EKP,<=0.25,<=4,<=0.5,8,1,16,>=64,,,16,>=32,>=16,<=2,,,,2,>=16,,,,1,,16,,,16,,,,>=64,,,,,,,,,>=64,,,,,,,
573.43106,EKP,<=25,<=4,<=12,>=16,=1,=32/4,=32,>=8,,,>=32,<=1,<=2,=32,,,=2,,>=16/304,,>=16,>=4,=64,>=64,,,>=64,=8/4,>=64,<=4,=16,<=25,>=32/16,=25/4,>=64,>=32,>=8,>=8,,,,,,,,,
573.42883,EKP,<=25,<=4,<=12,<=1,<=5,=32/4,<=25,<=25,,,>=32,<=1,<=2,<=25,,,<=12,,<=1/19,,>=16,<=25,=128,<=1,,,<=1,<=25/4,=4,<=4,=2,<=25,>=32/16,<=12/4,<=4,=4,<=12,<=25,,,,,,,,,
72407.568,EKP,<=0.25,<=4,<=0.12,>=16,2,>=128,>=64,,,>=32,>=32,>=16,8,,,,>=32,,>=320,,,>=4,,>=64,,,>=64,,,,>=64,,,,,,,,,,,,,,,,
573.24312,EKP,=1,>=64,,>=16,,>=128/4,,,,=16/8,>=32,>=16,>=64,>=64,,,>=64,,=2/38,,>=16,>=4,>=512,>=64,,,,,,,,,,,>=64,,>=8,,,,,,,,,,
573.24294,EKP,<=0.25,=16,<=0.5,>=16,,=32/4,,,,=16/8,>=32,>=16,=4,>=64,,,>=64,,>=16/304,,>=16,>=4,=128,>=64,,,,,,,,,,,>=64,,>=8,,,,,,,,,,
573.40411,EKP,<=25,<=4,<=12,>=16,<=5,=8/4,=16,>=8,,,>=32,>=16,=16,=32,,,=1,,>=16/304,,=2,=5,=64,>=64,,,>=64,<=25/4,>=64,<=4,=16,<=25,=16/8,=25/4,>=64,=16,=1,=2,,,,,,,,,
1400170.3,EKP,32,32,<=0.25,,4,,<=1,,,,>=32,<=1,<=2,,,,,,>=320,,,>=4,>=320,<=1,,,,,<=1,,,,8,,<=1,,>=8,,,,,,,,,,
573.41132,EKP,>=16,>=64,>=8,>=16,=2,>=128/4,>=64,>=8,,,>=32,=8,>=64,>=64,,,>=32,,>=16/304,,=8,>=4,>=512,>=64,,,>=64,>=32/4,>=64,>=64,>=64,>=16,>=32/16,=8/4,>=64,>=32,>=8,>=8,,,,,,,,,
72407.537,EKP,<=0.25,8,<=0.12,<=1,2,>=128,>=64,,,>=32,>=32,>=16,<=2,,,,>=32,,>=320,,,>=4,,>=64,,,<=1,,,,8,,,,,,,,,,,,,,,,
573.41111,EKP,>=16,=16,>=8,=8,=2,>=128/4,=32,>=8,,,>=32,>=16,<=2,>=64,,,>=32,,>=16/304,,>=16,>=4,=64,=16,,,>=64,>=32/4,>=64,=8,>=64,>=16,>=32/16,=5/4,>=64,>=32,>=8,>=8,,,,,,,,,
573.44065,EKP,<=25,<=4,<=12,<=1,=1,<=4/4,<=25,<=25,,,>=32,<=1,<=2,<=25,,,<=12,,>=16/304,,=4,=2,=256,<=1,,,<=1,=5/4,=8,<=4,=4,<=25,=8/4,=5/4,<=4,>=32,=4,>=8,,,,,,,,,
573.44122,EKP,<=25,<=4,<=12,<=1,<=5,=64/4,<=25,<=25,,,>=32,<=1,<=2,<=25,,,<=12,,<=1/19,,>=16,=1,=128,<=1,,,<=1,<=25/4,=8,<=4,=2,<=25,>=32/16,<=12/4,<=4,>=32,=1,=2,,,,,,,,,
573.27338,EKP,=1,,,,,,,,,=1/1,=1,=1,=1,=1,=1,,,=1,,,,=1,=1,,,=1,=1,,,,,=1,,,,,,,,,,,,=1,=1,,
72407.575,EKP,<=0.25,16,0.25,>=16,2,32,>=64,,,>=32,>=32,8,>=64,,,,>=32,,>=320,,,>=4,,>=64,,,>=64,,,,>=64,,,,,,,,,,,,,,,,
573.44093,EKP,>=16,>=64,>=8,>=16,=1,>=128/4,>=64,>=8,,,>=32,<=1,=16,>=64,,,>=32,,>=16/304,,>=16,>=4,=256,>=64,,,>=64,>=32/4,>=64,>=64,>=64,>=16,>=32/16,>=16/4,>=64,>=32,>=8,>=8,,,,,,,,,
573.24274,EKP,>=16,,>=8,,,,,,,,,4,>=64,,,,,,>=320,,,>=4,,,,,,,,,,>=16,,,,,,,,,,,,,,,
1400179.3,EKP,<=0.25,<=4,<=0.25,,<=2,,<=1,,,,>=32,<=1,<=2,,,,,,<=20,,,<=0.25,64,<=1,,,,,<=1,,,<=1,4,,<=2,,<=0.12,,,,,,,,,,
573.40407,EKP,<=25,<=4,<=12,<=1,=1,>=128/4,<=25,<=25,,,>=32,<=1,<=2,<=25,,,<=12,,>=16/304,,=4,>=4,=256,<=1,,,<=1,=5/4,>=64,<=4,=16,<=25,>=32/16,=25/4,=16,>=32,=4,>=8,,,,,,,,,
573.4043,EKP,<=25,<=4,<=12,=8,<=5,=32/4,>=64,>=8,,,>=32,<=1,<=2,>=64,,,>=32,,>=16/304,,=2,>=4,>=512,=16,,,>=64,=1/4,>=64,<=4,>=64,=5,>=32/16,=5/4,>=64,>=32,>=8,>=8,,,,,,,,,
573.41175,EKP,<=25,<=4,<=12,<=1,<=5,=8/4,<=25,<=25,,,<=2,<=1,<=2,<=25,,,<=12,,<=1/19,,<=1,<=25,=32,<=1,,,<=1,<=25/4,<=2,<=4,<=1,<=25,<=2/1,<=12/4,<=4,<=2,<=12,<=25,,,,,,,,,
1438809.3,EKP,<=0.25,<=4,<=0.25,,4,,<=1,,,,>=32,<=1,<=2,,,,,,<=20,,,<=0.25,128,<=1,,,,,<=1,,,<=1,8,,<=2,,<=0.12,,,,,,,,,,
573.7096,EKP,<=0.25,<=4,<=0.5,8,1,8,<=1,,,16,>=32,>=16,<=2,,,,<=1,>=16,,,,1,,<=1,,,<=1,,,,4,,,,,,,,,>=64,,,,,,,
573.44129,EKP,<=25,<=4,<=12,<=1,<=5,<=4/4,<=25,<=25,,,>=32,<=1,<=2,<=25,,,<=12,,>=16/304,,<=1,<=25,=128,<=1,,,<=1,<=25/4,<=2,<=4,=2,<=25,=8/4,=25/4,<=4,=4,<=12,<=25,,,,,,,,,
573.31036,EKP,<=0.25,<=4,<=0.12,,,,,,,,>=32,>=16,<=2,>=64,=4,,,,,,,=2,=64,=32,,,,,,,,,,,>=64,,,,,,,,<=0.5,<=16,,,
72407.548,EKP,<=0.25,<=4,<=0.12,>=16,1,64,>=64,,,>=32,>=32,>=16,<=2,,,,>=32,,>=320,,,>=4,,>=64,,,>=64,,,,>=64,,,,,,,,,,,,,,,,
573.41945,EKP,<=25,<=4,<=12,=8,=1,<=4/4,>=64,>=8,,,>=32,>=16,<=2,>=64,,,>=32,,>=16/304,,>=16,=1,=256,=8,,,=16,<=25/4,>=64,<=4,>=64,<=25,>=32/16,<=12/4,>=64,=16,=1,=2,,,,,,,,,
1328378.3,EKP,<=0.25,,<=0.5,,,,<=1,,,,>=32,<=1,<=2,,,,,,>=320,,,<=0.25,32,,,,,,<=1,,,<=1,,,<=4,,<=0.12,,,,,,,,,,
573.4038,EKP,<=25,<=4,<=12,>=16,<=5,=16/4,>=64,>=8,,,>=32,>=16,<=2,>=64,,,>=32,,>=16/304,,>=16,=2,=128,=16,,,=16,<=25/4,>=64,<=4,>=64,<=25,>=32/16,<=12/4,>=64,=16,=1,=2,,,,,,,,,
573.4115,EKP,<=25,<=4,<=12,>=16,<=5,=32/4,>=64,>=8,,,>=32,>=16,<=2,=32,,,=4,,>=16/304,,=2,>=4,>=512,>=64,,,>=64,=8/4,>=64,<=4,>=64,<=25,>=32/16,=5/4,>=64,>=32,>=8,>=8,,,,,,,,,
573.4112,EKP,<=25,<=4,<=12,=8,<=5,<=4/4,>=64,>=8,,,>=32,>=16,<=2,>=64,,,>=32,,>=16/304,,>=16,<=25,=128,=16,,,=16,<=25/4,>=64,<=4,>=64,<=25,>=32/16,=25/4,>=64,=16,=1,=4,,,,,,,,,
573.40375,EKP,<=25,<=4,<=12,<=1,<=5,<=4/4,<=25,<=25,,,>=32,<=1,<=2,<=25,,,<=12,,<=1/19,,<=1,<=25,=128,<=1,,,<=1,<=25/4,<=2,<=4,=2,<=25,=8/4,<=12/4,<=4,=4,<=12,<=25,,,,,,,,,
573.41993,EKP,>=16,>=64,>=8,>=16,>=8,>=128/4,>=64,>=8,,,>=32,>=16,<=2,>=64,,,>=32,,>=16/304,,>=16,>=4,=256,>=64,,,>=64,>=32/4,>=64,>=64,>=64,=1,>=32/16,=1/4,>=64,>=32,>=8,>=8,,,,,,,,,
573.42966,EKP,<=25,<=4,<=12,<=1,<=5,=8/4,>=64,>=8,,,>=32,<=1,<=2,>=64,,,=2,,<=1/19,,<=1,=1,=128,<=1,,,=2,<=25/4,>=64,<=4,>=64,<=25,>=32/16,<=12/4,>=64,=16,=1,=4,,,,,,,,,
573.41118,EKP,<=25,<=4,<=12,>=16,=1,=16/4,>=64,>=8,,,>=32,<=1,=4,>=64,,,>=32,,>=16/304,,>=16,<=25,=128,=16,,,=16,<=25/4,>=64,<=4,>=64,<=25,>=32/16,=25/4,>=64,=4,<=12,<=25,,,,,,,,,
573.5812,EKP,<=0.25,<=4,<=0.5,8,2,16,>=64,,,>=32,>=32,>=16,<=2,,,,2,>=16,,,,1,,16,,,16,,,,>=64,,,,,,,,,>=64,,,,,,,
1438783.3,EKP,<=0.25,,<=0.5,,,,<=1,,,,16,<=1,<=2,,,,,,<=20,,,<=0.25,128,,,,,,<=1,,,<=0.25,4,,<=4,,<=0.12,,,,,,,,,,
573.42892,EKP,<=25,<=4,<=12,<=1,<=5,<=4/4,<=25,<=25,,,>=32,<=1,<=2,<=25,,,<=12,,<=1/19,,<=1,<=25,=128,<=1,,,<=1,<=25/4,<=2,<=4,=2,<=25,=8/4,<=12/4,<=4,=4,<=12,<=25,,,,,,,,,
573.1478,EKP,>=16,,>=8,,,,,,,,,4,>=64,,,,,,>=320,,,>=4,,,,,,,,,,>=16,,,,,,,,,,,,,,,
573.24286,EKP,<=0.25,>=64,,>=16,,>=128/4,,,,>=32/16,>=32,<=1,>=64,=16,,,=8,,>=16/304,,>=16,>=4,=256,>=64,,,,,,,,,,,>=64,,>=8,,,,,,,,,,
72407.584,EKP,<=0.25,<=4,<=0.12,<=1,<=0.5,8,>=64,,,16,>=32,<=1,<=2,,,,>=32,,<=20,,,<=0.25,,32,,,>=64,,,,>=64,,,,,,,,,,,,,,,,
573.9636,EKP,>=16,,>=8,,,,,,,,,4,>=64,,,,,,>=320,,,>=4,,,,,,,,,,>=16,,,,,,,,,,,,,,,
72407.586,EKP,<=0.25,<=4,0.25,>=16,2,32,>=64,,,>=32,>=32,>=16,>=64,,,,>=32,,>=320,,,>=4,,>=64,,,>=64,,,,>=64,,,,,,,,,,,,,,,,
573.44081,EKP,<=25,>=64,<=12,<=1,>=8,=16/4,<=25,=2,,,>=32,<=1,<=2,=1,,,<=12,,<=1/19,,>=16,<=25,=128,<=1,,,<=1,=1/4,>=64,<=4,>=64,<=25,>=32/16,=5/4,<=4,>=32,=1,=4,,,,,,,,,
573.44123,EKP,<=25,<=4,<=12,=8,<=5,=32/4,>=64,>=8,,,>=32,<=1,<=2,>=64,,,>=32,,>=16/304,,=2,>=4,>=512,=16,,,>=64,=1/4,>=64,<=4,>=64,=5,>=32/16,=5/4,>=64,>=32,>=8,>=8,,,,,,,,,
573.24285,EKP,<=0.25,=4,>=0.5,>=16,,=8/4,,,,>=16/8,=32,<=16,=4,=64,,,<=2,,>=16/304,,>=16,<=1,=128,>=4,,,,,,,,,,,>=64,,=1,,,,,,,,,,
573.41122,EKP,<=25,<=4,<=12,<=1,<=5,<=4/4,<=25,<=25,,,>=32,<=1,<=2,<=25,,,<=12,,<=1/19,,<=1,<=25,=128,<=1,,,<=1,<=25/4,<=2,<=4,=2,<=25,=4/2,<=12/4,<=4,=4,<=12,<=25,,,,,,,,,
573.42024,EKP,<=25,<=4,<=12,>=16,<=5,=32/4,>=64,>=8,,,>=32,>=16,<=2,>=64,,,>=32,,>=16/304,,<=1,>=4,=128,>=64,,,>=64,>=32/4,>=64,<=4,>=64,<=25,>=32/16,<=12/4,>=64,=16,=1,=2,,,,,,,,,
573.40361,EKP,<=25,<=4,<=12,<=1,<=5,<=4/4,<=25,<=25,,,>=32,<=1,<=2,<=25,,,<=12,,<=1/19,,<=1,<=25,=64,<=1,,,<=1,<=25/4,=4,<=4,=4,<=25,=8/4,=25/4,<=4,=4,<=12,<=25,,,,,,,,,
573.15058,EKP,>=16,,>=8,,,,,,,,,4,>=64,,,,,,>=320,,,>=4,,,,,,,,,,>=16,,,,,,,,,,,,,,,
573.44084,EKP,<=25,<=4,<=12,>=16,=1,=16/4,>=64,>=8,,,>=32,<=1,=4,>=64,,,>=32,,>=16/304,,>=16,<=25,=128,=16,,,=16,<=25/4,>=64,<=4,>=64,<=25,>=32/16,=25/4,>=64,=4,<=12,<=25,,,,,,,,,
573.24267,EKP,>=16,>=64,>=8,>=16,,>=128/4,,,,>=32/16,>=32,=8,>=64,=8,,,>=64,,=4/76,,=4,>=4,,>=64,,,,,,,,,,,>=64,,>=8,,,,,,,,,,
573.5676,EKP,<=0.25,<=4,<=0.5,<=1,2,<=4,4,,,8,>=32,>=16,<=2,,,,<=1,>=16,,,,0.5,,>=64,,,>=64,,,,16,,,,,,,,,>=64,,,,,,,
573.27339,EKP,>=16,,>=8,,,,,,,,,4,>=64,,,,,,>=320,,,>=4,,,,,,,,,,>=16,,,,,,,,,,,,,,,
573.41982,EKP,<=25,<=4,<=12,=4,=1,<=4/4,>=64,>=8,,,>=32,>=16,<=2,>=64,,,>=32,,>=16/304,,>=16,=5,=128,=4,,,=2,<=25/4,>=64,<=4,>=64,<=25,=16/8,<=12/4,>=64,=16,=1,=2,,,,,,,,,
72407.502,EKP,<=0.25,<=4,<=0.12,>=16,2,16,>=64,,,>=32,>=32,>=16,4,,,,>=32,,>=320,,,2,,32,,,16,,,,>=64,,,,,,,,,,,,,,,,
573.5804,EKP,<=0.25,<=4,<=0.5,<=1,2,<=4,4,,,4,>=32,>=16,<=2,,,,<=1,>=16,,,,0.5,,>=64,,,>=64,,,,16,,,,,,,,,>=64,,,,,,,
72407.561,EKP,<=0.25,<=4,0.25,>=16,2,>=128,>=64,,,>=32,>=32,>=16,>=64,,,,>=32,,>=320,,,2,,>=64,,,>=64,,,,>=64,,,,,,,,,,,,,,,,
72407.519,EKP,<=0.25,<=4,<=0.12,>=16,1,16,>=64,,,>=32,>=32,>=16,>=64,,,,>=32,,<=20,,,>=4,,>=64,,,>=64,,,,>=64,,,,,,,,,,,,,,,,
573.41936,EKP,<=25,<=4,<=12,<=1,<=5,<=4/4,<=25,<=25,,,>=32,<=1,<=2,<=25,,,<=12,,<=1/19,,<=1,<=25,=128,<=1,,,<=1,<=25/4,<=2,<=4,<=1,<=25,=8/4,<=12/4,<=4,=4,<=12,<=25,,,,,,,,,
573.41149,EKP,<=25,<=4,<=12,<=1,<=5,=32/4,<=25,<=25,,,>=32,<=1,<=2,<=25,,,<=12,,>=16/304,,<=1,<=25,=64,<=1,,,<=1,<=25/4,=4,<=4,<=1,<=25,>=32/16,<=12/4,<=4,=4,<=12,<=25,,,,,,,,,
573.5805,EKP,<=0.25,>=64,1,8,2,32,>=64,,,>=32,>=32,>=16,<=2,,,,16,>=16,,,,1,,>=64,,,>=64,,,,>=64,,,,,,,,,>=64,,,,,,,
573.14796,EKP,>=16,,>=8,,,,,,,,,4,>=64,,,,,,>=320,,,>=4,,,,,,,,,,>=16,,,,,,,,,,,,,,,
72407.597,EKP,<=0.25,<=4,<=0.12,>=16,2,16,>=64,,,>=32,>=32,>=16,4,,,,>=32,,>=320,,,2,,32,,,16,,,,>=64,,,,,,,,,,,,,,,,
1328366.3,EKP,<=0.25,,<=0.5,,,,<=1,,,,>=32,<=1,<=2,,,,,,<=20,,,<=0.25,64,,,,,,<=1,,,<=1,,,<=4,,<=0.12,,,,,,,,,,
573.27347,EKP,=1,,,,,,,,,=1/1,=1,=1,=1,=1,=1,,,=1,,,,=1,=1,,,=1,=1,,,,,=1,,,,,,,,,,,,=1,=1,,
573.42888,EKP,>=16,>=64,>=8,=8,=1,>=128/4,>=64,>=8,,,>=32,>=16,<=2,>=64,,,>=32,,>=16/304,,>=16,>=4,>=512,>=64,,,>=64,>=32/4,>=64,>=64,>=64,>=16,>=32/16,>=16/4,>=64,>=32,>=8,>=8,,,,,,,,,
573.42905,EKP,<=25,>=64,<=12,<=1,>=8,=16/4,<=25,=2,,,>=32,<=1,<=2,=1,,,<=12,,<=1/19,,>=16,<=25,=128,<=1,,,<=1,=1/4,>=64,<=4,>=64,<=25,>=32/16,=5/4,<=4,>=32,=1,=4,,,,,,,,,
573.44138,EKP,<=25,<=4,<=12,>=16,=1,=16/4,>=64,>=8,,,>=32,<=1,=4,>=64,,,>=32,,>=16/304,,>=16,=2,=128,=4,,,=16,<=25/4,>=64,<=4,>=64,<=25,>=32/16,<=12/4,>=64,=16,=1,=2,,,,,,,,,
573.42954,EKP,<=25,<=4,<=12,<=1,=1,<=4/4,<=25,<=25,,,>=32,<=1,<=2,<=25,,,<=12,,>=16/304,,>=16,<=25,=64,<=1,,,<=1,<=25/4,=4,<=4,=4,=5,>=32/16,<=12/4,<=4,=16,=1,=2,,,,,,,,,
573.24307,EKP,>=16,>=64,,<=1,,>=128/4,,,,>=32/16,>=32,<=1,<=2,>=64,,,>=64,,>=16/304,,>=16,>=4,,>=64,,,,,,,,,,,,,>=8,,,,,,,,,,
573.5823,EKP,<=0.25,<=4,<=0.5,8,2,>=128,>=64,,,>=32,>=32,<=1,<=2,,,,>=64,>=16,,,,2,,>=64,,,>=64,,,,>=64,,,,,,,,,>=64,,,,,,,
573.24317,EKP,=2,=32,<=0.5,=2,,>=128/4,,,,=16/8,>=32,>=16,<=2,>=64,,,=16,,>=16/304,,>=16,>=4,>=512,>=64,,,,,,,,,,,,,>=8,,,,,,,,,,
573.5797,EKP,<=0.25,<=4,<=0.5,2,<=0.5,>=128,>=64,,,>=32,>=32,<=1,<=2,,,,16,>=16,,,,0.5,,>=64,,,>=64,,,,>=64,,,,,,,,,>=64,,,,,,,
573.44053,EKP,<=25,<=4,<=12,<=1,<=5,<=4/4,<=25,<=25,,,>=32,<=1,<=2,<=25,,,<=12,,<=1/19,,<=1,<=25,=64,<=1,,,<=1,<=25/4,=4,<=4,=4,<=25,=8/4,=25/4,<=4,=4,<=12,<=25,,,,,,,,,
573.44132,EKP,<=25,<=4,<=12,<=1,=1,<=4/4,<=25,<=25,,,>=32,<=1,<=2,<=25,,,<=12,,>=16/304,,>=16,=1,=128,<=1,,,<=1,<=25/4,<=2,<=4,<=1,<=25,=4/2,<=12/4,<=4,=16,=1,=4,,,,,,,,,
573.14804,EKP,>=16,,>=8,,,,,,,,,4,>=64,,,,,,>=320,,,>=4,,,,,,,,,,>=16,,,,,,,,,,,,,,,
573.5691,EKP,<=0.25,<=4,<=0.5,<=1,2,<=4,>=64,,,8,>=32,<=1,<=2,,,,<=1,>=16,,,,1,,<=1,,,<=1,,,,>=64,,,,,,,,,>=64,,,,,,,
573.5722,EKP,<=0.25,>=64,<=0.5,2,2,16,8,,,>=32,>=32,<=1,<=2,,,,<=1,>=16,,,,>=4,,16,,,8,,,,>=64,,,,,,,,,>=64,,,,,,,
573.40452,EKP,<=25,<=4,<=12,<=1,<=5,<=4/4,<=25,<=25,,,>=32,<=1,<=2,<=25,,,<=12,,=2/38,,<=1,<=25,=128,<=1,,,<=1,<=25/4,<=2,<=4,=2,<=25,=8/4,<=12/4,<=4,=4,<=12,<=25,,,,,,,,,
573.42939,EKP,<=25,<=4,<=12,<=1,<=5,<=4/4,<=25,<=25,,,>=32,<=1,<=2,<=25,,,<=12,,<=1/19,,<=1,<=25,<=16,<=1,,,<=1,<=25/4,<=2,<=4,=2,<=25,=8/4,<=12/4,<=4,=4,<=12,<=25,,,,,,,,,
573.42967,EKP,<=25,=16,<=12,=4,>=8,=16/4,=32,>=8,,,>=32,>=16,<=2,>=64,,,=8,,=8/152,,>=16,>=4,=256,<=1,,,=4,=1/4,>=64,<=4,>=64,<=25,>=32/16,=5/4,>=64,>=32,>=8,>=8,,,,,,,,,
573.40376,EKP,>=16,>=64,>=8,>=16,<=5,>=128/4,>=64,>=8,,,>=32,>=16,>=64,>=64,,,>=32,,>=16/304,,>=16,>=4,=128,>=64,,,>=64,>=32/4,>=64,>=64,>=64,>=16,>=32/16,>=16/4,>=64,>=32,>=8,>=8,,,,,,,,,
573.14775,EKP,>=16,,>=8,,,,,,,,,4,>=64,,,,,,>=320,,,>=4,,,,,,,,,,>=16,,,,,,,,,,,,,,,
573.5707,EKP,<=0.25,>=64,<=0.5,<=1,<=0.5,8,8,,,>=32,>=32,<=1,<=2,,,,<=1,<=0.5,,,,<=0.25,,8,,,2,,,,>=64,,,,,,,,,>=64,,,,,,,
1438797.3,EKP,<=0.25,,<=0.5,,,,<=1,,,,16,<=1,<=2,,,,,,<=20,,,<=0.25,<=16,,,,,,<=1,,,<=0.25,4,,<=4,,<=0.12,,,,,,,,,,
72407.488,EKP,<=0.25,16,<=0.12,>=16,<=0.5,8,>=64,,,>=32,>=32,>=16,>=64,,,,>=32,,>=320,,,<=0.25,,>=64,,,>=64,,,,>=64,,,,,,,,,,,,,,,,
72407.552,EKP,<=0.25,<=4,<=0.12,<=1,<=0.5,<=4,>=64,,,16,>=32,<=1,<=2,,,,>=32,,>=320,,,<=0.25,,32,,,16,,,,>=64,,,,,,,,,,,,,,,,
573.41153,EKP,<=25,<=4,<=12,<=1,<=5,=64/4,<=25,<=25,,,>=32,<=1,<=2,<=25,,,<=12,,<=1/19,,>=16,=1,=128,<=1,,,<=1,<=25/4,=8,<=4,=2,<=25,>=32/16,<=12/4,<=4,>=32,=1,=2,,,,,,,,,
573.40444,EKP,<=25,<=4,<=12,>=16,<=5,=32/4,>=64,>=8,,,>=32,>=16,<=2,>=64,,,>=32,,>=16/304,,<=1,>=4,=128,>=64,,,>=64,>=32/4,>=64,<=4,>=64,<=25,>=32/16,<=12/4,>=64,=16,=1,=2,,,,,,,,,
573.40369,EKP,<=25,<=4,<=12,<=1,<=5,<=4/4,<=25,<=25,,,>=32,<=1,<=2,<=25,,,<=12,,<=1/19,,<=1,<=25,=64,<=1,,,<=1,<=25/4,=4,<=4,=4,<=25,=8/4,<=12/4,<=4,=4,<=12,<=25,,,,,,,,,
573.42916,EKP,>=16,>=64,>=8,>=16,<=5,>=128/4,>=64,>=8,,,>=32,>=16,=16,>=64,,,>=32,,>=16/304,,=2,=2,=128,>=64,,,>=64,>=32/4,>=64,<=4,>=64,=8,>=32/16,=4/4,>=64,=16,=1,=2,,,,,,,,,
1328374.3,EKP,<=0.25,,<=0.5,,,,<=1,,,,16,<=1,<=2,,,,,,<=20,,,<=0.25,64,,,,,,<=1,,,<=1,,,<=4,,<=0.12,,,,,,,,,,
573.41943,EKP,<=25,<=4,<=12,<=1,<=5,=32/4,<=25,<=25,,,>=32,<=1,<=2,<=25,,,<=12,,<=1/19,,>=16,<=25,=128,<=1,,,<=1,<=25/4,=4,<=4,=2,<=25,>=32/16,<=12/4,<=4,=4,<=12,<=25,,,,,,,,,
72407.477,EKP,<=0.25,<=4,<=0.12,>=16,2,16,>=64,,,>=32,>=32,>=16,4,,,,>=32,,>=320,,,2,,32,,,>=64,,,,>=64,,,,,,,,,,,,,,,,
72407.479,EKP,<=0.25,<=4,<=0.12,<=1,1,8,>=64,,,>=32,>=32,<=1,<=2,,,,>=32,,>=320,,,1,,32,,,16,,,,>=64,,,,,,,,,,,,,,,,
573.5687,EKP,<=0.25,<=4,<=0.5,>=16,>=8,>=128,>=64,,,>=32,>=32,<=1,32,,,,>=64,>=16,,,,>=4,,>=64,,,>=64,,,,>=64,,,,,,,,,>=64,,,,,,,
1438799.3,EKP,<=0.25,,<=0.5,,,,<=1,,,,16,<=1,<=2,,,,,,<=20,,,<=0.25,,,,,,,<=1,,,<=0.25,4,,<=4,,<=0.12,,,,,,,,,,
1328379.3,EKP,4,,>=8,,,,>=64,,,,>=32,>=16,<=2,,,,,,<=20,,,>=4,256,,,,,,>=64,,,2,,,>=64,,>=8,,,,,,,,,,
72407.487,EKP,<=0.25,16,0.25,>=16,2,>=128,>=64,,,>=32,>=32,4,>=64,,,,>=32,,>=320,,,>=4,,>=64,,,>=64,,,,>=64,,,,,,,,,,,,,,,,
72407.578,EKP,8,<=4,<=0.12,<=1,2,>=128,>=64,,,16,>=32,<=1,<=2,,,,>=32,,>=320,,,0.5,,32,,,16,,,,>=64,,,,,,,,,,,,,,,,
573.41152,EKP,<=25,<=4,<=12,>=16,<=5,=32/4,>=64,>=8,,,>=32,>=16,<=2,>=64,,,>=32,,>=16/304,,>=16,=2,=128,=16,,,>=64,=16/4,>=64,<=4,>=64,<=25,>=32/16,=25/4,>=64,=16,=1,=2,,,,,,,,,
573.42023,EKP,<=25,>=64,,>=16,>=8,=64/4,>=64,>=8,,,>=32,>=16,<=2,>=64,,,>=32,,>=16/304,,>=16,=1,>=512,=16,,,>=64,=16/4,>=64,<=4,>=64,<=25,>=32/16,=5/4,>=64,>=32,=1,=2,,,,,,,,,
573.5698,EKP,>=16,>=64,>=8,>=16,2,>=128,>=64,,,>=32,>=32,>=16,8,,,,>=64,>=16,,,,2,,>=64,,,>=64,,,,>=64,,,,,,,,,>=64,,,,,,,
573.41953,EKP,<=25,<=4,<=12,<=1,<=5,<=4/4,<=25,<=25,,,>=32,<=1,<=2,<=25,,,<=12,,<=1/19,,<=1,<=25,=128,<=1,,,<=1,<=25/4,<=2,<=4,=2,<=25,=8/4,<=12/4,<=4,=4,<=12,<=25,,,,,,,,,
72407.558,EKP,<=0.25,16,0.25,>=16,1,>=128,>=64,,,>=32,>=32,>=16,>=64,,,,>=32,,>=320,,,>=4,,>=64,,,>=64,,,,>=64,,,,,,,,,,,,,,,,
573.23965,EKP,>=16,,>=8,,,,,,,,,4,>=64,,,,,,>=320,,,>=4,,,,,,,,,,>=16,,,,,,,,,,,,,,,
72407.549,EKP,>=16,32,>=8,>=16,1,>=128,>=64,,,>=32,>=32,>=16,>=64,,,,>=32,,>=320,,,>=4,,>=64,,,>=64,,,,>=64,,,,,,,,,,,,,,,,
573.15057,EKP,>=16,,>=8,,,,,,,,,8,>=64,,,,,,>=320,,,>=4,,,,,,,,,,>=16,,,,,,,,,,,,,,,
573.41964,EKP,<=25,<=4,<=12,>=16,<=5,=8/4,>=64,>=8,,,>=32,<=1,<=2,>=64,,,>=32,,>=16/304,,>=16,=1,=64,=16,,,=16,<=25/4,>=64,<=4,>=64,<=25,>=32/16,<=12/4,>=64,=8,=1,=2,,,,,,,,,
573.42928,EKP,<=25,<=4,<=12,<=1,<=5,<=4/4,<=25,<=25,,,=8,<=1,<=2,<=25,,,<=12,,<=1/19,,<=1,<=25,=128,<=1,,,<=1,<=25/4,<=2,<=4,=2,<=25,<=2/1,<=12/4,<=4,<=2,<=12,<=25,,,,,,,,,
573.40413,EKP,=1,=16,>=8,>=16,>=8,>=128/4,>=64,>=8,,,>=32,>=16,<=2,>=64,,,>=32,,>=16/304,,>=16,>=4,=128,>=64,,,>=64,>=32/4,>=64,<=4,>=64,=2,>=32/16,=5/4,>=64,>=32,>=8,>=8,,,,,,,,,
573.14771,EKP,>=16,,>=8,,,,,,,,,4,>=64,,,,,,>=320,,,>=4,,,,,,,,,,>=16,,,,,,,,,,,,,,,
573.1479,EKP,>=16,,>=8,,,,,,,,,4,>=64,,,,,,>=320,,,>=4,,,,,,,,,,>=16,,,,,,,,,,,,,,,
573.5663,EKP,<=0.25,8,<=0.5,>=16,4,>=128,>=64,,,>=32,>=32,>=16,<=2,,,,16,>=16,,,,>=4,,>=64,,,>=64,,,,>=64,,,,,,,,,>=64,,,,,,,
1438810.3,EKP,>=16,>=64,>=1,,4,,>=64,,,,>=32,8,>=64,,,,,,>=320,,,>=4,256,>=64,,,,,16,,,8,>=32,,>=8,,>=8,,,,,,,,,,
573.23993,EKP,>=16,,>=8,,,,,,,,,4,>=64,,,,,,>=320,,,>=4,,,,,,,,,,>=16,,,,,,,,,,,,,,,
573.42019,EKP,<=25,<=4,<=12,<=1,=1,<=4/4,<=25,<=25,,,>=32,<=1,<=2,<=25,,,<=12,,>=16/304,,>=16,=1,=128,<=1,,,<=1,<=25/4,<=2,<=4,<=1,<=25,=4/2,<=12/4,<=4,=16,=1,=4,,,,,,,,,
573.24301,EKP,<=0.25,=8,<=0.5,>=16,,>=128/4,,,,>=32/16,>=32,=4,>=64,>=64,,,=8,,>=16/304,,>=16,>=4,,>=64,,,,,,,,,,,,,>=8,,,,,,,,,,
573.24305,EKP,>=16,>=64,,<=1,,>=128/4,,,,>=32/16,>=32,<=1,<=2,=32,,,=2,,>=16/304,,=4,>=4,,>=64,,,,,,,,,,,,,=4,,,,,,,,,,
573.42955,EKP,<=25,=16,,>=16,<=5,=64/4,>=64,>=8,,,>=32,<=1,<=2,>=64,,,>=32,,=2/38,,<=1,<=25,=256,>=64,,,>=64,=16/4,>=64,<=4,>=64,<=25,>=32/16,=25/4,>=64,<=2,<=12,<=25,,,,,,,,,
573.24278,EKP,>=16,,>=8,,,,,,,,,4,>=64,,,,,,>=320,,,>=4,,,,,,,,,,>=16,,,,,,,,,,,,,,,
72407.596,EKP,<=0.25,32,<=0.12,>=16,2,16,>=64,,,>=32,>=32,>=16,>=64,,,,>=32,,>=320,,,<=0.25,,>=64,,,>=64,,,,>=64,,,,,,,,,,,,,,,,
72407.486,EKP,>=16,>=64,>=8,>=16,1,>=128,>=64,,,>=32,>=32,>=16,>=64,,,,>=32,,>=320,,,2,,>=64,,,>=64,,,,>=64,,,,,,,,,,,,,,,,
573.5821,EKP,<=0.25,>=64,<=0.5,2,2,16,8,,,>=32,>=32,<=1,<=2,,,,<=1,>=16,,,,>=4,,16,,,8,,,,>=64,,,,,,,,,>=64,,,,,,,
573.41983,EKP,=8,>=64,>=8,=8,=4,>=128/4,>=64,>=8,,,>=32,>=16,=16,>=64,,,>=32,,>=16/304,,>=16,>=4,>=512,>=64,,,>=64,>=32/4,>=64,<=4,>=64,=2,>=32/16,=1/4,>=64,>=32,>=8,>=8,,,,,,,,,
1328369.3,EKP,4,,>=8,,,,>=64,,,,>=32,>=16,>=64,,,,,,<=20,,,>=4,>=512,,,,,,>=64,,,2,,,>=64,,>=8,,,,,,,,,,
72407.554,EKP,<=0.25,<=4,0.25,<=1,2,64,>=64,,,>=32,>=32,<=1,<=2,,,,>=32,,>=320,,,>=4,,>=64,,,>=64,,,,>=64,,,,,,,,,,,,,,,,
573.14768,EKP,>=16,,>=8,,,,,,,,,<=1,<=2,,,,,,>=320,,,>=4,,,,,,,,,,>=16,,,,,,,,,,,,,,,
573.40433,EKP,<=25,=8,<=12,<=1,=2,=8/4,<=25,<=25,,,>=32,<=1,<=2,<=25,,,<=12,,<=1/19,,=8,=1,>=512,<=1,,,<=1,=5/4,=8,<=4,=16,=5,=16/8,=5/4,<=4,>=32,=1,=2,,,,,,,,,
573.41975,EKP,>=16,>=64,>=8,>=16,>=8,>=128/4,>=64,>=8,,,>=32,=8,<=2,>=64,,,>=32,,>=16/304,,>=16,>=4,>=512,>=64,,,>=64,>=32/4,>=64,>=64,>=64,>=16,>=32/16,>=16/4,>=64,>=32,>=8,>=8,,,,,,,,,
573.31038,EKP,<=0.25,<=4,<=0.5,,,,,,,,>=32,<=1,<=2,>=64,,,,,,,,=1,=64,=8,,,,,,,,,,,,,,,,,,,,<=16,,,
573.14777,EKP,>=16,,>=8,,,,,,,,,>=16,>=64,,,,,,>=320,,,>=4,,,,,,,,,,>=16,,,,,,,,,,,,,,,
573.31035,EKP,<=0.25,<=4,<=0.12,,,,,,,,>=32,>=16,<=2,>=64,=4,,,,,,,=2,=32,=32,,,,,,,,,,,>=64,,,,,,,,<=0.5,<=16,,,
573.5818,EKP,<=0.25,<=4,<=0.5,8,>=8,16,>=64,,,8,>=32,>=16,<=2,,,,4,>=16,,,,>=4,,16,,,>=64,,,,>=64,,,,,,,,,>=64,,,,,,,
1400172.3,EKP,>=16,>=64,>=1,,>=8,,>=64,,,,>=32,<=1,32,,,,,,<=20,,,>=4,256,>=64,,,,,>=64,,,>=16,>=32,,>=8,,>=8,,,,,,,,,,
573.44136,EKP,<=25,>=64,,>=16,>=8,=64/4,>=64,>=8,,,>=32,>=16,<=2,>=64,,,>=32,,>=16/304,,>=16,=1,>=512,=16,,,>=64,=16/4,>=64,<=4,>=64,<=25,>=32/16,=5/4,>=64,>=32,=1,=2,,,,,,,,,
573.5702,EKP,<=0.25,<=4,<=0.5,<=1,1,<=4,2,,,8,>=32,<=1,<=2,,,,<=1,<=0.5,,,,<=0.25,,16,,,16,,,,4,,,,,,,,,>=64,,,,,,,
72407.501,EKP,<=0.25,<=4,<=0.12,>=16,1,>=128,>=64,,,>=32,>=32,>=16,<=2,,,,1,,>=320,,,0.5,,>=64,,,>=64,,,,>=64,,,,,,,,,,,,,,,,
1328376.3,EKP,<=0.25,,<=0.5,,,,<=1,,,,>=32,<=1,<=2,,,,,,<=20,,,<=0.25,64,,,,,,<=1,,,<=1,,,<=4,,<=0.12,,,,,,,,,,
573.4041,EKP,>=16,=32,>=8,<=1,<=5,>=128/4,=32,>=8,,,>=32,>=16,<=2,>=64,,,>=32,,>=16/304,,=4,>=4,=128,>=64,,,>=64,>=32/4,>=64,<=4,>=64,>=16,>=32/16,=5/4,>=64,>=32,>=8,>=8,,,,,,,,,
1400176.3,EKP,>=4,>=64,>=1,,<=2,,>=64,,,,>=32,>=16,<=2,,,,,,>=320,,,>=4,32,16,,,,,>=64,,,<=1,>=32,,>=8,,4,,,,,,,,,,
573.24246,EKP,=0.5,>=64,=4,<=1,,=32/4,,,,=8/4,>=32,<=1,<=2,=16,,,=2,,>=16/304,,=4,=2,,=4,,,,,,,,,,,>=64,,=4,,,,,,,,,,
1438800.3,EKP,>=16,,>=8,,2,,>=64,,,,>=32,<=1,16,,,,,,>=320,,,>=4,256,,,,,,8,,,>=16,>=32,,>=64,,>=8,,,,,,,,,,
72407.492,EKP,>=16,>=64,>=8,>=16,1,>=128,>=64,,,>=32,>=32,>=16,>=64,,,,>=32,,<=20,,,>=4,,>=64,,,>=64,,,,>=64,,,,,,,,,,,,,,,,
1328371.3,EKP,2,,>=8,,,,>=64,,,,>=32,>=16,16,,,,,,>=320,,,>=4,>512,,,,,,>=64,,,<=1,,,>=64,,>=8,,,,,,,,,,
72407.545,EKP,<=0.25,8,0.25,>=16,2,32,>=64,,,16,>=32,8,>=64,,,,>=32,,>=320,,,>=4,,>=64,,,>=64,,,,>=64,,,,,,,,,,,,,,,,
573.14769,EKP,>=16,,>=8,,,,,,,,,4,<=2,,,,,,>=320,,,>=4,,,,,,,,,,>=16,,,,,,,,,,,,,,,
573.41979,EKP,>=16,>=64,>=8,>=16,<=5,>=128/4,>=64,>=8,,,>=32,>=16,=16,>=64,,,>=32,,>=16/304,,=2,=2,=128,>=64,,,>=64,>=32/4,>=64,<=4,>=64,=8,>=32/16,=4/4,>=64,=16,=1,=2,,,,,,,,,
573.42918,EKP,<=25,<=4,<=12,>=16,=1,=16/4,>=64,>=8,,,>=32,<=1,<=2,>=64,,,>=32,,>=16/304,,>=16,=1,=64,=8,,,=16,<=25/4,>=64,<=4,>=64,<=25,>=32/16,<=12/4,>=64,=16,=1,=2,,,,,,,,,
573.14786,EKP,>=16,,>=8,,,,,,,,,>=16,4,,,,,,>=320,,,>=4,,,,,,,,,,>=16,,,,,,,,,,,,,,,
573.32139,EKP,<=0.25,<=4,<=0.12,,,,,,,,>=32,<=1,<=2,>=64,=4,,,,,,,>=4,<=16,=32,,,,,,,,,,,>=64,,,,,,,,<=0.5,<=16,,,
1438795.3,EKP,<=0.25,,<=0.5,,,,<=1,,,,>=32,>=16,<=2,,,,,,40,,,>=4,128,,,,,,<=1,,,<=0.25,>=32,,<=4,,>=8,,,,,,,,,,
573.42018,EKP,<=25,=16,,>=16,<=5,=64/4,>=64,>=8,,,>=32,<=1,<=2,>=64,,,>=32,,=2/38,,<=1,<=25,=256,>=64,,,>=64,=16/4,>=64,<=4,>=64,<=25,>=32/16,=25/4,>=64,<=2,<=12,<=25,,,,,,,,,
573.32133,EKP,<=0.25,<=4,<=0.12,,,,,,,,>=32,<=1,<=2,>=64,=4,,,,,,,=0.5,=64,>=64,,,,,,,,,,,>=64,,,,,,,,<=0.5,=64,,,
573.24275,EKP,<=0.25,=8,<=0.5,=8,,=64/8,,,,=16/8,>=32,>=16,<=2,=32,,,=4,,<=1/19,,=4,>=4,=256,>=64,,,,,,,,,,,>=64,,>=8,,,,,,,,,,
573.5799,EKP,<=0.25,8,<=0.5,<=1,2,16,4,,,8,>=32,<=1,<=2,,,,<=1,2,,,,>=4,,>=64,,,>=64,,,,16,,,,,,,,,>=64,,,,,,,
72407.582,EKP,<=0.25,<=4,<=0.12,>=16,2,16,>=64,,,>=32,>=32,>=16,4,,,,>=32,,>=320,,,2,,32,,,16,,,,>=64,,,,,,,,,,,,,,,,
72407.489,EKP,<=0.25,16,0.25,<=1,2,>=128,>=64,,,>=32,>=32,<=1,<=2,,,,>=32,,>=320,,,>=4,,>=64,,,>=64,,,,>=64,,,,,,,,,,,,,,,,
573.32136,EKP,<=0.25,<=4,<=0.12,,,,,,,,>=32,>=16,<=2,>=64,=4,,,,,,,=1,=64,=0.5,,,,,,,,,,,>=64,,,,,,,,<=0.5,<=16,,,
72407.698,EKP,<=0.25,32,<=0.12,>=16,2,16,>=64,,,>=32,>=32,>=16,>=64,,,,>=32,,>=320,,,<=0.25,,>=64,,,>=64,,,,>=64,,,,,,,,,,,,,,,,
72407.498,EKP,<=0.25,<=4,<=0.12,>=16,2,32,>=64,,,8,>=32,>=16,>=64,,,,>=32,,>=320,,,1,,>=64,,,>=64,,,,>=64,,,,,,,,,,,,,,,,
573.44088,EKP,>=16,>=64,>=8,>=16,>=8,>=128/4,>=64,>=8,,,>=32,=8,<=2,>=64,,,>=32,,>=16/304,,>=16,>=4,>=512,>=64,,,>=64,>=32/4,>=64,>=64,>=64,>=16,>=32/16,>=16/4,>=64,>=32,>=8,>=8,,,,,,,,,
573.14788,EKP,>=16,,>=8,,,,,,,,,<=1,>=64,,,,,,>=320,,,>=4,,,,,,,,,,>=16,,,,,,,,,,,,,,,
1438805.3,EKP,<0.25,<=4,<=0.25,,<=2,,<=1,,,,>=32,<=1,<=2,,,,,,<=20,,,<=0.25,256,<=1,,,,,<=1,,,<=1,<=2,,<=2,,<0.12,,,,,,,,,,
573.14783,EKP,>=16,,>=8,,,,,,,,,8,4,,,,,,>=320,,,>=4,,,,,,,,,,>=16,,,,,,,,,,,,,,,
1438784.3,EKP,4,,>=8,,2,,>=64,,,,>=32,>=16,>=64,,,,,,>=320,,,>=4,>=512,,,,,,>=64,,,1,>=32,,>=64,,>=8,,,,,,,,,,
573.5695,EKP,<=0.25,<=4,<=0.5,>=16,<=0.5,16,>=64,,,16,>=32,>=16,<=2,,,,>=64,>=16,,,,<=0.25,,16,,,16,,,,>=64,,,,,,,,,>=64,,,,,,,
1328364.3,EKP,<=0.25,,<=0.5,,,,<=1,,,,>=32,<=1,<=2,,,,,,<=20,,,<=0.25,64,,,,,,<=1,,,<=1,,,<=4,,<=0.12,,,,,,,,,,
573.41969,EKP,>=16,=16,>=8,=8,=2,>=128/4,=32,>=8,,,>=32,>=16,<=2,>=64,,,>=32,,>=16/304,,>=16,>=4,=64,=16,,,>=64,>=32/4,>=64,=8,>=64,>=16,>=32/16,=5/4,>=64,>=32,>=8,>=8,,,,,,,,,
573.24252,EKP,>=16,,>=8,,,,,,,,,4,>=64,,,,,,>=320,,,>=4,,,,,,,,,,>=16,,,,,,,,,,,,,,,
1438802.3,EKP,>=16,>=64,>=1,,<=2,,>=64,,,,>=32,8,<=2,,,,,,40,,,>=4,256,>=64,,,,,16,,,>=16,>=32,,>=8,,>=8,,,,,,,,,,
573.40365,EKP,<=25,<=4,<=12,>=16,=1,=16/4,>=64,>=8,,,>=32,<=1,<=2,>=64,,,>=32,,>=16/304,,>=16,<=25,=128,=16,,,=32,<=25/4,>=64,<=4,>=64,<=25,>=32/16,<=12/4,>=64,=4,<=12,<=25,,,,,,,,,
573.24255,EKP,<=0.25,<=4,<=0.5,<=1,,<=4/4,,,,<=2/1,>=32,<=1,<=2,<=1,,,<=1,,<=1/19,,<=1,<=0.25,=64,<=1,,,,,,,,,,,,,<=0.12,,,,,,,,,,
573.5807,EKP,<=0.25,8,<=0.5,<=1,4,32,>=64,,,8,>=32,<=1,<=2,,,,>=64,>=16,,,,>=4,,>=64,,,>=64,,,,>=64,,,,,,,,,>=64,,,,,,,
573.42001,EKP,<=25,<=4,<=12,>=16,<=5,=16/4,>=64,>=8,,,>=32,>=16,<=2,>=64,,,>=32,,>=16/304,,>=16,>=4,=128,>=64,,,>=64,=16/4,>=64,<=4,>=64,<=25,>=32/16,<=12/4,>=64,>=32,=4,>=8,,,,,,,,,
1328362.3,EKP,<=0.25,,<=0.5,,,,<=1,,,,>=32,<=1,<=2,,,,,,<=20,,,<=0.25,128,,,,,,<=1,,,<=1,,,<=4,,1,,,,,,,,,,
573.32132,EKP,<=0.25,<=4,<=0.12,,,,,,,,>=32,<=1,<=2,>=64,=4,,,,,,,<=0.25,=32,=32,,,,,,,,,,,>=64,,,,,,,,<=0.5,<=16,,,
1400182.3,EKP,>=16,>=64,<=19,,4,,>=64,,,,>=32,4,>=64,,,,,,<=20,,,>=4,256,>=64,,,,,>=64,,,>=16,>=32,,>=8,,>=8,,,,,,,,,,
573.5809,EKP,<=0.25,<=4,<=0.5,<=1,<=0.5,<=4,>=64,,,8,>=32,<=1,<=2,,,,>=64,<=0.5,,,,<=0.25,,16,,,>=64,,,,>=64,,,,,,,,,>=64,,,,,,,
573.14812,EKP,>=16,,>=8,,,,,,,,,4,>=64,,,,,,<=20,,,>=4,,,,,,,,,,>=16,,,,,,,,,,,,,,,
573.31031,EKP,<=0.25,<=4,<=0.5,,,,,,,,>=32,<=16,<=2,>=64,,,,,,,,=2,=64,=16,,,,,,,,,,,,,,,,,,,,>=256,,,
573.15056,EKP,>=16,,>=8,,,,,,,,,4,>=64,,,,,,>=320,,,>=4,,,,,,,,,,>=16,,,,,,,,,,,,,,,
573.24303,EKP,=4,>=64,,>=16,,>=128/4,,,,>=32/16,>=32,>=16,=8,>=64,,,>=64,,>=16/304,,=8,>=4,,>=64,,,,,,,,,,,,,=4,,,,,,,,,,
573.15059,EKP,>=16,,>=8,,,,,,,,,4,>=64,,,,,,>=320,,,>=4,,,,,,,,,,>=16,,,,,,,,,,,,,,,
1438811.3,EKP,<=0.25,<=4,<=0.25,,<=2,,<=1,,,,>=32,<=1,<=2,,,,,,<=20,,,<=0.25,128,<=1,,,,,<=1,,,<=1,8,,<=2,,0.25,,,,,,,,,,
573.24019,EKP,>=16,,>=8,,,,,,,,,<=1,>=64,,,,,,80,,,>=4,,,,,,,,,,>=16,,,,,,,,,,,,,,,
573.41966,EKP,<=25,>=64,<=12,<=1,>=8,=16/4,<=25,=2,,,>=32,<=1,<=2,=1,,,<=12,,<=1/19,,>=16,<=25,=128,<=1,,,<=1,=1/4,>=64,<=4,>=64,<=25,>=32/16,=5/4,<=4,>=32,=1,=4,,,,,,,,,
72407.495,EKP,<=0.25,<=4,<=0.12,>=16,2,16,>=64,,,>=32,>=32,>=16,4,,,,>=32,,>=320,,,2,,32,,,16,,,,>=64,,,,,,,,,,,,,,,,
573.24254,EKP,>=16,,>=8,,,,,,,,,<=1,>=64,,,,,,<=20,,,>=4,,,,,,,,,,>=16,,,,,,,,,,,,,,,
1400175.3,EKP,<=0.25,<=4,<=0.25,,4,,16,,,,>=32,>=16,>=64,,,,,,>=320,,,>=4,256,>=64,,,,,<=1,,,<=1,16,,>=8,,>=8,,,,,,,,,,
573.27343,EKP,=1,,,,,,,,,=1/1,=1,=1,=1,=1,=1,,,=1,,,,=1,=1,,,=1,=1,,,,,=1,,,,,,,,,,,,=1,=1,,
573.42886,EKP,<=25,<=4,<=12,<=1,<=5,<=4/4,<=25,<=25,,,>=32,<=1,<=2,<=25,,,<=12,,<=1/19,,<=1,<=25,=64,<=1,,,<=1,<=25/4,=4,<=4,=4,<=25,=8/4,<=12/4,<=4,=4,<=12,<=25,,,,,,,,,
573.32339,EKP,<=0.25,<=4,<=0.12,,,,,,,,>=32,>=16,<=2,>=64,=4,,,,,,,=1,=64,=0.5,,,,,,,,,,,>=64,,,,,,,,<=0.5,<=16,,,
1438787.3,EKP,<=0.25,,<=0.5,,,,<=1,,,,16,<=1,<=2,,,,,,<=20,,,<=0.25,<=16,,,,,,<=1,,,<=0.25,<=2,,<=4,,<=0.12,,,,,,,,,,
573.27344,EKP,=1,,,,,,,,,=1/1,=1,=1,=1,=1,=1,,,=1,,,,=1,=1,,,=1,=1,,,,,=1,,,,,,,,,,,,=1,=1,,
1438792.3,EKP,>=16,,>=8,,,,>=64,,,,>=32,<=1,16,,,,,,>=320,,,>=4,,,,,,,16,,,>=16,>=32,,>=64,,>=8,,,,,,,,,,
573.24259,EKP,<=0.25,<=4,<=0.5,>=16,,=32/4,,,,=16/8,>=30,<=1,=16,=8,,,<=1,,>=16/304,,=4,>=4,,>=64,,,,,,,,,,,>=64,,=4,,,,,,,,,,
573.14795,EKP,>=16,,>=8,,,,,,,,,4,>=64,,,,,,>=320,,,>=4,,,,,,,,,,>=16,,,,,,,,,,,,,,,
1438801.3,EKP,<=0.25,,<=0.5,,,,<=1,,,,16,<=1,<=2,,,,,,<=20,,,<=0.25,64,,,,,,<=1,,,<=0.25,<=2,,<=4,,<=0.12,,,,,,,,,,
573.40414,EKP,<=25,<=4,<=12,<=1,<=5,<=4/4,<=25,<=25,,,>=32,<=1,<=2,<=25,,,<=12,,<=1/19,,<=1,<=25,=64,<=1,,,<=1,<=25/4,<=2,<=4,=2,=1,=8/4,<=12/4,<=4,<=2,<=12,<=25,,,,,,,,,
573.24258,EKP,>=16,,>=8,,,,,,,,,4,<=2,,,,,,>=320,,,>=4,,,,,,,,,,>=16,,,,,,,,,,,,,,,
573.5684,EKP,<=0.25,<=4,<=0.5,<=1,2,32,8,,,16,>=32,<=1,<=2,,,,<=1,4,,,,>=4,,4,,,8,,,,>=64,,,,,,,,,>=64,,,,,,,
573.14822,EKP,>=16,,>=8,,,,,,,,,<=1,<=2,,,,,,>=320,,,>=4,,,,,,,,,,>=16,,,,,,,,,,,,,,,
573.14773,EKP,>=16,,>=8,,,,,,,,,4,>=64,,,,,,>=320,,,>=4,,,,,,,,,,>=16,,,,,,,,,,,,,,,
573.14781,EKP,>=16,,>=8,,,,,,,,,<=1,<=2,,,,,,>=320,,,>=4,,,,,,,,,,>=16,,,,,,,,,,,,,,,
573.15039,EKP,>=16,,>=8,,,,,,,,,<=1,<=2,,,,,,>=320,,,>=4,,,,,,,,,,>=16,,,,,,,,,,,,,,,
573.27328,EKP,>=16,,>=8,,,,,,,,,4,>=64,,,,,,<=20,,,>=4,,,,,,,,,,>=16,,,,,,,,,,,,,,,
573.14787,EKP,>=16,,>=8,,,,,,,,,<=1,>=64,,,,,,>=320,,,>=4,,,,,,,,,,>=16,,,,,,,,,,,,,,,
573.1505,EKP,>=16,,>=8,,,,,,,,,<=1,>=64,,,,,,>=320,,,>=4,,,,,,,,,,>=16,,,,,,,,,,,,,,,
573.15053,EKP,>=16,,>=8,,,,,,,,,4,>=64,,,,,,>=320,,,>=4,,,,,,,,,,>=16,,,,,,,,,,,,,,,
573.14805,EKP,>=16,,>=8,,,,,,,,,4,>=64,,,,,,>=320,,,>=4,,,,,,,,,,>=16,,,,,,,,,,,,,,,
