Sample_ID_IfH,Organism_Code,tobramycin,nitrofurantoin,cefoxitin,cefuroxime,ciprofloxacin,cefazolin,ceftazidime,ampicillin/sulbactam,ceftriaxone,levofloxacin,aztreonam,piperacillin/tazobactam,tetracycline,gentamicin,imipenem,meropenem,amikacin,cefepime,trimethoprim/sulfamethoxazole,ampicillin,amoxicillin/clavulanic acid,ertapenem,chloramphenicol,polymyxin B,cefotaxime,tigecycline,fosfomycin,cephalexin,norfloxacin,ticarcillin/clavulanic acid,trimethoprim,colistin
573.14261,EKP,>8,>64,8,>16,>2,>16,>16,>16/8,32,>4,>16,>64/4,4,4,<=1,<=1,32,4,>2/38,>16,,,,,,,,,,,,
573.14341,EKP,<=2,>64,16,>16,>2,>16,>16,>16/8,>32,>4,>16,16/4,<=2,<=2,<=1,<=1,<=8,<=1,>2/38,>16,,,,,,,,,,,,
573.13169,EKP,>8,>64,>16,>16,>2,>16,>16,>16/8,>32,>4,>16,>64/4,4,<=2,>8,>8,16,>16,<=0.5/9,>16,,,,,,,,,,,,
573.13819,EKP,>8,>64,>16,>16,>2,>16,>16,>16/8,>32,>4,>16,>64/4,>8,>8,>8,>8,16,>16,>2/38,>16,,,,,,,,,,,,
573.13448,EKP,>8,,>16,>16,>2,>16,>16,>16/8,>32,>4,>16,>64/4,4,<=2,8,>8,16,>16,<=0.5/9,>16,,,,,,,,,,,,
573.14548,EKP,8,,<=4,>16,>2,>16,>16,>16/8,>32,>4,>16,>64/4,<=2,>8,<=1,<=1,<=8,>16,<=0.5/9,>16,,,,,,,,,,,,
573.13301,EKP,>8,64,<=4,>16,>2,>16,>16,>16/8,>32,<=1,>16,16/4,>8,>8,<=1,<=1,<=8,>16,>2/38,>16,,,,,,,,,,,,
573.14073,EKP,<=2,>64,>16,>16,<=0.5,8,1,16/8,<=2,<=1,<=2,32/4,>8,<=2,<=1,<=1,<=8,<=1,>2/38,>16,,,,,,,,,,,,
573.13292,EKP,<=2,>64,>16,>16,>2,>16,>16,>16/8,>32,>4,>16,>64/4,4,<=2,4,>8,<=8,4,>2/38,>16,,,,,,,,,,,,
573.13076,EKP,>8,,8,>16,>2,>16,>16,>16/8,>32,>4,>16,>64/4,>8,<=2,<=1,<=1,32,<=1,>2/38,>16,,,,,,,,,,,,
573.14369,EKP,8,32,<=4,16,>2,>16,>16,>16/8,8,>4,>16,32/4,>8,<=2,<=1,<=1,<=8,<=1,<=0.5/9,>16,,,,,,,,,,,,
573.14419,EKP,<=2,,>16,>16,>2,>16,>16,>16/8,>32,>4,>16,>64/4,4,<=2,4,>8,<=8,<=1,>2/38,>16,,,,,,,,,,,,
573.13256,EKP,>8,>64,<=4,>16,>2,>16,>16,>16/8,>32,>4,>16,>64/4,<=2,>8,<=1,<=1,<=8,>16,>2/38,>16,,,,,,,,,,,,
573.12859,EKP,1,<=16,<=4,,1,>32,>16,8/4,32,<=1,>16,4/4,2,1,<=0.25,<=0.125,<=4,<=0.5,<=0.5/9.5,>16,,,,,,,,,,,,
573.1448,EKP,>8,>64,>16,>16,>2,>16,>16,>16/8,>32,>4,>16,>64/4,>8,<=2,>8,>8,16,>16,>2/38,>16,,,,,,,,,,,,
573.14297,EKP,<=2,>64,>16,>16,1,>16,>16,>16/8,>32,<=1,>16,32/4,>8,<=2,<=1,<=1,<=8,>16,>2/38,>16,,,,,,,,,,,,
573.12983,EKP,1,64,<=4,<=4,<=0.5,<=1,<=0.5,8/4,<=0.5,<=1,<=1,4/4,2,1,<=0.25,<=0.125,<=4,<=0.5,<=0.5/9.5,16,,,,,,,,,,,,
573.13311,EKP,<=2,>64,>16,>16,>2,>16,>16,>16/8,>32,>4,>16,>64/4,>8,>8,<=1,<=1,<=8,>16,>2/38,>16,,,,,,,,,,,,
573.12986,EKP,1,64,<=4,<=4,<=0.5,2,<=0.5,8/4,<=0.5,<=1,<=1,4/4,>8,1,0.5,<=0.125,<=4,<=0.5,<=0.5/9.5,>16,,,,,,,,,,,,
573.13025,EKP,>8,,<=4,,>2,>32,>16,>16/8,>32,<=1,>16,32/4,>8,>8,2,0.25,<=4,8,>2/38,>16,,,,,,,,,,,,
573.1426,EKP,>8,,>16,>16,>2,>16,>16,>16/8,>32,>4,>16,>64/4,4,<=2,>8,8,32,>16,>2/38,>16,,,,,,,,,,,,
573.13763,EKP,<=2,,>16,>16,<=0.5,16,1,>16/8,<=2,<=1,<=2,>64/4,>8,<=2,<=1,<=1,<=8,<=1,>2/38,>16,,,,,,,,,,,,
573.13095,EKP,8,>64,>16,>16,>2,>16,>16,>16/8,>32,>4,>16,>64/4,>8,>8,>8,>8,<=8,>16,>2/38,>16,,,,,,,,,,,,
573.13034,EKP,>8,>64,>16,>16,>2,>16,>16,>16/8,>32,>4,>16,>64/4,4,4,8,>8,>32,,>2/38,>16,,,,,,,,,,,,
573.14313,EKP,>8,,>16,>16,>2,>16,>16,>16/8,>32,>4,>16,>64/4,4,<=2,>8,4,32,>16,>2/38,>16,,,,,,,,,,,,
573.14125,EKP,>8,,>16,>16,>2,>16,>16,>16/8,>32,>4,>16,>64/4,4,4,<=1,<=1,>32,>16,>2/38,>16,,,,,,,,,,,,
573.13398,EKP,>8,,>16,>16,>2,>16,>16,>16/8,>32,>4,>16,>64/4,>8,>8,>8,8,>32,>16,>2/38,>16,,,,,,,,,,,,
573.13159,EKP,>8,>64,>16,>16,>2,>16,>16,>16/8,>32,>4,4,>64/4,>8,>8,<=1,<=1,16,<=1,>2/38,>16,,,,,,,,,,,,
573.14302,EKP,<=2,>64,>16,>16,<=0.5,>16,1,>16/8,<=2,<=1,<=2,>64/4,>8,<=2,<=1,<=1,<=8,<=1,>2/38,>16,,,,,,,,,,,,
573.13232,EKP,>8,,>16,>16,>2,>16,>16,>16/8,>32,>4,>16,>64/4,8,<=2,<=1,<=1,16,,2/38,>16,,,,,,,,,,,,
573.13878,EKP,>8,,8,>16,>2,>16,>16,>16/8,16,>4,>16,16/4,4,>8,<=1,<=1,16,4,>2/38,>16,,,,,,,,,,,,
573.13335,EKP,>8,64,<=4,>16,>2,>16,16,>16/8,>32,<=1,16,16/4,>8,>8,<=1,<=1,<=8,>16,>2/38,>16,,,,,,,,,,,,
573.14042,EKP,<=2,,>16,>16,>2,>16,>16,>16/8,>32,>4,>16,>64/4,>8,>8,<=1,<=1,<=8,4,>2/38,>16,,,,,,,,,,,,
573.1433,EKP,>8,,>16,>16,>2,>16,>16,>16/8,>32,>4,>16,>64/4,4,4,4,>8,>32,>16,>2/38,>16,,,,,,,,,,,,
573.13414,EKP,>8,64,<=4,>16,>2,>16,>16,>16/8,>32,<=1,>16,64/4,>8,>8,<=1,<=1,<=8,>16,>2/38,>16,,,,,,,,,,,,
573.13647,EKP,<=2,>64,8,>16,>2,>16,>16,16/8,32,>4,>16,4/4,4,<=2,<=1,<=1,<=8,4,>2/38,>16,,,,,,,,,,,,
573.13209,EKP,<=2,>64,>16,>16,>2,>16,>16,>16/8,>32,>4,>16,32/4,>8,<=2,<=1,<=1,<=8,>16,2/38,>16,,,,,,,,,,,,
573.1397,EKP,<=2,>64,8,>16,>2,>16,>16,>16/8,>32,>4,>16,8/4,4,<=2,<=1,<=1,<=8,>16,>2/38,>16,,,,,,,,,,,,
573.1436,EKP,8,,>16,>16,>2,>16,>16,>16/8,>32,>4,>16,>64/4,>8,>8,>8,>8,<=8,>16,>2/38,>16,,,,,,,,,,,,
573.13098,EKP,>8,>64,>16,>16,>2,>16,>16,>16/8,>32,>4,>16,>64/4,>8,<=2,<=1,<=1,<=8,>16,>2/38,>16,,,,,,,,,,,,
573.14024,EKP,<=2,>64,<=4,>16,>2,>16,>16,>16/8,>32,>4,>16,16/4,<=2,<=2,<=1,<=1,<=8,>16,>2/38,>16,,,,,,,,,,,,
573.13823,EKP,>8,,8,>16,>2,>16,>16,>16/8,>32,>4,>16,32/4,4,<=2,<=1,<=1,<=8,>16,>2/38,>16,,,,,,,,,,,,
573.14475,EKP,>8,,>16,>16,>2,>16,>16,>16/8,>32,>4,>16,>64/4,4,<=2,>8,>8,16,16,<=0.5/9,>16,,,,,,,,,,,,
573.13002,EKP,1,64,<=4,<=4,<=0.5,<=1,<=0.5,4/2,<=0.5,<=1,<=1,4/4,<=1,1,<=0.25,<=0.125,<=4,<=0.5,<=0.5/9.5,16,,,,,,,,,,,,
573.14072,EKP,8,>64,<=4,>16,>2,>16,16,>16/8,>32,>4,<=2,8/4,>8,>8,<=1,<=1,<=8,16,>2/38,>16,,,,,,,,,,,,
573.1396,EKP,>8,>64,>16,>16,>2,>16,>16,>16/8,>32,>4,>16,>64/4,4,4,>8,>8,32,>16,>2/38,>16,,,,,,,,,,,,
573.13754,EKP,4,>64,>16,>16,>2,4,2,>16/8,<=2,4,<=2,64/4,>8,4,<=1,<=1,<=8,<=1,>2/38,>16,,,,,,,,,,,,
573.13545,EKP,>8,>64,<=4,>16,>2,>16,>16,>16/8,>32,<=1,16,64/4,>8,>8,<=1,<=1,<=8,,>2/38,>16,,,,,,,,,,,,
573.13415,EKP,<=2,>64,>16,>16,>2,>16,>16,>16/8,>32,>4,>16,64/4,4,<=2,<=1,<=1,<=8,,>2/38,>16,,,,,,,,,,,,
573.13461,EKP,>8,>64,>16,>16,>2,>16,>16,>16/8,>32,>4,>16,>64/4,4,<=2,<=1,4,16,16,>2/38,>16,,,,,,,,,,,,
573.14096,EKP,<=2,,>16,>16,>2,>16,>16,>16/8,>32,>4,>16,>64/4,>8,>8,4,2,<=8,4,>2/38,>16,,,,,,,,,,,,
573.13427,EKP,8,>64,>16,>16,>2,>16,>16,>16/8,>32,>4,>16,>64/4,>8,>8,>8,>8,<=8,<=1,>2/38,>16,,,,,,,,,,,,
573.12981,EKP,>8,,>16,,>2,>32,>16,>16/8,>32,>4,>16,>64/4,>8,>8,<=0.25,0.38,8,>16,>2/38,>16,,,,,,,,,,,,
573.1346,EKP,>8,,<=4,8,>2,>16,>16,16/8,16,>4,>16,<=2/4,4,<=2,<=1,<=1,<=8,<=1,<=0.5/9,>16,,,,,,,,,,,,
573.13967,EKP,<=2,,>16,>16,1,4,2,>16/8,<=2,<=1,<=2,32/4,>8,<=2,<=1,<=1,<=8,<=1,>2/38,>16,,,,,,,,,,,,
573.13924,EKP,<=2,,,>16,<=0.5,>16,4,>16/8,>32,<=1,16,4/4,<=2,<=2,<=1,<=1,<=8,>16,2/38,>16,,,,,,,,,,,,
573.12862,EKP,>8,,<=4,,>2,>32,>16,16/8,8,>4,>16,8/4,4,2,<=0.25,<=0.125,32,1,>2/38,>16,,,,,,,,,,,,
573.14044,EKP,<=2,>64,>16,>16,>2,>16,>16,>16/8,>32,>4,>16,>64/4,>8,>8,<=1,<=1,<=8,>16,>2/38,>16,,,,,,,,,,,,
573.1454,EKP,>8,>64,>16,>16,>2,>16,>16,>16/8,>32,>4,>16,>64/4,8,<=2,>8,>8,16,<=1,1/19,>16,,,,,,,,,,,,
573.14334,EKP,8,,8,>16,<=0.5,>16,>16,16/8,>32,<=1,>16,>64/4,4,4,<=1,<=1,<=8,>16,<=0.5/9,>16,,,,,,,,,,,,
573.13831,EKP,<=2,>64,>16,>16,>2,>16,>16,>16/8,>32,>4,>16,>64/4,>8,>8,>8,>8,<=8,>16,>2/38,>16,,,,,,,,,,,,
573.14107,EKP,<=2,>64,>16,>16,>2,>16,>16,>16/8,>32,>4,>16,>64/4,<=2,<=2,<=1,<=1,<=8,>16,2/38,>16,,,,,,,,,,,,
573.13444,EKP,>8,,16,>16,>2,>16,>16,>16/8,>32,>4,>16,>64/4,<=2,<=2,8,8,16,16,>2/38,>16,,,,,,,,,,,,
573.14503,EKP,8,>64,16,>16,>2,>16,>16,>16/8,>32,>4,>16,>64/4,>8,<=2,>8,<=1,<=8,,>2/38,>16,,,,,,,,,,,,
573.13084,EKP,>8,>64,>16,>16,>2,>16,>16,>16/8,>32,>4,>16,>64/4,>8,4,<=1,<=1,32,>16,>2/38,>16,,,,,,,,,,,,
573.13758,EKP,<=2,>64,<=4,>16,>2,>16,>16,>16/8,>32,>4,>16,16/4,4,<=2,<=1,<=1,<=8,>16,<=0.5/9,>16,,,,,,,,,,,,
573.13858,EKP,>8,>64,>16,>16,>2,>16,>16,>16/8,>32,>4,>16,>64/4,>8,>8,<=1,<=1,<=8,>16,>2/38,>16,,,,,,,,,,,,
573.13655,EKP,>8,>64,>16,>16,>2,>16,>16,>16/8,>32,>4,>16,>64/4,4,4,2,4,32,>16,>2/38,>16,,,,,,,,,,,,
573.14173,EKP,>8,,16,>16,>2,>16,>16,>16/8,>32,>4,>16,>64/4,4,<=2,<=1,<=1,32,<=1,>2/38,>16,,,,,,,,,,,,
573.13656,EKP,<=2,,>16,>16,>2,>16,16,>16/8,>32,2,>16,>64/4,8,<=2,<=1,<=1,<=8,<=1,<=0.5/9,>16,,,,,,,,,,,,
573.14303,EKP,<=2,>64,>16,>16,>2,>16,>16,>16/8,>32,>4,>16,>64/4,4,>8,>8,>8,<=8,>16,>2/38,>16,,,,,,,,,,,,
573.14426,EKP,8,,>16,>16,>2,>16,>16,>16/8,>32,>4,>16,>64/4,4,>8,>8,>8,<=8,<=1,2/38,>16,,,,,,,,,,,,
573.13516,EKP,<=2,>64,>16,>16,>2,>16,>16,>16/8,>32,>4,>16,>64/4,4,<=2,>8,>8,<=8,,>2/38,>16,,,,,,,,,,,,
573.14343,EKP,>8,,8,>16,>2,>16,>16,>16/8,>32,>4,>16,64/4,>8,>8,<=1,<=1,<=8,16,>2/38,>16,,,,,,,,,,,,
573.12922,EKP,1,64,<=4,<=4,<=0.5,<=1,<=0.5,4/2,<=0.5,<=1,<=1,4/4,<=1,1,<=0.25,<=0.125,<=4,<=0.5,<=0.5/9.5,16,,,,,,,,,,,,
573.13713,EKP,<=2,>64,8,>16,>2,>16,>16,>16/8,>32,>4,>16,>64/4,4,<=2,<=1,<=1,<=8,<=1,<=0.5/9,>16,,,,,,,,,,,,
573.13378,EKP,>8,,>16,>16,>2,>16,>16,>16/8,>32,>4,>16,>64/4,4,<=2,>8,>8,32,>16,>2/38,>16,,,,,,,,,,,,
573.14286,EKP,<=2,,>16,>16,>2,>16,>16,>16/8,>32,>4,>16,>64/4,>8,>8,<=1,4,<=8,<=1,>2/38,>16,,,,,,,,,,,,
573.13147,EKP,8,>64,<=4,>16,>2,>16,>16,>16/8,>32,>4,<=2,32/4,>8,<=2,<=1,<=1,<=8,>16,>2/38,>16,,,,,,,,,,,,
573.14373,EKP,>8,,8,>16,>2,>16,>16,>16/8,>32,>4,>16,>64/4,<=2,>8,<=1,<=1,16,>16,>2/38,>16,,,,,,,,,,,,
573.1416,EKP,8,,>16,>16,>2,>16,>16,>16/8,>32,>4,>16,32/4,>8,>8,<=1,<=1,<=8,>16,>2/38,>16,,,,,,,,,,,,
573.1439,EKP,>8,>64,>16,>16,>2,>16,>16,>16/8,>32,>4,>16,>64/4,8,<=2,8,2,32,>16,>2/38,>16,,,,,,,,,,,,
573.13462,EKP,8,,>16,>16,>2,>16,>16,>16/8,>32,>4,16,>64/4,>8,>8,<=1,2,<=8,<=1,>2/38,>16,,,,,,,,,,,,
573.14219,EKP,>8,,<=4,>16,>2,>16,>16,>16/8,>32,<=1,>16,16/4,>8,>8,<=1,<=1,<=8,16,>2/38,>16,,,,,,,,,,,,
573.14199,EKP,8,,>16,>16,>2,>16,>16,>16/8,>32,>4,>16,32/4,>8,>8,<=1,<=1,<=8,>16,>2/38,>16,,,,,,,,,,,,
573.13578,EKP,>8,,>16,>16,>2,>16,>16,>16/8,>32,>4,>16,>64/4,8,4,>8,>8,32,>16,2/38,>16,,,,,,,,,,,,
573.14119,EKP,8,,<=4,>16,>2,>16,>16,>16/8,>32,>4,<=2,16/4,>8,<=2,<=1,<=1,<=8,>16,>2/38,>16,,,,,,,,,,,,
573.13778,EKP,>8,>64,>16,>16,>2,>16,>16,>16/8,>32,>4,>16,>64/4,4,4,4,2,32,16,>2/38,>16,,,,,,,,,,,,
573.13181,EKP,>8,>64,8,>16,>2,>16,>16,>16/8,>32,>4,>16,>64/4,>8,>8,<=1,<=1,<=8,16,>2/38,>16,,,,,,,,,,,,
573.13576,EKP,<=2,,>16,>16,<=0.5,>16,16,>16/8,<=2,<=1,<=2,>64/4,>8,<=2,<=1,<=1,<=8,8,<=0.5/9,>16,,,,,,,,,,,,
573.14257,EKP,>8,,<=4,>16,>2,>16,>16,>16/8,>32,>4,>16,64/4,>8,<=2,<=1,<=1,<=8,>16,>2/38,>16,,,,,,,,,,,,
573.12872,EKP,1,64,<=4,<=4,<=0.5,<=1,<=0.5,8/4,<=0.5,<=1,<=1,4/4,>8,1,<=0.25,<=0.125,<=4,<=0.5,<=0.5/9.5,16,,,,,,,,,,,,
573.14463,EKP,<=2,,8,>16,<=0.5,>16,8,>16/8,>32,<=1,4,>64/4,8,<=2,<=1,<=1,<=8,4,<=0.5/9,>16,,,,,,,,,,,,
573.13215,EKP,8,,>16,>16,>2,>16,>16,>16/8,>32,>4,>16,>64/4,>8,>8,>8,>8,<=8,>16,>2/38,>16,,,,,,,,,,,,
573.13785,EKP,<=2,>64,>16,>16,>2,>16,>16,>16/8,>32,>4,>16,>64/4,>8,<=2,<=1,<=1,<=8,>16,>2/38,>16,,,,,,,,,,,,
573.13125,EKP,<=2,>64,8,>16,>2,>16,>16,>16/8,>32,>4,>16,16/4,4,<=2,<=1,<=1,<=8,<=1,<=0.5/9,>16,,,,,,,,,,,,
573.12997,EKP,1,32,<=4,<=4,<=0.5,2,<=0.5,8/4,<=0.5,<=1,<=1,8/4,2,1,0.5,<=0.125,<=4,<=0.5,<=0.5/9.5,>16,,,,,,,,,,,,
573.13143,EKP,>8,>64,>16,>16,>2,>16,>16,>16/8,>32,>4,>16,>64/4,>8,>8,>8,>8,>32,>16,>2/38,>16,,,,,,,,,,,,
573.13417,EKP,>8,>64,>16,>16,>2,>16,>16,>16/8,>32,>4,>16,>64/4,4,>8,>8,2,<=8,>16,>2/38,>16,,,,,,,,,,,,
573.13854,EKP,<=2,,>16,>16,>2,>16,>16,>16/8,>32,>4,>16,>64/4,>8,<=2,>8,>8,<=8,,>2/38,>16,,,,,,,,,,,,
573.1356,EKP,>8,>64,8,>16,>2,>16,>16,>16/8,>32,>4,>16,>64/4,4,>8,<=1,<=1,<=8,>16,>2/38,>16,,,,,,,,,,,,
573.14001,EKP,<=2,>64,>16,>16,>2,>16,16,>16/8,>32,>4,>16,>64/4,<=2,<=2,>8,>8,<=8,<=1,<=0.5/9,>16,,,,,,,,,,,,
573.13664,EKP,<=2,,>16,>16,<=0.5,>16,8,>16/8,<=2,<=1,<=2,>64/4,>8,<=2,<=1,<=1,<=8,<=1,<=0.5/9,>16,,,,,,,,,,,,
573.13772,EKP,8,,<=4,>16,>2,>16,>16,>16/8,>32,>4,>16,>64/4,>8,<=2,<=1,<=1,<=8,>16,>2/38,>16,,,,,,,,,,,,
573.13896,EKP,>8,>64,>16,>16,>2,>16,>16,>16/8,>32,>4,,>64/4,>8,>8,<=1,2,32,4,>2/38,>16,,,,,,,,,,,,
573.13467,EKP,8,64,8,>16,>2,>16,>16,>16/8,>32,>4,>16,>64/4,4,>8,<=1,<=1,<=8,,<=0.5/9,>16,,,,,,,,,,,,
573.14284,EKP,8,,>16,>16,>2,>16,>16,>16/8,>32,>4,>16,>64/4,>8,>8,>8,>8,<=8,>16,>2/38,>16,,,,,,,,,,,,
573.14109,EKP,<=2,,>16,>16,>2,>16,>16,>16/8,>32,>4,>16,>64/4,4,<=2,>8,>8,<=8,<=1,>2/38,>16,,,,,,,,,,,,
573.13436,EKP,8,>64,<=4,>16,>2,>16,>16,>16/8,>32,4,>16,64/4,<=2,<=2,<=1,<=1,<=8,>16,>2/38,>16,,,,,,,,,,,,
573.13612,EKP,>8,>64,16,>16,>2,>16,>16,16/8,32,>4,>16,16/4,8,<=2,<=1,<=1,16,4,>2/38,>16,,,,,,,,,,,,
573.13602,EKP,8,,16,>16,>2,>16,>16,>16/8,>32,>4,>16,16/4,>8,<=2,<=1,<=1,<=8,>16,>2/38,>16,,,,,,,,,,,,
573.14396,EKP,8,>64,16,>16,>2,>16,>16,>16/8,16,>4,>16,32/4,>8,<=2,<=1,<=1,<=8,2,1/19,>16,,,,,,,,,,,,
573.12873,EKP,1,64,<=4,<=4,<=0.5,2,<=0.5,8/4,<=0.5,<=1,<=1,4/4,<=1,1,<=0.25,<=0.125,<=4,<=0.5,<=0.5/9.5,>16,,,,,,,,,,,,
573.12858,EKP,>8,>64,<=4,,>2,>32,16,>16/8,>32,<=1,16,>64/4,>8,>8,<=0.25,<=0.125,<=4,>16,>2/38,>16,,,,,,,,,,,,
573.13705,EKP,<=2,>64,<=4,>16,1,>16,>16,>16/8,>32,<=1,4,>64/4,<=2,<=2,<=1,<=1,<=8,16,<=0.5/9,>16,,,,,,,,,,,,
573.1369,EKP,>8,>64,8,>16,>2,>16,>16,16/8,32,>4,>16,>64/4,4,4,<=1,<=1,32,4,>2/38,>16,,,,,,,,,,,,
573.14213,EKP,>8,,8,>16,>2,>16,>16,>16/8,>32,>4,>16,>64/4,<=2,<=2,<=1,<=1,32,<=1,>2/38,>16,,,,,,,,,,,,
573.13178,EKP,<=2,>64,>16,>16,>2,>16,>16,>16/8,>32,>4,>16,>64/4,>8,>8,>8,>8,<=8,>16,>2/38,>16,,,,,,,,,,,,
573.13454,EKP,<=2,,>16,>16,>2,>16,>16,>16/8,>32,>4,>16,8/4,>8,<=2,<=1,<=1,<=8,<=1,<=0.5/9,>16,,,,,,,,,,,,
573.13051,EKP,>8,>64,16,>16,>2,>16,>16,16/8,32,>4,>16,8/4,4,4,<=1,<=1,>32,4,>2/38,>16,,,,,,,,,,,,
573.13972,EKP,>8,>64,8,>16,>2,>16,>16,>16/8,>32,>4,>16,64/4,4,>8,<=1,<=1,16,>16,>2/38,>16,,,,,,,,,,,,
573.13386,EKP,<=2,,8,>16,>2,>16,16,>16/8,>32,>4,>16,8/4,>8,<=2,<=1,<=1,<=8,16,<=0.5/9,>16,,,,,,,,,,,,
573.1447,EKP,4,,>16,>16,>2,>16,>16,>16/8,>32,>4,>16,>64/4,>8,>8,<=1,<=1,<=8,4,>2/38,>16,,,,,,,,,,,,
573.13446,EKP,<=2,>64,>16,>16,>2,>16,>16,>16/8,>32,>4,>16,>64/4,>8,>8,<=1,<=1,<=8,<=1,>2/38,>16,,,,,,,,,,,,
573.14309,EKP,<=2,>64,>16,>16,<=0.5,16,1,>16/8,4,<=1,<=2,32/4,>8,<=2,<=1,<=1,<=8,<=1,<=0.5/9,>16,,,,,,,,,,,,
573.13658,EKP,<=2,,>16,>16,>2,>16,>16,>16/8,>32,>4,<=2,>64/4,>8,8,>8,>8,<=8,<=1,>2/38,>16,,,,,,,,,,,,
573.13131,EKP,>8,>64,8,>16,>2,>16,>16,>16/8,>32,>4,>16,>64/4,4,>8,<=1,<=1,16,16,>2/38,>16,,,,,,,,,,,,
573.13108,EKP,>8,>64,>16,>16,>2,>16,>16,>16/8,>32,>4,>16,>64/4,4,4,>8,>8,32,<=1,>2/38,>16,,,,,,,,,,,,
573.13207,EKP,>8,,>16,>16,>2,>16,>16,>16/8,>32,>4,>16,>64/4,4,8,8,8,>32,>16,>2/38,>16,,,,,,,,,,,,
573.14272,EKP,8,>64,>16,>16,>2,4,1,16/8,<=2,>4,<=2,16/4,>8,>8,<=1,<=1,<=8,<=1,>2/38,>16,,,,,,,,,,,,
573.13872,EKP,8,,>16,>16,>2,>16,16,>16/8,>32,>4,>16,>64/4,>8,<=2,>8,>8,<=8,>16,>2/38,>16,,,,,,,,,,,,
573.13606,EKP,<=2,>64,>16,>16,>2,>16,16,16/8,>32,>4,>16,16/4,>8,<=2,<=1,<=1,<=8,,<=0.5/9,>16,,,,,,,,,,,,
573.13268,EKP,<=2,,>16,>16,>2,>16,>16,>16/8,>32,>4,>16,>64/4,8,>8,<=1,<=1,<=8,<=1,2/38,>16,,,,,,,,,,,,
573.13774,EKP,8,>64,8,>16,>2,>16,>16,>16/8,>32,>4,>16,16/4,>8,>8,<=1,<=1,<=8,>16,>2/38,>16,,,,,,,,,,,,
573.12886,EKP,1,64,<=4,<=4,<=0.5,<=1,<=0.5,8/4,<=0.5,<=1,<=1,4/4,2,1,<=0.25,<=0.125,<=4,<=0.5,<=0.5/9.5,16,,,,,,,,,,,,
573.14351,EKP,<=2,,>16,>16,>2,>16,>16,>16/8,>32,>4,>16,64/4,4,<=2,<=1,<=1,<=8,<=1,>2/38,>16,,,,,,,,,,,,
573.13703,EKP,>8,64,<=4,>16,2,>16,16,>16/8,>32,<=1,16,8/4,>8,<=2,<=1,<=1,<=8,8,>2/38,>16,,,,,,,,,,,,
573.12949,EKP,>8,>64,<=4,,>2,>32,>16,>16/8,>32,<=1,>16,16/4,>8,>8,<=0.25,<=0.125,<=4,>16,>2/38,>16,,,,,,,,,,,,
573.13573,EKP,>8,>64,>16,>16,>2,>16,>16,>16/8,>32,>4,>16,>64/4,8,4,4,>8,32,16,>2/38,>16,,,,,,,,,,,,
573.13177,EKP,8,>64,>16,>16,>2,>16,>16,>16/8,>32,>4,>16,>64/4,>8,<=2,<=1,2,16,>16,>2/38,>16,,,,,,,,,,,,
573.14204,EKP,>8,,>16,>16,>2,>16,>16,>16/8,>32,>4,>16,>64/4,8,>8,>8,>8,32,,>2/38,>16,,,,,,,,,,,,
573.1398,EKP,<=2,>64,<=4,<=4,<=0.5,16,2,>16/8,<=2,<=1,<=2,>64/4,<=2,<=2,<=1,<=1,<=8,<=1,<=0.5/9,>16,,,,,,,,,,,,
573.14197,EKP,<=2,,>16,>16,>2,>16,>16,>16/8,>32,>4,>16,>64/4,>8,>8,>8,>8,<=8,,>2/38,>16,,,,,,,,,,,,
573.12899,EKP,>8,>64,<=4,,2,>32,>16,>16/8,>32,<=1,>16,16/4,>8,>8,0.5,<=0.125,<=4,>16,>2/38,>16,,,,,,,,,,,,
573.12932,EKP,8,>64,8,,>2,>32,>16,>16/8,>32,>4,8,>64/4,4,>8,<=0.25,<=0.125,<=4,,>2/38,>16,,,,,,,,,,,,
573.14104,EKP,<=2,>64,<=4,>16,2,>16,8,>16/8,>32,<=1,>16,>64/4,>8,<=2,<=1,<=1,<=8,>16,>2/38,>16,,,,,,,,,,,,
573.14278,EKP,>8,>64,>16,>16,>2,>16,>16,>16/8,>32,>4,>16,>64/4,>8,>8,<=1,<=1,<=8,>16,>2/38,>16,,,,,,,,,,,,
573.14282,EKP,>8,,>16,>16,>2,>16,>16,>16/8,>32,>4,>16,>64/4,>8,<=2,<=1,<=1,32,<=1,>2/38,>16,,,,,,,,,,,,
573.14078,EKP,>8,,>16,>16,>2,>16,>16,>16/8,>32,>4,>16,>64/4,>8,>8,<=1,<=1,<=8,>16,>2/38,>16,,,,,,,,,,,,
573.14102,EKP,8,>64,16,>16,>2,>16,>16,>16/8,>32,>4,>16,>64/4,>8,8,<=1,<=1,<=8,>16,>2/38,>16,,,,,,,,,,,,
573.13019,EKP,1,>64,>16,,>2,>32,>16,>16/8,>32,2,>16,>64/4,2,1,>8,>8,<=4,>16,<=0.5/9.5,>16,,,,,,,,,,,,
573.13768,EKP,<=2,>64,<=4,>16,>2,>16,8,>16/8,>32,2,16,4/4,<=2,<=2,<=1,<=1,<=8,4,>2/38,>16,,,,,,,,,,,,
573.13086,EKP,8,,<=4,>16,>2,>16,16,>16/8,>32,>4,>16,16/4,>8,<=2,<=1,<=1,<=8,16,>2/38,>16,,,,,,,,,,,,
573.13697,EKP,>8,>64,16,>16,>2,>16,>16,>16/8,>32,>4,>16,32/4,>8,>8,<=1,<=1,<=8,>16,>2/38,>16,,,,,,,,,,,,
573.13056,EKP,<=2,>64,>16,>16,>2,>16,2,>16/8,>32,>4,4,32/4,>8,>8,<=1,<=1,<=8,4,<=0.5/9,>16,,,,,,,,,,,,
573.13728,EKP,>8,,16,>16,>2,>16,>16,>16/8,>32,>4,>16,>64/4,8,<=2,<=1,<=1,<=8,>16,>2/38,>16,,,,,,,,,,,,
573.13796,EKP,>8,>64,>16,>16,>2,>16,>16,>16/8,>32,>4,>16,>64/4,8,<=2,8,>8,32,>16,>2/38,>16,,,,,,,,,,,,
573.13848,EKP,>8,>64,<=4,>16,>2,>16,>16,>16/8,>32,<=1,>16,64/4,<=2,<=2,<=1,<=1,<=8,16,>2/38,>16,,,,,,,,,,,,
573.14223,EKP,>8,,>16,>16,>2,>16,>16,>16/8,>32,>4,>16,>64/4,4,>8,>8,>8,32,8,>2/38,>16,,,,,,,,,,,,
573.14494,EKP,<=2,>64,>16,>16,>2,>16,>16,>16/8,>32,>4,>16,>64/4,4,<=2,<=1,<=1,<=8,<=1,>2/38,>16,,,,,,,,,,,,
573.13085,EKP,>8,>64,8,>16,>2,>16,>16,16/8,32,>4,>16,8/4,4,4,<=1,<=1,32,4,>2/38,>16,,,,,,,,,,,,
573.13473,EKP,>8,,8,>16,>2,>16,>16,>16/8,>32,>4,>16,32/4,4,>8,<=1,<=1,<=8,16,>2/38,>16,,,,,,,,,,,,
573.13296,EKP,8,,8,16,>2,>16,16,8/4,<=2,4,>16,8/4,8,8,<=1,<=1,<=8,<=1,<=0.5/9,>16,,,,,,,,,,,,
573.12918,EKP,8,,8,,>2,>32,16,>16/8,>32,>4,16,16/4,4,1,0.5,<=0.125,<=4,>16,>2/38,>16,,,,,,,,,,,,
573.13475,EKP,8,>64,16,>16,>2,>16,>16,>16/8,>32,>4,>16,>64/4,>8,<=2,<=1,<=1,<=8,<=1,>2/38,>16,,,,,,,,,,,,
573.13946,EKP,>8,<=16,>16,>16,>2,>16,>16,>16/8,>32,>4,>16,8/4,>8,>8,<=1,<=1,<=8,16,>2/38,>16,,,,,,,,,,,,
573.13723,EKP,<=2,,8,>16,>2,>16,>16,16/8,>32,>4,>16,8/4,8,<=2,<=1,<=1,<=8,>16,1/19,>16,,,,,,,,,,,,
573.13927,EKP,<=2,,8,>16,>2,>16,>16,>16/8,>32,>4,>16,16/4,4,<=2,<=1,<=1,<=8,>16,<=0.5/9.5,>16,,,,,,,,,,,,
573.13371,EKP,8,,>16,>16,>2,>16,>16,>16/8,>32,>4,>16,>64/4,4,>8,<=1,<=1,<=8,>16,<=0.5/9,>16,,,,,,,,,,,,
573.13734,EKP,8,>64,>16,>16,>2,>16,>16,>16/8,>32,>4,>16,>64/4,8,>8,<=1,<=1,<=8,>16,>2/38,>16,,,,,,,,,,,,
573.13775,EKP,<=2,>64,16,>16,>2,>16,>16,>16/8,>32,>4,>16,>64/4,4,<=2,<=1,<=1,<=8,8,<=0.5/9,>16,,,,,,,,,,,,
573.13816,EKP,8,>64,>16,>16,>2,>16,>16,>16/8,>32,>4,>16,>64/4,>8,>8,>8,>8,<=8,>16,>2/38,>16,,,,,,,,,,,,
573.13815,EKP,8,>64,<=4,>16,>2,>16,16,>16/8,>32,<=1,16,32/4,>8,<=2,<=1,<=1,<=8,8,>2/38,>16,,,,,,,,,,,,
573.1404,EKP,8,,>16,>16,>2,>16,>16,>16/8,>32,>4,,>64/4,>8,<=2,8,>8,16,4,>2/38,>16,,,,,,,,,,,,
573.12962,EKP,1,<=16,>16,<=4,<=0.5,>32,<=0.5,8/4,<=0.5,<=1,<=1,4/4,<=1,1,<=0.25,<=0.125,<=4,<=0.5,<=0.5/9.5,>16,,,,,,,,,,,,
573.13748,EKP,<=2,64,<=4,>16,<=0.5,>16,4,>16/8,>32,<=1,>16,4/4,<=2,<=2,<=1,<=1,<=8,>16,1/19,>16,,,,,,,,,,,,
573.13494,EKP,>8,,<=4,>16,>2,>16,>16,16/8,>32,>4,>16,4/4,4,4,<=1,<=1,32,16,<=0.5/9,>16,,,,,,,,,,,,
573.14493,EKP,<=2,,<=4,8,<=0.5,>16,4,>16/8,<=2,<=1,<=2,>64/4,<=2,<=2,<=1,<=1,<=8,<=1,<=0.5/9,>16,,,,,,,,,,,,
573.13626,EKP,<=2,,>16,>16,>2,>16,>16,>16/8,>32,>4,>16,>64/4,4,<=2,4,>8,<=8,<=1,<=0.5/9,>16,,,,,,,,,,,,
573.1452,EKP,8,>64,>16,>16,>2,>16,>16,>16/8,>32,>4,>16,>64/4,4,>8,>8,>8,<=8,<=1,>2/38,>16,,,,,,,,,,,,
573.13435,EKP,>8,>64,8,>16,>2,>16,>16,>16/8,>32,>4,>16,>64/4,4,>8,<=1,<=1,32,,>2/38,>16,,,,,,,,,,,,
573.14488,EKP,<=2,64,<=4,>16,>2,>16,>16,>16/8,>32,>4,,8/4,4,<=2,<=1,<=1,<=8,<=1,<=0.5/9,>16,,,,,,,,,,,,
573.13148,EKP,<=2,,8,>16,>2,>16,>16,>16/8,>32,>4,>16,16/4,4,<=2,<=1,<=1,<=8,<=1,>2/38,>16,,,,,,,,,,,,
573.14132,EKP,8,>64,8,>16,>2,>16,>16,>16/8,>32,>4,>16,>64/4,<=2,>8,<=1,<=1,<=8,>16,<=0.5/9,>16,,,,,,,,,,,,
573.13046,EKP,<=2,,8,>16,<=0.5,>16,8,>16/8,>32,<=1,16,>64/4,<=2,<=2,>8,<=1,<=8,>16,<=0.5/9,>16,,,,,,,,,,,,
573.14388,EKP,>8,,>16,>16,>2,>16,>16,>16/8,>32,>4,>16,>64/4,4,<=2,8,>8,32,>16,>2/38,>16,,,,,,,,,,,,
573.14504,EKP,8,,8,>16,>2,>16,>16,>16/8,>32,>4,>16,>64/4,4,>8,<=1,<=1,<=8,<=1,2/38,>16,,,,,,,,,,,,
573.14061,EKP,<=2,>64,>16,>16,>2,>16,>16,>16/8,>32,>4,>16,>64/4,8,<=2,>8,>8,<=8,>16,>2/38,>16,,,,,,,,,,,,
573.13384,EKP,>8,,>16,>16,>2,>16,>16,>16/8,>32,>4,>16,>64/4,8,>8,>8,>8,<=8,>16,>2/38,>16,,,,,,,,,,,,
573.12999,EKP,>8,64,<=4,,>2,>32,>16,>16/8,>32,<=1,16,16/4,>8,>8,<=0.25,<=0.125,<=4,>16,>2/38,>16,,,,,,,,,,,,
573.14495,EKP,<=2,<=16,8,>16,>2,>16,>16,>16/8,>32,>4,>16,>64/4,4,>8,<=1,<=1,<=8,>16,<=0.5/9,>16,,,,,,,,,,,,
573.13441,EKP,<=2,>64,>16,>16,>2,>16,>16,>16/8,>32,>4,>16,>64/4,>8,>8,<=1,4,<=8,,>2/38,>16,,,,,,,,,,,,
573.14447,EKP,8,>64,>16,>16,>2,>16,>16,>16/8,>32,>4,>16,>64/4,>8,>8,>8,>8,<=8,,>2/38,>16,,,,,,,,,,,,
573.13951,EKP,>8,>64,>16,>16,>2,>16,>16,>16/8,>32,>4,>16,>64/4,4,<=2,8,8,32,16,>2/38,>16,,,,,,,,,,,,
573.13261,EKP,>8,>64,>16,>16,>2,>16,>16,>16/8,>32,>4,>16,>64/4,4,<=2,<=1,<=1,32,>16,>2/38,>16,,,,,,,,,,,,
573.13977,EKP,>8,>64,8,>16,>2,>16,>16,16/8,>32,>4,>16,8/4,<=2,4,<=1,<=1,32,4,<=0.5/9,>16,,,,,,,,,,,,
573.14063,EKP,>8,64,<=4,>16,>2,>16,8,>16/8,>32,>4,>16,>64/4,>8,>8,<=1,<=1,<=8,4,>2/38,>16,,,,,,,,,,,,
573.14359,EKP,8,>64,16,>16,>2,>16,>16,>16/8,>32,>4,>16,8/4,8,>8,<=1,<=1,<=8,>16,>2/38,>16,,,,,,,,,,,,
573.13183,EKP,8,>64,>16,>16,>2,>16,>16,>16/8,>32,>4,>16,>64/4,<=2,>8,2,4,<=8,>16,>2/38,>16,,,,,,,,,,,,
573.14519,EKP,8,64,<=4,>16,>2,>16,>16,>16/8,>32,>4,>16,>64/4,<=2,>8,<=1,<=1,<=8,16,<=0.5/9,>16,,,,,,,,,,,,
573.13442,EKP,<=2,64,<=4,>16,2,>16,>16,>16/8,>32,<=1,>16,8/4,<=2,<=2,<=1,<=1,<=8,16,>2/38,>16,,,,,,,,,,,,
573.13459,EKP,>8,64,<=4,>16,>2,>16,>16,>16/8,>32,<=1,>16,64/4,>8,>8,<=1,<=1,<=8,>16,>2/38,>16,,,,,,,,,,,,
573.14486,EKP,>8,>64,>16,>16,>2,>16,>16,>16/8,>32,>4,>16,>64/4,>8,>8,<=1,<=1,32,4,>2/38,>16,,,,,,,,,,,,
573.14031,EKP,>8,,>16,>16,>2,>16,>16,>16/8,>32,>4,>16,>64/4,>8,<=2,<=1,2,32,>16,>2/38,>16,,,,,,,,,,,,
573.13666,EKP,<=2,>64,>16,>16,>2,>16,>16,>16/8,>32,>4,>16,>64/4,4,<=2,>8,>8,<=8,>16,>2/38,>16,,,,,,,,,,,,
573.14466,EKP,>8,>64,8,>16,>2,>16,>16,16/8,32,>4,>16,32/4,4,4,<=1,<=1,>32,4,>2/38,>16,,,,,,,,,,,,
573.13866,EKP,<=2,>64,>16,>16,>2,>16,>16,>16/8,>32,>4,>16,>64/4,>8,>8,2,4,<=8,>16,>2/38,>16,,,,,,,,,,,,
573.13689,EKP,<=2,>64,>16,>16,>2,>16,>16,>16/8,>32,>4,<=2,>64/4,8,<=2,>8,>8,<=8,<=1,>2/38,>16,,,,,,,,,,,,
573.13331,EKP,>8,64,<=4,>16,>2,>16,>16,>16/8,>32,<=1,16,64/4,>8,>8,<=1,<=1,<=8,>16,>2/38,>16,,,,,,,,,,,,
573.13418,EKP,>8,>64,16,>16,>2,>16,>16,>16/8,>32,>4,>16,>64/4,<=2,>8,<=1,<=1,32,>16,>2/38,>16,,,,,,,,,,,,
573.1385,EKP,>8,,>16,>16,>2,>16,>16,>16/8,>32,>4,>16,>64/4,8,<=2,4,4,32,16,>2/38,>16,,,,,,,,,,,,
573.13228,EKP,>8,>64,16,>16,>2,>16,>16,16/8,32,>4,>16,8/4,4,4,<=1,<=1,32,4,>2/38,>16,,,,,,,,,,,,
573.12926,EKP,1,64,<=4,<=4,<=0.5,<=1,<=0.5,8/4,<=0.5,<=1,<=1,4/4,2,1,0.5,<=0.125,<=4,<=0.5,<=0.5/9.5,>16,,,,,,,,,,,,
573.13678,EKP,>8,,<=4,>16,>2,>16,>16,>16/8,>32,>4,>16,>64/4,>8,>8,<=1,<=1,<=8,>16,>2/38,>16,,,,,,,,,,,,
573.14089,EKP,8,,>16,>16,>2,>16,>16,>16/8,>32,>4,>16,>64/4,4,>8,<=1,<=1,<=8,<=1,>2/38,>16,,,,,,,,,,,,
573.14146,EKP,>8,,>16,>16,>2,>16,>16,>16/8,>32,>4,>16,>64/4,4,4,>8,<=1,>32,>16,>2/38,>16,,,,,,,,,,,,
573.13437,EKP,8,>64,<=4,>16,>2,>16,>16,>16/8,>32,>4,>16,64/4,>8,<=2,<=1,<=1,<=8,>16,>2/38,>16,,,,,,,,,,,,
573.13321,EKP,4,64,8,16,>2,>16,16,>16/8,<=2,4,>16,8/4,>8,4,<=1,<=1,<=8,<=1,>2/38,>16,,,,,,,,,,,,
573.14181,EKP,>8,,>16,>16,>2,>16,>16,>16/8,>32,>4,>16,>64/4,4,4,>8,>8,>32,>16,>2/38,>16,,,,,,,,,,,,
573.14472,EKP,8,,>16,>16,>2,>16,>16,>16/8,>32,>4,>16,>64/4,4,>8,>8,>8,<=8,>16,>2/38,>16,,,,,,,,,,,,
573.13751,EKP,<=2,,>16,>16,>2,>16,>16,>16/8,>32,>4,>16,>64/4,<=2,<=2,4,>8,<=8,>16,>2/38,>16,,,,,,,,,,,,
573.14489,EKP,<=2,64,8,>16,>2,>16,>16,>16/8,>32,>4,>16,16/4,4,<=2,<=1,<=1,<=8,>16,<=0.5/9,>16,,,,,,,,,,,,
573.14392,EKP,<=2,64,<=4,>16,>2,>16,>16,>16/8,>32,>4,>16,4/4,<=2,<=2,<=1,<=1,<=8,>16,>2/38,>16,,,,,,,,,,,,
573.1368,EKP,>8,,>16,>16,>2,>16,>16,>16/8,>32,>4,>16,>64/4,4,4,8,8,32,>16,>2/38,>16,,,,,,,,,,,,
573.13877,EKP,>8,,8,>16,>2,>16,>16,16/8,16,>4,>16,32/4,4,<=2,<=1,<=1,32,4,>2/38,>16,,,,,,,,,,,,
573.13906,EKP,8,>64,>16,>16,>2,>16,>16,>16/8,>32,>4,>16,>64/4,4,>8,<=1,<=1,<=8,4,>2/38,>16,,,,,,,,,,,,
573.14316,EKP,<=2,,>16,>16,>2,>16,>16,>16/8,>32,>4,>16,>64/4,>8,<=2,>8,>8,<=8,>16,>2/38,>16,,,,,,,,,,,,
573.13438,EKP,>8,>64,>16,>16,>2,>16,>16,>16/8,>32,>4,>16,>64/4,8,>8,8,>8,<=8,>16,>2/38,>16,,,,,,,,,,,,
573.14123,EKP,<=2,>64,>16,>16,>2,>16,>16,>16/8,>32,>4,>16,>64/4,>8,>8,<=1,<=1,<=8,>16,>2/38,>16,,,,,,,,,,,,
573.13455,EKP,>8,,>16,>16,>2,>16,>16,>16/8,>32,>4,>16,>64/4,4,<=2,8,>8,32,>16,>2/38,>16,,,,,,,,,,,,
573.14075,EKP,8,>64,<=4,>16,>2,>16,>16,>16/8,>32,>4,>16,>64/4,<=2,>8,<=1,<=1,<=8,16,<=0.5/9,>16,,,,,,,,,,,,
573.13343,EKP,>8,>64,>16,>16,>2,>16,>16,>16/8,32,>4,>16,64/4,>8,4,<=1,<=1,32,4,>2/38,>16,,,,,,,,,,,,
573.13729,EKP,<=2,,8,>16,>2,>16,>16,16/8,>32,>4,16,4/4,8,<=2,<=1,<=1,<=8,>16,1/19,>16,,,,,,,,,,,,
573.14328,EKP,<=2,,>16,>16,<=0.5,4,1,16/8,<=2,<=1,<=2,16/4,>8,<=2,<=1,<=1,<=8,<=1,1/19,>16,,,,,,,,,,,,
573.13052,EKP,>8,>64,>16,>16,>2,>16,>16,>16/8,>32,>4,>16,>64/4,4,<=2,>8,>8,32,>16,>2/38,>16,,,,,,,,,,,,
573.14319,EKP,8,,>16,>16,>2,>16,>16,>16/8,>32,>4,>16,>64/4,>8,>8,<=1,<=1,<=8,<=1,<=0.5/9,>16,,,,,,,,,,,,
573.1421,EKP,<=2,,16,>16,>2,>16,>16,>16/8,>32,>4,>16,>64/4,4,<=2,8,<=1,<=8,>16,>2/38,>16,,,,,,,,,,,,
573.13156,EKP,>8,,>16,>16,>2,>16,>16,>16/8,>32,>4,>16,>64/4,4,<=2,8,8,32,16,>2/38,>16,,,,,,,,,,,,
573.13543,EKP,>8,,>16,>16,>2,>16,>16,>16/8,>32,>4,>16,>64/4,4,4,>8,4,32,>16,>2/38,>16,,,,,,,,,,,,
573.12876,EKP,>8,>64,8,,>2,>32,>16,>16/8,>32,>4,>16,>64/4,>8,1,0.5,<=0.125,<=4,>16,>2/38,>16,,,,,,,,,,,,
573.13027,EKP,1,>64,<=4,<=4,<=0.5,2,<=0.5,16/8,<=0.5,<=1,<=1,<=2/4,>8,1,<=0.25,<=0.125,<=4,<=0.5,<=0.5/9.5,>16,,,,,,,,,,,,
573.14339,EKP,<=2,,>16,>16,>2,>16,>16,>16/8,>32,>4,>16,>64/4,>8,>8,>8,>8,<=8,4,>2/38,>16,,,,,,,,,,,,
573.14039,EKP,<=2,,>16,>16,>2,>16,>16,>16/8,>32,>4,>16,>64/4,>8,>8,<=1,<=1,<=8,<=1,>2/38,>16,,,,,,,,,,,,
573.13203,EKP,8,,8,>16,2,>16,>16,16/8,32,2,>16,8/4,<=2,>8,<=1,<=1,<=8,4,<=0.5/9,>16,,,,,,,,,,,,
573.13961,EKP,4,>64,>16,>16,>2,>16,>16,>16/8,>32,>4,>16,>64/4,4,>8,>8,>8,<=8,,>2/38,>16,,,,,,,,,,,,
573.13546,EKP,>8,,16,>16,>2,>16,>16,>16/8,>32,>4,>16,>64/4,8,4,<=1,<=1,32,16,>2/38,>16,,,,,,,,,,,,
573.14525,EKP,8,64,>16,>16,>2,>16,>16,>16/8,>32,>4,>16,>64/4,8,4,<=1,<=1,<=8,>16,>2/38,>16,,,,,,,,,,,,
573.14416,EKP,>8,,>16,>16,>2,>16,>16,>16/8,>32,>4,>16,64/4,>8,>8,<=1,<=1,<=8,>16,>2/38,>16,,,,,,,,,,,,
573.13943,EKP,<=2,64,16,>16,>2,>16,>16,>16/8,32,4,>16,>64/4,8,<=2,<=1,<=1,<=8,4,>2/38,>16,,,,,,,,,,,,
573.13672,EKP,>8,,<=4,>16,<=0.5,>16,>16,>16/8,>32,<=1,>16,>64/4,>8,<=2,<=1,<=1,<=8,>16,>2/38,>16,,,,,,,,,,,,
573.13458,EKP,>8,,8,>16,>2,>16,>16,>16/8,>32,>4,8,64/4,4,>8,<=1,<=1,<=8,,>2/38,>16,,,,,,,,,,,,
573.14041,EKP,<=2,>64,8,>16,>2,>16,>16,>16/8,>32,>4,>16,64/4,>8,>8,<=1,<=1,<=8,>16,>2/38,>16,,,,,,,,,,,,
573.13333,EKP,<=2,>64,>16,>16,>2,>16,>16,>16/8,>32,>4,>16,>64/4,>8,<=2,<=1,<=1,<=8,<=1,>2/38,>16,,,,,,,,,,,,
573.13566,EKP,>8,>64,>16,>16,>2,>16,>16,>16/8,>32,>4,>16,>64/4,4,8,>8,>8,<=8,16,<=0.5/9,>16,,,,,,,,,,,,
573.13559,EKP,>8,,8,>16,>2,>16,>16,>16/8,>32,>4,>16,>64/4,4,<=2,<=1,<=1,32,>16,>2/38,>16,,,,,,,,,,,,
573.13204,EKP,>8,>64,8,>16,>2,>16,>16,>16/8,>32,>4,>16,64/4,>8,>8,<=1,<=1,<=8,>16,>2/38,>16,,,,,,,,,,,,
573.13808,EKP,>8,>64,>16,>16,>2,>16,>16,>16/8,>32,>4,>16,>64/4,4,<=2,8,8,32,>16,>2/38,>16,,,,,,,,,,,,
573.13377,EKP,<=2,>64,>16,>16,>2,>16,>16,>16/8,>32,>4,>16,>64/4,>8,>8,<=1,<=1,<=8,,>2/38,>16,,,,,,,,,,,,
573.14415,EKP,>8,,16,>16,>2,>16,>16,>16/8,>32,>4,>16,64/4,>8,>8,<=1,<=1,<=8,>16,>2/38,>16,,,,,,,,,,,,
573.13533,EKP,<=2,>64,8,>16,>2,>16,>16,>16/8,>32,>4,>16,>64/4,>8,>8,<=1,<=1,<=8,>16,>2/38,>16,,,,,,,,,,,,
573.14378,EKP,>8,>64,>16,>16,>2,>16,>16,>16/8,>32,>4,>16,>64/4,4,4,>8,>8,>32,<=1,>2/38,>16,,,,,,,,,,,,
573.14236,EKP,<=2,>64,>16,>16,>2,>16,>16,>16/8,>32,>4,16,>64/4,4,>8,>8,>8,<=8,<=1,>2/38,>16,,,,,,,,,,,,
573.13385,EKP,>8,,<=4,>16,>2,>16,8,>16/8,>32,<=1,>16,16/4,>8,>8,<=1,<=1,<=8,>16,>2/38,>16,,,,,,,,,,,,
573.13984,EKP,>8,>64,<=4,>16,>2,>16,16,>16/8,>32,>4,>16,32/4,>8,>8,<=1,<=1,<=8,>16,>2/38,>16,,,,,,,,,,,,
573.13134,EKP,4,>64,<=4,>16,1,>16,1,>16/8,>32,<=1,<=2,<=2/4,>8,>8,<=1,<=1,<=8,4,>2/38,>16,,,,,,,,,,,,
573.13259,EKP,8,,>16,>16,>2,>16,>16,>16/8,>32,>4,>16,>64/4,<=2,>8,>8,>8,<=8,>16,>2/38,>16,,,,,,,,,,,,
573.14163,EKP,<=2,>64,>16,>16,>2,>16,>16,>16/8,>32,>4,4,>64/4,4,8,>8,>8,<=8,4,>2/38,>16,,,,,,,,,,,,
573.13284,EKP,8,,<=4,>16,>2,>16,4,>16/8,>32,>4,16,8/4,>8,>8,<=1,<=1,<=8,16,>2/38,>16,,,,,,,,,,,,
573.13595,EKP,>8,>64,>16,>16,>2,>16,>16,>16/8,>32,>4,>16,>64/4,4,<=2,>8,>8,16,>16,>2/38,>16,,,,,,,,,,,,
573.14389,EKP,>8,>64,>16,>16,>2,>16,>16,>16/8,>32,>4,>16,>64/4,>8,>8,<=1,<=1,<=8,<=1,>2/38,>16,,,,,,,,,,,,
573.13907,EKP,8,>64,,>16,>2,>16,>16,>16/8,>32,>4,>16,>64/4,8,>8,<=1,<=1,<=8,>16,>2/38,>16,,,,,,,,,,,,
573.14361,EKP,<=2,>64,>16,>16,>2,>16,>16,>16/8,>32,>4,>16,>64/4,>8,<=2,<=1,<=1,<=8,4,>2/38,>16,,,,,,,,,,,,
573.14505,EKP,>8,32,<=4,>16,>2,>16,16,>16/8,>32,<=1,16,16/4,>8,<=2,<=1,<=1,<=8,>16,>2/38,>16,,,,,,,,,,,,
573.13801,EKP,8,,16,>16,1,>16,16,16/8,>32,<=1,,4/4,>8,>8,<=1,<=1,<=8,16,>2/38,>16,,,,,,,,,,,,
573.13653,EKP,>8,>64,8,>16,>2,>16,>16,16/8,16,>4,>16,32/4,4,4,<=1,<=1,>32,2,>2/38,>16,,,,,,,,,,,,
573.13541,EKP,>8,>64,16,>16,>2,>16,>16,16/8,16,>4,>16,4/4,4,<=2,<=1,<=1,32,4,>2/38,>16,,,,,,,,,,,,
573.14404,EKP,8,32,8,>16,>2,>16,>16,>16/8,>32,>4,4,>64/4,4,>8,<=1,<=1,<=8,>16,<=0.5/9,>16,,,,,,,,,,,,
573.12885,EKP,1,,<=4,<=4,<=0.5,2,<=0.5,8/4,<=0.5,<=1,<=1,4/4,<=1,1,0.5,<=0.125,<=4,<=0.5,<=0.5/9.5,>16,,,,,,,,,,,,
573.12938,EKP,>8,64,<=4,,>2,>32,16,>16/8,>32,<=1,>16,32/4,>8,>8,<=0.25,<=0.125,<=4,16,>2/38,>16,,,,,,,,,,,,
573.13112,EKP,>8,>64,>16,>16,>2,>16,>16,16/8,16,>4,>16,>64/4,>8,<=2,<=1,<=1,<=8,4,>2/38,>16,,,,,,,,,,,,
573.13919,EKP,8,>64,>16,>16,>2,>16,>16,>16/8,>32,>4,>16,>64/4,8,>8,>8,>8,<=8,>16,>2/38,>16,,,,,,,,,,,,
573.14108,EKP,<=2,>64,<=4,>16,<=0.5,>16,16,>16/8,>32,<=1,16,4/4,<=2,<=2,<=1,<=1,<=8,16,>2/38,>16,,,,,,,,,,,,
573.14306,EKP,>8,>64,>16,>16,>2,>16,>16,>16/8,>32,>4,>16,>64/4,4,>8,>8,>8,>32,>16,>2/38,>16,,,,,,,,,,,,
573.13456,EKP,<=2,,<=4,<=4,<=0.5,>16,8,>16/8,<=2,<=1,<=2,>64/4,>8,<=2,<=1,<=1,<=8,<=1,<=0.5/9,>16,,,,,,,,,,,,
573.13929,EKP,8,,<=4,>16,>2,>16,>16,>16/8,>32,<=1,>16,32/4,>8,<=2,<=1,<=1,<=8,>16,>2/38,>16,,,,,,,,,,,,
573.1394,EKP,>8,,>16,>16,>2,>16,>16,>16/8,>32,>4,>16,>64/4,8,<=2,>8,>8,32,,<=0.5/9.5,>16,,,,,,,,,,,,
573.14174,EKP,<=2,,>16,>16,>2,>16,>16,>16/8,>32,>4,<=2,>64/4,>8,>8,<=1,<=1,<=8,<=1,>2/38,>16,,,,,,,,,,,,
573.14007,EKP,<=2,64,>16,>16,>2,>16,>16,>16/8,>32,>4,>16,64/4,>8,<=2,<=1,<=1,<=8,>16,<=0.5/9,>16,,,,,,,,,,,,
573.13869,EKP,>8,,>16,>16,>2,>16,>16,>16/8,>32,>4,>16,>64/4,>8,>8,<=1,<=1,<=8,>16,>2/38,>16,,,,,,,,,,,,
573.13615,EKP,8,>64,>16,>16,>2,>16,>16,>16/8,>32,>4,>16,32/4,>8,>8,<=1,<=1,<=8,>16,>2/38,>16,,,,,,,,,,,,
573.13466,EKP,>8,,>16,>16,>2,>16,1,>16/8,<=2,>4,<=2,>64/4,>8,>8,<=1,<=1,<=8,>16,>2/38,>16,,,,,,,,,,,,
573.14255,EKP,>8,,>16,>16,>2,>16,>16,>16/8,>32,>4,>16,>64/4,4,4,>8,8,32,>16,>2/38,>16,,,,,,,,,,,,
573.13104,EKP,<=2,>64,<=4,>16,1,>16,>16,16/8,16,<=1,>16,4/4,<=2,<=2,<=1,<=1,<=8,2,<=0.5/9,>16,,,,,,,,,,,,
573.13358,EKP,<=2,,>16,>16,<=0.5,>16,>16,>16/8,>32,<=1,>16,>64/4,<=2,<=2,8,>8,<=8,>16,<=0.5/9,>16,,,,,,,,,,,,
573.13938,EKP,<=2,,>16,>16,>2,>16,>16,>16/8,>32,>4,>16,>64/4,4,<=2,>8,>8,<=8,>16,>2/38,>16,,,,,,,,,,,,
573.13038,EKP,>8,32,<=4,>16,2,>16,16,>16/8,>32,<=1,>16,8/4,>8,>8,<=1,<=1,<=8,>16,>2/38,>16,,,,,,,,,,,,
573.13324,EKP,<=2,,8,>16,>2,>16,>16,>16/8,>32,>4,>16,>64/4,4,<=2,<=1,<=1,<=8,<=1,>2/38,>16,,,,,,,,,,,,
573.13986,EKP,>8,>64,>16,>16,>2,>16,>16,>16/8,>32,>4,>16,>64/4,4,4,>8,2,32,>16,>2/38,>16,,,,,,,,,,,,
573.14455,EKP,8,,>16,>16,>2,>16,>16,>16/8,>32,>4,>16,>64/4,8,>8,>8,>8,<=8,>16,>2/38,>16,,,,,,,,,,,,
573.14069,EKP,8,,>16,>16,>2,>16,>16,>16/8,>32,>4,>16,>64/4,>8,>8,<=1,<=1,<=8,<=1,>2/38,>16,,,,,,,,,,,,
573.13221,EKP,>8,>64,>16,>16,>2,>16,>16,>16/8,>32,>4,>16,>64/4,4,4,>8,>8,32,>16,>2/38,>16,,,,,,,,,,,,
573.14182,EKP,>8,,16,>16,>2,>16,>16,>16/8,>32,>4,>16,>64/4,4,>8,<=1,<=1,32,16,>2/38,>16,,,,,,,,,,,,
573.12863,EKP,1,,<=4,<=4,<=0.5,<=1,<=0.5,8/4,<=0.5,<=1,<=1,4/4,<=1,1,<=0.25,<=0.125,<=4,<=0.5,<=0.5/9.5,>16,,,,,,,,,,,,
573.13043,EKP,>8,>64,>16,>16,>2,>16,>16,>16/8,>32,<=1,4,>64/4,>8,>8,<=1,<=1,<=8,,>2/38,>16,,,,,,,,,,,,
573.13489,EKP,<=2,>64,8,>16,>2,>16,>16,>16/8,>32,>4,>16,4/4,<=2,<=2,<=1,<=1,<=8,,<=0.5/9,>16,,,,,,,,,,,,
573.13323,EKP,<=2,>64,8,>16,>2,>16,>16,>16/8,>32,4,>16,>64/4,<=2,<=2,2,<=1,<=8,<=1,<=0.5/9,>16,,,,,,,,,,,,
573.13609,EKP,8,>64,>16,>16,>2,>16,>16,>16/8,>32,>4,>16,64/4,4,>8,<=1,<=1,<=8,>16,>2/38,>16,,,,,,,,,,,,
573.14002,EKP,8,,>16,>16,>2,>16,>16,>16/8,>32,>4,>16,>64/4,>8,>8,<=1,4,<=8,>16,>2/38,>16,,,,,,,,,,,,
573.13803,EKP,>8,,16,>16,>2,>16,>16,>16/8,32,>4,>16,8/4,8,4,<=1,<=1,32,8,>2/38,>16,,,,,,,,,,,,
573.14513,EKP,<=2,>64,>16,>16,>2,>16,>16,>16/8,>32,>4,>16,>64/4,4,<=2,>8,>8,<=8,<=1,>2/38,>16,,,,,,,,,,,,
573.1427,EKP,<=2,,8,>16,>2,>16,>16,>16/8,>32,>4,>16,64/4,4,<=2,<=1,<=1,<=8,16,<=0.5/9,>16,,,,,,,,,,,,
573.14345,EKP,>8,>64,>16,>16,>2,>16,>16,>16/8,>32,>4,>16,64/4,>8,>8,<=1,<=1,<=8,>16,>2/38,>16,,,,,,,,,,,,
573.14159,EKP,<=2,>64,>16,>16,>2,>16,>16,>16/8,>32,>4,>16,>64/4,>8,8,<=1,<=1,<=8,<=1,>2/38,>16,,,,,,,,,,,,
573.13904,EKP,>8,>64,16,>16,>2,>16,>16,>16/8,>32,>4,>16,>64/4,4,<=2,<=1,<=1,32,>16,>2/38,>16,,,,,,,,,,,,
573.12968,EKP,1,<=16,>16,>16,<=0.5,4,1,8/4,<=0.5,<=1,<=1,16/4,8,1,<=0.25,<=0.125,<=4,<=0.5,<=0.5/9.5,16,,,,,,,,,,,,
573.13791,EKP,>8,>64,<=4,>16,>2,>16,16,>16/8,>32,>4,>16,16/4,>8,>8,<=1,<=1,<=8,8,>2/38,>16,,,,,,,,,,,,
573.13621,EKP,<=2,>64,>16,>16,>2,>16,>16,>16/8,>32,>4,>16,16/4,8,>8,<=1,<=1,<=8,>16,>2/38,>16,,,,,,,,,,,,
573.14032,EKP,>8,32,>16,>16,>2,>16,>16,>16/8,>32,>4,>16,>64/4,>8,<=2,<=1,<=1,<=8,>16,>2/38,>16,,,,,,,,,,,,
573.1402,EKP,<=2,,>16,>16,>2,>16,>16,>16/8,>32,>4,>16,>64/4,>8,>8,<=1,<=1,<=8,<=1,>2/38,>16,,,,,,,,,,,,
573.13971,EKP,<=2,>64,>16,>16,>2,>16,>16,>16/8,>32,>4,>16,>64/4,4,<=2,>8,>8,<=8,>16,>2/38,>16,,,,,,,,,,,,
573.14368,EKP,>8,>64,>16,>16,>2,>16,>16,>16/8,>32,>4,>16,>64/4,4,4,>8,>8,>32,>16,>2/38,>16,,,,,,,,,,,,
573.13756,EKP,>8,>64,8,>16,>2,>16,>16,>16/8,>32,>4,>16,>64/4,4,4,<=1,<=1,32,>16,>2/38,>16,,,,,,,,,,,,
573.14267,EKP,>8,,8,>16,>2,>16,>16,>16/8,>32,>4,>16,32/4,>8,>8,<=1,<=1,<=8,4,>2/38,>16,,,,,,,,,,,,
573.14233,EKP,>8,,16,>16,>2,>16,>16,16/8,>32,>4,>16,>64/4,4,>8,<=1,<=1,>32,16,>2/38,>16,,,,,,,,,,,,
573.13067,EKP,>8,>64,>16,>16,>2,>16,>16,>16/8,>32,>4,>16,>64/4,>8,<=2,>8,>8,32,>16,>2/38,>16,,,,,,,,,,,,
573.13692,EKP,8,>64,>16,>16,>2,>16,>16,>16/8,>32,>4,<=2,>64/4,>8,<=2,>8,>8,<=8,<=1,>2/38,>16,,,,,,,,,,,,
573.1443,EKP,8,>64,>16,>16,>2,>16,>16,>16/8,>32,>4,>16,>64/4,>8,>8,>8,>8,<=8,>16,>2/38,>16,,,,,,,,,,,,
573.12916,EKP,8,,8,,>2,>32,>16,16/8,2,4,>16,16/4,4,8,<=0.25,<=0.125,<=4,<=0.5,>2/38,>16,,,,,,,,,,,,
573.1365,EKP,>8,,<=4,>16,>2,>16,>16,>16/8,>32,>4,>16,>64/4,>8,>8,<=1,<=1,<=8,>16,>2/38,>16,,,,,,,,,,,,
573.13474,EKP,>8,,>16,>16,>2,>16,1,>16/8,<=2,>4,<=2,>64/4,>8,>8,<=1,<=1,16,>16,>2/38,>16,,,,,,,,,,,,
573.13493,EKP,<=2,>64,>16,>16,>2,>16,>16,>16/8,>32,>4,>16,>64/4,>8,>8,<=1,<=1,<=8,>16,>2/38,>16,,,,,,,,,,,,
573.13308,EKP,>8,,8,>16,>2,>16,>16,>16/8,>32,>4,>16,>64/4,>8,>8,<=1,<=1,<=8,>16,>2/38,>16,,,,,,,,,,,,
573.13719,EKP,8,>64,16,>16,<=0.5,>16,16,>16/8,>32,<=1,<=2,>64/4,<=2,>8,<=1,<=1,<=8,<=1,<=0.5/9,>16,,,,,,,,,,,,
573.13538,EKP,8,,16,>16,>2,>16,>16,>16/8,>32,>4,>16,>64/4,8,>8,<=1,<=1,<=8,>16,2/38,>16,,,,,,,,,,,,
573.14171,EKP,<=2,,<=4,<=4,<=0.5,>16,8,>16/8,<=2,<=1,<=2,>64/4,<=2,<=2,<=1,<=1,<=8,<=1,<=0.5/9,>16,,,,,,,,,,,,
573.14212,EKP,8,>64,>16,>16,>2,>16,>16,>16/8,>32,>4,>16,>64/4,4,>8,<=1,4,<=8,<=1,>2/38,>16,,,,,,,,,,,,
573.12978,EKP,1,,16,16,>2,4,<=0.5,16/8,<=0.5,>4,<=1,8/4,4,<=0.5,<=0.25,<=0.125,<=4,<=0.5,>2/38,>16,,,,,,,,,,,,
573.14209,EKP,<=2,,>16,>16,>2,>16,>16,>16/8,>32,>4,>16,>64/4,>8,>8,<=1,<=1,<=8,>16,>2/38,>16,,,,,,,,,,,,
573.12894,EKP,8,>64,<=4,,>2,>32,>16,>16/8,>32,>4,>16,>64/4,2,>8,<=0.25,<=0.125,<=4,>16,<=0.5/9.5,>16,,,,,,,,,,,,
573.13681,EKP,>8,,<=4,>16,>2,>16,>16,>16/8,>32,>4,>16,16/4,>8,>8,<=1,<=1,<=8,16,>2/38,>16,,,,,,,,,,,,
573.13059,EKP,8,>64,8,>16,>2,>16,>16,>16/8,>32,>4,>16,>64/4,>8,<=2,<=1,<=1,<=8,<=1,>2/38,>16,,,,,,,,,,,,
573.13539,EKP,<=2,>64,>16,>16,>2,>16,>16,>16/8,>32,>4,>16,>64/4,>8,>8,<=1,<=1,<=8,>16,>2/38,>16,,,,,,,,,,,,
573.13905,EKP,>8,,,>16,>2,>16,>16,>16/8,>32,>4,>16,>64/4,4,>8,4,4,<=8,16,<=0.5/9.5,>16,,,,,,,,,,,,
573.13397,EKP,<=2,,>16,>16,>2,>16,>16,>16/8,>32,>4,>16,>64/4,>8,<=2,8,>8,<=8,16,>2/38,>16,,,,,,,,,,,,
573.14158,EKP,>8,>64,>16,>16,>2,>16,>16,>16/8,>32,>4,>16,>64/4,4,<=2,>8,>8,32,>16,>2/38,>16,,,,,,,,,,,,
573.13891,EKP,8,>64,16,>16,2,>16,>16,8/4,16,<=1,4,4/4,>8,4,<=1,<=1,<=8,<=1,>2/38,>16,,,,,,,,,,,,
573.14011,EKP,<=2,>64,>16,>16,>2,>16,>16,>16/8,>32,>4,>16,>64/4,4,<=2,>8,>8,<=8,,>2/38,>16,,,,,,,,,,,,
573.13574,EKP,8,,>16,>16,>2,>16,>16,>16/8,>32,>4,>16,>64/4,4,>8,<=1,<=1,<=8,>16,>2/38,>16,,,,,,,,,,,,
573.13921,EKP,>8,,16,>16,>2,>16,>16,>16/8,>32,>4,>16,>64/4,8,<=2,<=1,<=1,16,>16,>2/38,>16,,,,,,,,,,,,
573.13403,EKP,<=2,,>16,>16,1,>16,>16,>16/8,>32,<=1,>16,>64/4,8,<=2,8,>8,<=8,16,1/19,>16,,,,,,,,,,,,
573.14194,EKP,>8,,8,>16,>2,>16,>16,>16/8,>32,>4,16,>64/4,>8,<=2,<=1,<=1,<=8,,>2/38,>16,,,,,,,,,,,,
573.14029,EKP,>8,,<=4,>16,>2,>16,>16,>16/8,>32,>4,>16,>64/4,>8,<=2,<=1,<=1,<=8,<=1,>2/38,>16,,,,,,,,,,,,
573.14543,EKP,<=2,>64,<=4,>16,>2,>16,16,16/8,>32,>4,4,16/4,4,<=2,<=1,<=1,<=8,>16,<=0.5/9,>16,,,,,,,,,,,,
573.12898,EKP,>8,>64,<=4,,>2,>32,>16,>16/8,>32,>4,>16,>64/4,>8,>8,<=0.25,<=0.125,<=4,,>2/38,>16,,,,,,,,,,,,
573.13811,EKP,8,>64,>16,>16,>2,>16,>16,>16/8,>32,>4,4,>64/4,8,>8,>8,>8,<=8,<=1,>2/38,>16,,,,,,,,,,,,
573.1414,EKP,<=2,>64,>16,>16,>2,>16,>16,>16/8,>32,>4,>16,8/4,<=2,>8,<=1,<=1,<=8,4,1/19,>16,,,,,,,,,,,,
573.13234,EKP,>8,>64,>16,>16,>2,>16,>16,>16/8,>32,>4,>16,>64/4,4,8,>8,>8,>32,16,1/19,>16,,,,,,,,,,,,
573.13083,EKP,>8,>64,>16,>16,>2,>16,>16,>16/8,>32,>4,>16,>64/4,4,<=2,<=1,2,32,16,>2/38,>16,,,,,,,,,,,,
573.13926,EKP,>8,>64,>16,>16,>2,>16,>16,>16/8,>32,>4,>16,>64/4,>8,>8,<=1,<=1,32,>16,>2/38,>16,,,,,,,,,,,,
573.13039,EKP,>8,>64,>16,>16,>2,>16,>16,>16/8,>32,>4,>16,>64/4,4,4,>8,>8,>32,>16,>2/38,>16,,,,,,,,,,,,
573.14092,EKP,8,>64,8,>16,>2,>16,>16,>16/8,>32,>4,>16,>64/4,8,>8,<=1,<=1,<=8,>16,<=0.5/9,>16,,,,,,,,,,,,
573.13762,EKP,<=2,>64,8,>16,>2,>16,>16,>16/8,>32,>4,>16,>64/4,4,<=2,<=1,<=1,<=8,>16,<=0.5/9,>16,,,,,,,,,,,,
573.13797,EKP,>8,,>16,>16,>2,>16,>16,>16/8,>32,>4,>16,>64/4,4,4,>8,>8,32,>16,>2/38,>16,,,,,,,,,,,,
573.13661,EKP,8,>64,>16,>16,>2,>16,>16,>16/8,>32,>4,<=2,>64/4,>8,>8,4,8,<=8,<=1,>2/38,>16,,,,,,,,,,,,
573.13836,EKP,<=2,>64,>16,>16,>2,>16,>16,>16/8,>32,>4,4,>64/4,4,>8,>8,>8,<=8,,>2/38,>16,,,,,,,,,,,,
573.13944,EKP,<=2,,8,>16,>2,>16,8,>16/8,>32,>4,16,>64/4,>8,<=2,4,2,<=8,<=1,>2/38,>16,,,,,,,,,,,,
573.13759,EKP,>8,,8,>16,>2,>16,>16,>16/8,>32,>4,>16,>64/4,4,<=2,<=1,<=1,32,16,<=0.5/9,>16,,,,,,,,,,,,
573.13197,EKP,>8,>64,>16,>16,>2,>16,>16,>16/8,>32,>4,4,>64/4,>8,<=2,<=1,<=1,<=8,<=1,>2/38,>16,,,,,,,,,,,,
573.14064,EKP,<=2,,16,16,>2,>16,8,>16/8,<=2,4,<=2,>64/4,4,<=2,<=1,<=1,<=8,<=1,>2/38,>16,,,,,,,,,,,,
573.14225,EKP,8,,16,>16,>2,>16,>16,>16/8,>32,>4,>16,>64/4,<=2,>8,>8,>8,<=8,,>2/38,>16,,,,,,,,,,,,
573.14305,EKP,<=2,>64,<=4,8,<=0.5,>16,2,>16/8,<=2,<=1,<=2,8/4,>8,<=2,<=1,<=1,<=8,<=1,<=0.5/9,>16,,,,,,,,,,,,
573.12998,EKP,1,64,<=4,<=4,<=0.5,<=1,<=0.5,8/4,<=0.5,<=1,<=1,4/4,<=1,1,<=0.25,<=0.125,<=4,<=0.5,<=0.5/9.5,>16,,,,,,,,,,,,
573.13701,EKP,<=2,,<=4,>16,1,>16,>16,>16/8,>32,<=1,>16,4/4,>8,<=2,<=1,<=1,<=8,>16,>2/38,>16,,,,,,,,,,,,
573.14407,EKP,>8,>64,>16,>16,>2,>16,>16,>16/8,>32,>4,>16,>64/4,8,>8,>8,>8,<=8,>16,>2/38,>16,,,,,,,,,,,,
573.13365,EKP,<=2,,>16,>16,>2,>16,>16,>16/8,>32,>4,>16,>64/4,>8,<=2,8,>8,<=8,>16,>2/38,>16,,,,,,,,,,,,
573.14395,EKP,8,>64,16,>16,>2,>16,>16,>16/8,>32,>4,>16,>64/4,4,<=2,<=1,<=1,<=8,4,>2/38,>16,,,,,,,,,,,,
573.12943,EKP,1,64,<=4,<=4,<=0.5,2,<=0.5,8/4,<=0.5,<=1,<=1,4/4,<=1,1,<=0.25,<=0.125,<=4,<=0.5,<=0.5/9.5,16,,,,,,,,,,,,
573.14004,EKP,8,>64,16,>16,>2,>16,>16,>16/8,>32,>4,>16,>64/4,8,<=2,<=1,<=1,<=8,>16,>2/38,>16,,,,,,,,,,,,
573.14217,EKP,>8,>64,>16,>16,>2,>16,>16,>16/8,>32,>4,>16,>64/4,4,>8,2,4,16,<=1,>2/38,>16,,,,,,,,,,,,
573.13895,EKP,>8,>64,8,>16,>2,>16,>16,16/8,16,>4,>16,8/4,4,4,<=1,<=1,>32,2,>2/38,>16,,,,,,,,,,,,
573.13644,EKP,<=2,64,>16,>16,>2,>16,>16,>16/8,>32,>4,>16,>64/4,4,<=2,<=1,<=1,<=8,<=1,<=0.5/9,>16,,,,,,,,,,,,
573.13802,EKP,>8,,8,>16,>2,>16,>16,>16/8,>32,>4,>16,64/4,8,4,<=1,<=1,32,8,>2/38,>16,,,,,,,,,,,,
573.13042,EKP,>8,>64,>16,>16,>2,>16,>16,>16/8,>32,>4,>16,>64/4,4,4,>8,>8,32,16,>2/38,>16,,,,,,,,,,,,
573.13328,EKP,<=2,64,<=4,>16,>2,>16,>16,>16/8,>32,>4,>16,64/4,>8,>8,<=1,<=1,<=8,<=1,>2/38,>16,,,,,,,,,,,,
573.13072,EKP,>8,,<=4,>16,>2,>16,>16,>16/8,>32,>4,>16,>64/4,4,>8,<=1,<=1,<=8,>16,>2/38,>16,,,,,,,,,,,,
573.13129,EKP,<=2,>64,<=4,>16,1,>16,8,16/8,>32,<=1,16,<=2/4,>8,<=2,<=1,<=1,<=8,4,>2/38,>16,,,,,,,,,,,,
573.14227,EKP,>8,>64,>16,>16,>2,>16,>16,>16/8,>32,>4,>16,>64/4,>8,>8,<=1,<=1,<=8,<=1,>2/38,>16,,,,,,,,,,,,
573.13616,EKP,>8,>64,>16,>16,>2,>16,>16,>16/8,>32,>4,>16,>64/4,4,<=2,>8,>8,16,>16,>2/38,>16,,,,,,,,,,,,
573.1384,EKP,>8,>64,16,>16,>2,>16,>16,>16/8,>32,>4,>16,>64/4,<=2,4,4,<=1,32,>16,>2/38,>16,,,,,,,,,,,,
573.14254,EKP,>8,,>16,>16,>2,>16,>16,>16/8,>32,>4,>16,>64/4,8,4,4,4,32,>16,>2/38,>16,,,,,,,,,,,,
573.13237,EKP,>8,,>16,>16,>2,>16,>16,>16/8,>32,>4,>16,>64/4,4,4,>8,8,32,>16,>2/38,>16,,,,,,,,,,,,
573.1358,EKP,>8,>64,16,>16,>2,>16,>16,>16/8,>32,>4,>16,>64/4,>8,<=2,<=1,<=1,<=8,>16,>2/38,>16,,,,,,,,,,,,
573.14332,EKP,8,>64,8,>16,>2,>16,>16,>16/8,>32,>4,>16,32/4,>8,<=2,<=1,<=1,<=8,>16,>2/38,>16,,,,,,,,,,,,
573.12961,EKP,1,32,<=4,<=4,<=0.5,2,<=0.5,16/8,<=0.5,<=1,<=1,4/4,>8,1,<=0.25,<=0.125,<=4,<=0.5,>2/38,>16,,,,,,,,,,,,
573.14144,EKP,<=2,>64,>16,>16,>2,>16,>16,>16/8,>32,>4,,>64/4,>8,>8,<=1,2,<=8,<=1,>2/38,>16,,,,,,,,,,,,
573.12888,EKP,>8,>64,16,,>2,>32,>16,>16/8,>32,>4,>16,>64/4,2,>8,<=0.25,<=0.125,32,4,1/19,>16,,,,,,,,,,,,
573.14456,EKP,8,,>16,>16,>2,>16,>16,>16/8,>32,>4,>16,>64/4,>8,>8,>8,>8,<=8,>16,>2/38,>16,,,,,,,,,,,,
573.14101,EKP,8,>64,<=4,>16,2,>16,16,>16/8,>32,<=1,>16,8/4,>8,>8,<=1,<=1,<=8,>16,>2/38,>16,,,,,,,,,,,,
573.13041,EKP,>8,,16,>16,>2,>16,>16,>16/8,<=2,>4,8,>64/4,4,8,<=1,<=1,>32,8,>2/38,>16,,,,,,,,,,,,
573.13657,EKP,>8,>64,>16,>16,>2,>16,>16,>16/8,>32,>4,,>64/4,4,<=2,>8,>8,32,<=1,>2/38,>16,,,,,,,,,,,,
573.13366,EKP,8,32,<=4,>16,1,>16,<=0.5,>16/8,>32,<=1,<=2,4/4,>8,>8,<=1,<=1,<=8,<=1,<=0.5/9,>16,,,,,,,,,,,,
573.14235,EKP,>8,,<=4,>16,>2,>16,>16,>16/8,>32,4,>16,16/4,>8,>8,<=1,<=1,<=8,>16,>2/38,>16,,,,,,,,,,,,
573.14134,EKP,>8,64,8,>16,>2,>16,>16,>16/8,>32,>4,>16,16/4,>8,>8,<=1,<=1,<=8,>16,>2/38,>16,,,,,,,,,,,,
573.14049,EKP,>8,,>16,>16,>2,>16,>16,>16/8,>32,>4,>16,>64/4,8,>8,<=1,<=1,32,>16,>2/38,>16,,,,,,,,,,,,
573.13306,EKP,8,,8,>16,>2,>16,>16,>16/8,>32,>4,>16,>64/4,>8,>8,<=1,<=1,<=8,>16,>2/38,>16,,,,,,,,,,,,
573.13214,EKP,<=2,,>16,>16,>2,>16,>16,>16/8,>32,>4,>16,>64/4,>8,>8,>8,>8,<=8,>16,>2/38,>16,,,,,,,,,,,,
573.13665,EKP,>8,,8,>16,>2,>16,>16,>16/8,>32,>4,>16,>64/4,4,>8,<=1,<=1,16,16,>2/38,>16,,,,,,,,,,,,
573.13202,EKP,<=2,>64,>16,>16,>2,>16,>16,>16/8,>32,>4,<=2,>64/4,8,>8,<=1,4,<=8,<=1,>2/38,>16,,,,,,,,,,,,
573.13314,EKP,8,,8,>16,>2,>16,16,>16/8,>32,4,>16,>64/4,>8,>8,<=1,<=1,<=8,>16,>2/38,>16,,,,,,,,,,,,
573.14398,EKP,<=2,>64,<=4,>16,>2,>16,>16,>16/8,>32,>4,>16,8/4,4,<=2,<=1,<=1,<=8,>16,<=0.5/9,>16,,,,,,,,,,,,
573.1366,EKP,>8,,<=4,>16,<=0.5,>16,>16,>16/8,>32,<=1,>16,32/4,<=2,<=2,<=1,<=1,<=8,>16,>2/38,>16,,,,,,,,,,,,
573.13636,EKP,<=2,,16,>16,>2,>16,>16,>16/8,>32,>4,>16,>64/4,>8,<=2,<=1,<=1,<=8,>16,>2/38,>16,,,,,,,,,,,,
573.13976,EKP,<=2,>64,8,>16,>2,>16,>16,>16/8,>32,>4,>16,8/4,4,<=2,<=1,<=1,<=8,>16,<=0.5/9,>16,,,,,,,,,,,,
573.12971,EKP,>8,64,<=4,,>2,>32,>16,>16/8,>32,<=1,>16,64/4,>8,>8,<=0.25,<=0.125,<=4,>16,>2/38,>16,,,,,,,,,,,,
573.13479,EKP,8,>64,8,>16,>2,>16,>16,>16/8,>32,>4,>16,16/4,>8,<=2,<=1,<=1,<=8,16,>2/38,>16,,,,,,,,,,,,
573.13402,EKP,>8,>64,>16,>16,>2,>16,>16,>16/8,>32,>4,>16,>64/4,<=2,4,>8,>8,32,<=1,<=0.5/9,>16,,,,,,,,,,,,
573.13118,EKP,<=2,>64,<=4,>16,1,>16,>16,16/8,>32,<=1,>16,4/4,<=2,<=2,<=1,<=1,<=8,>16,<=0.5/9,>16,,,,,,,,,,,,
573.14193,EKP,>8,,8,>16,>2,>16,>16,>16/8,>32,>4,<=2,>64/4,<=2,>8,<=1,<=1,16,4,>2/38,>16,,,,,,,,,,,,
573.13825,EKP,>8,,8,>16,>2,>16,>16,>16/8,>32,<=1,>16,32/4,>8,<=2,<=1,<=1,<=8,>16,>2/38,>16,,,,,,,,,,,,
573.1345,EKP,>8,,16,>16,>2,>16,>16,>16/8,>32,>4,>16,>64/4,<=2,<=2,<=1,4,16,8,>2/38,>16,,,,,,,,,,,,
573.14292,EKP,<=2,,>16,>16,>2,>16,>16,>16/8,>32,>4,>16,>64/4,4,>8,>8,>8,<=8,>16,>2/38,>16,,,,,,,,,,,,
573.14423,EKP,>8,,<=4,>16,>2,>16,>16,>16/8,>32,<=1,>16,32/4,>8,>8,<=1,<=1,<=8,>16,>2/38,>16,,,,,,,,,,,,
573.13733,EKP,<=2,>64,8,>16,>2,>16,>16,16/8,>32,>4,16,8/4,4,<=2,<=1,<=1,<=8,>16,>2/38,>16,,,,,,,,,,,,
573.13628,EKP,8,>64,16,>16,>2,>16,>16,>16/8,>32,>4,>16,>64/4,>8,<=2,<=1,<=1,<=8,>16,>2/38,>16,,,,,,,,,,,,
573.14437,EKP,<=2,>64,>16,>16,>2,>16,>16,>16/8,>32,>4,>16,>64/4,>8,<=2,>8,>8,<=8,16,1/19,>16,,,,,,,,,,,,
573.14195,EKP,<=2,,>16,>16,>2,>16,>16,>16/8,>32,>4,,>64/4,>8,<=2,<=1,<=1,<=8,4,>2/38,>16,,,,,,,,,,,,
573.14083,EKP,<=2,,>16,>16,>2,>16,>16,>16/8,>32,>4,>16,>64/4,>8,>8,<=1,<=1,<=8,>16,>2/38,>16,,,,,,,,,,,,
573.13013,EKP,1,>64,<=4,<=4,<=0.5,<=1,<=0.5,8/4,<=0.5,<=1,<=1,4/4,<=1,1,<=0.25,<=0.125,<=4,<=0.5,<=0.5/9.5,>16,,,,,,,,,,,,
573.14122,EKP,>8,>64,8,>16,>2,>16,>16,>16/8,>32,>4,>16,32/4,4,4,<=1,<=1,>32,8,>2/38,>16,,,,,,,,,,,,
573.13985,EKP,8,,<=4,>16,>2,>16,>16,>16/8,>32,>4,,16/4,>8,<=2,<=1,<=1,<=8,>16,>2/38,>16,,,,,,,,,,,,
573.14324,EKP,>8,,<=4,>16,>2,>16,16,>16/8,>32,<=1,16,8/4,>8,>8,<=1,<=1,<=8,8,>2/38,>16,,,,,,,,,,,,
573.14497,EKP,8,,>16,>16,>2,>16,>16,>16/8,>32,>4,>16,>64/4,>8,>8,>8,>8,<=8,>16,>2/38,>16,,,,,,,,,,,,
573.14358,EKP,>8,>64,>16,>16,>2,>16,>16,>16/8,>32,>4,>16,>64/4,>8,>8,<=1,<=1,32,>16,>2/38,>16,,,,,,,,,,,,
573.13625,EKP,8,64,8,>16,>2,>16,>16,>16/8,>32,>4,>16,>64/4,>8,<=2,<=1,<=1,<=8,16,>2/38,>16,,,,,,,,,,,,
573.13537,EKP,8,>64,>16,>16,>2,>16,>16,>16/8,>32,>4,>16,>64/4,>8,>8,<=1,<=1,<=8,,<=0.5/9,>16,,,,,,,,,,,,
573.13233,EKP,>8,,>16,>16,>2,>16,>16,>16/8,>32,>4,>16,>64/4,4,<=2,8,8,32,>16,>2/38,>16,,,,,,,,,,,,
573.14473,EKP,8,64,8,>16,>2,>16,>16,>16/8,>32,>4,>16,>64/4,4,>8,<=1,<=1,<=8,>16,2/38,>16,,,,,,,,,,,,
573.13915,EKP,>8,,16,>16,>2,>16,>16,>16/8,32,>4,>16,>64/4,<=2,<=2,<=1,<=1,16,4,2/38,>16,,,,,,,,,,,,
573.13981,EKP,>8,,>16,>16,>2,>16,>16,>16/8,>32,>4,,>64/4,4,<=2,8,>8,32,>16,<=0.5/9,>16,,,,,,,,,,,,
573.13553,EKP,>8,>64,16,>16,>2,>16,<=0.5,>16/8,>32,>4,<=2,>64/4,8,8,<=1,<=1,>32,16,<=0.5/9,>16,,,,,,,,,,,,
573.1399,EKP,8,>64,>16,>16,>2,>16,>16,>16/8,>32,>4,>16,>64/4,>8,>8,>8,>8,<=8,4,>2/38,>16,,,,,,,,,,,,
573.14273,EKP,>8,>64,>16,>16,>2,>16,>16,>16/8,>32,>4,>16,>64/4,>8,>8,<=1,<=1,<=8,>16,>2/38,>16,,,,,,,,,,,,
573.13662,EKP,8,64,<=4,>16,1,>16,8,16/8,>32,<=1,>16,4/4,>8,>8,<=1,<=1,<=8,>16,>2/38,>16,,,,,,,,,,,,
573.12973,EKP,8,>64,<=4,,>2,>32,>16,>16/8,>32,>4,>16,4/4,<=1,>8,<=0.25,<=0.125,<=4,>16,>2/38,>16,,,,,,,,,,,,
573.13721,EKP,>8,,>16,>16,>2,>16,>16,>16/8,>32,>4,<=2,>64/4,4,<=2,8,4,32,>16,2/38,>16,,,,,,,,,,,,
573.1413,EKP,<=2,>64,>16,>16,>2,>16,>16,>16/8,>32,>4,>16,>64/4,>8,>8,<=1,<=1,<=8,>16,>2/38,>16,,,,,,,,,,,,
573.13525,EKP,>8,,>16,>16,>2,>16,>16,>16/8,>32,>4,>16,>64/4,4,4,4,4,32,>16,>2/38,>16,,,,,,,,,,,,
573.14153,EKP,>8,,>16,>16,>2,>16,>16,>16/8,>32,>4,>16,>64/4,4,4,>8,8,>32,>16,>2/38,>16,,,,,,,,,,,,
573.13673,EKP,>8,>64,<=4,>16,>2,>16,16,>16/8,>32,>4,>16,32/4,>8,>8,<=1,<=1,<=8,8,>2/38,>16,,,,,,,,,,,,
573.12989,EKP,1,>64,<=4,<=4,<=0.5,2,<=0.5,8/4,<=0.5,<=1,<=1,8/4,<=1,1,<=0.25,<=0.125,<=4,<=0.5,<=0.5/9.5,>16,,,,,,,,,,,,
573.13792,EKP,>8,64,<=4,>16,>2,>16,16,>16/8,>32,<=1,>16,16/4,>8,>8,<=1,<=1,<=8,16,>2/38,>16,,,,,,,,,,,,
573.13987,EKP,>8,,<=4,>16,>2,>16,>16,>16/8,>32,>4,>16,>64/4,>8,>8,<=1,<=1,<=8,>16,>2/38,>16,,,,,,,,,,,,
573.13992,EKP,8,64,<=4,>16,>2,>16,16,>16/8,>32,>4,>16,16/4,>8,>8,<=1,<=1,<=8,8,>2/38,>16,,,,,,,,,,,,
573.13345,EKP,8,>64,16,>16,>2,>16,>16,>16/8,>32,>4,>16,>64/4,>8,>8,<=1,<=1,<=8,>16,>2/38,>16,,,,,,,,,,,,
573.14085,EKP,8,>64,>16,>16,>2,>16,>16,>16/8,>32,>4,>16,>64/4,4,>8,>8,>8,<=8,>16,>2/38,>16,,,,,,,,,,,,
573.13688,EKP,<=2,,>16,>16,>2,>16,>16,>16/8,>32,>4,>16,>64/4,>8,>8,<=1,<=1,<=8,,>2/38,>16,,,,,,,,,,,,
573.13684,EKP,>8,>64,>16,>16,>2,>16,>16,>16/8,>32,>4,>16,>64/4,8,<=2,<=1,<=1,>32,>16,>2/38,>16,,,,,,,,,,,,
573.14114,EKP,>8,,>16,>16,>2,>16,>16,>16/8,>32,>4,>16,>64/4,4,4,4,<=1,>32,>16,>2/38,>16,,,,,,,,,,,,
573.13281,EKP,>8,,>16,>16,>2,>16,>16,>16/8,>32,>4,>16,>64/4,8,<=2,<=1,<=1,16,>16,2/38,>16,,,,,,,,,,,,
573.13055,EKP,8,>64,>16,>16,>2,>16,>16,>16/8,>32,>4,>16,>64/4,>8,>8,<=1,<=1,<=8,>16,>2/38,>16,,,,,,,,,,,,
573.14252,EKP,8,>64,>16,>16,>2,>16,>16,>16/8,>32,>4,>16,>64/4,>8,>8,>8,>8,<=8,<=1,>2/38,>16,,,,,,,,,,,,
573.14103,EKP,8,>64,<=4,>16,>2,>16,>16,>16/8,>32,>4,>16,8/4,>8,<=2,<=1,<=1,<=8,>16,>2/38,>16,,,,,,,,,,,,
573.13088,EKP,>8,,>16,>16,>2,>16,>16,>16/8,>32,>4,>16,>64/4,4,4,>8,4,32,>16,>2/38,>16,,,,,,,,,,,,
573.13761,EKP,8,>64,>16,>16,>2,>16,>16,>16/8,>32,>4,>16,>64/4,>8,>8,<=1,<=1,<=8,<=1,>2/38,>16,,,,,,,,,,,,
573.14275,EKP,<=2,>64,>16,>16,>2,>16,>16,>16/8,>32,>4,>16,>64/4,>8,<=2,<=1,<=1,<=8,>16,>2/38,>16,,,,,,,,,,,,
573.13558,EKP,8,,8,>16,>2,>16,>16,>16/8,>32,>4,>16,>64/4,4,>8,<=1,<=1,<=8,>16,1/19,>16,,,,,,,,,,,,
573.13832,EKP,<=2,64,<=4,>16,>2,>16,>16,>16/8,>32,>4,>16,16/4,4,<=2,<=1,<=1,<=8,>16,<=0.5/9,>16,,,,,,,,,,,,
573.13556,EKP,>8,,<=4,>16,<=0.5,>16,8,>16/8,>32,<=1,16,>64/4,<=2,>8,<=1,<=1,<=8,>16,>2/38,>16,,,,,,,,,,,,
573.13534,EKP,8,>64,>16,>16,>2,>16,>16,>16/8,>32,>4,4,32/4,>8,<=2,<=1,<=1,<=8,,>2/38,>16,,,,,,,,,,,,
573.13784,EKP,>8,>64,>16,>16,>2,>16,>16,>16/8,>32,>4,>16,>64/4,4,4,>8,>8,32,>16,>2/38,>16,,,,,,,,,,,,
573.13552,EKP,8,>64,>16,>16,>2,>16,>16,>16/8,>32,>4,>16,>64/4,4,>8,>8,>8,<=8,<=1,>2/38,>16,,,,,,,,,,,,
573.13244,EKP,8,,<=4,>16,>2,>16,>16,>16/8,>32,>4,>16,64/4,>8,<=2,<=1,<=1,<=8,>16,>2/38,>16,,,,,,,,,,,,
573.13008,EKP,8,>64,>16,,>2,>32,>16,>16/8,>32,>4,>16,32/4,>8,>8,<=0.25,<=0.125,<=4,>16,>2/38,>16,,,,,,,,,,,,
573.13374,EKP,>8,,<=4,>16,>2,>16,16,>16/8,>32,<=1,>16,8/4,>8,>8,<=1,<=1,<=8,>16,>2/38,>16,,,,,,,,,,,,
573.13955,EKP,>8,,,>16,>2,>16,>16,>16/8,>32,>4,>16,>64/4,>8,>8,>8,>8,16,,<=0.5/9.5,>16,,,,,,,,,,,,
573.14128,EKP,>8,>64,>16,>16,>2,>16,>16,>16/8,>32,>4,>16,>64/4,>8,<=2,<=1,4,16,16,>2/38,>16,,,,,,,,,,,,
573.13033,EKP,<=2,,>16,>16,>2,>16,>16,>16/8,>32,>4,>16,16/4,>8,>8,<=1,<=1,<=8,<=1,>2/38,>16,,,,,,,,,,,,
573.1348,EKP,<=2,>64,<=4,>16,<=0.5,>16,8,>16/8,>32,<=1,4,>64/4,>8,<=2,<=1,<=1,<=8,4,<=0.5/9,>16,,,,,,,,,,,,
573.14401,EKP,>8,,>16,>16,>2,>16,>16,>16/8,>32,>4,>16,>64/4,>8,>8,>8,>8,16,>16,2/38,>16,,,,,,,,,,,,
573.13738,EKP,>8,>64,<=4,>16,>2,>16,16,>16/8,>32,>4,>16,16/4,>8,>8,<=1,<=1,<=8,>16,>2/38,>16,,,,,,,,,,,,
573.14251,EKP,8,>64,>16,>16,>2,>16,>16,>16/8,>32,>4,>16,>64/4,>8,<=2,>8,>8,16,>16,>2/38,>16,,,,,,,,,,,,
573.13077,EKP,<=2,>64,<=4,>16,>2,>16,>16,>16/8,>32,>4,4,8/4,>8,8,<=1,<=1,<=8,<=1,>2/38,>16,,,,,,,,,,,,
573.13767,EKP,<=2,64,<=4,>16,2,>16,>16,16/8,32,<=1,>16,8/4,<=2,<=2,<=1,<=1,<=8,4,>2/38,>16,,,,,,,,,,,,
573.13739,EKP,<=2,>64,<=4,<=4,<=0.5,>16,8,>16/8,<=2,<=1,<=2,>64/4,>8,<=2,<=1,<=1,<=8,<=1,<=0.5/9,>16,,,,,,,,,,,,
573.13716,EKP,8,64,8,>16,>2,>16,>16,>16/8,>32,>4,>16,32/4,>8,>8,<=1,<=1,<=8,>16,>2/38,>16,,,,,,,,,,,,
573.13852,EKP,>8,,>16,>16,>2,>16,>16,>16/8,>32,>4,>16,>64/4,8,<=2,>8,>8,32,>16,>2/38,>16,,,,,,,,,,,,
573.14264,EKP,8,,>16,>16,>2,>16,>16,>16/8,>32,>4,>16,>64/4,4,>8,>8,>8,<=8,<=1,>2/38,>16,,,,,,,,,,,,
573.14265,EKP,>8,,<=4,16,>2,8,<=0.5,>16/8,<=2,>4,<=2,>64/4,<=2,>8,<=1,<=1,32,4,>2/38,>16,,,,,,,,,,,,
573.1441,EKP,8,<=16,<=4,>16,<=0.5,>16,>16,>16/8,>32,<=1,>16,4/4,>8,>8,<=1,<=1,<=8,,>2/38,>16,,,,,,,,,,,,
573.14068,EKP,<=2,>64,>16,>16,>2,>16,>16,>16/8,>32,>4,>16,>64/4,>8,>8,<=1,<=1,<=8,<=1,>2/38,>16,,,,,,,,,,,,
573.13725,EKP,>8,>64,>16,>16,>2,>16,>16,>16/8,>32,>4,>16,>64/4,>8,4,>8,>8,32,>16,>2/38,>16,,,,,,,,,,,,
573.13344,EKP,<=2,,8,>16,>2,>16,>16,>16/8,>32,2,>16,>64/4,>8,<=2,<=1,<=1,<=8,>16,<=0.5/9,>16,,,,,,,,,,,,
573.14536,EKP,>8,>64,8,>16,>2,>16,>16,>16/8,>32,>4,>16,>64/4,<=2,>8,<=1,<=1,>32,8,<=0.5/9,>16,,,,,,,,,,,,
573.12965,EKP,1,<=16,16,8,<=0.5,16,<=0.5,>16/8,<=0.5,<=1,<=1,4/4,>8,1,<=0.25,<=0.125,<=4,<=0.5,<=0.5/9.5,>16,,,,,,,,,,,,
573.13295,EKP,8,,<=4,>16,>2,>16,4,>16/8,>32,4,16,8/4,>8,>8,<=1,<=1,<=8,8,>2/38,>16,,,,,,,,,,,,
573.13315,EKP,<=2,>64,>16,>16,>2,>16,>16,>16/8,>32,>4,>16,>64/4,>8,>8,<=1,<=1,<=8,>16,>2/38,>16,,,,,,,,,,,,
573.1354,EKP,>8,,>16,>16,>2,>16,>16,>16/8,>32,>4,>16,>64/4,>8,>8,<=1,<=1,<=8,>16,<=0.5/9,>16,,,,,,,,,,,,
573.13928,EKP,8,,<=4,8,1,>16,16,8/4,<=2,<=1,>16,4/4,<=2,8,<=1,<=1,<=8,<=1,<=0.5/9,>16,,,,,,,,,,,,
573.13514,EKP,>8,,<=4,>16,<=0.5,>16,>16,>16/8,>32,<=1,>16,32/4,>8,<=2,<=1,<=1,<=8,>16,>2/38,>16,,,,,,,,,,,,
573.1387,EKP,<=2,64,<=4,>16,<=0.5,>16,>16,>16/8,>32,<=1,>16,4/4,<=2,<=2,<=1,<=1,<=8,>16,<=0.5/9,>16,,,,,,,,,,,,
573.14464,EKP,8,>64,>16,>16,>2,>16,>16,>16/8,>32,>4,>16,>64/4,>8,>8,<=1,<=1,<=8,>16,>2/38,>16,,,,,,,,,,,,
573.14228,EKP,>8,>64,>16,>16,>2,>16,>16,>16/8,>32,>4,>16,>64/4,4,<=2,>8,4,32,>16,>2/38,>16,,,,,,,,,,,,
573.13643,EKP,<=2,,>16,>16,>2,>16,>16,>16/8,>32,>4,>16,16/4,>8,<=2,<=1,<=1,<=8,>16,2/38,>16,,,,,,,,,,,,
573.1371,EKP,<=2,,16,>16,>2,>16,>16,>16/8,>32,>4,>16,<=2/4,8,>8,<=1,<=1,<=8,>16,>2/38,>16,,,,,,,,,,,,
573.13669,EKP,>8,,<=4,>16,>2,>16,>16,>16/8,>32,<=1,8,64/4,>8,>8,<=1,<=1,<=8,>16,>2/38,>16,,,,,,,,,,,,
573.13592,EKP,>8,>64,>16,>16,>2,>16,>16,>16/8,>32,>4,>16,>64/4,4,8,>8,8,<=8,>16,<=0.5/9,>16,,,,,,,,,,,,
573.1372,EKP,8,,<=4,>16,>2,>16,16,>16/8,>32,<=1,16,32/4,>8,<=2,<=1,<=1,<=8,>16,>2/38,>16,,,,,,,,,,,,
573.14511,EKP,8,>64,<=4,>16,>2,>16,8,>16/8,>32,>4,8,4/4,>8,<=2,<=1,<=1,<=8,8,<=0.5/9,>16,,,,,,,,,,,,
573.14203,EKP,8,,<=4,>16,>2,>16,>16,>16/8,>32,>4,16,16/4,>8,<=2,<=1,<=1,<=8,>16,>2/38,>16,,,,,,,,,,,,
573.13222,EKP,8,,>16,>16,>2,>16,>16,>16/8,>32,>4,>16,>64/4,>8,>8,2,4,<=8,16,>2/38,>16,,,,,,,,,,,,
573.13953,EKP,>8,,8,>16,>2,>16,>16,16/8,>32,>4,>16,>64/4,<=2,<=2,<=1,<=1,32,16,<=0.5/9.5,>16,,,,,,,,,,,,
573.13501,EKP,<=2,,>16,>16,1,>16,>16,16/8,16,<=1,>16,16/4,>8,<=2,<=1,<=1,<=8,2,>2/38,>16,,,,,,,,,,,,
573.13506,EKP,8,,8,>16,>2,>16,>16,>16/8,>32,>4,>16,>64/4,>8,<=2,<=1,<=1,<=8,>16,>2/38,>16,,,,,,,,,,,,
573.14508,EKP,8,,<=4,>16,>2,>16,>16,>16/8,>32,>4,>16,>64/4,4,>8,<=1,<=1,<=8,,1/19,>16,,,,,,,,,,,,
573.13524,EKP,>8,,>16,>16,>2,>16,>16,>16/8,>32,>4,>16,>64/4,4,<=2,8,4,16,>16,>2/38,>16,,,,,,,,,,,,
573.13787,EKP,<=2,,8,>16,>2,>16,16,>16/8,>32,>4,>16,>64/4,4,<=2,<=1,<=1,<=8,>16,<=0.5/9,>16,,,,,,,,,,,,
573.13091,EKP,>8,,<=4,>16,>2,>16,>16,>16/8,>32,<=1,4,64/4,<=2,>8,<=1,<=1,<=8,,>2/38,>16,,,,,,,,,,,,
573.14232,EKP,<=2,>64,>16,>16,>2,>16,>16,>16/8,>32,>4,16,>64/4,4,<=2,<=1,<=1,<=8,<=1,>2/38,>16,,,,,,,,,,,,
573.13195,EKP,<=2,64,>16,>16,>2,>16,>16,>16/8,>32,>4,>16,>64/4,4,>8,>8,>8,<=8,<=1,2/38,>16,,,,,,,,,,,,
573.14256,EKP,>8,>64,>16,>16,>2,>16,>16,>16/8,>32,>4,>16,>64/4,4,4,4,2,>32,,<=0.5/9,>16,,,,,,,,,,,,
573.13369,EKP,>8,,>16,>16,>2,>16,>16,>16/8,>32,>4,>16,>64/4,4,>8,>8,>8,<=8,>16,>2/38,>16,,,,,,,,,,,,
573.14312,EKP,>8,,16,>16,>2,16,1,>16/8,<=2,>4,<=2,>64/4,>8,<=2,<=1,<=1,32,16,>2/38,>16,,,,,,,,,,,,
573.14179,EKP,8,>64,>16,>16,>2,>16,>16,>16/8,>32,>4,>16,>64/4,<=2,>8,<=1,8,<=8,>16,<=0.5/9,>16,,,,,,,,,,,,
573.13608,EKP,8,,<=4,8,1,>16,16,8/4,<=2,<=1,16,4/4,<=2,8,<=1,<=1,<=8,<=1,<=0.5/9,>16,,,,,,,,,,,,
573.13683,EKP,<=2,>64,8,>16,>2,>16,>16,>16/8,>32,>4,>16,>64/4,<=2,<=2,<=1,<=1,<=8,>16,>2/38,>16,,,,,,,,,,,,
573.14231,EKP,>8,,>16,>16,>2,>16,>16,>16/8,>32,>4,>16,>64/4,8,>8,>8,>8,>32,>16,>2/38,>16,,,,,,,,,,,,
573.13026,EKP,1,32,<=4,<=4,<=0.5,16,<=0.5,8/4,<=0.5,<=1,<=1,4/4,2,1,2,<=0.125,<=4,<=0.5,<=0.5/9.5,>16,,,,,,,,,,,,
573.13405,EKP,<=2,>64,>16,>16,>2,>16,>16,>16/8,>32,>4,>16,16/4,>8,<=2,<=1,<=1,<=8,4,1/19,>16,,,,,,,,,,,,
573.14425,EKP,>8,>64,8,>16,>2,>16,>16,16/8,16,>4,>16,8/4,4,<=2,<=1,<=1,32,2,>2/38,>16,,,,,,,,,,,,
573.14076,EKP,>8,,>16,>16,>2,>16,>16,>16/8,>32,>4,>16,>64/4,4,<=2,<=1,>8,32,16,1/19,>16,,,,,,,,,,,,
573.13857,EKP,<=2,>64,8,>16,>2,>16,>16,>16/8,>32,>4,>16,8/4,4,<=2,<=1,<=1,<=8,>16,>2/38,>16,,,,,,,,,,,,
573.12967,EKP,1,>64,<=4,<=4,<=0.5,2,<=0.5,8/4,<=0.5,<=1,<=1,4/4,2,1,0.5,<=0.125,<=4,<=0.5,<=0.5/9.5,>16,,,,,,,,,,,,
573.13642,EKP,<=2,,>16,>16,<=0.5,>16,>16,8/4,>32,<=1,>16,8/4,>8,<=2,<=1,<=1,<=8,>16,<=0.5/9,>16,,,,,,,,,,,,
573.13471,EKP,>8,,<=4,>16,>2,>16,>16,>16/8,>32,<=1,>16,64/4,>8,>8,<=1,<=1,<=8,16,>2/38,>16,,,,,,,,,,,,
573.13434,EKP,8,,>16,>16,>2,>16,>16,>16/8,>32,>4,>16,>64/4,>8,>8,>8,>8,<=8,<=1,>2/38,>16,,,,,,,,,,,,
573.13073,EKP,<=2,,>16,>16,>2,>16,>16,>16/8,>32,>4,>16,>64/4,>8,>8,>8,>8,<=8,>16,2/38,>16,,,,,,,,,,,,
573.14215,EKP,<=2,,8,>16,>2,>16,>16,>16/8,>32,>4,>16,8/4,4,<=2,<=1,<=1,<=8,>16,<=0.5/9,>16,,,,,,,,,,,,
573.13353,EKP,>8,,>16,>16,>2,>16,>16,>16/8,>32,>4,>16,>64/4,8,<=2,<=1,<=1,16,>16,1/19,>16,,,,,,,,,,,,
573.13486,EKP,>8,>64,8,>16,>2,>16,>16,>16/8,>32,<=1,>16,64/4,>8,<=2,<=1,<=1,<=8,>16,>2/38,>16,,,,,,,,,,,,
573.13428,EKP,>8,,<=4,>16,>2,>16,>16,>16/8,>32,<=1,>16,>64/4,>8,<=2,<=1,<=1,16,>16,>2/38,>16,,,,,,,,,,,,
573.14142,EKP,<=2,>64,>16,>16,>2,>16,>16,>16/8,>32,>4,8,>64/4,8,<=2,<=1,<=1,<=8,,>2/38,>16,,,,,,,,,,,,
573.1432,EKP,8,,16,>16,>2,>16,>16,>16/8,>32,>4,>16,>64/4,>8,<=2,<=1,<=1,<=8,,>2/38,>16,,,,,,,,,,,,
573.13396,EKP,8,>64,<=4,>16,>2,>16,>16,>16/8,>32,4,>16,32/4,<=2,<=2,<=1,<=1,<=8,16,>2/38,>16,,,,,,,,,,,,
573.14386,EKP,8,>64,16,>16,>2,>16,>16,>16/8,16,>4,>16,64/4,>8,<=2,<=1,<=1,<=8,2,1/19,>16,,,,,,,,,,,,
573.13424,EKP,<=2,64,8,>16,>2,>16,>16,>16/8,>32,>4,>16,8/4,>8,<=2,<=1,<=1,<=8,>16,>2/38,>16,,,,,,,,,,,,
573.13557,EKP,>8,>64,>16,>16,>2,>16,>16,>16/8,>32,>4,>16,>64/4,>8,>8,<=1,<=1,16,<=1,>2/38,>16,,,,,,,,,,,,
573.14346,EKP,<=2,,>16,>16,>2,>16,>16,>16/8,>32,>4,>16,>64/4,>8,>8,<=1,<=1,<=8,<=1,>2/38,>16,,,,,,,,,,,,
573.13753,EKP,>8,>64,>16,>16,>2,>16,>16,>16/8,>32,>4,>16,>64/4,8,>8,<=1,2,<=8,4,>2/38,>16,,,,,,,,,,,,
573.12908,EKP,1,32,8,8,<=0.5,2,<=0.5,8/4,<=0.5,<=1,<=1,8/4,2,1,0.5,<=0.125,<=4,<=0.5,<=0.5/9.5,>16,,,,,,,,,,,,
573.14397,EKP,>8,64,<=4,>16,2,>16,16,>16/8,>32,<=1,>16,8/4,>8,>8,<=1,<=1,<=8,>16,>2/38,>16,,,,,,,,,,,,
573.13812,EKP,8,,>16,>16,>2,>16,>16,>16/8,>32,>4,>16,>64/4,8,>8,>8,>8,<=8,>16,>2/38,>16,,,,,,,,,,,,
573.13392,EKP,>8,,>16,>16,>2,>16,>16,>16/8,>32,>4,>16,>64/4,8,>8,>8,>8,32,>16,>2/38,>16,,,,,,,,,,,,
573.13236,EKP,>8,>64,>16,>16,>2,>16,>16,>16/8,>32,>4,>16,>64/4,<=2,4,<=1,4,32,16,>2/38,>16,,,,,,,,,,,,
573.13714,EKP,>8,>64,<=4,>16,>2,>16,>16,>16/8,>32,<=1,>16,32/4,>8,>8,<=1,<=1,<=8,>16,>2/38,>16,,,,,,,,,,,,
573.13312,EKP,8,,8,>16,>2,>16,>16,>16/8,>32,>4,>16,16/4,>8,>8,<=1,<=1,<=8,>16,>2/38,>16,,,,,,,,,,,,
573.14268,EKP,<=2,>64,>16,>16,>2,>16,>16,>16/8,>32,>4,>16,>64/4,>8,>8,>8,>8,<=8,<=1,>2/38,>16,,,,,,,,,,,,
573.13485,EKP,4,>64,16,>16,>2,>16,>16,>16/8,>32,>4,>16,>64/4,8,8,<=1,<=1,<=8,>16,2/38,>16,,,,,,,,,,,,
573.13452,EKP,>8,>64,<=4,>16,>2,>16,>16,>16/8,>32,>4,>16,16/4,>8,>8,<=1,<=1,<=8,16,>2/38,>16,,,,,,,,,,,,
573.13478,EKP,>8,>64,>16,>16,>2,>16,>16,>16/8,>32,>4,>16,>64/4,8,4,>8,>8,>32,8,>2/38,>16,,,,,,,,,,,,
573.12917,EKP,1,>64,<=4,<=4,<=0.5,2,<=0.5,8/4,<=0.5,<=1,<=1,4/4,<=1,1,0.5,<=0.125,<=4,<=0.5,<=0.5/9.5,>16,,,,,,,,,,,,
573.1409,EKP,>8,,>16,>16,>2,>16,>16,>16/8,>32,>4,>16,>64/4,4,4,>8,8,>32,>16,>2/38,>16,,,,,,,,,,,,
573.13065,EKP,>8,,>16,>16,>2,>16,>16,>16/8,>32,>4,>16,>64/4,4,4,8,8,32,>16,>2/38,>16,,,,,,,,,,,,
573.13996,EKP,>8,<=16,<=4,>16,>2,>16,>16,>16/8,>32,>4,>16,>64/4,>8,>8,<=1,<=1,<=8,>16,>2/38,>16,,,,,,,,,,,,
573.13989,EKP,>8,,>16,>16,>2,>16,>16,>16/8,>32,>4,>16,>64/4,<=2,4,>8,>8,32,>16,>2/38,>16,,,,,,,,,,,,
573.13235,EKP,<=2,,>16,>16,>2,>16,>16,>16/8,>32,>4,>16,>64/4,4,<=2,8,>8,<=8,>16,>2/38,>16,,,,,,,,,,,,
573.13786,EKP,>8,,16,>16,>2,>16,>16,>16/8,>32,>4,>16,>64/4,4,<=2,<=1,<=1,<=8,16,1/19,>16,,,,,,,,,,,,
573.13347,EKP,>8,>64,16,>16,>2,>16,>16,>16/8,32,>4,>16,>64/4,4,4,<=1,<=1,32,4,>2/38,>16,,,,,,,,,,,,
573.12883,EKP,1,64,<=4,<=4,<=0.5,2,<=0.5,8/4,<=0.5,<=1,<=1,8/4,<=1,1,<=0.25,<=0.125,<=4,<=0.5,<=0.5/9.5,>16,,,,,,,,,,,,
573.14057,EKP,>8,,16,>16,>2,>16,>16,>16/8,>32,>4,>16,>64/4,>8,>8,<=1,<=1,<=8,>16,>2/38,>16,,,,,,,,,,,,
573.1429,EKP,8,>64,>16,>16,>2,>16,>16,>16/8,>32,>4,>16,>64/4,>8,>8,>8,>8,<=8,16,>2/38,>16,,,,,,,,,,,,
573.12993,EKP,1,64,<=4,<=4,<=0.5,<=1,<=0.5,16/8,<=0.5,<=1,<=1,<=2/4,<=1,1,1,<=0.125,<=4,<=0.5,<=0.5/9.5,>16,,,,,,,,,,,,
573.13387,EKP,>8,,>16,>16,>2,>16,>16,>16/8,>32,>4,>16,>64/4,>8,>8,4,4,32,>16,>2/38,>16,,,,,,,,,,,,
573.13075,EKP,<=2,,>16,>16,>2,>16,>16,>16/8,>32,>4,>16,>64/4,4,>8,>8,>8,<=8,4,>2/38,>16,,,,,,,,,,,,
573.12896,EKP,8,>64,>16,,>2,>32,>16,16/8,4,>4,16,16/4,>8,8,<=0.25,<=0.125,<=4,1,<=0.5/9.5,>16,,,,,,,,,,,,
573.12911,EKP,8,>64,<=4,,2,>32,16,8/4,2,<=1,8,<=2/4,<=1,8,0.5,<=0.125,<=4,<=0.5,<=0.5/9.5,>16,,,,,,,,,,,,
573.12871,EKP,1,>64,<=4,<=4,<=0.5,<=1,<=0.5,8/4,<=0.5,<=1,<=1,4/4,2,1,0.5,<=0.125,<=4,<=0.5,<=0.5/9.5,>16,,,,,,,,,,,,
573.14281,EKP,>8,>64,>16,>16,>2,>16,16,>16/8,>32,>4,>16,>64/4,8,4,8,>8,32,>16,>2/38,>16,,,,,,,,,,,,
573.13782,EKP,8,,8,>16,>2,>16,>16,>16/8,>32,>4,4,>64/4,8,<=2,<=1,<=1,<=8,<=1,>2/38,>16,,,,,,,,,,,,
573.13001,EKP,>8,,<=4,,>2,>32,>16,>16/8,>32,<=1,>16,32/4,>8,>8,<=0.25,<=0.125,<=4,>16,>2/38,>16,,,,,,,,,,,,
573.13942,EKP,>8,>64,>16,>16,>2,>16,>16,>16/8,>32,>4,>16,>64/4,4,<=2,4,4,32,8,>2/38,>16,,,,,,,,,,,,
573.13922,EKP,8,>64,>16,>16,>2,>16,>16,>16/8,>32,>4,>16,>64/4,>8,>8,<=1,<=1,<=8,>16,1/19,>16,,,,,,,,,,,,
573.12914,EKP,>8,>64,<=4,,>2,>32,>16,>16/8,>32,<=1,>16,32/4,>8,>8,0.5,<=0.125,<=4,>16,>2/38,>16,,,,,,,,,,,,
573.14479,EKP,8,64,<=4,>16,1,>16,1,>16/8,>32,<=1,<=2,8/4,>8,>8,<=1,<=1,<=8,4,>2/38,>16,,,,,,,,,,,,
573.13577,EKP,<=2,>64,>16,>16,>2,>16,>16,>16/8,>32,>4,>16,>64/4,>8,<=2,>8,>8,<=8,>16,>2/38,>16,,,,,,,,,,,,
573.14277,EKP,4,64,<=4,>16,2,>16,8,>16/8,>32,<=1,16,16/4,>8,>8,<=1,<=1,<=8,>16,>2/38,>16,,,,,,,,,,,,
573.14532,EKP,<=2,,8,>16,>2,>16,>16,>16/8,>32,>4,>16,16/4,4,<=2,<=1,<=1,<=8,16,>2/38,>16,,,,,,,,,,,,
573.14325,EKP,>8,,>16,>16,>2,>16,>16,>16/8,>32,>4,>16,>64/4,>8,>8,<=1,<=1,16,<=1,>2/38,>16,,,,,,,,,,,,
573.14127,EKP,<=2,>64,>16,>16,>2,>16,>16,>16/8,>32,>4,>16,>64/4,>8,>8,<=1,<=1,<=8,>16,>2/38,>16,,,,,,,,,,,,
573.13291,EKP,>8,>64,>16,>16,>2,>16,>16,>16/8,>32,>4,>16,>64/4,>8,>8,<=1,<=1,32,<=1,>2/38,>16,,,,,,,,,,,,
573.13886,EKP,8,>64,>16,>16,>2,>16,>16,>16/8,>32,>4,>16,>64/4,4,>8,<=1,<=1,<=8,4,>2/38,>16,,,,,,,,,,,,
573.13805,EKP,8,>64,,>16,>2,>16,>16,>16/8,>32,<=1,16,32/4,>8,<=2,<=1,<=1,<=8,>16,>2/38,>16,,,,,,,,,,,,
573.13743,EKP,>8,,8,>16,>2,>16,>16,>16/8,>32,>4,>16,>64/4,4,<=2,<=1,<=1,32,>16,<=0.5/9,>16,,,,,,,,,,,,
573.13956,EKP,<=2,,,>16,>2,>16,>16,>16/8,>32,>4,<=2,>64/4,4,<=2,>8,>8,<=8,<=1,>2/38,>16,,,,,,,,,,,,
573.1355,EKP,<=2,>64,>16,>16,>2,>16,>16,>16/8,>32,>4,>16,>64/4,>8,<=2,>8,>8,<=8,>16,>2/38,>16,,,,,,,,,,,,
573.14177,EKP,>8,,16,>16,>2,>16,>16,>16/8,>32,>4,>16,>64/4,4,>8,<=1,<=1,32,16,>2/38,>16,,,,,,,,,,,,
573.13917,EKP,>8,,16,>16,>2,>16,>16,>16/8,>32,>4,>16,>64/4,8,<=2,<=1,<=1,32,16,>2/38,>16,,,,,,,,,,,,
573.14222,EKP,8,,>16,>16,>2,>16,>16,>16/8,>32,>4,>16,>64/4,>8,>8,>8,>8,<=8,<=1,>2/38,>16,,,,,,,,,,,,
573.12947,EKP,>8,>64,<=4,,>2,>32,>16,>16/8,>32,>4,,>64/4,>8,>8,<=0.25,<=0.125,<=4,>16,>2/38,>16,,,,,,,,,,,,
573.14544,EKP,>8,,<=4,>16,>2,>16,16,>16/8,>32,<=1,>16,64/4,>8,>8,<=1,<=1,<=8,16,>2/38,>16,,,,,,,,,,,,
573.13338,EKP,<=2,>64,>16,>16,>2,>16,>16,>16/8,>32,>4,>16,>64/4,>8,>8,<=1,<=1,<=8,<=1,>2/38,>16,,,,,,,,,,,,
573.12869,EKP,>8,>64,<=4,,>2,>32,>16,>16/8,>32,<=1,>16,>64/4,>8,1,<=0.25,<=0.125,<=4,>16,>2/38,>16,,,,,,,,,,,,
573.12919,EKP,2,>64,>16,,>2,>32,>16,>16/8,>32,>4,>16,>64/4,>8,>8,0.5,1,<=4,>16,>2/38,>16,,,,,,,,,,,,
573.13511,EKP,<=2,32,<=4,<=4,<=0.5,>16,8,>16/8,<=2,<=1,<=2,>64/4,>8,<=2,<=1,<=1,<=8,<=1,<=0.5/9,>16,,,,,,,,,,,,
573.13717,EKP,8,>64,<=4,>16,>2,>16,16,>16/8,>32,<=1,>16,16/4,>8,<=2,<=1,<=1,<=8,16,>2/38,>16,,,,,,,,,,,,
573.13404,EKP,8,,>16,>16,>2,>16,>16,>16/8,>32,>4,>16,16/4,>8,<=2,<=1,<=1,<=8,>16,>2/38,>16,,,,,,,,,,,,
573.14516,EKP,>8,>64,>16,>16,>2,>16,>16,>16/8,>32,>4,>16,>64/4,4,4,8,8,32,16,>2/38,>16,,,,,,,,,,,,
573.13502,EKP,>8,>64,8,>16,>2,>16,>16,16/8,>32,>4,>16,16/4,4,4,<=1,<=1,32,4,>2/38,>16,,,,,,,,,,,,
573.12976,EKP,>8,,8,,>2,>32,>16,>16/8,>32,>4,>16,>64/4,>8,1,<=0.25,<=0.125,<=4,>16,>2/38,>16,,,,,,,,,,,,
573.13978,EKP,>8,,>16,>16,>2,>16,>16,>16/8,>32,>4,>16,>64/4,4,<=2,>8,4,32,16,>2/38,>16,,,,,,,,,,,,
573.13469,EKP,<=2,,<=4,>16,>2,>16,>16,>16/8,>32,>4,>16,16/4,4,>8,<=1,<=1,<=8,>16,>2/38,>16,,,,,,,,,,,,
573.14444,EKP,>8,,16,>16,>2,>16,>16,>16/8,>32,>4,>16,>64/4,4,4,<=1,<=1,32,>16,>2/38,>16,,,,,,,,,,,,
573.14433,EKP,8,64,>16,>16,>2,>16,>16,>16/8,>32,>4,>16,>64/4,4,>8,>8,>8,<=8,<=1,>2/38,>16,,,,,,,,,,,,
573.13646,EKP,<=2,>64,>16,>16,>2,>16,>16,>16/8,>32,>4,>16,>64/4,4,<=2,>8,>8,<=8,>16,>2/38,>16,,,,,,,,,,,,
573.14263,EKP,>8,>64,>16,>16,>2,>16,>16,>16/8,>32,>4,>16,>64/4,4,4,8,8,>32,16,>2/38,>16,,,,,,,,,,,,
573.14133,EKP,8,>64,>16,>16,>2,>16,>16,>16/8,>32,>4,>16,>64/4,4,>8,>8,>8,<=8,2,>2/38,>16,,,,,,,,,,,,
573.13096,EKP,>8,>64,>16,>16,>2,>16,>16,>16/8,>32,>4,>16,>64/4,4,4,>8,>8,32,>16,>2/38,>16,,,,,,,,,,,,
573.13747,EKP,>8,>64,16,>16,>2,>16,8,>16/8,>32,>4,<=2,>64/4,>8,>8,<=1,<=1,<=8,<=1,>2/38,>16,,,,,,,,,,,,
573.14354,EKP,>8,,>16,>16,>2,>16,>16,>16/8,>32,>4,>16,>64/4,4,4,>8,>8,>32,>16,>2/38,>16,,,,,,,,,,,,
573.14434,EKP,>8,>64,>16,>16,>2,>16,>16,>16/8,>32,>4,>16,>64/4,4,4,<=1,4,>32,16,>2/38,>16,,,,,,,,,,,,
573.14531,EKP,>8,>64,8,>16,>2,>16,>16,>16/8,>32,>4,>16,>64/4,4,>8,<=1,<=1,32,8,>2/38,>16,,,,,,,,,,,,
573.13793,EKP,>8,>64,>16,>16,>2,>16,>16,>16/8,>32,>4,>16,>64/4,>8,4,>8,>8,32,>16,>2/38,>16,,,,,,,,,,,,
573.14298,EKP,>8,>64,8,>16,>2,>16,>16,>16/8,>32,>4,>16,64/4,>8,<=2,<=1,<=1,<=8,>16,>2/38,>16,,,,,,,,,,,,
573.13136,EKP,<=2,>64,>16,>16,>2,>16,>16,>16/8,>32,>4,<=2,>64/4,4,<=2,>8,>8,<=8,<=1,>2/38,>16,,,,,,,,,,,,
573.13708,EKP,>8,64,<=4,>16,>2,>16,>16,>16/8,>32,>4,16,16/4,>8,>8,<=1,<=1,<=8,16,>2/38,>16,,,,,,,,,,,,
573.14353,EKP,>8,,16,>16,>2,>16,>16,>16/8,>32,>4,>16,>64/4,4,4,>8,8,>32,>16,>2/38,>16,,,,,,,,,,,,
573.14244,EKP,<=2,>64,8,>16,>2,>16,>16,>16/8,>32,>4,>16,>64/4,4,>8,<=1,<=1,<=8,>16,>2/38,>16,,,,,,,,,,,,
573.14385,EKP,>8,,>16,>16,>2,>16,>16,>16/8,>32,>4,>16,>64/4,4,<=2,>8,8,32,>16,>2/38,>16,,,,,,,,,,,,
573.12955,EKP,1,>64,16,8,<=0.5,8,<=0.5,8/4,<=0.5,<=1,<=1,4/4,2,1,0.5,<=0.125,<=4,<=0.5,<=0.5/9.5,>16,,,,,,,,,,,,
573.14136,EKP,>8,>64,>16,>16,>2,>16,>16,>16/8,>32,>4,>16,>64/4,>8,8,>8,>8,>32,>16,>2/38,>16,,,,,,,,,,,,
573.13492,EKP,4,,>16,>16,>2,>16,1,>16/8,>32,<=1,>16,16/4,8,8,>8,>8,<=8,8,1/19,>16,,,,,,,,,,,,
573.14148,EKP,>8,>64,>16,>16,>2,>16,>16,>16/8,>32,>4,>16,>64/4,4,4,8,>8,>32,>16,>2/38,>16,,,,,,,,,,,,
573.13908,EKP,>8,>64,>16,>16,>2,>16,>16,>16/8,>32,>4,>16,>64/4,4,8,>8,>8,<=8,16,2/38,>16,,,,,,,,,,,,
573.12892,EKP,8,>64,<=4,,>2,>32,8,>16/8,>32,<=1,8,8/4,<=1,1,<=0.25,<=0.125,<=4,16,>2/38,>16,,,,,,,,,,,,
573.14211,EKP,<=2,>64,<=4,>16,>2,>16,>16,>16/8,>32,>4,16,4/4,<=2,<=2,<=1,<=1,<=8,,>2/38,>16,,,,,,,,,,,,
573.14442,EKP,<=2,,>16,>16,>2,>16,>16,>16/8,>32,>4,>16,>64/4,4,<=2,>8,>8,<=8,<=1,>2/38,>16,,,,,,,,,,,,
573.13843,EKP,<=2,64,<=4,>16,2,>16,>16,>16/8,>32,2,16,8/4,>8,<=2,<=1,<=1,<=8,>16,>2/38,>16,,,,,,,,,,,,
573.12891,EKP,>8,>64,>16,,>2,>32,>16,>16/8,>32,>4,>16,>64/4,>8,>8,<=0.25,<=0.125,<=4,>16,>2/38,>16,,,,,,,,,,,,
573.14059,EKP,<=2,64,8,>16,<=0.5,>16,>16,16/8,>32,<=1,>16,4/4,4,<=2,<=1,<=1,<=8,>16,<=0.5/9,>16,,,,,,,,,,,,
573.13694,EKP,<=2,,8,>16,>2,>16,>16,>16/8,>32,>4,>16,16/4,4,<=2,<=1,<=1,<=8,>16,>2/38,>16,,,,,,,,,,,,
573.13016,EKP,>8,>64,16,>16,>2,>32,>16,>16/8,>32,>4,>16,16/4,>8,>8,<=0.25,<=0.125,<=4,>16,>2/38,>16,,,,,,,,,,,,
573.14196,EKP,<=2,,8,>16,>2,>16,>16,>16/8,>32,>4,>16,4/4,4,<=2,<=1,<=1,<=8,>16,<=0.5/9,>16,,,,,,,,,,,,
573.14421,EKP,8,>64,<=4,>16,>2,>16,>16,>16/8,>32,>4,>16,32/4,<=2,<=2,<=1,<=1,<=8,>16,>2/38,>16,,,,,,,,,,,,
573.13627,EKP,<=2,,<=4,8,<=0.5,>16,16,8/4,4,<=1,>16,4/4,<=2,<=2,<=1,<=1,<=8,<=1,<=0.5/9,>16,,,,,,,,,,,,
573.13903,EKP,<=2,>64,8,>16,>2,>16,>16,>16/8,>32,>4,>16,16/4,8,<=2,<=1,<=1,<=8,16,<=0.5/9.5,>16,,,,,,,,,,,,
573.13394,EKP,>8,,>16,>16,>2,>16,>16,>16/8,>32,>4,>16,>64/4,>8,>8,>8,4,32,>16,>2/38,>16,,,,,,,,,,,,
573.14506,EKP,4,>64,>16,>16,>2,>16,8,>16/8,>32,>4,>16,32/4,>8,<=2,>8,>8,<=8,8,>2/38,>16,,,,,,,,,,,,
573.13945,EKP,>8,64,<=4,>16,>2,>16,>16,>16/8,>32,>4,>16,>64/4,>8,<=2,<=1,<=1,<=8,>16,>2/38,>16,,,,,,,,,,,,
573.13449,EKP,>8,>64,>16,>16,>2,>16,>16,>16/8,>32,>4,>16,>64/4,<=2,8,<=1,2,32,>16,>2/38,>16,,,,,,,,,,,,
573.13935,EKP,>8,,,>16,<=0.5,>16,>16,>16/8,>32,<=1,>16,32/4,>8,<=2,<=1,<=1,<=8,>16,>2/38,>16,,,,,,,,,,,,
573.13419,EKP,>8,>64,>16,>16,>2,>16,>16,>16/8,>32,>4,>16,>64/4,8,<=2,>8,>8,16,>16,1/19,>16,,,,,,,,,,,,
573.13163,EKP,>8,,>16,>16,>2,>16,>16,>16/8,>32,>4,>16,>64/4,4,<=2,>8,>8,32,>16,>2/38,>16,,,,,,,,,,,,
573.1374,EKP,>8,,8,>16,>2,>16,>16,>16/8,>32,<=1,>16,32/4,>8,<=2,2,<=1,<=8,>16,>2/38,>16,,,,,,,,,,,,
573.13274,EKP,<=2,,>16,>16,>2,>16,>16,>16/8,>32,>4,>16,>64/4,<=2,<=2,8,>8,<=8,<=1,>2/38,>16,,,,,,,,,,,,
573.14515,EKP,>8,,<=4,>16,>2,>16,>16,>16/8,>32,<=1,>16,32/4,>8,>8,<=1,<=1,<=8,>16,>2/38,>16,,,,,,,,,,,,
573.13066,EKP,>8,>64,8,>16,>2,>16,>16,16/8,16,>4,>16,8/4,4,<=2,<=1,<=1,32,2,>2/38,>16,,,,,,,,,,,,
573.1419,EKP,8,,<=4,>16,>2,>16,>16,>16/8,>32,>4,16,16/4,>8,<=2,<=1,<=1,<=8,16,>2/38,>16,,,,,,,,,,,,
573.14053,EKP,>8,,>16,>16,>2,>16,>16,>16/8,>32,>4,>16,>64/4,4,4,8,2,32,16,>2/38,>16,,,,,,,,,,,,
573.13242,EKP,4,>64,>16,>16,>2,>16,>16,16/8,16,>4,>16,16/4,>8,4,<=1,<=1,<=8,4,<=0.5/9,>16,,,,,,,,,,,,
573.14485,EKP,>8,>64,>16,>16,>2,>16,>16,>16/8,>32,>4,>16,>64/4,>8,<=2,>8,>8,32,>16,>2/38,>16,,,,,,,,,,,,
573.13827,EKP,>8,,>16,>16,>2,>16,>16,>16/8,>32,>4,>16,>64/4,>8,>8,<=1,<=1,<=8,>16,>2/38,>16,,,,,,,,,,,,
573.14432,EKP,>8,,8,>16,>2,>16,>16,>16/8,>32,>4,>16,>64/4,>8,>8,<=1,<=1,<=8,16,>2/38,>16,,,,,,,,,,,,
573.13023,EKP,>8,,8,,>2,>32,>16,>16/8,>32,>4,>16,>64/4,8,4,<=0.25,<=0.125,32,>16,>2/38,>16,,,,,,,,,,,,
573.14143,EKP,<=2,>64,>16,>16,>2,>16,>16,>16/8,>32,>4,<=2,>64/4,>8,>8,<=1,<=1,<=8,<=1,>2/38,>16,,,,,,,,,,,,
573.13824,EKP,>8,>64,16,>16,>2,>16,>16,16/8,16,>4,>16,8/4,4,4,<=1,<=1,32,4,>2/38,>16,,,,,,,,,,,,
573.13864,EKP,>8,>64,>16,>16,>2,>16,>16,>16/8,>32,>4,>16,>64/4,>8,>8,<=1,2,16,>16,>2/38,>16,,,,,,,,,,,,
573.12923,EKP,1,,<=4,<=4,<=0.5,<=1,<=0.5,8/4,<=0.5,<=1,<=1,4/4,2,1,0.5,<=0.125,<=4,<=0.5,<=0.5/9.5,>16,,,,,,,,,,,,
573.14446,EKP,8,>64,>16,>16,>2,>16,>16,>16/8,>32,>4,>16,>64/4,8,>8,>8,>8,<=8,<=1,>2/38,>16,,,,,,,,,,,,
573.12889,EKP,1,>64,<=4,<=4,<=0.5,<=1,<=0.5,8/4,<=0.5,<=1,<=1,4/4,<=1,1,<=0.25,<=0.125,<=4,<=0.5,<=0.5/9.5,>16,,,,,,,,,,,,
573.14458,EKP,>8,>64,>16,>16,>2,>16,>16,>16/8,>32,>4,>16,>64/4,>8,>8,<=1,<=1,32,>16,>2/38,>16,,,,,,,,,,,,
573.14347,EKP,<=2,>64,>16,>16,>2,>16,>16,>16/8,>32,>4,>16,>64/4,>8,>8,<=1,2,<=8,,>2/38,>16,,,,,,,,,,,,
573.13885,EKP,<=2,>64,8,>16,>2,>16,>16,>16/8,>32,>4,>16,16/4,4,<=2,<=1,<=1,<=8,>16,<=0.5/9.5,>16,,,,,,,,,,,,
573.12887,EKP,>8,,16,,>2,>32,>16,>16/8,>32,>4,>16,>64/4,>8,>8,<=0.25,<=0.125,32,16,>2/38,>16,,,,,,,,,,,,
573.13523,EKP,>8,,>16,>16,>2,>16,>16,>16/8,>32,>4,>16,>64/4,4,4,8,2,>32,>16,>2/38,>16,,,,,,,,,,,,
573.1382,EKP,<=2,>64,16,>16,>2,>16,>16,>16/8,>32,4,>16,>64/4,8,<=2,<=1,<=1,<=8,16,>2/38,>16,,,,,,,,,,,,
573.14237,EKP,8,64,<=4,>16,<=0.5,>16,>16,>16/8,>32,<=1,>16,64/4,>8,<=2,<=1,<=1,<=8,>16,>2/38,>16,,,,,,,,,,,,
573.13994,EKP,8,>64,<=4,>16,>2,>16,>16,>16/8,>32,>4,>16,32/4,>8,<=2,<=1,<=1,<=8,>16,>2/38,>16,,,,,,,,,,,,
573.14084,EKP,>8,>64,>16,>16,>2,>16,>16,>16/8,>32,>4,>16,>64/4,4,<=2,>8,>8,32,>16,>2/38,>16,,,,,,,,,,,,
573.13004,EKP,1,32,<=4,<=4,<=0.5,<=1,<=0.5,4/2,<=0.5,<=1,<=1,<=2/4,<=1,1,0.5,<=0.125,<=4,<=0.5,<=0.5/9.5,16,,,,,,,,,,,,
573.13667,EKP,8,,8,>16,>2,>16,>16,>16/8,>32,>4,>16,16/4,4,<=2,<=1,<=1,<=8,16,>2/38,>16,,,,,,,,,,,,
573.13425,EKP,<=2,>64,>16,>16,>2,>16,>16,>16/8,>32,>4,>16,16/4,8,<=2,<=1,<=1,<=8,>16,>2/38,>16,,,,,,,,,,,,
573.13379,EKP,8,>64,<=4,>16,>2,>16,>16,>16/8,>32,>4,>16,8/4,>8,<=2,<=1,<=1,<=8,>16,>2/38,>16,,,,,,,,,,,,
573.14411,EKP,<=2,>64,<=4,>16,<=0.5,>16,4,>16/8,>32,<=1,16,4/4,<=2,<=2,<=1,<=1,<=8,>16,1/19,>16,,,,,,,,,,,,
573.13142,EKP,>8,>64,>16,>16,>2,>16,>16,>16/8,>32,>4,>16,>64/4,8,>8,<=1,<=1,<=8,>16,>2/38,>16,,,,,,,,,,,,
573.13551,EKP,>8,>64,16,>16,>2,>16,>16,16/8,32,>4,>16,8/4,4,<=2,<=1,<=1,32,4,>2/38,>16,,,,,,,,,,,,
573.14205,EKP,>8,>64,16,>16,>2,>16,2,>16/8,>32,4,8,16/4,>8,>8,<=1,<=1,<=8,16,>2/38,>16,,,,,,,,,,,,
573.14331,EKP,8,,8,>16,>2,>16,>16,>16/8,>32,>4,<=2,>64/4,4,<=2,<=1,<=1,<=8,<=1,>2/38,>16,,,,,,,,,,,,
573.13254,EKP,>8,,<=4,>16,>2,>16,>16,>16/8,>32,>4,>16,>64/4,4,>8,<=1,<=1,<=8,>16,>2/38,>16,,,,,,,,,,,,
573.13957,EKP,<=2,,8,>16,>2,>16,8,>16/8,>32,>4,>16,>64/4,>8,<=2,4,2,<=8,>16,>2/38,>16,,,,,,,,,,,,
573.13682,EKP,>8,>64,8,>16,>2,>16,>16,>16/8,32,>4,>16,16/4,4,<=2,<=1,<=1,>32,4,>2/38,>16,,,,,,,,,,,,
573.14408,EKP,8,,<=4,>16,>2,>16,>16,>16/8,>32,<=1,16,16/4,>8,>8,<=1,<=1,<=8,>16,>2/38,>16,,,,,,,,,,,,
573.13542,EKP,>8,>64,16,>16,>2,>16,>16,>16/8,>32,>4,>16,32/4,>8,>8,<=1,<=1,<=8,>16,>2/38,>16,,,,,,,,,,,,
573.13952,EKP,<=2,,>16,>16,>2,>16,>16,>16/8,>32,>4,>16,>64/4,8,<=2,>8,>8,<=8,>16,>2/38,>16,,,,,,,,,,,,
573.1352,EKP,8,>64,>16,>16,>2,>16,>16,>16/8,>32,>4,>16,>64/4,>8,>8,<=1,<=1,<=8,<=1,>2/38,>16,,,,,,,,,,,,
573.14482,EKP,<=2,>64,<=4,>16,>2,>16,>16,>16/8,>32,>4,>16,8/4,4,<=2,<=1,<=1,<=8,,<=0.5/9,>16,,,,,,,,,,,,
573.13882,EKP,8,,<=4,>16,>2,>16,16,>16/8,>32,<=1,16,16/4,>8,<=2,<=1,<=1,<=8,>16,>2/38,>16,,,,,,,,,,,,
573.12861,EKP,1,64,<=4,8,<=0.5,2,<=0.5,8/4,<=0.5,<=1,<=1,<=2/4,<=1,<=0.5,0.5,<=0.125,<=4,<=0.5,<=0.5/9.5,>16,,,,,,,,,,,,
573.1418,EKP,>8,,8,>16,>2,>16,>16,>16/8,>32,>4,>16,>64/4,>8,>8,<=1,<=1,16,,>2/38,>16,,,,,,,,,,,,
573.14321,EKP,>8,,>16,>16,>2,>16,>16,>16/8,>32,>4,>16,>64/4,4,<=2,>8,>8,32,>16,>2/38,>16,,,,,,,,,,,,
573.14301,EKP,>8,,>16,>16,>2,>16,>16,>16/8,>32,>4,<=2,>64/4,>8,>8,>8,>8,>32,4,>2/38,>16,,,,,,,,,,,,
573.14147,EKP,<=2,>64,8,>16,>2,>16,>16,>16/8,>32,>4,,>64/4,4,>8,<=1,<=1,<=8,<=1,>2/38,>16,,,,,,,,,,,,
573.14375,EKP,8,>64,>16,>16,>2,>16,>16,>16/8,>32,>4,>16,64/4,4,>8,2,2,<=8,>16,>2/38,>16,,,,,,,,,,,,
573.14149,EKP,>8,>64,16,>16,>2,>16,>16,>16/8,>32,>4,<=2,64/4,>8,>8,<=1,<=1,<=8,,>2/38,>16,,,,,,,,,,,,
573.13999,EKP,>8,>64,8,>16,>2,>16,>16,>16/8,>32,>4,>16,>64/4,4,>8,<=1,<=1,>32,>16,>2/38,>16,,,,,,,,,,,,
573.14315,EKP,>8,,>16,>16,>2,>16,>16,>16/8,>32,>4,>16,>64/4,4,<=2,>8,4,32,>16,>2/38,>16,,,,,,,,,,,,
573.14443,EKP,8,>64,<=4,>16,>2,>16,>16,>16/8,>32,<=1,>16,8/4,>8,>8,<=1,<=1,<=8,>16,>2/38,>16,,,,,,,,,,,,
573.14483,EKP,>8,>64,>16,>16,>2,>16,>16,>16/8,>32,>4,>16,>64/4,4,>8,>8,>8,32,4,<=0.5/9,>16,,,,,,,,,,,,
573.13813,EKP,8,>64,16,>16,>2,>16,>16,>16/8,>32,>4,16,>64/4,8,>8,<=1,<=1,<=8,16,<=0.5/9,>16,,,,,,,,,,,,
573.14512,EKP,>8,>64,>16,>16,>2,>16,>16,>16/8,>32,>4,>16,>64/4,4,<=2,>8,>8,32,,>2/38,>16,,,,,,,,,,,,
573.13307,EKP,>8,>64,>16,>16,>2,>16,>16,>16/8,>32,>4,>16,>64/4,4,>8,>8,>8,>32,>16,>2/38,>16,,,,,,,,,,,,
573.13696,EKP,<=2,,>16,>16,>2,>16,>16,>16/8,>32,>4,>16,>64/4,8,<=2,<=1,<=1,<=8,>16,>2/38,>16,,,,,,,,,,,,
573.14409,EKP,>8,>64,<=4,>16,>2,>16,>16,16/8,32,>4,>16,4/4,<=2,>8,<=1,<=1,16,4,1/19,>16,,,,,,,,,,,,
573.14115,EKP,>8,>64,>16,>16,>2,>16,>16,>16/8,>32,>4,>16,>64/4,8,4,>8,2,>32,>16,>2/38,>16,,,,,,,,,,,,
573.13433,EKP,>8,>64,>16,>16,>2,>16,>16,>16/8,>32,>4,>16,>64/4,8,8,>8,>8,32,>16,>2/38,>16,,,,,,,,,,,,
573.13144,EKP,8,>64,16,>16,>2,>16,>16,>16/8,>32,>4,>16,16/4,>8,<=2,<=1,<=1,<=8,>16,>2/38,>16,,,,,,,,,,,,
573.13997,EKP,>8,>64,>16,>16,>2,>16,>16,>16/8,>32,>4,>16,>64/4,4,<=2,>8,2,32,>16,>2/38,>16,,,,,,,,,,,,
573.14335,EKP,>8,,>16,>16,>2,>16,>16,>16/8,>32,>4,>16,64/4,>8,>8,<=1,<=1,<=8,>16,>2/38,>16,,,,,,,,,,,,
573.13114,EKP,8,>64,>16,>16,>2,>16,>16,>16/8,32,>4,>16,16/4,>8,<=2,<=1,<=1,<=8,4,>2/38,>16,,,,,,,,,,,,
573.13499,EKP,>8,>64,<=4,>16,>2,>16,>16,>16/8,>32,>4,>16,>64/4,4,>8,<=1,<=1,<=8,>16,>2/38,>16,,,,,,,,,,,,
573.14192,EKP,8,>64,>16,>16,>2,>16,>16,>16/8,>32,>4,<=2,>64/4,4,>8,<=1,<=1,<=8,<=1,>2/38,>16,,,,,,,,,,,,
573.13998,EKP,>8,,8,>16,>2,>16,>16,>16/8,>32,>4,>16,>64/4,4,4,<=1,<=1,>32,>16,<=0.5/9,>16,,,,,,,,,,,,
573.13457,EKP,<=2,64,16,>16,>2,>16,>16,>16/8,>32,2,>16,>64/4,4,<=2,<=1,<=1,<=8,>16,<=0.5/9,>16,,,,,,,,,,,,
573.14394,EKP,>8,,>16,>16,>2,>16,>16,>16/8,>32,>4,>16,>64/4,4,<=2,8,>8,32,>16,2/38,>16,,,,,,,,,,,,
573.1376,EKP,>8,>64,>16,>16,>2,>16,>16,>16/8,>32,>4,>16,>64/4,8,>8,<=1,<=1,<=8,<=1,>2/38,>16,,,,,,,,,,,,
573.14037,EKP,<=2,,>16,>16,>2,>16,>16,>16/8,>32,>4,>16,>64/4,8,<=2,<=1,<=1,<=8,>16,>2/38,>16,,,,,,,,,,,,
573.13547,EKP,<=2,>64,>16,>16,>2,>16,>16,>16/8,>32,>4,>16,8/4,4,<=2,<=1,<=1,<=8,16,<=0.5/9,>16,,,,,,,,,,,,
573.13909,EKP,8,>64,>16,>16,>2,>16,>16,>16/8,>32,>4,>16,>64/4,>8,>8,>8,>8,<=8,>16,>2/38,>16,,,,,,,,,,,,
573.13679,EKP,<=2,,<=4,>16,>2,>16,16,16/8,>32,2,16,4/4,<=2,<=2,<=1,<=1,<=8,8,>2/38,>16,,,,,,,,,,,,
573.13226,EKP,>8,>64,>16,>16,>2,>16,>16,>16/8,>32,>4,>16,>64/4,>8,>8,<=1,<=1,16,,>2/38,>16,,,,,,,,,,,,
573.13875,EKP,8,>64,<=4,>16,>2,>16,>16,>16/8,>32,>4,>16,4/4,>8,<=2,<=1,<=1,<=8,16,>2/38,>16,,,,,,,,,,,,
573.14066,EKP,>8,>64,>16,>16,>2,>16,>16,>16/8,>32,>4,>16,>64/4,4,8,<=1,4,>32,>16,>2/38,>16,,,,,,,,,,,,
573.12884,EKP,>8,>64,>16,,>2,>32,>16,>16/8,>32,>4,>16,>64/4,4,8,<=0.25,0.125,<=4,16,2/38,>16,,,,,,,,,,,,
573.13285,EKP,8,>64,>16,>16,>2,>16,>16,>16/8,>32,>4,>16,>64/4,4,>8,<=1,<=1,<=8,<=1,<=0.5/9,>16,,,,,,,,,,,,
573.13828,EKP,>8,,>16,>16,>2,>16,>16,>16/8,>32,>4,>16,>64/4,>8,>8,<=1,<=1,<=8,>16,>2/38,>16,,,,,,,,,,,,
573.13528,EKP,>8,,8,>16,>2,>16,>16,16/8,32,>4,>16,64/4,4,<=2,<=1,<=1,16,4,<=0.5/9,>16,,,,,,,,,,,,
573.12937,EKP,1,64,<=4,,<=0.5,>32,4,>16/8,<=0.5,<=1,<=1,>64/4,>8,1,<=0.25,<=0.125,<=4,1,<=0.5/9.5,>16,,,,,,,,,,,,
573.13411,EKP,<=2,64,<=4,>16,<=0.5,>16,>16,>16/8,>32,<=1,>16,4/4,<=2,<=2,<=1,<=1,<=8,>16,<=0.5/9,>16,,,,,,,,,,,,
573.13622,EKP,<=2,,>16,>16,>2,>16,>16,>16/8,>32,>4,>16,16/4,>8,<=2,<=1,<=1,<=8,>16,2/38,>16,,,,,,,,,,,,
573.13319,EKP,>8,,<=4,>16,>2,>16,16,>16/8,>32,<=1,>16,16/4,>8,>8,<=1,<=1,<=8,>16,>2/38,>16,,,,,,,,,,,,
573.13773,EKP,>8,>64,>16,>16,>2,>16,>16,>16/8,>32,>4,>16,>64/4,>8,<=2,>8,>8,16,>16,>2/38,>16,,,,,,,,,,,,
573.13264,EKP,<=2,>64,>16,>16,>2,>16,>16,>16/8,>32,>4,4,>64/4,>8,<=2,<=1,<=1,<=8,<=1,>2/38,>16,,,,,,,,,,,,
573.13257,EKP,<=2,32,>16,>16,>2,>16,>16,>16/8,>32,>4,>16,>64/4,4,>8,>8,>8,<=8,>16,1/19,>16,,,,,,,,,,,,
573.14435,EKP,<=2,>64,16,>16,2,>16,16,>16/8,>32,<=1,>16,>64/4,>8,>8,4,<=1,<=8,16,>2/38,>16,,,,,,,,,,,,
573.14481,EKP,8,>64,<=4,>16,>2,>16,>16,>16/8,>32,>4,>16,32/4,<=2,<=2,<=1,<=1,<=8,>16,>2/38,>16,,,,,,,,,,,,
573.13847,EKP,>8,,>16,>16,>2,>16,>16,>16/8,>32,>4,>16,>64/4,>8,<=2,>8,>8,16,>16,>2/38,>16,,,,,,,,,,,,
573.13263,EKP,<=2,>64,>16,>16,>2,>16,>16,>16/8,>32,>4,>16,>64/4,>8,>8,<=1,<=1,<=8,4,>2/38,>16,,,,,,,,,,,,
573.13216,EKP,>8,,16,>16,>2,>16,>16,>16/8,>32,>4,>16,64/4,>8,>8,<=1,<=1,<=8,>16,>2/38,>16,,,,,,,,,,,,
573.1379,EKP,>8,,>16,>16,>2,>16,>16,>16/8,>32,>4,>16,>64/4,8,<=2,>8,>8,16,>16,>2/38,>16,,,,,,,,,,,,
573.1377,EKP,8,>64,>16,>16,>2,>16,>16,>16/8,>32,>4,>16,>64/4,>8,<=2,>8,>8,<=8,<=1,>2/38,>16,,,,,,,,,,,,
573.13611,EKP,8,32,<=4,>16,>2,>16,16,>16/8,>32,<=1,>16,32/4,>8,>8,<=1,<=1,<=8,8,>2/38,>16,,,,,,,,,,,,
573.13089,EKP,<=2,>64,>16,>16,>2,>16,>16,>16/8,>32,>4,>16,>64/4,4,<=2,<=1,<=1,<=8,>16,<=0.5/9,>16,,,,,,,,,,,,
573.14279,EKP,>8,>64,8,>16,>2,>16,>16,>16/8,>32,>4,>16,32/4,>8,>8,<=1,<=1,<=8,>16,>2/38,>16,,,,,,,,,,,,
573.14377,EKP,<=2,,>16,>16,>2,>16,>16,>16/8,>32,>4,>16,>64/4,4,<=2,8,>8,<=8,<=1,>2/38,>16,,,,,,,,,,,,
573.14405,EKP,>8,,>16,>16,>2,>16,>16,>16/8,>32,>4,>16,64/4,>8,>8,<=1,<=1,<=8,>16,>2/38,>16,,,,,,,,,,,,
573.13305,EKP,<=2,>64,>16,>16,>2,>16,>16,>16/8,>32,>4,>16,>64/4,>8,>8,<=1,<=1,<=8,<=1,>2/38,>16,,,,,,,,,,,,
573.14198,EKP,8,,<=4,>16,>2,>16,2,>16/8,>32,4,16,4/4,>8,>8,<=1,<=1,<=8,16,>2/38,>16,,,,,,,,,,,,
573.13389,EKP,<=2,,>16,>16,>2,>16,>16,>16/8,>32,>4,>16,>64/4,>8,<=2,>8,>8,<=8,16,>2/38,>16,,,,,,,,,,,,
573.13018,EKP,1,,<=4,,>2,>32,8,16/8,>32,>4,16,8/4,2,<=0.5,0.5,<=0.125,<=4,>16,<=0.5/9.5,>16,,,,,,,,,,,,
573.13495,EKP,>8,>64,>16,>16,>2,>16,>16,>16/8,>32,>4,>16,>64/4,>8,>8,<=1,<=1,16,<=1,>2/38,>16,,,,,,,,,,,,
573.13241,EKP,<=2,>64,<=4,>16,2,>16,>16,>16/8,>32,<=1,>16,>64/4,<=2,<=2,<=1,<=1,<=8,16,<=0.5/9,>16,,,,,,,,,,,,
573.14184,EKP,>8,,>16,>16,>2,>16,>16,>16/8,>32,>4,>16,>64/4,4,4,>8,>8,32,>16,1/19,>16,,,,,,,,,,,,
573.14469,EKP,>8,>64,>16,>16,>2,>16,>16,>16/8,>32,>4,>16,>64/4,>8,<=2,>8,>8,16,>16,>2/38,>16,,,,,,,,,,,,
573.13645,EKP,8,>64,>16,>16,>2,>16,>16,>16/8,>32,>4,>16,>64/4,>8,<=2,>8,>8,<=8,,>2/38,>16,,,,,,,,,,,,
573.13839,EKP,8,,8,>16,>2,>16,>16,>16/8,>32,>4,>16,>64/4,>8,<=2,<=1,<=1,<=8,>16,>2/38,>16,,,,,,,,,,,,
573.14507,EKP,>8,>64,>16,>16,>2,>16,>16,>16/8,>32,>4,>16,>64/4,4,4,>8,>8,32,>16,>2/38,>16,,,,,,,,,,,,
573.13979,EKP,<=2,,>16,>16,>2,>16,>16,>16/8,>32,>4,>16,>64/4,>8,>8,<=1,<=1,<=8,4,>2/38,>16,,,,,,,,,,,,
573.13416,EKP,<=2,>64,>16,>16,>2,>16,>16,>16/8,>32,>4,>16,>64/4,>8,>8,<=1,<=1,<=8,<=1,>2/38,>16,,,,,,,,,,,,
573.13111,EKP,8,,>16,>16,>2,>16,>16,>16/8,>32,>4,>16,>64/4,4,>8,<=1,<=1,<=8,<=1,>2/38,>16,,,,,,,,,,,,
573.12913,EKP,1,>64,>16,,>2,>32,>16,>16/8,>32,>4,>16,>64/4,>8,1,>8,>8,<=4,>16,2/38,>16,,,,,,,,,,,,
573.13937,EKP,>8,>64,>16,>16,>2,>16,>16,>16/8,>32,>4,>16,>64/4,4,<=2,>8,>8,32,16,>2/38,>16,,,,,,,,,,,,
573.13035,EKP,>8,>64,>16,>16,>2,>16,>16,>16/8,>32,>4,>16,>64/4,>8,>8,<=1,<=1,<=8,4,>2/38,>16,,,,,,,,,,,,
573.13598,EKP,<=2,,>16,>16,>2,>16,>16,>16/8,>32,>4,>16,16/4,>8,<=2,<=1,<=1,<=8,>16,>2/38,>16,,,,,,,,,,,,
573.14117,EKP,<=2,>64,<=4,>16,2,>16,8,>16/8,>32,<=1,>16,>64/4,>8,<=2,<=1,<=1,<=8,>16,>2/38,>16,,,,,,,,,,,,
573.13512,EKP,<=2,>64,>16,>16,>2,>16,>16,>16/8,>32,>4,>16,>64/4,4,>8,>8,>8,<=8,<=1,>2/38,>16,,,,,,,,,,,,
573.13483,EKP,8,>64,>16,>16,>2,>16,>16,>16/8,>32,>4,>16,>64/4,8,>8,>8,>8,<=8,>16,>2/38,>16,,,,,,,,,,,,
573.14371,EKP,>8,,>16,>16,>2,>16,>16,>16/8,>32,>4,>16,>64/4,4,4,8,4,>32,>16,>2/38,>16,,,,,,,,,,,,
573.13488,EKP,8,>64,8,>16,>2,>16,>16,>16/8,>32,>4,>16,32/4,4,<=2,<=1,<=1,<=8,>16,>2/38,>16,,,,,,,,,,,,
573.13593,EKP,8,>64,>16,>16,>2,>16,>16,>16/8,>32,>4,>16,>64/4,>8,<=2,>8,>8,<=8,16,>2/38,>16,,,,,,,,,,,,
573.14088,EKP,8,,>16,>16,>2,>16,>16,>16/8,>32,>4,>16,>64/4,<=2,>8,<=1,<=1,<=8,<=1,>2/38,>16,,,,,,,,,,,,
573.1425,EKP,>8,,>16,>16,>2,>16,>16,>16/8,>32,>4,>16,>64/4,<=2,4,>8,8,>32,>16,>2/38,>16,,,,,,,,,,,,
573.13983,EKP,<=2,,>16,>16,>2,>16,>16,>16/8,>32,>4,>16,>64/4,>8,>8,<=1,<=1,<=8,4,>2/38,>16,,,,,,,,,,,,
573.13569,EKP,<=2,>64,<=4,>16,>2,>16,>16,>16/8,>32,>4,>16,>64/4,>8,>8,<=1,<=1,<=8,<=1,>2/38,>16,,,,,,,,,,,,
573.13116,EKP,8,,8,>16,>2,>16,>16,>16/8,>32,>4,16,16/4,>8,<=2,<=1,<=1,<=8,8,>2/38,>16,,,,,,,,,,,,
573.13357,EKP,>8,>64,16,>16,>2,>16,>16,>16/8,>32,4,>16,32/4,>8,>8,<=1,<=1,<=8,>16,>2/38,>16,,,,,,,,,,,,
573.13383,EKP,<=2,64,<=4,>16,2,>16,>16,16/8,>32,<=1,16,4/4,<=2,<=2,<=1,<=1,<=8,16,>2/38,>16,,,,,,,,,,,,
573.14176,EKP,4,,>16,>16,>2,>16,>16,>16/8,>32,>4,>16,>64/4,>8,>8,<=1,<=1,<=8,<=1,>2/38,>16,,,,,,,,,,,,
573.12941,EKP,1,64,<=4,<=4,<=0.5,<=1,<=0.5,4/2,<=0.5,<=1,<=1,<=2/4,2,1,2,<=0.125,<=4,<=0.5,<=0.5/9.5,16,,,,,,,,,,,,
573.13058,EKP,8,,8,16,2,>16,>16,8/4,4,<=1,>16,8/4,<=2,8,<=1,<=1,<=8,<=1,<=0.5/9,>16,,,,,,,,,,,,
573.13031,EKP,>8,,<=4,>16,>2,>16,>16,>16/8,>32,<=1,>16,32/4,>8,>8,<=1,<=1,<=8,>16,>2/38,>16,,,,,,,,,,,,
573.1353,EKP,>8,,>16,>16,>2,>16,>16,>16/8,>32,>4,>16,>64/4,4,>8,2,4,16,<=1,>2/38,>16,,,,,,,,,,,,
573.13194,EKP,>8,>64,>16,>16,>2,>16,>16,>16/8,>32,>4,16,>64/4,4,>8,<=1,<=1,<=8,<=1,<=0.5/9,>16,,,,,,,,,,,,
573.13798,EKP,>8,>64,>16,>16,>2,>16,>16,>16/8,>32,>4,>16,>64/4,4,4,>8,8,32,>16,>2/38,>16,,,,,,,,,,,,
573.13243,EKP,8,,>16,>16,>2,>16,>16,16/8,8,>4,>16,16/4,>8,8,<=1,<=1,<=8,2,<=0.5/9,>16,,,,,,,,,,,,
573.14522,EKP,8,>64,<=4,>16,>2,>16,>16,>16/8,>32,>4,>16,>64/4,4,>8,<=1,<=1,<=8,>16,<=0.5/9,>16,,,,,,,,,,,,
573.13189,EKP,>8,,>16,>16,>2,>16,>16,>16/8,>32,>4,>16,>64/4,4,<=2,>8,>8,32,>16,>2/38,>16,,,,,,,,,,,,
573.14178,EKP,>8,,>16,>16,>2,>16,>16,>16/8,>32,>4,>16,>64/4,4,8,>8,<=1,>32,>16,>2/38,>16,,,,,,,,,,,,
573.13217,EKP,>8,,>16,>16,>2,>16,>16,>16/8,>32,>4,>16,>64/4,4,8,>8,>8,32,>16,>2/38,>16,,,,,,,,,,,,
573.13954,EKP,<=2,,,>16,>2,>16,>16,>16/8,>32,>4,<=2,>64/4,4,<=2,>8,>8,<=8,<=1,>2/38,>16,,,,,,,,,,,,
573.13741,EKP,>8,,>16,>16,>2,>16,>16,>16/8,>32,>4,>16,>64/4,4,>8,<=1,4,<=8,16,<=0.5/9,>16,,,,,,,,,,,,
573.14008,EKP,<=2,>64,8,>16,>2,>16,>16,>16/8,>32,>4,>16,8/4,<=2,<=2,<=1,<=1,<=8,>16,>2/38,>16,,,,,,,,,,,,
573.13146,EKP,<=2,<=16,<=4,>16,1,>16,>16,8/4,32,<=1,>16,4/4,<=2,<=2,<=1,<=1,<=8,<=1,>2/38,>16,,,,,,,,,,,,
573.14248,EKP,<=2,>64,>16,>16,>2,>16,>16,>16/8,>32,>4,>16,>64/4,>8,>8,<=1,<=1,<=8,4,>2/38,>16,,,,,,,,,,,,
573.13355,EKP,8,>64,>16,>16,>2,>16,>16,>16/8,>32,>4,>16,>64/4,>8,>8,8,>8,<=8,<=1,>2/38,>16,,,,,,,,,,,,
573.14048,EKP,<=2,>64,>16,>16,>2,>16,>16,>16/8,>32,>4,>16,>64/4,>8,>8,<=1,2,<=8,>16,>2/38,>16,,,,,,,,,,,,
573.14367,EKP,<=2,>64,>16,>16,>2,>16,>16,>16/8,>32,>4,>16,64/4,>8,<=2,<=1,<=1,<=8,>16,<=0.5/9,>16,,,,,,,,,,,,
573.14023,EKP,>8,,>16,>16,>2,>16,>16,>16/8,>32,>4,>16,>64/4,4,4,>8,>8,32,>16,<=0.5/9,>16,,,,,,,,,,,,
573.14382,EKP,>8,,>16,>16,>2,>16,>16,>16/8,>32,>4,>16,>64/4,8,<=2,8,8,32,>16,>2/38,>16,,,,,,,,,,,,
573.12893,EKP,8,,8,,>2,>32,>16,>16/8,>32,>4,>16,>64/4,4,>8,<=0.25,<=0.125,<=4,>16,>2/38,>16,,,,,,,,,,,,
573.13851,EKP,>8,,16,>16,>2,>16,>16,>16/8,32,>4,>16,>64/4,4,<=2,<=1,<=1,<=8,8,2/38,>16,,,,,,,,,,,,
573.12974,EKP,8,64,<=4,,2,>32,>16,>16/8,>32,<=1,>16,16/4,>8,1,0.5,<=0.125,<=4,>16,>2/38,>16,,,,,,,,,,,,
573.13185,EKP,<=2,>64,>16,>16,>2,>16,>16,>16/8,>32,>4,>16,>64/4,4,<=2,<=1,<=1,<=8,<=1,>2/38,>16,,,,,,,,,,,,
573.1388,EKP,8,>64,>16,>16,>2,>16,>16,>16/8,>32,>4,4,16/4,>8,>8,<=1,<=1,<=8,>16,>2/38,>16,,,,,,,,,,,,
573.12946,EKP,1,64,<=4,<=4,<=0.5,<=1,<=0.5,8/4,<=0.5,<=1,<=1,4/4,<=1,1,<=0.25,<=0.125,<=4,<=0.5,<=0.5/9.5,>16,,,,,,,,,,,,
573.14137,EKP,>8,>64,>16,>16,>2,>16,>16,>16/8,>32,>4,<=2,>64/4,4,4,>8,>8,>32,>16,>2/38,>16,,,,,,,,,,,,
573.13364,EKP,>8,>64,>16,>16,>2,>16,>16,>16/8,>32,>4,>16,>64/4,>8,>8,2,8,<=8,>16,>2/38,>16,,,,,,,,,,,,
573.14399,EKP,>8,,>16,>16,>2,>16,>16,>16/8,>32,>4,>16,>64/4,>8,>8,>8,>8,<=8,,>2/38,>16,,,,,,,,,,,,
573.13674,EKP,>8,,<=4,>16,>2,>16,>16,>16/8,>32,>4,>16,>64/4,>8,>8,<=1,<=1,<=8,>16,>2/38,>16,,,,,,,,,,,,
573.14526,EKP,>8,>64,>16,>16,>2,>16,>16,>16/8,>32,>4,>16,>64/4,8,>8,8,>8,<=8,4,>2/38,>16,,,,,,,,,,,,
573.14065,EKP,8,,>16,>16,>2,>16,>16,>16/8,>32,>4,>16,>64/4,4,>8,<=1,<=1,<=8,<=1,>2/38,>16,,,,,,,,,,,,
573.13079,EKP,>8,,>16,>16,>2,>16,>16,>16/8,>32,>4,>16,>64/4,4,4,>8,4,32,>16,>2/38,>16,,,,,,,,,,,,
573.14206,EKP,>8,,>16,>16,>2,>16,>16,>16/8,>32,>4,>16,>64/4,>8,<=2,>8,>8,16,<=1,>2/38,>16,,,,,,,,,,,,
573.14034,EKP,8,,8,>16,>2,>16,>16,>16/8,>32,>4,>16,>64/4,>8,<=2,<=1,<=1,<=8,>16,>2/38,>16,,,,,,,,,,,,
573.13963,EKP,8,,,>16,>2,>16,>16,>16/8,>32,>4,>16,>64/4,>8,>8,<=1,<=1,<=8,,>2/38,>16,,,,,,,,,,,,
573.13914,EKP,<=2,>64,<=4,>16,>2,>16,8,16/8,>32,2,>16,4/4,<=2,<=2,<=1,<=1,<=8,8,>2/38,>16,,,,,,,,,,,,
573.12927,EKP,1,64,<=4,<=4,<=0.5,2,<=0.5,8/4,<=0.5,<=1,<=1,4/4,>8,1,<=0.25,<=0.125,<=4,<=0.5,<=0.5/9.5,16,,,,,,,,,,,,
573.14081,EKP,>8,,>16,>16,>2,>16,>16,>16/8,>32,>4,>16,>64/4,<=2,4,<=1,>8,>32,>16,>2/38,>16,,,,,,,,,,,,
573.13833,EKP,>8,,<=4,>16,>2,>16,>16,>16/8,>32,<=1,16,16/4,>8,>8,<=1,<=1,<=8,16,>2/38,>16,,,,,,,,,,,,
573.13068,EKP,>8,,>16,>16,>2,>16,>16,>16/8,>32,>4,>16,>64/4,4,4,>8,>8,>32,>16,>2/38,>16,,,,,,,,,,,,
573.14098,EKP,8,,>16,>16,>2,>16,>16,>16/8,>32,>4,>16,>64/4,8,<=2,8,>8,16,,>2/38,>16,,,,,,,,,,,,
573.12864,EKP,>8,>64,>16,,>2,>32,>16,>16/8,>32,>4,>16,>64/4,8,8,>8,>8,<=4,,<=0.5/9.5,>16,,,,,,,,,,,,
573.14517,EKP,<=2,,>16,>16,>2,>16,>16,>16/8,>32,>4,>16,>64/4,>8,>8,>8,>8,<=8,>16,>2/38,>16,,,,,,,,,,,,
573.13028,EKP,8,>64,<=4,,>2,>32,>16,>16/8,>32,>4,>16,>64/4,2,>8,<=0.25,<=0.125,<=4,>16,<=0.5/9.5,>16,,,,,,,,,,,,
573.14542,EKP,>8,>64,>16,>16,>2,>16,>16,>16/8,>32,>4,>16,>64/4,4,<=2,>8,>8,32,>16,>2/38,>16,,,,,,,,,,,,
573.13629,EKP,>8,,8,>16,>2,>16,>16,>16/8,>32,>4,>16,>64/4,4,<=2,<=1,<=1,32,>16,>2/38,>16,,,,,,,,,,,,
573.13704,EKP,>8,>64,>16,>16,>2,>16,>16,>16/8,>32,>4,>16,>64/4,>8,8,>8,>8,<=8,>16,>2/38,>16,,,,,,,,,,,,
573.13032,EKP,>8,<=16,<=4,>16,2,>16,16,>16/8,>32,<=1,>16,64/4,>8,>8,<=1,<=1,<=8,,>2/38,>16,,,,,,,,,,,,
573.13316,EKP,8,>64,<=4,>16,>2,>16,>16,>16/8,>32,>4,>16,>64/4,<=2,>8,<=1,<=1,<=8,>16,<=0.5/9,>16,,,,,,,,,,,,
573.13575,EKP,4,>64,>16,>16,>2,>16,>16,>16/8,>32,>4,4,>64/4,>8,>8,<=1,<=1,<=8,<=1,>2/38,>16,,,,,,,,,,,,
573.14424,EKP,8,64,<=4,>16,>2,>16,16,>16/8,>32,>4,>16,16/4,>8,<=2,<=1,<=1,<=8,>16,>2/38,>16,,,,,,,,,,,,
573.13899,EKP,<=2,64,<=4,>16,>2,>16,<=0.5,8/4,8,4,<=2,<=2/4,<=2,<=2,<=1,<=1,<=8,<=1,>2/38,>16,,,,,,,,,,,,
573.13009,EKP,1,>64,>16,>16,<=0.5,8,<=0.5,8/4,<=0.5,<=1,<=1,16/4,>8,<=0.5,<=0.25,<=0.125,<=4,<=0.5,<=0.5/9.5,>16,,,,,,,,,,,,
573.13304,EKP,>8,64,<=4,>16,>2,>16,>16,>16/8,>32,<=1,>16,32/4,>8,>8,<=1,<=1,<=8,16,>2/38,>16,,,,,,,,,,,,
573.13017,EKP,1,64,<=4,,<=0.5,>32,>16,>16/8,>32,<=1,16,8/4,>8,1,<=0.25,<=0.125,<=4,>16,>2/38,>16,,,,,,,,,,,,
573.14221,EKP,>8,>64,8,>16,>2,>16,>16,>16/8,>32,>4,>16,>64/4,>8,>8,<=1,<=1,16,<=1,>2/38,>16,,,,,,,,,,,,
573.14062,EKP,<=2,>64,8,>16,>2,>16,>16,>16/8,>32,>4,>16,>64/4,4,>8,<=1,<=1,<=8,>16,>2/38,>16,,,,,,,,,,,,
573.13568,EKP,>8,,<=4,>16,>2,>16,>16,>16/8,>32,<=1,>16,>64/4,>8,>8,<=1,<=1,16,>16,>2/38,>16,,,,,,,,,,,,
573.13764,EKP,<=2,64,<=4,16,2,>16,>16,>16/8,>32,<=1,>16,4/4,<=2,<=2,<=1,<=1,<=8,<=1,<=0.5/9,>16,,,,,,,,,,,,
573.12931,EKP,>8,>64,8,,>2,>32,>16,>16/8,8,>4,>16,8/4,2,>8,<=0.25,<=0.125,<=4,1,<=0.5/9.5,>16,,,,,,,,,,,,
573.14243,EKP,>8,>64,>16,>16,>2,>16,>16,>16/8,>32,>4,>16,>64/4,>8,<=2,>8,>8,16,>16,>2/38,>16,,,,,,,,,,,,
573.13594,EKP,<=2,>64,8,>16,>2,>16,>16,>16/8,>32,>4,>16,>64/4,>8,>8,<=1,<=1,<=8,>16,>2/38,>16,,,,,,,,,,,,
573.12901,EKP,1,32,<=4,<=4,<=0.5,<=1,<=0.5,8/4,<=0.5,<=1,<=1,4/4,>8,<=0.5,<=0.25,<=0.125,<=4,<=0.5,<=0.5/9.5,16,,,,,,,,,,,,
573.13029,EKP,1,64,<=4,<=4,<=0.5,<=1,<=0.5,4/2,<=0.5,<=1,<=1,<=2/4,>8,<=0.5,<=0.25,<=0.125,<=4,<=0.5,>2/38,16,,,,,,,,,,,,
573.13332,EKP,>8,64,<=4,>16,2,>16,16,>16/8,>32,<=1,>16,16/4,>8,>8,<=1,<=1,<=8,8,>2/38,>16,,,,,,,,,,,,
573.14428,EKP,<=2,,16,>16,<=0.5,>16,16,>16/8,>32,<=1,16,>64/4,<=2,<=2,8,>8,<=8,>16,<=0.5/9,>16,,,,,,,,,,,,
573.13309,EKP,8,,8,>16,>2,>16,>16,>16/8,>32,>4,>16,8/4,<=2,<=2,<=1,<=1,<=8,>16,>2/38,>16,,,,,,,,,,,,
573.13071,EKP,>8,>64,8,>16,>2,>16,>16,16/8,>32,>4,>16,16/4,4,<=2,<=1,<=1,16,8,>2/38,>16,,,,,,,,,,,,
573.14418,EKP,>8,,>16,>16,>2,>16,>16,>16/8,>32,>4,<=2,>64/4,>8,>8,>8,>8,16,<=1,>2/38,>16,,,,,,,,,,,,
573.13193,EKP,>8,>64,>16,>16,>2,>16,>16,>16/8,>32,>4,>16,>64/4,4,4,8,8,32,16,>2/38,>16,,,,,,,,,,,,
573.14491,EKP,>8,>64,16,>16,>2,>16,>16,>16/8,>32,>4,>16,>64/4,>8,<=2,<=1,<=1,32,>16,>2/38,>16,,,,,,,,,,,,
573.1411,EKP,>8,>64,>16,>16,>2,>16,>16,>16/8,>32,>4,>16,>64/4,>8,>8,<=1,<=1,16,16,>2/38,>16,,,,,,,,,,,,
573.13853,EKP,<=2,32,<=4,<=4,<=0.5,>16,8,>16/8,<=2,<=1,<=2,>64/4,>8,<=2,<=1,<=1,<=8,<=1,<=0.5/9,>16,,,,,,,,,,,,
573.13722,EKP,<=2,,>16,>16,>2,>16,>16,>16/8,>32,>4,>16,>64/4,<=2,<=2,8,>8,<=8,,>2/38,>16,,,,,,,,,,,,
573.13861,EKP,>8,>64,>16,>16,>2,>16,>16,>16/8,>32,>4,>16,>64/4,<=2,4,8,4,>32,>16,>2/38,>16,,,,,,,,,,,,
573.1375,EKP,>8,>64,>16,>16,>2,>16,>16,>16/8,>32,>4,>16,>64/4,>8,>8,<=1,<=1,>32,>16,>2/38,>16,,,,,,,,,,,,
573.14229,EKP,<=2,32,>16,>16,<=0.5,>16,16,>16/8,>32,<=1,>16,>64/4,<=2,<=2,8,<=1,<=8,4,<=0.5/9,>16,,,,,,,,,,,,
573.13167,EKP,>8,,>16,>16,>2,>16,>16,>16/8,>32,>4,>16,>64/4,>8,>8,>8,>8,>32,8,>2/38,>16,,,,,,,,,,,,
573.13863,EKP,>8,>64,>16,>16,>2,>16,>16,>16/8,>32,>4,>16,>64/4,>8,>8,<=1,<=1,<=8,>16,>2/38,>16,,,,,,,,,,,,
573.13842,EKP,>8,,>16,>16,>2,>16,>16,>16/8,>32,>4,>16,>64/4,8,<=2,>8,>8,16,>16,>2/38,>16,,,,,,,,,,,,
573.13199,EKP,<=2,,8,>16,<=0.5,>16,>16,>16/8,16,<=1,>16,>64/4,<=2,<=2,<=1,<=1,<=8,4,<=0.5/9,>16,,,,,,,,,,,,
573.14242,EKP,>8,>64,>16,>16,>2,>16,>16,>16/8,>32,>4,>16,>64/4,4,8,>8,>8,>32,>16,>2/38,>16,,,,,,,,,,,,
573.13605,EKP,8,32,16,>16,>2,>16,>16,16/8,4,>4,>16,32/4,>8,8,<=1,<=1,<=8,<=1,<=0.5/9,>16,,,,,,,,,,,,
573.14043,EKP,<=2,>64,<=4,>16,2,>16,8,>16/8,>32,<=1,>16,64/4,>8,<=2,<=1,<=1,<=8,>16,>2/38,>16,,,,,,,,,,,,
573.13939,EKP,>8,,>16,>16,>2,>16,>16,>16/8,>32,>4,>16,>64/4,4,<=2,>8,>8,32,>16,<=0.5/9.5,>16,,,,,,,,,,,,
573.14393,EKP,8,,>16,>16,>2,>16,>16,>16/8,>32,>4,>16,>64/4,>8,>8,>8,>8,<=8,>16,>2/38,>16,,,,,,,,,,,,
573.13562,EKP,<=2,>64,>16,>16,>2,>16,>16,>16/8,>32,>4,>16,>64/4,>8,>8,<=1,<=1,<=8,>16,>2/38,>16,,,,,,,,,,,,
573.13139,EKP,>8,,>16,>16,>2,>16,>16,>16/8,>32,>4,>16,>64/4,>8,>8,>8,>8,32,>16,>2/38,>16,,,,,,,,,,,,
573.13995,EKP,<=2,32,<=4,>16,<=0.5,>16,8,16/8,>32,<=1,>16,4/4,<=2,<=2,<=1,<=1,<=8,>16,<=0.5/9,>16,,,,,,,,,,,,
573.12879,EKP,>8,,<=4,,>2,>32,>16,16/8,32,>4,>16,8/4,>8,>8,<=0.25,<=0.125,<=4,1,>2/38,>16,,,,,,,,,,,,
573.14487,EKP,<=2,,<=4,>16,>2,>16,>16,>16/8,>32,>4,>16,8/4,<=2,<=2,<=1,<=1,<=8,,<=0.5/9,>16,,,,,,,,,,,,
573.13969,EKP,8,,8,>16,>2,>16,>16,>16/8,>32,>4,>16,8/4,>8,<=2,<=1,<=1,<=8,16,>2/38,>16,,,,,,,,,,,,
573.13253,EKP,<=2,>64,8,>16,>2,>16,>16,>16/8,>32,>4,>16,>64/4,4,<=2,<=1,<=1,<=8,16,<=0.5/9,>16,,,,,,,,,,,,
573.14538,EKP,<=2,>64,16,>16,>2,>16,>16,>16/8,>32,>4,>16,>64/4,4,<=2,<=1,<=1,<=8,<=1,>2/38,>16,,,,,,,,,,,,
573.14451,EKP,>8,,8,>16,>2,>16,>16,>16/8,32,>4,>16,32/4,4,4,<=1,<=1,>32,4,>2/38,>16,,,,,,,,,,,,
573.13265,EKP,<=2,>64,>16,>16,>2,>16,>16,>16/8,>32,>4,>16,>64/4,>8,>8,<=1,<=1,<=8,>16,>2/38,>16,,,,,,,,,,,,
573.1393,EKP,8,,>16,>16,>2,>16,>16,>16/8,>32,>4,>16,>64/4,>8,>8,8,>8,<=8,>16,1/19,>16,,,,,,,,,,,,
573.13045,EKP,>8,,<=4,>16,>2,>16,>16,>16/8,<=2,>4,8,>64/4,4,4,<=1,<=1,32,<=1,>2/38,>16,,,,,,,,,,,,
573.13363,EKP,>8,,>16,>16,>2,>16,>16,>16/8,>32,>4,>16,>64/4,4,>8,>8,2,<=8,>16,>2/38,>16,,,,,,,,,,,,
573.14183,EKP,>8,>64,>16,>16,>2,>16,>16,>16/8,>32,>4,,>64/4,>8,<=2,>8,>8,32,4,1/19,>16,,,,,,,,,,,,
573.13161,EKP,>8,,>16,>16,>2,>16,>16,>16/8,>32,>4,>16,>64/4,4,<=2,>8,8,32,16,>2/38,>16,,,,,,,,,,,,
573.13325,EKP,<=2,,>16,>16,<=0.5,>16,>16,>16/8,>32,<=1,>16,>64/4,<=2,<=2,<=1,<=1,<=8,>16,<=0.5/9,>16,,,,,,,,,,,,
573.14338,EKP,>8,,8,>16,2,>16,>16,16/8,32,2,>16,8/4,>8,>8,<=1,<=1,<=8,<=1,>2/38,>16,,,,,,,,,,,,
573.13563,EKP,>8,,>16,>16,>2,>16,>16,>16/8,>32,>4,>16,>64/4,4,4,4,4,32,>16,>2/38,>16,,,,,,,,,,,,
573.14304,EKP,>8,,<=4,>16,>2,>16,>16,>16/8,>32,4,>16,32/4,>8,>8,<=1,<=1,<=8,>16,>2/38,>16,,,,,,,,,,,,
573.13334,EKP,<=2,>64,<=4,>16,>2,>16,>16,>16/8,>32,>4,4,16/4,4,<=2,<=1,<=1,<=8,<=1,<=0.5/9,>16,,,,,,,,,,,,
573.13297,EKP,8,,16,16,>2,16,16,8/4,<=2,4,>16,8/4,8,8,<=1,<=1,<=8,<=1,<=0.5/9,>16,,,,,,,,,,,,
573.14124,EKP,8,>64,8,>16,>2,>16,>16,>16/8,>32,>4,>16,>64/4,4,>8,<=1,<=1,<=8,>16,<=0.5/9,>16,,,,,,,,,,,,
573.13275,EKP,<=2,>64,<=4,>16,1,>16,>16,>16/8,>32,<=1,>16,4/4,<=2,<=2,<=1,<=1,<=8,8,>2/38,>16,,,,,,,,,,,,
573.1378,EKP,8,>64,>16,>16,>2,>16,>16,>16/8,>32,>4,<=2,>64/4,>8,>8,<=1,<=1,<=8,<=1,1/19,>16,,,,,,,,,,,,
573.13607,EKP,<=2,64,<=4,>16,>2,>16,>16,>16/8,>32,>4,>16,8/4,4,<=2,<=1,<=1,<=8,,>2/38,>16,,,,,,,,,,,,
573.13535,EKP,8,>64,>16,>16,>2,>16,>16,>16/8,>32,>4,>16,>64/4,>8,<=2,>8,>8,<=8,>16,>2/38,>16,,,,,,,,,,,,
573.13407,EKP,8,,8,>16,>2,>16,>16,>16/8,>32,>4,>16,>64/4,<=2,>8,<=1,<=1,<=8,>16,>2/38,>16,,,,,,,,,,,,
573.13856,EKP,>8,,8,>16,>2,>16,>16,16/8,32,>4,>16,64/4,4,>8,<=1,<=1,16,4,>2/38,>16,,,,,,,,,,,,
573.1359,EKP,>8,>64,<=4,>16,>2,>16,>16,>16/8,>32,>4,16,>64/4,4,>8,<=1,<=1,<=8,,>2/38,>16,,,,,,,,,,,,
573.14015,EKP,<=2,>64,>16,>16,>2,>16,>16,>16/8,>32,>4,<=2,16/4,>8,<=2,<=1,<=1,<=8,4,>2/38,>16,,,,,,,,,,,,
573.13453,EKP,>8,>64,8,>16,>2,>16,>16,>16/8,>32,>4,>16,>64/4,4,<=2,<=1,<=1,32,>16,>2/38,>16,,,,,,,,,,,,
573.13138,EKP,>8,>64,>16,>16,>2,>16,>16,>16/8,>32,>4,>16,>64/4,4,4,>8,>8,>32,>16,>2/38,>16,,,,,,,,,,,,
573.13651,EKP,<=2,,>16,>16,<=0.5,>16,8,>16/8,>32,<=1,>16,>64/4,4,<=2,4,4,<=8,,<=0.5/9,>16,,,,,,,,,,,,
573.14188,EKP,8,>64,>16,>16,>2,>16,>16,>16/8,>32,>4,4,>64/4,4,>8,<=1,<=1,<=8,<=1,>2/38,>16,,,,,,,,,,,,
573.14131,EKP,<=2,>64,>16,>16,>2,>16,>16,>16/8,>32,>4,>16,8/4,>8,<=2,<=1,<=1,<=8,>16,<=0.5/9,>16,,,,,,,,,,,,
573.13507,EKP,>8,,<=4,>16,>2,>16,>16,>16/8,>32,>4,>16,8/4,<=2,<=2,<=1,<=1,<=8,>16,>2/38,>16,,,,,,,,,,,,
573.13809,EKP,>8,,,>16,>2,>16,>16,>16/8,>32,>4,>16,16/4,>8,>8,<=1,<=1,<=8,8,>2/38,>16,,,,,,,,,,,,
573.14155,EKP,8,,<=4,>16,>2,>16,>16,>16/8,>32,>4,<=2,>64/4,>8,<=2,<=1,<=1,<=8,<=1,>2/38,>16,,,,,,,,,,,,
573.13973,EKP,8,,>16,>16,>2,>16,>16,>16/8,>32,>4,>16,>64/4,<=2,>8,>8,>8,<=8,>16,>2/38,>16,,,,,,,,,,,,
573.13359,EKP,<=2,64,<=4,>16,2,>16,>16,16/8,32,<=1,>16,8/4,<=2,<=2,<=1,<=1,<=8,4,>2/38,>16,,,,,,,,,,,,
573.13248,EKP,8,>64,8,>16,>2,>16,>16,>16/8,>32,>4,>16,>64/4,<=2,>8,<=1,<=1,<=8,>16,<=0.5/9,>16,,,,,,,,,,,,
573.13742,EKP,8,>64,16,>16,>2,>16,>16,>16/8,>32,>4,>16,>64/4,>8,<=2,<=1,<=1,<=8,>16,>2/38,>16,,,,,,,,,,,,
573.14054,EKP,>8,,8,>16,>2,>16,>16,>16/8,>32,>4,>16,>64/4,>8,>8,<=1,<=1,16,,>2/38,>16,,,,,,,,,,,,
573.14071,EKP,<=2,,<=4,>16,2,>16,>16,16/8,32,<=1,>16,16/4,<=2,<=2,<=1,<=1,<=8,4,>2/38,>16,,,,,,,,,,,,
573.13054,EKP,8,>64,>16,>16,>2,>16,>16,>16/8,>32,>4,>16,>64/4,>8,>8,<=1,<=1,<=8,16,1/19,>16,,,,,,,,,,,,
573.13224,EKP,<=2,,>16,>16,>2,>16,>16,>16/8,>32,>4,>16,>64/4,<=2,<=2,>8,>8,<=8,<=1,>2/38,>16,,,,,,,,,,,,
573.14058,EKP,>8,,>16,>16,>2,>16,>16,>16/8,>32,>4,>16,>64/4,4,8,>8,>8,>32,>16,>2/38,>16,,,,,,,,,,,,
573.14477,EKP,>8,>64,>16,>16,>2,>16,>16,>16/8,>32,>4,>16,>64/4,4,4,2,4,>32,16,>2/38,>16,,,,,,,,,,,,
573.14036,EKP,>8,>64,16,>16,>2,>16,>16,>16/8,>32,>4,>16,64/4,<=2,4,<=1,<=1,>32,8,>2/38,>16,,,,,,,,,,,,
573.14112,EKP,<=2,>64,>16,>16,>2,>16,>16,>16/8,>32,>4,>16,8/4,>8,<=2,<=1,<=1,<=8,>16,2/38,>16,,,,,,,,,,,,
573.13205,EKP,>8,,>16,>16,>2,>16,>16,>16/8,>32,>4,>16,>64/4,4,8,8,4,>32,>16,>2/38,>16,,,,,,,,,,,,
573.14372,EKP,8,,8,>16,>2,>16,16,16/8,>32,>4,>16,4/4,4,<=2,<=1,<=1,<=8,16,>2/38,>16,,,,,,,,,,,,
573.12975,EKP,8,>64,8,,>2,>32,>16,>16/8,>32,>4,>16,8/4,8,>8,2,<=0.125,<=4,>16,>2/38,>16,,,,,,,,,,,,
573.13036,EKP,>8,,<=4,>16,>2,>16,16,>16/8,>32,<=1,>16,>64/4,>8,>8,<=1,<=1,16,>16,>2/38,>16,,,,,,,,,,,,
573.13779,EKP,8,64,<=4,>16,>2,>16,>16,>16/8,>32,>4,>16,32/4,>8,<=2,<=1,<=1,<=8,>16,>2/38,>16,,,,,,,,,,,,
573.13527,EKP,>8,<=16,<=4,>16,<=0.5,>16,8,>16/8,>32,<=1,8,8/4,<=2,>8,<=1,<=1,<=8,8,>2/38,>16,,,,,,,,,,,,
573.13445,EKP,>8,>64,>16,>16,>2,>16,>16,>16/8,>32,>4,>16,>64/4,8,4,<=1,<=1,32,8,>2/38,>16,,,,,,,,,,,,
573.1449,EKP,8,,8,>16,>2,>16,>16,>16/8,>32,>4,>16,8/4,>8,<=2,<=1,<=1,<=8,16,>2/38,>16,,,,,,,,,,,,
573.13481,EKP,>8,>64,16,>16,>2,>16,>16,>16/8,>32,>4,>16,>64/4,>8,>8,<=1,<=1,<=8,<=1,>2/38,>16,,,,,,,,,,,,
573.13781,EKP,>8,,>16,>16,>2,>16,>16,>16/8,>32,>4,>16,>64/4,8,<=2,>8,>8,32,<=1,>2/38,>16,,,,,,,,,,,,
573.13191,EKP,>8,,>16,>16,>2,>16,>16,>16/8,>32,>4,>16,>64/4,>8,<=2,8,>8,16,>16,>2/38,>16,,,,,,,,,,,,
573.13746,EKP,>8,>64,>16,>16,>2,>16,>16,>16/8,>32,>4,>16,>64/4,>8,<=2,>8,>8,<=8,,>2/38,>16,,,,,,,,,,,,
573.13726,EKP,>8,32,<=4,>16,1,>16,16,16/8,>32,<=1,8,4/4,>8,>8,<=1,<=1,<=8,>16,>2/38,>16,,,,,,,,,,,,
573.13648,EKP,>8,>64,>16,>16,>2,>16,>16,>16/8,>32,>4,>16,>64/4,>8,4,<=1,<=1,32,4,>2/38,>16,,,,,,,,,,,,
573.13571,EKP,<=2,>64,>16,>16,>2,>16,>16,>16/8,>32,>4,>16,32/4,<=2,<=2,<=1,<=1,<=8,<=1,2/38,>16,,,,,,,,,,,,
573.13868,EKP,8,,<=4,>16,>2,>16,4,>16/8,16,>4,4,8/4,>8,<=2,<=1,<=1,<=8,2,>2/38,>16,,,,,,,,,,,,
573.14333,EKP,>8,,16,>16,>2,>16,>16,>16/8,>32,>4,>16,>64/4,>8,>8,<=1,<=1,<=8,>16,>2/38,>16,,,,,,,,,,,,
573.14245,EKP,>8,,16,>16,>2,>16,>16,>16/8,>32,>4,>16,32/4,>8,>8,<=1,<=1,<=8,>16,>2/38,>16,,,,,,,,,,,,
573.13477,EKP,>8,>64,>16,>16,>2,>16,>16,>16/8,>32,>4,>16,>64/4,4,<=2,<=1,4,16,16,>2/38,>16,,,,,,,,,,,,
573.14097,EKP,>8,,>16,>16,>2,>16,>16,>16/8,>32,>4,>16,>64/4,4,<=2,>8,>8,32,>16,>2/38,>16,,,,,,,,,,,,
573.13172,EKP,<=2,>64,>16,>16,>2,>16,>16,>16/8,>32,>4,>16,>64/4,>8,<=2,>8,>8,<=8,<=1,<=0.5/9,>16,,,,,,,,,,,,
573.13731,EKP,<=2,,>16,>16,>2,>16,>16,>16/8,>32,>4,>16,>64/4,>8,>8,>8,>8,<=8,<=1,>2/38,>16,,,,,,,,,,,,
573.13227,EKP,>8,>64,>16,>16,>2,>16,>16,>16/8,>32,>4,>16,>64/4,>8,>8,<=1,<=1,32,4,>2/38,>16,,,,,,,,,,,,
573.13021,EKP,1,32,<=4,,1,>32,>16,8/4,>32,<=1,>16,4/4,2,1,<=0.25,<=0.125,<=4,1,<=0.5/9.5,>16,,,,,,,,,,,,
573.1386,EKP,<=2,>64,8,>16,>2,>16,8,16/8,>32,>4,>16,<=2/4,<=2,<=2,<=1,<=1,<=8,8,<=0.5/9,>16,,,,,,,,,,,,
573.12944,EKP,8,>64,<=4,,>2,>32,>16,>16/8,>32,<=1,>16,64/4,<=1,>8,<=0.25,<=0.125,<=4,16,>2/38,>16,,,,,,,,,,,,
573.13395,EKP,>8,32,<=4,>16,>2,>16,>16,>16/8,>32,>4,>16,>64/4,>8,<=2,<=1,<=1,<=8,<=1,>2/38,>16,,,,,,,,,,,,
573.13519,EKP,8,,>16,>16,>2,>16,>16,>16/8,>32,>4,>16,>64/4,>8,>8,<=1,<=1,<=8,<=1,>2/38,>16,,,,,,,,,,,,
573.1444,EKP,<=2,,<=4,>16,1,>16,>16,16/8,32,<=1,>16,4/4,<=2,<=2,<=1,<=1,<=8,2,<=0.5/9,>16,,,,,,,,,,,,
573.14111,EKP,8,>64,8,>16,>2,>16,>16,>16/8,>32,>4,>16,>64/4,4,>8,<=1,<=1,<=8,>16,>2/38,>16,,,,,,,,,,,,
573.13024,EKP,8,,>16,,>2,>32,>16,>16/8,>32,>4,>16,>64/4,>8,>8,>8,>8,<=4,>16,<=0.5/9.5,>16,,,,,,,,,,,,
573.13135,EKP,8,>64,16,>16,>2,>16,>16,>16/8,>32,>4,>16,64/4,4,>8,<=1,<=1,<=8,>16,>2/38,>16,,,,,,,,,,,,
573.13968,EKP,<=2,,16,>16,>2,>16,2,>16/8,>32,>4,16,8/4,<=2,<=2,<=1,<=1,<=8,16,<=0.5/9,>16,,,,,,,,,,,,
573.12985,EKP,1,,<=4,,<=0.5,<=1,<=0.5,8/4,<=0.5,<=1,<=1,4/4,<=1,1,<=0.25,<=0.125,<=4,<=0.5,<=0.5/9.5,>16,,,,,,,,,,,,
573.13583,EKP,<=2,,>16,>16,>2,>16,>16,>16/8,>32,>4,>16,16/4,>8,<=2,<=1,<=1,<=8,>16,1/19,>16,,,,,,,,,,,,
573.14249,EKP,>8,,<=4,>16,>2,>16,>16,>16/8,>32,>4,>16,>64/4,>8,>8,<=1,<=1,<=8,>16,>2/38,>16,,,,,,,,,,,,
573.13617,EKP,>8,>64,>16,>16,>2,>16,>16,>16/8,>32,>4,>16,>64/4,4,<=2,>8,>8,16,<=1,<=0.5/9,>16,,,,,,,,,,,,
573.13599,EKP,>8,,<=4,>16,>2,>16,>16,>16/8,>32,<=1,>16,>64/4,>8,>8,<=1,<=1,16,>16,>2/38,>16,,,,,,,,,,,,
573.13081,EKP,<=2,64,<=4,>16,1,>16,16,16/8,>32,<=1,>16,4/4,>8,<=2,<=1,<=1,<=8,>16,>2/38,>16,,,,,,,,,,,,
573.1445,EKP,<=2,>64,>16,>16,>2,>16,>16,>16/8,>32,>4,>16,16/4,4,<=2,<=1,<=1,<=8,>16,<=0.5/9,>16,,,,,,,,,,,,
573.14545,EKP,>8,>64,>16,>16,>2,>16,>16,>16/8,>32,>4,>16,>64/4,4,<=2,8,4,32,16,>2/38,>16,,,,,,,,,,,,
573.12928,EKP,1,64,<=4,<=4,<=0.5,<=1,<=0.5,8/4,<=0.5,<=1,<=1,4/4,2,1,<=0.25,<=0.125,<=4,<=0.5,<=0.5/9.5,16,,,,,,,,,,,,
573.14336,EKP,>8,>64,>16,>16,>2,>16,>16,>16/8,>32,>4,>16,>64/4,>8,8,<=1,<=1,<=8,>16,<=0.5/9,>16,,,,,,,,,,,,
573.1344,EKP,>8,,>16,>16,>2,>16,>16,>16/8,>32,>4,>16,>64/4,4,4,>8,>8,32,>16,>2/38,>16,,,,,,,,,,,,
573.13429,EKP,>8,,16,>16,>2,>16,>16,>16/8,>32,>4,>16,>64/4,>8,>8,8,8,16,8,>2/38,>16,,,,,,,,,,,,
573.13901,EKP,8,>64,16,>16,>2,>16,>16,>16/8,>32,>4,>16,16/4,>8,>8,<=1,<=1,<=8,>16,>2/38,>16,,,,,,,,,,,,
573.14283,EKP,>8,,16,>16,>2,>16,>16,>16/8,>32,>4,>16,>64/4,>8,4,<=1,<=1,>32,>16,>2/38,>16,,,,,,,,,,,,
573.14363,EKP,>8,,<=4,>16,>2,>16,16,>16/8,>32,<=1,>16,32/4,>8,>8,<=1,<=1,<=8,16,>2/38,>16,,,,,,,,,,,,
573.13124,EKP,>8,,8,>16,>2,>16,>16,>16/8,>32,>4,>16,>64/4,8,>8,<=1,<=1,<=8,>16,>2/38,>16,,,,,,,,,,,,
573.13693,EKP,<=2,,>16,>16,>2,>16,>16,>16/8,>32,>4,<=2,>64/4,>8,8,>8,>8,<=8,<=1,>2/38,>16,,,,,,,,,,,,
573.13555,EKP,8,>64,16,>16,>2,>16,>16,16/8,32,4,>16,8/4,8,>8,<=1,<=1,<=8,2,<=0.5/9,>16,,,,,,,,,,,,
573.13707,EKP,>8,>64,>16,>16,>2,>16,>16,>16/8,>32,>4,>16,>64/4,4,>8,>8,>8,>32,4,>2/38,>16,,,,,,,,,,,,
573.13966,EKP,>8,>64,<=4,>16,>2,>16,>16,>16/8,>32,>4,>16,16/4,>8,>8,<=1,<=1,<=8,16,>2/38,>16,,,,,,,,,,,,
573.13668,EKP,>8,>64,<=4,>16,>2,>16,>16,>16/8,>32,>4,>16,64/4,>8,>8,<=1,<=1,<=8,>16,>2/38,>16,,,,,,,,,,,,
573.13532,EKP,>8,>64,<=4,>16,>2,>16,>16,>16/8,>32,<=1,>16,64/4,<=2,>8,<=1,<=1,<=8,>16,>2/38,>16,,,,,,,,,,,,
573.12959,EKP,>8,>64,>16,,1,32,>16,8/4,16,<=1,>16,<=2/4,>8,>8,2,4,>32,4,<=0.5/9.5,>16,,,,,,,,,,,,
573.1407,EKP,<=2,,<=4,>16,2,>16,>16,16/8,>32,<=1,>16,8/4,<=2,<=2,<=1,<=1,<=8,4,>2/38,>16,,,,,,,,,,,,
573.13484,EKP,<=2,,<=4,>16,2,>16,>16,16/8,>32,<=1,>16,8/4,<=2,<=2,<=1,<=1,<=8,>16,<=0.5/9,>16,,,,,,,,,,,,
573.14462,EKP,>8,,8,>16,>2,>16,>16,>16/8,16,>4,>16,8/4,4,4,<=1,<=1,>32,2,>2/38,>16,,,,,,,,,,,,
573.13663,EKP,<=2,32,<=4,16,<=0.5,>16,16,>16/8,<=2,<=1,>16,4/4,<=2,<=2,<=1,<=1,<=8,<=1,<=0.5/9,>16,,,,,,,,,,,,
573.13348,EKP,>8,>64,<=4,>16,>2,>16,>16,>16/8,>32,>4,>16,16/4,<=2,>8,<=1,<=1,<=8,>16,>2/38,>16,,,,,,,,,,,,
573.13603,EKP,<=2,,>16,>16,>2,>16,>16,>16/8,>32,>4,>16,>64/4,>8,<=2,8,>8,<=8,>16,>2/38,>16,,,,,,,,,,,,
573.12972,EKP,>8,>64,<=4,,>2,>32,16,>16/8,>32,<=1,>16,16/4,>8,>8,0.5,<=0.125,<=4,>16,>2/38,>16,,,,,,,,,,,,
573.14496,EKP,>8,,<=4,>16,>2,>16,>16,>16/8,<=2,>4,8,>64/4,4,4,<=1,<=1,32,<=1,>2/38,>16,,,,,,,,,,,,
573.13641,EKP,4,>64,8,>16,>2,>16,16,16/8,>32,>4,16,4/4,<=2,<=2,<=1,<=1,<=8,16,>2/38,>16,,,,,,,,,,,,
573.14056,EKP,<=2,,>16,>16,>2,>16,>16,>16/8,>32,>4,>16,>64/4,<=2,>8,>8,>8,<=8,4,>2/38,>16,,,,,,,,,,,,
573.1373,EKP,>8,,<=4,>16,<=0.5,>16,>16,>16/8,>32,<=1,>16,16/4,>8,>8,<=1,<=1,<=8,>16,>2/38,>16,,,,,,,,,,,,
573.14422,EKP,<=2,>64,>16,>16,>2,>16,>16,>16/8,>32,>4,>16,>64/4,<=2,<=2,8,>8,<=8,<=1,>2/38,>16,,,,,,,,,,,,
573.1455,EKP,>8,64,<=4,>16,>2,>16,>16,>16/8,>32,<=1,>16,>64/4,>8,>8,<=1,<=1,<=8,>16,>2/38,>16,,,,,,,,,,,,
573.13635,EKP,>8,>64,>16,>16,>2,>16,>16,>16/8,32,>4,>16,>64/4,>8,8,<=1,<=1,32,8,>2/38,>16,,,,,,,,,,,,
573.13948,EKP,>8,>64,>16,>16,>2,>16,>16,>16/8,>32,>4,>16,>64/4,>8,<=2,<=1,<=1,32,<=1,>2/38,>16,,,,,,,,,,,,
573.13219,EKP,>8,,>16,>16,>2,>16,>16,>16/8,>32,>4,>16,>64/4,4,4,>8,>8,32,>16,>2/38,>16,,,,,,,,,,,,
573.14539,EKP,>8,>64,>16,>16,>2,>16,>16,>16/8,>32,>4,>16,32/4,>8,>8,<=1,<=1,<=8,>16,>2/38,>16,,,,,,,,,,,,
573.12881,EKP,1,64,<=4,<=4,<=0.5,<=1,<=0.5,8/4,<=0.5,<=1,<=1,4/4,<=1,1,0.5,<=0.125,<=4,<=0.5,<=0.5/9.5,>16,,,,,,,,,,,,
573.13814,EKP,>8,,<=4,>16,>2,>16,16,>16/8,>32,>4,>16,32/4,<=2,>8,<=1,<=1,<=8,8,>2/38,>16,,,,,,,,,,,,
573.13652,EKP,<=2,,>16,>16,>2,>16,>16,>16/8,>32,>4,>16,>64/4,>8,8,<=1,<=1,<=8,>16,>2/38,>16,,,,,,,,,,,,
573.13401,EKP,<=2,,>16,>16,<=0.5,4,<=0.5,8/4,<=2,<=1,<=2,16/4,>8,<=2,<=1,<=1,<=8,<=1,1/19,>16,,,,,,,,,,,,
573.13082,EKP,8,,>16,>16,>2,>16,>16,>16/8,>32,>4,>16,>64/4,>8,>8,<=1,<=1,<=8,<=1,>2/38,>16,,,,,,,,,,,,
573.14329,EKP,>8,>64,>16,>16,>2,>16,>16,>16/8,>32,>4,>16,>64/4,<=2,<=2,8,8,32,>16,>2/38,>16,,,,,,,,,,,,
573.14162,EKP,<=2,,>16,>16,>2,>16,>16,>16/8,>32,>4,>16,>64/4,>8,>8,<=1,<=1,<=8,<=1,>2/38,>16,,,,,,,,,,,,
573.13119,EKP,>8,>64,8,>16,>2,>16,>16,>16/8,>32,>4,16,>64/4,>8,<=2,<=1,<=1,32,<=1,>2/38,>16,,,,,,,,,,,,
573.14537,EKP,>8,,>16,>16,>2,>16,>16,>16/8,>32,>4,>16,>64/4,4,>8,8,8,32,>16,<=0.5/9,>16,,,,,,,,,,,,
573.14006,EKP,>8,,8,>16,>2,>16,>16,>16/8,>32,>4,>16,>64/4,<=2,>8,<=1,<=1,16,>16,>2/38,>16,,,,,,,,,,,,
573.14502,EKP,<=2,,>16,>16,>2,>16,>16,>16/8,>32,>4,4,>64/4,>8,8,>8,>8,<=8,4,>2/38,>16,,,,,,,,,,,,
573.13718,EKP,>8,>64,8,>16,>2,>16,>16,>16/8,>32,>4,4,>64/4,8,>8,<=1,<=1,<=8,>16,<=0.5/9,>16,,,,,,,,,,,,
573.13687,EKP,<=2,,<=4,>16,>2,>16,16,16/8,>32,>4,,16/4,4,<=2,<=1,<=1,<=8,>16,<=0.5/9,>16,,,,,,,,,,,,
573.13561,EKP,<=2,,>16,>16,>2,>16,>16,>16/8,>32,>4,>16,>64/4,4,>8,>8,>8,<=8,>16,>2/38,>16,,,,,,,,,,,,
573.14546,EKP,>8,,<=4,>16,>2,>16,>16,>16/8,>32,<=1,>16,8/4,>8,>8,<=1,<=1,<=8,16,>2/38,>16,,,,,,,,,,,,
573.14366,EKP,<=2,,8,>16,>2,>16,>16,16/8,>32,>4,>16,4/4,<=2,<=2,<=1,<=1,<=8,>16,>2/38,>16,,,,,,,,,,,,
573.13102,EKP,>8,,<=4,>16,<=0.5,>16,>16,>16/8,>32,<=1,>16,32/4,>8,<=2,<=1,<=1,<=8,>16,>2/38,>16,,,,,,,,,,,,
573.12954,EKP,<=0.5,,>16,,<=0.5,>32,>16,>16/8,>32,<=1,>16,>64/4,>8,<=0.5,<=0.25,<=0.125,<=4,>16,>2/38,>16,,,,,,,,,,,,
573.14311,EKP,8,,>16,>16,>2,>16,>16,>16/8,>32,>4,>16,>64/4,>8,>8,>8,>8,<=8,>16,>2/38,>16,,,,,,,,,,,,
573.13269,EKP,>8,,16,>16,>2,>16,>16,>16/8,>32,>4,16,>64/4,>8,>8,<=1,<=1,<=8,>16,>2/38,>16,,,,,,,,,,,,
573.14027,EKP,<=2,>64,<=4,>16,1,>16,8,>16/8,>32,<=1,>16,4/4,>8,<=2,<=1,<=1,<=8,>16,>2/38,>16,,,,,,,,,,,,
573.12903,EKP,1,>64,<=4,<=4,<=0.5,2,<=0.5,16/8,<=0.5,<=1,<=1,4/4,>8,1,<=0.25,<=0.125,<=4,<=0.5,>2/38,>16,,,,,,,,,,,,
573.13168,EKP,8,,<=4,>16,>2,>16,>16,>16/8,>32,<=1,16,16/4,>8,<=2,<=1,<=1,<=8,8,>2/38,>16,,,,,,,,,,,,
573.14467,EKP,<=2,>64,16,>16,>2,>16,>16,>16/8,>32,>4,>16,32/4,>8,<=2,<=1,<=1,<=8,<=1,1/19,>16,,,,,,,,,,,,
573.13771,EKP,<=2,64,16,>16,>2,>16,>16,>16/8,>32,>4,>16,>64/4,4,<=2,8,>8,<=8,>16,>2/38,>16,,,,,,,,,,,,
573.14028,EKP,8,,<=4,>16,>2,>16,>16,>16/8,>32,>4,>16,>64/4,>8,<=2,<=1,<=1,<=8,4,>2/38,>16,,,,,,,,,,,,
573.13565,EKP,>8,>64,>16,>16,>2,>16,>16,>16/8,>32,>4,>16,>64/4,4,4,>8,>8,>32,>16,>2/38,>16,,,,,,,,,,,,
573.13964,EKP,>8,64,>16,>16,>2,>16,>16,>16/8,>32,>4,>16,>64/4,>8,>8,<=1,<=1,<=8,>16,>2/38,>16,,,,,,,,,,,,
573.13464,EKP,<=2,>64,8,>16,>2,>16,>16,16/8,16,>4,>16,32/4,4,<=2,<=1,<=1,<=8,4,>2/38,>16,,,,,,,,,,,,
573.13171,EKP,>8,,<=4,>16,>2,>16,>16,>16/8,>32,>4,8,>64/4,4,>8,<=1,<=1,<=8,>16,>2/38,>16,,,,,,,,,,,,
573.13047,EKP,8,64,<=4,>16,>2,>16,16,>16/8,>32,<=1,8,16/4,>8,<=2,<=1,<=1,<=8,>16,>2/38,>16,,,,,,,,,,,,
573.13794,EKP,>8,,8,>16,>2,>16,>16,>16/8,>32,<=1,>16,32/4,>8,<=2,<=1,<=1,<=8,>16,>2/38,>16,,,,,,,,,,,,
573.13745,EKP,8,>64,8,>16,<=0.5,>16,>16,>16/8,>32,<=1,<=2,>64/4,<=2,>8,<=1,<=1,<=8,,<=0.5/9,>16,,,,,,,,,,,,
573.13749,EKP,>8,>64,8,>16,>2,>16,>16,>16/8,>32,>4,>16,32/4,<=2,4,<=1,<=1,32,4,>2/38,>16,,,,,,,,,,,,
573.14253,EKP,<=2,,>16,>16,>2,>16,>16,>16/8,>32,>4,16,>64/4,4,<=2,<=1,<=1,<=8,>16,1/19,>16,,,,,,,,,,,,
573.13777,EKP,<=2,,>16,>16,>2,>16,>16,>16/8,>32,>4,>16,>64/4,>8,>8,<=1,2,<=8,>16,>2/38,>16,,,,,,,,,,,,
573.13554,EKP,8,32,<=4,>16,2,>16,16,>16/8,>32,<=1,>16,16/4,>8,>8,<=1,<=1,<=8,>16,>2/38,>16,,,,,,,,,,,,
573.14474,EKP,<=2,,<=4,>16,>2,>16,16,16/8,>32,>4,16,8/4,<=2,<=2,<=1,<=1,<=8,>16,<=0.5/9,>16,,,,,,,,,,,,
573.14285,EKP,<=2,,>16,>16,>2,>16,>16,>16/8,>32,>4,>16,>64/4,8,<=2,<=1,<=1,<=8,<=1,>2/38,>16,,,,,,,,,,,,
573.14413,EKP,8,>64,<=4,>16,>2,>16,>16,>16/8,>32,>4,>16,>64/4,4,>8,<=1,<=1,<=8,>16,<=0.5/9,>16,,,,,,,,,,,,
573.14445,EKP,>8,32,<=4,>16,>2,>16,16,>16/8,>32,<=1,16,16/4,>8,>8,<=1,<=1,<=8,16,>2/38,>16,,,,,,,,,,,,
573.12994,EKP,>8,>64,<=4,,>2,>32,>16,>16/8,>32,>4,>16,32/4,>8,>8,<=0.25,<=0.125,<=4,16,>2/38,>16,,,,,,,,,,,,
573.13266,EKP,<=2,,8,>16,>2,>16,>16,>16/8,>32,>4,8,>64/4,4,<=2,<=1,<=1,<=8,<=1,>2/38,>16,,,,,,,,,,,,
573.13044,EKP,>8,,16,>16,>2,>16,>16,>16/8,<=2,>4,16,>64/4,<=2,8,2,2,>32,16,>2/38,>16,,,,,,,,,,,,
573.13941,EKP,<=2,,,>16,>2,>16,4,>16/8,>32,>4,>16,>64/4,>8,<=2,4,2,<=8,>16,>2/38,>16,,,,,,,,,,,,
573.12958,EKP,1,>64,8,,>2,>32,>16,>16/8,>32,>4,>16,>64/4,4,1,<=0.25,<=0.125,<=4,8,>2/38,>16,,,,,,,,,,,,
573.12966,EKP,1,,>16,,>2,>32,>16,>16/8,>32,>4,>16,>64/4,2,1,>8,>8,<=4,>16,>2/38,>16,,,,,,,,,,,,
573.14086,EKP,8,,>16,>16,2,>16,>16,>16/8,>32,4,16,64/4,8,8,<=1,<=1,<=8,4,>2/38,>16,,,,,,,,,,,,
573.13918,EKP,8,>64,,>16,>2,>16,>16,>16/8,>32,>4,>16,>64/4,>8,>8,>8,>8,<=8,>16,2/38,>16,,,,,,,,,,,,
573.13769,EKP,>8,>64,>16,>16,>2,>16,>16,>16/8,>32,>4,>16,>64/4,>8,<=2,8,8,16,16,>2/38,>16,,,,,,,,,,,,
573.1431,EKP,8,,>16,>16,>2,>16,>16,>16/8,>32,>4,>16,>64/4,>8,>8,8,>8,<=8,>16,>2/38,>16,,,,,,,,,,,,
573.13409,EKP,<=2,,<=4,>16,2,>16,>16,>16/8,>32,<=1,>16,4/4,<=2,<=2,<=1,<=1,<=8,16,>2/38,>16,,,,,,,,,,,,
573.13115,EKP,>8,64,<=4,>16,>2,>16,>16,>16/8,>32,<=1,>16,8/4,>8,>8,<=1,<=1,<=8,8,>2/38,>16,,,,,,,,,,,,
573.14403,EKP,>8,>64,8,>16,>2,>16,>16,>16/8,>32,>4,<=2,>64/4,4,<=2,<=1,<=1,16,<=1,>2/38,>16,,,,,,,,,,,,
573.14093,EKP,<=2,,>16,>16,>2,>16,>16,>16/8,>32,>4,>16,>64/4,>8,>8,<=1,<=1,<=8,<=1,>2/38,>16,,,,,,,,,,,,
573.14187,EKP,>8,,>16,>16,>2,>16,>16,>16/8,>32,>4,16,>64/4,>8,>8,<=1,2,16,<=1,>2/38,>16,,,,,,,,,,,,
573.13303,EKP,>8,>64,>16,>16,>2,>16,>16,>16/8,>32,>4,>16,>64/4,4,>8,>8,>8,>32,>16,>2/38,>16,,,,,,,,,,,,
573.14379,EKP,>8,,16,>16,>2,>16,>16,>16/8,>32,>4,>16,64/4,>8,>8,<=1,<=1,<=8,>16,>2/38,>16,,,,,,,,,,,,
573.13862,EKP,>8,,8,>16,>2,>16,>16,>16/8,32,>4,>16,>64/4,4,4,<=1,<=1,32,4,>2/38,>16,,,,,,,,,,,,
573.12995,EKP,1,<=16,<=4,<=4,<=0.5,<=1,<=0.5,4/2,<=0.5,<=1,<=1,<=2/4,<=1,1,<=0.25,<=0.125,<=4,<=0.5,<=0.5/9.5,16,,,,,,,,,,,,
573.13388,EKP,8,,16,>16,>2,>16,>16,>16/8,>32,>4,>16,>64/4,8,<=2,<=1,<=1,<=8,>16,>2/38,>16,,,,,,,,,,,,
573.13176,EKP,>8,>64,>16,>16,>2,>16,>16,>16/8,>32,>4,>16,>64/4,4,4,>8,>8,32,>16,>2/38,>16,,,,,,,,,,,,
573.13299,EKP,<=2,>64,>16,>16,>2,>16,>16,>16/8,>32,>4,>16,>64/4,>8,>8,<=1,<=1,<=8,<=1,>2/38,>16,,,,,,,,,,,,
573.14457,EKP,<=2,,>16,>16,>2,>16,>16,>16/8,>32,>4,>16,>64/4,8,8,>8,>8,<=8,>16,>2/38,>16,,,,,,,,,,,,
573.12963,EKP,1,32,<=4,<=4,<=0.5,2,16,8/4,<=0.5,<=1,<=1,4/4,2,1,<=0.25,0.023,<=4,<=0.5,<=0.5/9.5,>16,,,,,,,,,,,,
573.14013,EKP,<=2,>64,>16,>16,<=0.5,8,1,16/8,<=2,<=1,<=2,16/4,>8,<=2,<=1,<=1,<=8,<=1,<=0.5/9,>16,,,,,,,,,,,,
573.1415,EKP,<=2,,>16,>16,<=0.5,4,1,16/8,<=2,<=1,<=2,16/4,>8,<=2,<=1,<=1,<=8,<=1,<=0.5/9,>16,,,,,,,,,,,,
573.12907,EKP,1,,<=4,<=4,<=0.5,2,<=0.5,8/4,<=0.5,<=1,<=1,4/4,<=1,1,0.5,<=0.125,<=4,<=0.5,<=0.5/9.5,>16,,,,,,,,,,,,
573.13279,EKP,8,64,<=4,>16,1,>16,16,16/8,>32,<=1,16,4/4,<=2,>8,<=1,<=1,<=8,>16,<=0.5/9,>16,,,,,,,,,,,,
573.14138,EKP,<=2,>64,>16,>16,>2,>16,>16,>16/8,>32,>4,<=2,>64/4,<=2,<=2,>8,>8,<=8,,>2/38,>16,,,,,,,,,,,,
573.13225,EKP,8,64,8,>16,>2,>16,>16,>16/8,>32,>4,>16,>64/4,4,>8,<=1,<=1,<=8,>16,<=0.5/9,>16,,,,,,,,,,,,
573.13373,EKP,<=2,>64,>16,>16,>2,>16,>16,>16/8,>32,>4,>16,>64/4,>8,>8,<=1,<=1,<=8,>16,>2/38,>16,,,,,,,,,,,,
573.14247,EKP,8,>64,>16,>16,>2,>16,>16,>16/8,>32,>4,>16,>64/4,>8,>8,>8,>8,<=8,,>2/38,>16,,,,,,,,,,,,
573.13103,EKP,8,64,<=4,>16,1,>16,1,>16/8,>32,<=1,<=2,4/4,>8,>8,<=1,<=1,<=8,8,>2/38,>16,,,,,,,,,,,,
573.14175,EKP,>8,,>16,>16,>2,>16,>16,>16/8,>32,>4,>16,>64/4,<=2,4,>8,<=1,>32,>16,>2/38,>16,,,,,,,,,,,,
573.14501,EKP,8,,16,>16,>2,>16,>16,>16/8,>32,>4,>16,>64/4,<=2,>8,>8,>8,<=8,<=1,>2/38,>16,,,,,,,,,,,,
573.14547,EKP,>8,,>16,>16,>2,>16,>16,>16/8,>32,>4,>16,>64/4,4,<=2,>8,>8,32,16,>2/38,>16,,,,,,,,,,,,
573.12979,EKP,8,,<=4,,<=0.5,>32,16,>16/8,>32,<=1,8,8/4,>8,1,<=0.25,<=0.125,<=4,8,>2/38,>16,,,,,,,,,,,,
573.13619,EKP,<=2,>64,16,>16,>2,>16,>16,>16/8,>32,>4,>16,>64/4,<=2,<=2,4,4,<=8,>16,<=0.5/9,>16,,,,,,,,,,,,
573.14499,EKP,<=2,,8,>16,<=0.5,>16,>16,>16/8,>32,<=1,>16,>64/4,8,<=2,<=1,<=1,<=8,,>2/38,>16,,,,,,,,,,,,
573.14052,EKP,>8,,>16,>16,>2,>16,>16,>16/8,>32,>4,>16,>64/4,<=2,4,8,8,32,>16,>2/38,>16,,,,,,,,,,,,
573.14141,EKP,<=2,,<=4,16,>2,>16,>16,8/4,<=2,>4,,4/4,>8,<=2,4,<=1,<=8,<=1,>2/38,>16,,,,,,,,,,,,
573.12868,EKP,1,32,<=4,<=4,<=0.5,<=1,<=0.5,8/4,<=0.5,<=1,<=1,4/4,<=1,1,<=0.25,<=0.125,<=4,<=0.5,<=0.5/9.5,>16,,,,,,,,,,,,
573.13744,EKP,>8,>64,8,>16,>2,>16,>16,>16/8,>32,>4,,>64/4,4,<=2,<=1,<=1,<=8,,>2/38,>16,,,,,,,,,,,,
573.13048,EKP,8,64,>16,>16,>2,>16,>16,>16/8,>32,>4,>16,>64/4,4,>8,>8,>8,<=8,<=1,>2/38,>16,,,,,,,,,,,,
573.14342,EKP,<=2,,>16,>16,>2,>16,>16,>16/8,>32,>4,>16,>64/4,>8,>8,>8,>8,<=8,>16,>2/38,>16,,,,,,,,,,,,
573.13531,EKP,>8,,>16,>16,>2,>16,>16,>16/8,>32,>4,>16,>64/4,4,4,>8,>8,>32,>16,>2/38,>16,,,,,,,,,,,,
573.13196,EKP,<=2,>64,>16,>16,>2,>16,>16,>16/8,>32,>4,>16,>64/4,>8,>8,<=1,<=1,<=8,>16,>2/38,>16,,,,,,,,,,,,
573.14099,EKP,<=2,>64,>16,>16,>2,>16,>16,>16/8,>32,>4,>16,>64/4,4,>8,<=1,<=1,<=8,<=1,>2/38,>16,,,,,,,,,,,,
573.14299,EKP,>8,>64,8,>16,>2,>16,>16,>16/8,32,>4,>16,>64/4,<=2,<=2,<=1,<=1,32,16,2/38,>16,,,,,,,,,,,,
573.13283,EKP,8,>64,<=4,>16,>2,>16,>16,>16/8,>32,>4,>16,>64/4,4,>8,<=1,<=1,<=8,>16,<=0.5/9,>16,,,,,,,,,,,,
573.14189,EKP,8,,16,>16,>2,>16,>16,>16/8,>32,>4,>16,>64/4,4,>8,<=1,<=1,<=8,>16,>2/38,>16,,,,,,,,,,,,
573.13879,EKP,>8,,>16,>16,>2,>16,>16,>16/8,>32,>4,>16,>64/4,>8,<=2,>8,>8,16,>16,>2/38,>16,,,,,,,,,,,,
573.13959,EKP,<=2,,<=4,>16,>2,>16,>16,>16/8,>32,>4,>16,64/4,>8,>8,<=1,<=1,<=8,<=1,>2/38,>16,,,,,,,,,,,,
573.13709,EKP,8,,>16,>16,>2,>16,>16,>16/8,>32,>4,16,8/4,8,>8,<=1,<=1,<=8,16,>2/38,>16,,,,,,,,,,,,
573.14239,EKP,>8,,>16,>16,>2,>16,>16,>16/8,>32,>4,>16,>64/4,>8,>8,>8,>8,16,>16,>2/38,>16,,,,,,,,,,,,
573.14287,EKP,<=2,32,8,>16,>2,>16,>16,>16/8,>32,>4,16,>64/4,4,>8,<=1,<=1,<=8,<=1,>2/38,>16,,,,,,,,,,,,
573.13601,EKP,<=2,,>16,>16,>2,>16,>16,>16/8,>32,>4,>16,>64/4,4,<=2,<=1,<=1,<=8,<=1,>2/38,>16,,,,,,,,,,,,
573.13783,EKP,<=2,,>16,>16,>2,>16,>16,>16/8,>32,>4,>16,>64/4,4,<=2,>8,>8,<=8,<=1,>2/38,>16,,,,,,,,,,,,
573.14118,EKP,>8,,>16,>16,>2,>16,>16,>16/8,>32,>4,<=2,>64/4,4,4,>8,8,32,<=1,>2/38,>16,,,,,,,,,,,,
573.13121,EKP,<=2,>64,>16,>16,>2,>16,>16,>16/8,>32,>4,16,>64/4,>8,>8,<=1,<=1,<=8,<=1,>2/38,>16,,,,,,,,,,,,
573.13057,EKP,<=2,>64,<=4,<=4,<=0.5,>16,8,>16/8,<=2,<=1,<=2,>64/4,<=2,<=2,<=1,<=1,<=8,<=1,<=0.5/9,>16,,,,,,,,,,,,
573.14355,EKP,8,>64,>16,>16,>2,>16,>16,>16/8,>32,>4,>16,>64/4,>8,>8,<=1,<=1,<=8,<=1,>2/38,>16,,,,,,,,,,,,
573.13529,EKP,>8,>64,8,>16,>2,>16,>16,16/8,16,>4,>16,16/4,4,4,<=1,<=1,32,4,>2/38,>16,,,,,,,,,,,,
573.13212,EKP,8,,>16,>16,>2,>16,>16,>16/8,>32,>4,>16,>64/4,>8,>8,>8,>8,<=8,<=1,>2/38,>16,,,,,,,,,,,,
573.1351,EKP,>8,,8,>16,>2,>16,>16,16/8,32,>4,>16,32/4,4,<=2,<=1,<=1,16,<=1,<=0.5/9,>16,,,,,,,,,,,,
573.14308,EKP,>8,>64,>16,>16,>2,>16,>16,>16/8,>32,>4,>16,>64/4,<=2,4,<=1,4,>32,16,>2/38,>16,,,,,,,,,,,,
573.13504,EKP,<=2,64,<=4,>16,>2,>16,>16,>16/8,>32,>4,>16,16/4,4,<=2,<=1,<=1,<=8,>16,<=0.5/9,>16,,,,,,,,,,,,
573.14038,EKP,<=2,,>16,>16,>2,>16,>16,>16/8,>32,>4,>16,>64/4,>8,>8,<=1,<=1,<=8,<=1,>2/38,>16,,,,,,,,,,,,
573.14164,EKP,>8,>64,<=4,>16,>2,>16,>16,>16/8,>32,>4,16,32/4,>8,>8,<=1,<=1,<=8,16,>2/38,>16,,,,,,,,,,,,
573.13087,EKP,<=2,>64,>16,>16,>2,>16,>16,>16/8,>32,>4,>16,>64/4,>8,>8,<=1,<=1,<=8,4,>2/38,>16,,,,,,,,,,,,
573.13596,EKP,8,64,8,>16,>2,>16,>16,>16/8,>32,>4,>16,>64/4,8,<=2,<=1,<=1,<=8,,>2/38,>16,,,,,,,,,,,,
573.13062,EKP,<=2,,>16,>16,>2,>16,>16,>16/8,>32,>4,4,>64/4,>8,>8,>8,>8,<=8,<=1,>2/38,>16,,,,,,,,,,,,
573.13807,EKP,>8,,>16,>16,>2,>16,>16,>16/8,>32,>4,>16,>64/4,>8,>8,>8,>8,<=8,>16,2/38,>16,,,,,,,,,,,,
573.14314,EKP,>8,,>16,>16,>2,>16,>16,>16/8,>32,>4,>16,>64/4,>8,>8,>8,>8,32,,>2/38,>16,,,,,,,,,,,,
573.13211,EKP,>8,,>16,>16,>2,>16,>16,>16/8,>32,>4,>16,>64/4,4,4,>8,>8,32,>16,>2/38,>16,,,,,,,,,,,,
573.14169,EKP,>8,,<=4,>16,>2,>16,16,>16/8,>32,<=1,16,64/4,>8,>8,<=1,<=1,<=8,>16,>2/38,>16,,,,,,,,,,,,
573.12984,EKP,1,,>16,>16,1,4,<=0.5,16/8,<=0.5,<=1,<=1,16/4,>8,1,<=0.25,<=0.125,<=4,<=0.5,1/19,>16,,,,,,,,,,,,
573.13179,EKP,>8,>64,8,>16,>2,>16,>16,>16/8,>32,>4,>16,64/4,<=2,4,<=1,<=1,32,,>2/38,>16,,,,,,,,,,,,
573.13855,EKP,8,64,>16,>16,>2,>16,>16,>16/8,>32,>4,,>64/4,8,>8,>8,>8,<=8,<=1,>2/38,>16,,,,,,,,,,,,
573.1357,EKP,8,64,<=4,<=4,2,>16,8,4/2,<=2,<=1,8,<=2/4,<=2,4,<=1,<=1,<=8,<=1,<=0.5/9,>16,,,,,,,,,,,,
573.14016,EKP,<=2,,8,>16,>2,>16,>16,>16/8,>32,>4,4,>64/4,4,>8,<=1,<=1,<=8,<=1,>2/38,>16,,,,,,,,,,,,
573.14226,EKP,>8,,>16,>16,>2,>16,>16,>16/8,>32,>4,>16,>64/4,4,>8,>8,2,32,16,>2/38,>16,,,,,,,,,,,,
573.13006,EKP,1,64,<=4,<=4,<=0.5,<=1,<=0.5,8/4,<=0.5,<=1,<=1,4/4,>8,1,0.5,<=0.125,<=4,<=0.5,>2/38,>16,,,,,,,,,,,,
573.13898,EKP,>8,,8,>16,>2,>16,>16,>16/8,>32,>4,>16,>64/4,4,<=2,<=1,<=1,<=8,>16,>2/38,>16,,,,,,,,,,,,
573.1361,EKP,8,,<=4,>16,>2,>16,>16,>16/8,>32,>4,>16,8/4,4,>8,<=1,<=1,<=8,>16,>2/38,>16,,,,,,,,,,,,
573.14412,EKP,4,>64,>16,>16,>2,>16,>16,>16/8,>32,>4,>16,>64/4,>8,>8,<=1,<=1,<=8,<=1,>2/38,>16,,,,,,,,,,,,
573.13015,EKP,1,,<=4,<=4,<=0.5,<=1,<=0.5,4/2,<=0.5,<=1,<=1,4/4,2,1,<=0.25,<=0.125,<=4,<=0.5,<=0.5/9.5,16,,,,,,,,,,,,
573.13883,EKP,<=2,,16,>16,>2,>16,>16,>16/8,32,>4,>16,>64/4,8,<=2,<=1,<=1,<=8,8,>2/38,>16,,,,,,,,,,,,
573.14323,EKP,>8,>64,16,>16,>2,>16,>16,>16/8,32,>4,>16,64/4,4,4,<=1,<=1,32,8,>2/38,>16,,,,,,,,,,,,
573.13579,EKP,8,>64,>16,>16,>2,>16,>16,>16/8,>32,>4,>16,>64/4,>8,>8,<=1,<=1,<=8,>16,>2/38,>16,,,,,,,,,,,,
573.13849,EKP,>8,>64,>16,>16,>2,>16,>16,>16/8,>32,>4,>16,>64/4,4,4,8,8,>32,16,>2/38,>16,,,,,,,,,,,,
573.13354,EKP,<=2,,8,>16,>2,>16,>16,>16/8,>32,>4,<=2,>64/4,4,<=2,2,<=1,<=8,<=1,<=0.5/9,>16,,,,,,,,,,,,
573.13282,EKP,8,>64,8,>16,>2,>16,>16,>16/8,>32,>4,>16,16/4,>8,<=2,<=1,<=1,<=8,16,>2/38,>16,,,,,,,,,,,,
573.1367,EKP,>8,,>16,>16,>2,>16,>16,>16/8,>32,>4,>16,>64/4,4,4,8,8,32,>16,>2/38,>16,,,,,,,,,,,,
573.13894,EKP,8,>64,16,>16,>2,>16,>16,>16/8,>32,>4,,>64/4,>8,>8,>8,>8,<=8,<=1,>2/38,>16,,,,,,,,,,,,
573.13691,EKP,>8,>64,>16,>16,>2,>16,>16,>16/8,>32,>4,>16,>64/4,>8,<=2,8,>8,16,16,>2/38,>16,,,,,,,,,,,,
573.13947,EKP,8,,>16,>16,>2,>16,>16,>16/8,>32,>4,>16,>64/4,8,4,>8,>8,<=8,<=1,>2/38,>16,,,,,,,,,,,,
573.13912,EKP,8,>64,8,>16,>2,>16,>16,>16/8,>32,>4,>16,>64/4,4,>8,<=1,<=1,<=8,>16,<=0.5/9,>16,,,,,,,,,,,,
573.13164,EKP,8,>64,>16,>16,>2,>16,>16,>16/8,>32,>4,16,>64/4,4,>8,>8,>8,<=8,<=1,>2/38,>16,,,,,,,,,,,,
573.13925,EKP,<=2,,<=4,>16,<=0.5,>16,>16,>16/8,>32,<=1,>16,>64/4,>8,<=2,<=1,<=1,<=8,4,>2/38,>16,,,,,,,,,,,,
573.14465,EKP,>8,>64,>16,>16,>2,>16,>16,>16/8,>32,>4,>16,>64/4,8,4,>8,>8,>32,>16,>2/38,>16,,,,,,,,,,,,
573.12948,EKP,>8,,>16,,>2,>32,8,>16/8,>32,>4,>16,>64/4,>8,2,8,>8,32,>16,>2/38,>16,,,,,,,,,,,,
573.1391,EKP,8,,,>16,>2,>16,16,>16/8,>32,>4,>16,16/4,<=2,<=2,<=1,<=1,<=8,8,>2/38,>16,,,,,,,,,,,,
573.13166,EKP,8,,<=4,>16,>2,>16,16,>16/8,>32,<=1,16,16/4,>8,<=2,<=1,<=1,<=8,8,>2/38,>16,,,,,,,,,,,,
573.13408,EKP,<=2,,16,16,<=0.5,<=2,1,16/8,<=2,<=1,<=2,32/4,>8,<=2,<=1,<=1,<=8,<=1,<=0.5/9,>16,,,,,,,,,,,,
573.14453,EKP,<=2,,<=4,>16,>2,>16,<=0.5,>16/8,<=2,>4,<=2,<=2/4,>8,8,<=1,<=1,<=8,<=1,>2/38,>16,,,,,,,,,,,,
573.14289,EKP,>8,,>16,>16,>2,>16,>16,>16/8,>32,>4,>16,>64/4,>8,<=2,<=1,<=1,32,<=1,>2/38,>16,,,,,,,,,,,,
573.1451,EKP,>8,,<=4,>16,>2,>16,>16,>16/8,>32,<=1,>16,16/4,>8,>8,<=1,<=1,<=8,>16,>2/38,>16,,,,,,,,,,,,
573.13936,EKP,<=2,,,>16,>2,>16,4,8/4,>32,>4,8,<=2/4,>8,<=2,<=1,<=1,<=8,2,>2/38,>16,,,,,,,,,,,,
573.14362,EKP,<=2,,>16,>16,>2,>16,>16,>16/8,>32,>4,>16,>64/4,>8,>8,>8,>8,<=8,>16,>2/38,>16,,,,,,,,,,,,
573.12956,EKP,>8,>64,16,,>2,>32,>16,>16/8,>32,>4,>16,16/4,>8,>8,<=0.25,<=0.125,<=4,16,>2/38,>16,,,,,,,,,,,,
573.14018,EKP,<=2,,>16,>16,>2,>16,>16,>16/8,>32,>4,>16,>64/4,>8,>8,<=1,<=1,<=8,<=1,>2/38,>16,,,,,,,,,,,,
573.14509,EKP,>8,,>16,>16,>2,>16,>16,>16/8,>32,>4,>16,>64/4,4,4,8,8,>32,16,>2/38,>16,,,,,,,,,,,,
573.13757,EKP,8,,>16,>16,>2,>16,>16,>16/8,>32,>4,>16,>64/4,4,>8,<=1,<=1,<=8,<=1,>2/38,>16,,,,,,,,,,,,
573.14019,EKP,<=2,,>16,>16,>2,>16,>16,>16/8,>32,>4,,>64/4,>8,>8,<=1,<=1,<=8,<=1,>2/38,>16,,,,,,,,,,,,
573.14234,EKP,<=2,>64,>16,>16,>2,>16,>16,>16/8,>32,>4,>16,>64/4,<=2,>8,>8,>8,<=8,<=1,>2/38,>16,,,,,,,,,,,,
573.13271,EKP,8,,>16,>16,>2,>16,>16,16/8,32,>4,>16,16/4,8,<=2,<=1,<=1,16,4,1/19,>16,,,,,,,,,,,,
573.13182,EKP,<=2,>64,>16,>16,>2,>16,>16,>16/8,>32,>4,>16,>64/4,8,<=2,>8,>8,<=8,<=1,>2/38,>16,,,,,,,,,,,,
573.14082,EKP,8,,<=4,>16,>2,>16,16,>16/8,>32,>4,>16,8/4,<=2,<=2,<=1,<=1,<=8,>16,>2/38,>16,,,,,,,,,,,,
573.12934,EKP,1,32,<=4,<=4,<=0.5,2,<=0.5,4/2,<=0.5,<=1,<=1,<=2/4,<=1,1,0.5,<=0.125,<=4,<=0.5,<=0.5/9.5,16,,,,,,,,,,,,
573.14288,EKP,>8,,<=4,>16,>2,>16,>16,>16/8,>32,>4,>16,>64/4,>8,<=2,<=1,<=1,32,>16,<=0.5/9,>16,,,,,,,,,,,,
573.13988,EKP,>8,>64,<=4,>16,>2,>16,>16,>16/8,>32,>4,>16,>64/4,>8,>8,<=1,<=1,<=8,>16,>2/38,>16,,,,,,,,,,,,
573.13093,EKP,8,>64,16,>16,>2,>16,>16,>16/8,>32,>4,>16,>64/4,>8,<=2,<=1,<=1,<=8,>16,>2/38,>16,,,,,,,,,,,,
573.13597,EKP,<=2,,>16,>16,>2,>16,>16,>16/8,>32,>4,>16,16/4,>8,<=2,<=1,<=1,<=8,>16,2/38,>16,,,,,,,,,,,,
573.12904,EKP,1,32,<=4,<=4,<=0.5,<=1,<=0.5,8/4,<=0.5,<=1,<=1,4/4,<=1,<=0.5,<=0.25,<=0.125,<=4,<=0.5,<=0.5/9.5,16,,,,,,,,,,,,
573.14429,EKP,>8,,<=4,>16,>2,>16,8,>16/8,>32,<=1,16,16/4,>8,<=2,<=1,<=1,<=8,8,>2/38,>16,,,,,,,,,,,,
573.1395,EKP,>8,,<=4,>16,>2,>16,>16,>16/8,>32,>4,>16,32/4,>8,<=2,<=1,<=1,<=8,>16,>2/38,>16,,,,,,,,,,,,
573.13011,EKP,>8,>64,>16,,>2,>32,>16,>16/8,>32,>4,>16,>64/4,4,2,>8,>8,16,16,<=0.5/9.5,>16,,,,,,,,,,,,
573.13273,EKP,>8,,>16,>16,>2,>16,>16,>16/8,>32,>4,>16,>64/4,4,4,>8,>8,32,>16,>2/38,>16,,,,,,,,,,,,
573.13991,EKP,>8,>64,>16,>16,>2,>16,>16,>16/8,>32,>4,>16,>64/4,4,4,8,>8,32,16,>2/38,>16,,,,,,,,,,,,
573.1446,EKP,<=2,,>16,>16,>2,>16,>16,>16/8,>32,>4,>16,>64/4,>8,>8,>8,>8,<=8,<=1,>2/38,>16,,,,,,,,,,,,
573.13487,EKP,8,>64,>16,>16,>2,>16,>16,>16/8,>32,>4,>16,16/4,>8,<=2,<=1,<=1,<=8,16,>2/38,>16,,,,,,,,,,,,
573.14139,EKP,>8,>64,>16,>16,>2,>16,>16,>16/8,>32,>4,>16,>64/4,<=2,4,<=1,<=1,>32,16,>2/38,>16,,,,,,,,,,,,
573.14201,EKP,<=2,>64,<=4,8,1,>16,1,>16/8,32,<=1,<=2,4/4,>8,<=2,<=1,<=1,<=8,<=1,>2/38,>16,,,,,,,,,,,,
573.13229,EKP,<=2,64,<=4,>16,2,>16,>16,>16/8,>32,<=1,>16,8/4,>8,<=2,<=1,<=1,<=8,>16,>2/38,>16,,,,,,,,,,,,
573.13589,EKP,>8,,<=4,>16,>2,>16,>16,>16/8,>32,<=1,>16,>64/4,>8,>8,<=1,<=1,16,>16,>2/38,>16,,,,,,,,,,,,
573.13101,EKP,>8,,>16,>16,>2,>16,>16,>16/8,>32,>4,>16,>64/4,8,<=2,<=1,<=1,16,<=1,<=0.5/9,>16,,,,,,,,,,,,
573.12878,EKP,<=0.5,>64,>16,,>2,>32,>16,>16/8,>32,>4,>16,>64/4,4,<=0.5,<=0.25,0.094,<=4,>16,>2/38,>16,,,,,,,,,,,,
573.13631,EKP,>8,>64,16,>16,>2,>16,>16,>16/8,>32,>4,>16,64/4,>8,<=2,<=1,<=1,<=8,>16,>2/38,>16,,,,,,,,,,,,
573.13588,EKP,>8,,8,>16,>2,>16,>16,>16/8,>32,>4,>16,>64/4,>8,>8,<=1,<=1,<=8,>16,>2/38,>16,,,,,,,,,,,,
573.13092,EKP,<=2,>64,>16,>16,>2,>16,>16,>16/8,>32,>4,>16,>64/4,>8,>8,<=1,<=1,<=8,>16,>2/38,>16,,,,,,,,,,,,
573.13097,EKP,<=2,>64,>16,>16,>2,>16,>16,>16/8,>32,>4,>16,>64/4,4,<=2,>8,>8,<=8,>16,>2/38,>16,,,,,,,,,,,,
573.13302,EKP,8,,>16,>16,>2,>16,>16,>16/8,16,>4,>16,32/4,>8,4,<=1,<=1,<=8,4,1/19,>16,,,,,,,,,,,,
573.13157,EKP,>8,>64,8,>16,>2,>16,>16,16/8,16,>4,>16,4/4,4,4,<=1,<=1,32,<=1,>2/38,>16,,,,,,,,,,,,
573.13902,EKP,>8,>64,<=4,>16,>2,>16,16,>16/8,>32,>4,>16,16/4,>8,>8,<=1,<=1,<=8,8,>2/38,>16,,,,,,,,,,,,
573.14535,EKP,8,64,<=4,>16,>2,>16,>16,>16/8,>32,>4,>16,>64/4,4,>8,<=1,<=1,<=8,>16,>2/38,>16,,,,,,,,,,,,
573.13262,EKP,8,,8,>16,>2,>16,>16,>16/8,>32,>4,>16,>64/4,8,>8,<=1,<=1,<=8,,<=0.5/9,>16,,,,,,,,,,,,
573.13372,EKP,8,,<=4,>16,>2,>16,>16,>16/8,>32,>4,>16,16/4,>8,<=2,<=1,<=1,<=8,>16,>2/38,>16,,,,,,,,,,,,
573.13447,EKP,<=2,>64,>16,>16,>2,>16,>16,>16/8,>32,>4,>16,>64/4,8,<=2,<=1,4,<=8,,1/19,>16,,,,,,,,,,,,
573.14521,EKP,8,,>16,>16,>2,>16,>16,>16/8,>32,>4,>16,>64/4,4,>8,>8,>8,<=8,<=1,>2/38,>16,,,,,,,,,,,,
573.14259,EKP,>8,,<=4,>16,>2,>16,>16,>16/8,>32,>4,>16,>64/4,>8,<=2,<=1,<=1,<=8,>16,>2/38,>16,,,,,,,,,,,,
573.13889,EKP,>8,,8,>16,>2,>16,>16,>16/8,>32,>4,>16,16/4,>8,>8,<=1,<=1,<=8,16,>2/38,>16,,,,,,,,,,,,
573.13931,EKP,>8,,,>16,>2,>16,>16,>16/8,>32,>4,>16,>64/4,8,<=2,>8,>8,32,>16,<=0.5/9.5,>16,,,,,,,,,,,,
573.13923,EKP,>8,>64,,>16,>2,>16,>16,>16/8,>32,>4,>16,>64/4,4,4,8,>8,32,>16,>2/38,>16,,,,,,,,,,,,
573.13817,EKP,8,,<=4,>16,>2,>16,16,>16/8,>32,<=1,16,16/4,>8,<=2,<=1,<=1,<=8,>16,>2/38,>16,,,,,,,,,,,,
573.1438,EKP,<=2,,>16,>16,>2,>16,>16,>16/8,>32,>4,>16,>64/4,>8,>8,<=1,<=1,<=8,<=1,>2/38,>16,,,,,,,,,,,,
573.14317,EKP,>8,,>16,>16,>2,>16,>16,>16/8,>32,>4,>16,>64/4,4,<=2,>8,>8,32,>16,>2/38,>16,,,,,,,,,,,,
573.13706,EKP,>8,>64,16,>16,>2,>16,>16,>16/8,>32,>4,>16,>64/4,4,>8,<=1,<=1,16,>16,>2/38,>16,,,,,,,,,,,,
573.12945,EKP,8,,>16,,>2,>32,>16,16/8,4,>4,>16,16/4,>8,8,<=0.25,<=0.125,<=4,1,<=0.5/9.5,>16,,,,,,,,,,,,
573.13113,EKP,<=2,,>16,>16,>2,>16,>16,>16/8,>32,>4,>16,>64/4,<=2,<=2,8,>8,<=8,<=1,>2/38,>16,,,,,,,,,,,,
573.13255,EKP,>8,,>16,>16,>2,>16,>16,>16/8,>32,>4,>16,>64/4,4,>8,>8,2,16,>16,>2/38,>16,,,,,,,,,,,,
573.14295,EKP,8,,<=4,>16,>2,>16,>16,>16/8,>32,>4,>16,>64/4,>8,<=2,<=1,<=1,<=8,<=1,>2/38,>16,,,,,,,,,,,,
573.13544,EKP,<=2,>64,>16,>16,>2,>16,>16,>16/8,>32,>4,>16,>64/4,>8,>8,<=1,4,<=8,>16,>2/38,>16,,,,,,,,,,,,
573.14384,EKP,8,,16,>16,>2,>16,>16,>16/8,>32,>4,>16,>64/4,<=2,<=2,<=1,<=1,<=8,<=1,>2/38,>16,,,,,,,,,,,,
573.13614,EKP,<=2,,<=4,>16,<=0.5,>16,2,>16/8,>32,<=1,>16,>64/4,<=2,<=2,<=1,<=1,<=8,<=1,<=0.5/9,>16,,,,,,,,,,,,
573.13422,EKP,<=2,,>16,>16,<=0.5,>16,>16,>16/8,32,<=1,>16,>64/4,>8,<=2,<=1,<=1,<=8,4,<=0.5/9,>16,,,,,,,,,,,,
573.13336,EKP,<=2,,<=4,>16,>2,>16,>16,>16/8,>32,>4,>16,16/4,4,<=2,<=1,<=1,<=8,<=1,<=0.5/9,>16,,,,,,,,,,,,
573.13201,EKP,>8,,>16,>16,>2,>16,>16,>16/8,>32,>4,>16,>64/4,4,4,8,8,>32,>16,>2/38,>16,,,,,,,,,,,,
573.13382,EKP,<=2,,>16,>16,>2,>16,>16,>16/8,>32,>4,>16,>64/4,8,<=2,8,>8,<=8,,>2/38,>16,,,,,,,,,,,,
573.12882,EKP,1,<=16,<=4,<=4,<=0.5,<=1,<=0.5,8/4,<=0.5,<=1,<=1,4/4,<=1,1,0.5,<=0.125,<=4,<=0.5,<=0.5/9.5,16,,,,,,,,,,,,
573.13702,EKP,<=2,,8,>16,>2,>16,>16,>16/8,>32,>4,>16,16/4,<=2,<=2,<=1,<=1,<=8,>16,>2/38,>16,,,,,,,,,,,,
573.14091,EKP,8,,>16,>16,>2,>16,>16,>16/8,>32,>4,>16,>64/4,>8,<=2,>8,>8,16,,2/38,>16,,,,,,,,,,,,
573.12875,EKP,1,64,<=4,<=4,<=0.5,2,<=0.5,8/4,<=0.5,<=1,<=1,4/4,<=1,1,<=0.25,<=0.125,<=4,<=0.5,<=0.5/9.5,>16,,,,,,,,,,,,
573.1403,EKP,>8,,<=4,>16,>2,>16,>16,>16/8,>32,>4,>16,>64/4,4,>8,<=1,<=1,16,>16,>2/38,>16,,,,,,,,,,,,
573.13892,EKP,>8,,<=4,>16,>2,>16,16,>16/8,>32,>4,>16,16/4,<=2,<=2,<=1,<=1,<=8,>16,1/19,>16,,,,,,,,,,,,
573.14459,EKP,<=2,>64,>16,>16,>2,>16,>16,>16/8,>32,>4,>16,>64/4,>8,>8,<=1,<=1,<=8,<=1,>2/38,>16,,,,,,,,,,,,
573.14172,EKP,<=2,,>16,>16,>2,>16,>16,>16/8,>32,>4,>16,>64/4,>8,>8,<=1,<=1,<=8,<=1,>2/38,>16,,,,,,,,,,,,
573.13109,EKP,8,,>16,>16,>2,>16,>16,>16/8,>32,>4,>16,>64/4,4,>8,>8,>8,<=8,<=1,>2/38,>16,,,,,,,,,,,,
573.1428,EKP,>8,>64,>16,>16,>2,>16,>16,>16/8,>32,>4,>16,>64/4,>8,<=2,4,4,<=8,16,>2/38,>16,,,,,,,,,,,,
573.14238,EKP,8,,>16,>16,>2,>16,>16,>16/8,>32,>4,>16,>64/4,4,>8,>8,>8,<=8,>16,>2/38,>16,,,,,,,,,,,,
573.14077,EKP,<=2,,>16,>16,>2,>16,>16,>16/8,>32,>4,>16,>64/4,>8,>8,<=1,2,<=8,,>2/38,>16,,,,,,,,,,,,
573.14438,EKP,>8,>64,>16,>16,>2,>16,>16,>16/8,>32,>4,>16,>64/4,8,>8,>8,>8,<=8,<=1,>2/38,>16,,,,,,,,,,,,
573.14356,EKP,8,>64,>16,>16,>2,>16,>16,>16/8,>32,>4,>16,>64/4,>8,>8,<=1,<=1,<=8,>16,>2/38,>16,,,,,,,,,,,,
573.13122,EKP,>8,,<=4,>16,>2,>16,>16,>16/8,>32,>4,>16,>64/4,4,>8,<=1,<=1,<=8,>16,>2/38,>16,,,,,,,,,,,,
573.13218,EKP,<=2,>64,>16,>16,>2,>16,>16,>16/8,>32,>4,>16,>64/4,>8,>8,<=1,2,<=8,>16,>2/38,>16,,,,,,,,,,,,
573.12905,EKP,2,>64,>16,,>2,>32,>16,>16/8,>32,>4,>16,>64/4,4,>8,>8,>8,<=4,>16,>2/38,>16,,,,,,,,,,,,
573.12912,EKP,1,>64,<=4,<=4,<=0.5,<=1,<=0.5,8/4,<=0.5,<=1,<=1,4/4,<=1,1,<=0.25,<=0.125,<=4,<=0.5,<=0.5/9.5,16,,,,,,,,,,,,
573.1401,EKP,<=2,>64,>16,>16,>2,>16,>16,>16/8,>32,>4,>16,>64/4,>8,>8,<=1,<=1,<=8,>16,>2/38,>16,,,,,,,,,,,,
573.13897,EKP,>8,,<=4,>16,<=0.5,>16,>16,>16/8,>32,<=1,>16,>64/4,>8,<=2,<=1,<=1,<=8,>16,>2/38,>16,,,,,,,,,,,,
573.13276,EKP,8,>64,>16,>16,>2,>16,>16,>16/8,>32,>4,<=2,>64/4,>8,>8,<=1,<=1,<=8,<=1,>2/38,>16,,,,,,,,,,,,
573.13712,EKP,<=2,,>16,>16,>2,>16,>16,>16/8,>32,>4,>16,>64/4,>8,>8,<=1,<=1,<=8,16,>2/38,>16,,,,,,,,,,,,
573.14022,EKP,>8,,>16,>16,>2,>16,>16,>16/8,>32,>4,>16,>64/4,4,4,8,>8,32,16,<=0.5/9,>16,,,,,,,,,,,,
573.14271,EKP,8,>64,<=4,>16,>2,>16,>16,>16/8,>32,>4,16,8/4,>8,<=2,<=1,<=1,<=8,,>2/38,>16,,,,,,,,,,,,
573.1434,EKP,<=2,>64,>16,>16,>2,>16,>16,>16/8,>32,>4,>16,32/4,>8,<=2,<=1,<=1,<=8,>16,<=0.5/9,>16,,,,,,,,,,,,
573.14258,EKP,>8,>64,<=4,>16,>2,>16,>16,>16/8,>32,>4,>16,64/4,>8,<=2,<=1,<=1,<=8,>16,>2/38,>16,,,,,,,,,,,,
573.13686,EKP,>8,>64,>16,>16,>2,>16,>16,>16/8,>32,>4,>16,>64/4,>8,>8,6,6,<=8,>16,>2/38,>16,,,,,,,,,,,,
573.1381,EKP,<=2,>64,,>16,>2,>16,>16,>16/8,>32,>4,>16,>64/4,8,>8,<=1,<=1,<=8,>16,>2/38,>16,,,,,,,,,,,,
573.13727,EKP,<=2,,>16,>16,>2,>16,>16,>16/8,>32,>4,>16,>64/4,4,<=2,<=1,<=1,<=8,>16,>2/38,>16,,,,,,,,,,,,
573.14241,EKP,>8,>64,>16,>16,>2,>16,>16,>16/8,>32,>4,>16,>64/4,<=2,>8,<=1,<=1,16,>16,>2/38,>16,,,,,,,,,,,,
573.12921,EKP,1,64,<=4,<=4,<=0.5,<=1,<=0.5,8/4,<=0.5,<=1,<=1,<=2/4,<=1,1,<=0.25,<=0.125,<=4,<=0.5,<=0.5/9.5,16,,,,,,,,,,,,
573.13252,EKP,>8,>64,>16,>16,>2,>16,>16,>16/8,>32,>4,>16,>64/4,<=2,>8,>8,>8,>32,>16,>2/38,>16,,,,,,,,,,,,
573.13982,EKP,<=2,,>16,>16,>2,>16,>16,>16/8,>32,>4,>16,>64/4,>8,>8,<=1,<=1,<=8,,>2/38,>16,,,,,,,,,,,,
573.13476,EKP,>8,,>16,>16,>2,>16,1,>16/8,<=2,>4,<=2,>64/4,>8,>8,<=1,<=1,16,>16,>2/38,>16,,,,,,,,,,,,
573.12964,EKP,8,,>16,,>2,>32,>16,16/8,4,>4,>16,16/4,>8,8,<=0.25,<=0.125,<=4,2,<=0.5/9.5,>16,,,,,,,,,,,,
573.13518,EKP,>8,>64,>16,>16,>2,>16,>16,>16/8,>32,>4,>16,>64/4,4,<=2,8,4,32,8,>2/38,>16,,,,,,,,,,,,
573.13153,EKP,>8,,>16,>16,>2,>16,>16,>16/8,>32,>4,>16,>64/4,4,4,4,4,32,>16,>2/38,>16,,,,,,,,,,,,
573.14454,EKP,<=2,64,<=4,>16,2,>16,1,>16/8,>32,<=1,<=2,8/4,>8,<=2,<=1,<=1,<=8,4,<=0.5/9,>16,,,,,,,,,,,,
573.13958,EKP,<=2,,>16,>16,>2,>16,>16,>16/8,>32,>4,>16,>64/4,4,>8,>8,>8,<=8,>16,>2/38,>16,,,,,,,,,,,,
573.13548,EKP,<=2,>64,>16,>16,>2,>16,>16,>16/8,>32,>4,>16,>64/4,>8,>8,>8,>8,<=8,<=1,>2/38,>16,,,,,,,,,,,,
573.14291,EKP,<=2,,16,>16,>2,>16,>16,>16/8,>32,>4,>16,>64/4,4,<=2,<=1,<=1,<=8,16,1/19,>16,,,,,,,,,,,,
573.14191,EKP,8,,<=4,>16,>2,>16,16,>16/8,>32,>4,<=2,4/4,>8,>8,<=1,<=1,<=8,>16,>2/38,>16,,,,,,,,,,,,
573.13549,EKP,>8,,>16,>16,>2,>16,1,>16/8,<=2,>4,<=2,>64/4,>8,>8,<=1,<=1,<=8,>16,>2/38,>16,,,,,,,,,,,,
573.13287,EKP,>8,>64,>16,>16,>2,>16,>16,>16/8,>32,4,>16,32/4,>8,>8,<=1,<=1,<=8,16,>2/38,>16,,,,,,,,,,,,
573.13871,EKP,>8,>64,8,>16,>2,>16,>16,>16/8,>32,>4,>16,16/4,>8,>8,<=1,<=1,<=8,8,>2/38,>16,,,,,,,,,,,,
573.13993,EKP,>8,>64,>16,>16,<=0.5,>16,>16,>16/8,>32,<=1,>16,>64/4,<=2,<=2,<=1,<=1,>32,>16,<=0.5/9,>16,,,,,,,,,,,,
573.14033,EKP,>8,,>16,>16,>2,>16,>16,>16/8,>32,>4,<=2,>64/4,4,4,8,>8,32,,>2/38,>16,,,,,,,,,,,,
573.14529,EKP,<=2,,>16,>16,>2,>16,16,>16/8,>32,>4,>16,>64/4,>8,<=2,<=1,<=1,<=8,16,>2/38,>16,,,,,,,,,,,,
573.13192,EKP,8,,<=4,>16,>2,>16,>16,>16/8,>32,>4,>16,>64/4,<=2,>8,<=1,<=1,<=8,>16,<=0.5/9,>16,,,,,,,,,,,,
573.14129,EKP,<=2,64,16,>16,>2,>16,>16,>16/8,>32,>4,>16,64/4,>8,<=2,<=1,<=1,<=8,>16,>2/38,>16,,,,,,,,,,,,
573.14014,EKP,8,>64,8,>16,>2,>16,>16,>16/8,>32,>4,>16,>64/4,>8,<=2,<=1,<=1,<=8,>16,>2/38,>16,,,,,,,,,,,,
573.13822,EKP,<=2,>64,16,>16,>2,>16,>16,>16/8,>32,2,>16,>64/4,8,<=2,<=1,<=1,<=8,16,>2/38,>16,,,,,,,,,,,,
573.14406,EKP,<=2,,>16,>16,>2,>16,>16,>16/8,>32,>4,>16,>64/4,4,<=2,8,>8,<=8,4,>2/38,>16,,,,,,,,,,,,
573.13105,EKP,>8,,>16,>16,>2,>16,>16,>16/8,>32,>4,>16,>64/4,8,<=2,8,4,32,>16,>2/38,>16,,,,,,,,,,,,
573.14471,EKP,<=2,,>16,>16,>2,>16,>16,>16/8,>32,>4,>16,>64/4,>8,>8,>8,>8,<=8,<=1,>2/38,>16,,,,,,,,,,,,
573.13213,EKP,<=2,,>16,>16,>2,>16,>16,>16/8,>32,>4,>16,>64/4,4,<=2,8,>8,<=8,<=1,>2/38,>16,,,,,,,,,,,,
573.13223,EKP,<=2,>64,>16,>16,>2,>16,>16,>16/8,>32,>4,>16,>64/4,>8,>8,<=1,<=1,<=8,<=1,>2/38,>16,,,,,,,,,,,,
573.13245,EKP,8,,>16,>16,>2,>16,>16,16/8,32,>4,>16,16/4,>8,8,<=1,<=1,<=8,2,<=0.5/9,>16,,,,,,,,,,,,
573.13272,EKP,>8,>64,<=4,>16,>2,>16,>16,>16/8,>32,>4,4,4/4,<=2,>8,<=1,<=1,16,>16,>2/38,>16,,,,,,,,,,,,
573.13522,EKP,8,>64,>16,>16,>2,>16,>16,>16/8,>32,>4,>16,>64/4,>8,>8,8,8,<=8,<=1,>2/38,>16,,,,,,,,,,,,
573.13497,EKP,8,,<=4,>16,>2,>16,>16,>16/8,>32,>4,>16,>64/4,4,>8,<=1,<=1,<=8,>16,<=0.5/9,>16,,,,,,,,,,,,
573.13465,EKP,>8,>64,16,>16,>2,>16,>16,>16/8,>32,>4,>16,>64/4,>8,<=2,<=1,<=1,16,<=1,>2/38,>16,,,,,,,,,,,,
573.13962,EKP,8,,<=4,<=4,>2,16,16,16/8,<=2,>4,,4/4,>8,<=2,<=1,<=1,<=8,<=1,<=0.5/9.5,>16,,,,,,,,,,,,
573.13913,EKP,>8,,>16,>16,>2,>16,>16,>16/8,>32,>4,>16,>64/4,4,>8,8,>8,<=8,16,<=0.5/9.5,>16,,,,,,,,,,,,
573.13513,EKP,8,,>16,>16,>2,>16,>16,>16/8,>32,>4,16,>64/4,4,>8,>8,>8,<=8,,>2/38,>16,,,,,,,,,,,,
573.14427,EKP,8,32,<=4,>16,>2,>16,>16,>16/8,>32,<=1,16,16/4,>8,<=2,<=1,<=1,<=8,>16,>2/38,>16,,,,,,,,,,,,
573.1417,EKP,<=2,,<=4,>16,1,>16,>16,>16/8,>32,<=1,>16,>64/4,<=2,<=2,<=1,<=1,<=8,8,<=0.5/9,>16,,,,,,,,,,,,
573.14391,EKP,8,,>16,>16,>2,>16,>16,>16/8,>32,>4,>16,>64/4,>8,>8,<=1,<=1,<=8,>16,1/19,>16,,,,,,,,,,,,
573.13362,EKP,>8,,>16,>16,>2,>16,>16,>16/8,>32,>4,>16,>64/4,4,4,8,4,32,>16,>2/38,>16,,,,,,,,,,,,
573.13788,EKP,8,,>16,>16,>2,>16,>16,>16/8,>32,>4,>16,>64/4,8,<=2,>8,>8,16,>16,>2/38,>16,,,,,,,,,,,,
573.14224,EKP,>8,>64,>16,>16,>2,>16,>16,>16/8,>32,>4,>16,>64/4,4,>8,<=1,<=1,32,>16,2/38,>16,,,,,,,,,,,,
573.13289,EKP,<=2,,>16,>16,>2,>16,>16,>16/8,>32,>4,>16,>64/4,4,<=2,>8,>8,<=8,<=1,>2/38,>16,,,,,,,,,,,,
573.14214,EKP,>8,,>16,>16,>2,>16,>16,>16/8,>32,>4,>16,>64/4,>8,>8,>8,>8,>32,>16,>2/38,>16,,,,,,,,,,,,
573.14207,EKP,<=2,,>16,>16,>2,>16,>16,>16/8,>32,>4,16,>64/4,>8,>8,<=1,<=1,<=8,4,>2/38,>16,,,,,,,,,,,,
573.13876,EKP,>8,,8,>16,>2,>16,>16,16/8,16,>4,>16,16/4,4,<=2,<=1,<=1,16,2,>2/38,>16,,,,,,,,,,,,
573.13844,EKP,<=2,,>16,>16,<=0.5,>16,16,>16/8,<=2,<=1,<=2,>64/4,>8,<=2,<=1,<=1,<=8,2,>2/38,>16,,,,,,,,,,,,
573.13695,EKP,<=2,,>16,>16,>2,>16,>16,>16/8,>32,>4,>16,>64/4,8,<=2,<=1,<=1,<=8,<=1,>2/38,>16,,,,,,,,,,,,
573.14327,EKP,8,>64,8,>16,>2,>16,16,16/8,>32,>4,>16,4/4,<=2,<=2,<=1,<=1,<=8,>16,>2/38,>16,,,,,,,,,,,,
573.13361,EKP,>8,>64,>16,>16,>2,>16,>16,>16/8,>32,>4,>16,>64/4,4,4,8,8,>32,>16,>2/38,>16,,,,,,,,,,,,
573.14262,EKP,<=2,,>16,>16,>2,>16,>16,>16/8,>32,>4,>16,>64/4,>8,>8,<=1,2,<=8,>16,>2/38,>16,,,,,,,,,,,,
573.14431,EKP,<=2,,>16,>16,1,>16,16,>16/8,>32,2,>16,>64/4,>8,<=2,8,>8,<=8,>16,1/19,>16,,,,,,,,,,,,
573.13715,EKP,>8,>64,>16,>16,>2,>16,>16,>16/8,>32,>4,>16,>64/4,4,4,>8,8,32,>16,>2/38,>16,,,,,,,,,,,,
573.13349,EKP,>8,,8,>16,>2,>16,>16,>16/8,>32,4,>16,16/4,>8,>8,<=1,<=1,<=8,>16,>2/38,>16,,,,,,,,,,,,
573.13867,EKP,>8,,>16,>16,>2,>16,>16,>16/8,>32,>4,>16,>64/4,8,<=2,>8,>8,32,>16,<=0.5/9,>16,,,,,,,,,,,,
573.14387,EKP,<=2,,>16,>16,<=0.5,4,1,16/8,<=2,<=1,<=2,16/4,>8,<=2,<=1,<=1,<=8,<=1,<=0.5/9,>16,,,,,,,,,,,,
573.12867,EKP,<=0.5,,>16,,>2,>32,>16,>16/8,>32,>4,>16,>64/4,8,<=0.5,8,>8,<=4,16,<=0.5/9.5,>16,,,,,,,,,,,,
573.13391,EKP,8,>64,<=4,>16,>2,>16,>16,>16/8,>32,>4,>16,32/4,>8,<=2,<=1,<=1,<=8,>16,>2/38,>16,,,,,,,,,,,,
573.14534,EKP,<=2,>64,<=4,>16,>2,>16,>16,16/8,>32,>4,>16,8/4,<=2,<=2,<=1,<=1,<=8,16,>2/38,>16,,,,,,,,,,,,
573.1383,EKP,8,>64,>16,>16,>2,>16,>16,>16/8,>32,>4,<=2,>64/4,4,>8,<=1,<=1,<=8,<=1,>2/38,>16,,,,,,,,,,,,
573.14121,EKP,<=2,>64,>16,>16,>2,>16,>16,>16/8,>32,>4,>16,16/4,>8,<=2,<=1,<=1,<=8,>16,<=0.5/9,>16,,,,,,,,,,,,
573.14352,EKP,>8,>64,>16,>16,>2,>16,>16,>16/8,>32,>4,>16,>64/4,>8,<=2,8,>8,16,<=1,>2/38,>16,,,,,,,,,,,,
573.13676,EKP,>8,,>16,>16,>2,>16,>16,>16/8,>32,>4,>16,>64/4,4,4,8,8,32,>16,>2/38,>16,,,,,,,,,,,,
573.13064,EKP,8,>64,>16,>16,>2,>16,>16,>16/8,>32,>4,>16,32/4,>8,<=2,<=1,<=1,<=8,>16,>2/38,>16,,,,,,,,,,,,
573.14218,EKP,>8,,16,>16,>2,>16,>16,>16/8,>32,>4,>16,>64/4,<=2,>8,<=1,<=1,>32,>16,>2/38,>16,,,,,,,,,,,,
573.13591,EKP,<=2,,>16,>16,<=0.5,>16,>16,>16/8,>32,<=1,>16,>64/4,4,<=2,2,2,<=8,>16,>2/38,>16,,,,,,,,,,,,
573.13187,EKP,8,>64,>16,>16,>2,>16,>16,>16/8,>32,>4,>16,>64/4,>8,>8,<=1,<=1,<=8,>16,>2/38,>16,,,,,,,,,,,,
573.14533,EKP,>8,,8,>16,>2,>16,>16,>16/8,32,>4,>16,>64/4,<=2,>8,<=1,<=1,16,<=1,>2/38,>16,,,,,,,,,,,,
573.13698,EKP,>8,>64,8,>16,>2,>16,>16,>16/8,>32,>4,>16,>64/4,>8,<=2,<=1,<=1,<=8,<=1,>2/38,>16,,,,,,,,,,,,
573.14523,EKP,>8,,>16,>16,>2,>16,>16,>16/8,>32,>4,>16,>64/4,>8,>8,>8,>8,>32,>16,>2/38,>16,,,,,,,,,,,,
573.13381,EKP,>8,,<=4,>16,>2,>16,>16,>16/8,>32,>4,16,8/4,>8,>8,<=1,<=1,<=8,8,>2/38,>16,,,,,,,,,,,,
573.14026,EKP,>8,64,<=4,>16,>2,>16,16,>16/8,>32,<=1,>16,8/4,>8,>8,<=1,<=1,<=8,>16,>2/38,>16,,,,,,,,,,,,
573.13766,EKP,8,,16,>16,>2,>16,>16,>16/8,>32,>4,>16,16/4,>8,>8,<=1,<=1,<=8,>16,>2/38,>16,,,,,,,,,,,,
573.13586,EKP,>8,,8,>16,>2,>16,>16,>16/8,>32,>4,>16,>64/4,4,>8,<=1,<=1,<=8,>16,>2/38,>16,,,,,,,,,,,,
573.12982,EKP,>8,64,<=4,,>2,>32,16,>16/8,>32,>4,16,8/4,2,1,0.5,<=0.125,<=4,>16,>2/38,>16,,,,,,,,,,,,
573.14167,EKP,<=2,,>16,>16,>2,>16,>16,>16/8,>32,>4,>16,>64/4,4,<=2,>8,>8,<=8,<=1,>2/38,>16,,,,,,,,,,,,
573.13752,EKP,<=2,64,<=4,>16,<=0.5,>16,16,>16/8,>32,<=1,16,>64/4,<=2,<=2,<=1,<=1,>32,>16,>2/38,>16,,,,,,,,,,,,
573.14185,EKP,>8,>64,>16,>16,>2,>16,>16,>16/8,>32,>4,>16,>64/4,4,<=2,8,8,>32,,>2/38,>16,,,,,,,,,,,,
573.14484,EKP,<=2,>64,>16,>16,>2,>16,>16,>16/8,>32,>4,>16,>64/4,8,<=2,<=1,<=1,<=8,4,>2/38,>16,,,,,,,,,,,,
573.13151,EKP,>8,,>16,>16,>2,>16,>16,>16/8,>32,>4,>16,>64/4,>8,>8,<=1,<=1,16,<=1,>2/38,>16,,,,,,,,,,,,
573.13175,EKP,>8,>64,>16,>16,>2,>16,>16,>16/8,>32,>4,>16,>64/4,4,<=2,>8,>8,32,>16,>2/38,>16,,,,,,,,,,,,
573.14266,EKP,>8,,>16,>16,>2,>16,>16,>16/8,>32,>4,>16,>64/4,8,4,>8,>8,>32,>16,>2/38,>16,,,,,,,,,,,,
573.13685,EKP,>8,>64,>16,>16,>2,>16,>16,>16/8,>32,>4,<=2,>64/4,>8,>8,>8,>8,16,<=1,>2/38,>16,,,,,,,,,,,,
573.14441,EKP,>8,,8,>16,>2,>16,>16,>16/8,32,>4,>16,32/4,4,4,<=1,<=1,>32,4,>2/38,>16,,,,,,,,,,,,
573.13618,EKP,<=2,,<=4,>16,2,>16,>16,16/8,>32,<=1,>16,4/4,<=2,<=2,<=1,<=1,<=8,4,>2/38,>16,,,,,,,,,,,,
573.13014,EKP,>8,>64,>16,,>2,>32,>16,16/8,32,>4,>16,16/4,>8,>8,0.5,<=0.125,<=4,2,<=0.5/9.5,>16,,,,,,,,,,,,
573.12942,EKP,8,>64,16,,>2,>32,>16,16/8,4,4,16,8/4,8,8,<=0.25,<=0.125,<=4,<=0.5,<=0.5/9.5,>16,,,,,,,,,,,,
573.12933,EKP,1,,>16,<=4,<=0.5,16,<=0.5,8/4,<=0.5,<=1,<=1,4/4,<=1,1,<=0.25,<=0.125,<=4,<=0.5,<=0.5/9.5,>16,,,,,,,,,,,,
573.1405,EKP,>8,,>16,>16,>2,>16,>16,>16/8,>32,>4,>16,>64/4,4,4,8,>8,32,16,>2/38,>16,,,,,,,,,,,,
573.12957,EKP,1,64,8,,>2,>32,>16,>16/8,>32,>4,>16,16/4,4,1,0.5,<=0.125,<=4,>16,1/19,>16,,,,,,,,,,,,
573.13498,EKP,<=2,,>16,>16,<=0.5,>16,>16,>16/8,32,<=1,>16,>64/4,>8,<=2,<=1,<=1,<=8,4,<=0.5/9,>16,,,,,,,,,,,,
573.13581,EKP,8,>64,8,>16,>2,>16,>16,>16/8,>32,>4,>16,64/4,8,>8,<=1,<=1,<=8,<=1,>2/38,>16,,,,,,,,,,,,
573.13106,EKP,4,,8,>16,>2,>16,>16,>16/8,>32,>4,>16,>64/4,4,4,<=1,<=1,<=8,>16,1/19,>16,,,,,,,,,,,,
573.13584,EKP,>8,>64,16,>16,>2,>16,>16,>16/8,>32,>4,>16,>64/4,8,>8,<=1,<=1,32,8,>2/38,>16,,,,,,,,,,,,
573.13117,EKP,8,,16,>16,>2,>16,8,>16/8,>32,>4,>16,>64/4,>8,>8,<=1,<=1,<=8,4,>2/38,>16,,,,,,,,,,,,
573.13496,EKP,>8,,<=4,>16,>2,>16,>16,>16/8,>32,>4,>16,64/4,>8,>8,<=1,<=1,<=8,>16,>2/38,>16,,,,,,,,,,,,
573.14337,EKP,<=2,>64,16,>16,>2,>16,>16,>16/8,>32,>4,>16,>64/4,4,<=2,<=1,<=1,<=8,<=1,>2/38,>16,,,,,,,,,,,,
573.13873,EKP,4,>64,>16,>16,>2,>16,>16,>16/8,>32,>4,>16,>64/4,>8,>8,<=1,<=1,<=8,>16,1/19,>16,,,,,,,,,,,,
573.13789,EKP,>8,,>16,>16,>2,>16,>16,>16/8,>32,4,>16,>64/4,8,>8,2,2,<=8,4,<=0.5/9,>16,,,,,,,,,,,,
573.12874,EKP,8,,>16,,>2,>32,>16,16/8,16,>4,>16,16/4,>8,4,<=0.25,<=0.125,<=4,2,<=0.5/9.5,>16,,,,,,,,,,,,
573.12953,EKP,1,>64,8,,>2,>32,>16,>16/8,>32,>4,>16,64/4,>8,1,0.5,<=0.125,<=4,>16,>2/38,>16,,,,,,,,,,,,
573.14498,EKP,>8,,>16,>16,>2,>16,>16,>16/8,>32,>4,>16,>64/4,4,4,8,8,>32,>16,>2/38,>16,,,,,,,,,,,,
573.13238,EKP,>8,,>16,>16,>2,>16,>16,>16/8,>32,>4,,>64/4,4,<=2,>8,>8,32,<=1,1/19,>16,,,,,,,,,,,,
573.12936,EKP,>8,>64,>16,,>2,>32,>16,>16/8,>32,>4,>16,>64/4,4,2,8,>8,16,>16,>2/38,>16,,,,,,,,,,,,
573.14436,EKP,4,64,16,>16,>2,>16,>16,>16/8,>32,>4,>16,>64/4,8,4,<=1,<=1,<=8,>16,>2/38,>16,,,,,,,,,,,,
573.1362,EKP,8,64,<=4,>16,>2,>16,>16,>16/8,>32,>4,>16,>64/4,>8,>8,<=1,<=1,<=8,>16,>2/38,>16,,,,,,,,,,,,
573.13564,EKP,8,>64,>16,>16,>2,>16,>16,>16/8,>32,>4,>16,>64/4,4,>8,8,>8,<=8,<=1,>2/38,>16,,,,,,,,,,,,
573.13443,EKP,8,,<=4,>16,2,>16,1,>16/8,>32,<=1,4,<=2/4,>8,>8,<=1,<=1,<=8,8,>2/38,>16,,,,,,,,,,,,
573.13399,EKP,>8,>64,>16,>16,>2,>16,>16,>16/8,>32,>4,>16,>64/4,4,4,>8,>8,>32,>16,<=0.5/9,>16,,,,,,,,,,,,
573.14269,EKP,>8,>64,>16,>16,>2,>16,>16,>16/8,>32,>4,>16,>64/4,4,4,8,4,>32,>16,>2/38,>16,,,,,,,,,,,,
573.14202,EKP,<=2,>64,>16,>16,>2,>16,>16,>16/8,>32,>4,>16,>64/4,>8,<=2,<=1,<=1,<=8,<=1,>2/38,>16,,,,,,,,,,,,
573.12977,EKP,8,>64,>16,,>2,>32,>16,>16/8,>32,>4,>16,64/4,>8,>8,<=0.25,<=0.125,<=4,>16,>2/38,>16,,,,,,,,,,,,
573.13613,EKP,>8,,<=4,>16,>2,>16,>16,>16/8,>32,<=1,>16,>64/4,>8,>8,<=1,<=1,16,>16,>2/38,>16,,,,,,,,,,,,
573.14186,EKP,>8,>64,>16,>16,>2,>16,>16,>16/8,>32,>4,>16,>64/4,>8,>8,2,4,16,>16,>2/38,>16,,,,,,,,,,,,
573.14135,EKP,>8,>64,<=4,>16,<=0.5,>16,>16,>16/8,>32,<=1,<=2,>64/4,<=2,>8,<=1,<=1,32,4,>2/38,>16,,,,,,,,,,,,
573.14017,EKP,<=2,,>16,>16,>2,>16,>16,>16/8,>32,>4,,>64/4,>8,>8,<=1,<=1,<=8,<=1,>2/38,>16,,,,,,,,,,,,
573.1347,EKP,>8,>64,>16,>16,>2,>16,>16,>16/8,>32,>4,16,>64/4,8,4,>8,>8,16,,>2/38,>16,,,,,,,,,,,,
573.13351,EKP,>8,,>16,>16,>2,>16,>16,>16/8,>32,>4,>16,>64/4,4,<=2,<=1,2,32,16,>2/38,>16,,,,,,,,,,,,
573.13859,EKP,>8,,8,>16,>2,>16,>16,>16/8,>32,>4,>16,64/4,>8,>8,<=1,<=1,<=8,>16,>2/38,>16,,,,,,,,,,,,
573.13132,EKP,>8,,>16,>16,>2,>16,>16,>16/8,>32,>4,>16,>64/4,8,<=2,8,>8,32,>16,>2/38,>16,,,,,,,,,,,,
573.13838,EKP,>8,>64,8,>16,>2,>16,>16,16/8,16,>4,>16,32/4,4,<=2,<=1,<=1,32,2,>2/38,>16,,,,,,,,,,,,
573.14161,EKP,8,,8,>16,>2,>16,>16,>16/8,>32,>4,>16,>64/4,>8,<=2,<=1,<=1,<=8,>16,>2/38,>16,,,,,,,,,,,,
573.13145,EKP,>8,,>16,>16,>2,>16,>16,>16/8,>32,>4,>16,>64/4,4,4,8,>8,32,>16,>2/38,>16,,,,,,,,,,,,
573.13975,EKP,>8,,>16,>16,>2,>16,>16,>16/8,>32,>4,>16,>64/4,4,<=2,8,8,32,16,>2/38,>16,,,,,,,,,,,,
573.13965,EKP,<=2,,16,>16,>2,>16,>16,>16/8,>32,>4,>16,>64/4,>8,<=2,8,>8,<=8,>16,>2/38,>16,,,,,,,,,,,,
573.13326,EKP,8,,16,>16,>2,>16,>16,>16/8,>32,>4,>16,>64/4,>8,<=2,<=1,<=1,<=8,>16,>2/38,>16,,,,,,,,,,,,
573.13267,EKP,<=2,>64,>16,>16,>2,>16,>16,>16/8,>32,>4,>16,>64/4,>8,>8,<=1,<=1,<=8,>16,>2/38,>16,,,,,,,,,,,,
573.1392,EKP,>8,,>16,>16,>2,>16,>16,>16/8,>32,>4,>16,>64/4,4,<=2,>8,>8,32,16,<=0.5/9,>16,,,,,,,,,,,,
573.13934,EKP,>8,,<=4,>16,>2,>16,>16,>16/8,>32,>4,4,8/4,<=2,<=2,<=1,<=1,<=8,>16,>2/38,>16,,,,,,,,,,,,
573.13368,EKP,<=2,>64,16,>16,>2,>16,>16,>16/8,>32,>4,>16,8/4,<=2,<=2,<=1,<=1,<=8,>16,>2/38,>16,,,,,,,,,,,,
573.13799,EKP,<=2,,>16,>16,>2,>16,>16,>16/8,>32,>4,>16,>64/4,8,>8,>8,>8,<=8,>16,>2/38,>16,,,,,,,,,,,,
573.13393,EKP,<=2,>64,>16,>16,>2,>16,>16,>16/8,>32,>4,>16,>64/4,>8,>8,<=1,<=1,<=8,>16,2/38,>16,,,,,,,,,,,,
573.14276,EKP,>8,>64,>16,>16,>2,>16,>16,>16/8,>32,>4,16,>64/4,4,4,>8,>8,>32,<=1,>2/38,>16,,,,,,,,,,,,
573.14492,EKP,8,>64,>16,>16,>2,>16,>16,>16/8,>32,>4,>16,>64/4,8,>8,8,>8,<=8,<=1,>2/38,>16,,,,,,,,,,,,
573.13736,EKP,<=2,,>16,>16,>2,8,1,>16/8,<=2,2,<=2,32/4,>8,<=2,<=1,<=1,<=8,<=1,<=0.5/9,>16,,,,,,,,,,,,
573.14439,EKP,>8,>64,16,>16,>2,>16,>16,>16/8,>32,>4,>16,>64/4,4,4,<=1,<=1,32,>16,>2/38,>16,,,,,,,,,,,,
573.13846,EKP,<=2,>64,>16,>16,>2,>16,>16,>16/8,>32,>4,>16,>64/4,4,<=2,>8,>8,<=8,>16,>2/38,>16,,,,,,,,,,,,
573.13755,EKP,8,>64,>16,>16,>2,>16,>16,>16/8,>32,>4,>16,>64/4,>8,>8,4,<=1,<=8,<=1,>2/38,>16,,,,,,,,,,,,
573.14448,EKP,<=2,32,16,>16,>2,>16,>16,>16/8,>32,>4,4,32/4,>8,<=2,<=1,<=1,<=8,<=1,2/38,>16,,,,,,,,,,,,
573.13671,EKP,<=2,>64,<=4,>16,1,>16,>16,>16/8,>32,<=1,>16,4/4,<=2,<=2,<=1,<=1,<=8,4,<=0.5/9,>16,,,,,,,,,,,,
573.13288,EKP,>8,>64,>16,>16,>2,>16,>16,>16/8,>32,>4,>16,>64/4,4,<=2,8,8,>32,16,>2/38,>16,,,,,,,,,,,,
573.13509,EKP,8,,<=4,>16,>2,>16,16,>16/8,>32,<=1,16,16/4,>8,<=2,<=1,<=1,<=8,16,>2/38,>16,,,,,,,,,,,,
573.13173,EKP,8,>64,>16,>16,>2,>16,>16,>16/8,>32,>4,>16,>64/4,>8,>8,<=1,<=1,<=8,>16,>2/38,>16,,,,,,,,,,,,
573.1422,EKP,<=2,>64,>16,>16,>2,>16,>16,>16/8,>32,>4,>16,>64/4,>8,<=2,8,>8,<=8,>16,>2/38,>16,,,,,,,,,,,,
573.14165,EKP,>8,,>16,>16,>2,>16,>16,>16/8,>32,>4,>16,>64/4,4,4,<=1,2,>32,16,>2/38,>16,,,,,,,,,,,,
573.13826,EKP,>8,>64,>16,>16,>2,>16,16,>16/8,>32,>4,>16,16/4,>8,>8,<=1,<=1,<=8,>16,2/38,>16,,,,,,,,,,,,
573.13505,EKP,>8,>64,>16,>16,>2,>16,>16,>16/8,>32,>4,>16,>64/4,>8,>8,<=1,<=1,16,>16,<=0.5/9,>16,,,,,,,,,,,,
573.14166,EKP,8,>64,>16,>16,>2,>16,>16,>16/8,>32,>4,>16,>64/4,4,>8,<=1,<=1,<=8,<=1,>2/38,>16,,,,,,,,,,,,
573.12939,EKP,1,,<=4,<=4,<=0.5,<=1,<=0.5,8/4,<=0.5,<=1,<=1,4/4,<=1,1,<=0.25,<=0.125,<=4,<=0.5,<=0.5/9.5,16,,,,,,,,,,,,
573.14541,EKP,>8,>64,>16,>16,>2,>16,>16,>16/8,>32,>4,>16,>64/4,>8,>8,<=1,<=1,<=8,>16,>2/38,>16,,,,,,,,,,,,
573.13482,EKP,8,>64,>16,>16,>2,>16,>16,>16/8,>32,>4,>16,>64/4,>8,>8,<=1,<=1,<=8,<=1,>2/38,>16,,,,,,,,,,,,
573.13356,EKP,<=2,,>16,>16,>2,>16,>16,>16/8,>32,>4,>16,>64/4,>8,>8,>8,>8,<=8,<=1,>2/38,>16,,,,,,,,,,,,
573.13821,EKP,>8,,16,>16,>2,>16,>16,>16/8,>32,>4,>16,>64/4,4,<=2,<=1,<=1,<=8,16,2/38,>16,,,,,,,,,,,,
573.13887,EKP,<=2,>64,>16,>16,>2,>16,>16,>16/8,>32,>4,>16,>64/4,8,<=2,>8,>8,<=8,>16,>2/38,>16,,,,,,,,,,,,
573.12865,EKP,1,,<=4,<=4,<=0.5,<=1,<=0.5,8/4,<=0.5,<=1,<=1,4/4,2,1,<=0.25,<=0.125,<=4,<=0.5,<=0.5/9.5,16,,,,,,,,,,,,
573.14003,EKP,>8,>64,8,>16,>2,>16,>16,16/8,16,>4,>16,8/4,<=2,<=2,<=1,<=1,32,4,<=0.5/9,>16,,,,,,,,,,,,
573.13874,EKP,8,,8,>16,1,>16,8,16/8,>32,<=1,,4/4,>8,>8,<=1,<=1,<=8,16,>2/38,>16,,,,,,,,,,,,
573.1435,EKP,>8,,16,>16,>2,>16,>16,>16/8,>32,>4,>16,64/4,>8,>8,<=1,<=1,<=8,>16,>2/38,>16,,,,,,,,,,,,
573.14055,EKP,<=2,,<=4,>16,>2,>16,>16,>16/8,>32,>4,>16,8/4,<=2,<=2,<=1,<=1,<=8,<=1,<=0.5/9,>16,,,,,,,,,,,,
573.13587,EKP,>8,,>16,>16,>2,>16,>16,>16/8,>32,>4,>16,>64/4,>8,<=2,>8,>8,16,16,>2/38,>16,,,,,,,,,,,,
573.13806,EKP,>8,>64,,>16,>2,>16,>16,16/8,32,>4,>16,16/4,4,4,<=1,<=1,32,4,<=0.5/9.5,>16,,,,,,,,,,,,
573.13491,EKP,>8,,>16,>16,>2,>16,>16,>16/8,>32,>4,>16,>64/4,4,<=2,8,4,32,16,>2/38,>16,,,,,,,,,,,,
573.14383,EKP,<=2,>64,16,>16,>2,>16,>16,>16/8,>32,>4,>16,16/4,>8,<=2,<=1,<=1,<=8,>16,<=0.5/9,>16,,,,,,,,,,,,
573.14246,EKP,<=2,>64,>16,>16,>2,>16,>16,>16/8,>32,>4,>16,>64/4,>8,>8,8,>8,<=8,>16,2/38,>16,,,,,,,,,,,,
573.13049,EKP,<=2,,>16,>16,>2,>16,>16,>16/8,>32,>4,>16,>64/4,>8,>8,>8,>8,<=8,,>2/38,>16,,,,,,,,,,,,
573.13126,EKP,>8,,8,>16,>2,>16,>16,>16/8,>32,>4,>16,>64/4,4,>8,<=1,<=1,<=8,>16,>2/38,>16,,,,,,,,,,,,
573.13149,EKP,8,64,8,>16,>2,>16,>16,>16/8,>32,>4,>16,32/4,>8,<=2,<=1,<=1,<=8,>16,>2/38,>16,,,,,,,,,,,,
573.13711,EKP,<=2,>64,16,>16,>2,>16,>16,>16/8,>32,>4,<=2,>64/4,>8,>8,<=1,<=1,<=8,<=1,>2/38,>16,,,,,,,,,,,,
573.14528,EKP,8,>64,>16,>16,>2,>16,>16,>16/8,>32,>4,>16,>64/4,>8,>8,>8,>8,<=8,<=1,>2/38,>16,,,,,,,,,,,,
573.13278,EKP,4,>64,>16,>16,>2,>16,>16,>16/8,>32,>4,>16,>64/4,8,4,>8,>8,<=8,<=1,>2/38,>16,,,,,,,,,,,,
573.14293,EKP,>8,,>16,>16,>2,>16,>16,>16/8,>32,>4,>16,>64/4,8,<=2,<=1,<=1,32,,>2/38,>16,,,,,,,,,,,,
573.13724,EKP,<=2,>64,<=4,>16,>2,>16,>16,16/8,>32,>4,4,8/4,>8,<=2,<=1,<=1,<=8,>16,>2/38,>16,,,,,,,,,,,,
573.13604,EKP,8,,16,>16,>2,>16,>16,>16/8,>32,>4,>16,64/4,>8,>8,<=1,<=1,<=8,>16,>2/38,>16,,,,,,,,,,,,
573.14087,EKP,>8,,>16,>16,>2,>16,>16,>16/8,>32,>4,>16,>64/4,>8,>8,<=1,2,<=8,>16,>2/38,>16,,,,,,,,,,,,
573.13515,EKP,>8,>64,>16,>16,>2,>16,1,>16/8,<=2,>4,<=2,>64/4,>8,>8,<=1,<=1,<=8,>16,>2/38,>16,,,,,,,,,,,,
573.13123,EKP,<=2,,8,>16,1,>16,8,>16/8,>32,<=1,>16,>64/4,<=2,<=2,8,<=1,<=8,>16,<=0.5/9,>16,,,,,,,,,,,,
573.13732,EKP,8,<=16,<=4,>16,<=0.5,>16,8,>16/8,>32,<=1,>16,16/4,<=2,<=2,<=1,<=1,<=8,>16,>2/38,>16,,,,,,,,,,,,
573.13322,EKP,>8,>64,>16,>16,>2,>16,>16,>16/8,>32,>4,>16,>64/4,4,4,2,4,>32,>16,>2/38,>16,,,,,,,,,,,,
573.13472,EKP,8,>64,8,>16,>2,>16,>16,>16/8,>32,>4,>16,16/4,>8,>8,<=1,<=1,<=8,>16,>2/38,>16,,,,,,,,,,,,
573.14381,EKP,>8,,8,>16,>2,>16,>16,>16/8,>32,>4,>16,32/4,>8,>8,<=1,<=1,<=8,>16,>2/38,>16,,,,,,,,,,,,
573.12924,EKP,8,>64,>16,,2,>32,>16,16/8,>32,<=1,>16,>64/4,<=1,8,1,0.032,<=4,>16,<=0.5/9.5,>16,,,,,,,,,,,,
573.13165,EKP,>8,,>16,>16,>2,>16,>16,>16/8,>32,<=1,>16,64/4,>8,>8,<=1,<=1,<=8,>16,>2/38,>16,,,,,,,,,,,,
573.14216,EKP,>8,,8,>16,>2,>16,>16,>16/8,>32,>4,>16,>64/4,<=2,<=2,<=1,<=1,32,<=1,>2/38,>16,,,,,,,,,,,,
573.13127,EKP,>8,,>16,>16,>2,>16,>16,>16/8,>32,>4,>16,>64/4,4,<=2,8,4,32,>16,>2/38,>16,,,,,,,,,,,,
573.13974,EKP,>8,>64,>16,>16,>2,>16,>16,>16/8,>32,>4,>16,>64/4,<=2,>8,<=1,<=1,32,,<=0.5/9,>16,,,,,,,,,,,,
573.13313,EKP,8,,<=4,>16,>2,>16,>16,>16/8,>32,>4,>16,>64/4,>8,>8,<=1,<=1,<=8,4,<=0.5/9,>16,,,,,,,,,,,,
573.13845,EKP,<=2,,>16,>16,<=0.5,>16,16,>16/8,<=2,<=1,<=2,>64/4,>8,<=2,<=1,<=1,<=8,2,>2/38,>16,,,,,,,,,,,,
573.13412,EKP,>8,,>16,>16,>2,>16,>16,>16/8,>32,>4,>16,>64/4,4,4,>8,>8,32,>16,>2/38,>16,,,,,,,,,,,,
573.13298,EKP,>8,>64,<=4,>16,>2,>16,4,>16/8,>32,4,16,4/4,>8,>8,<=1,<=1,<=8,>16,>2/38,>16,,,,,,,,,,,,
573.12992,EKP,>8,,<=4,,>2,>32,>16,>16/8,>32,<=1,>16,32/4,<=1,>8,<=0.25,<=0.125,<=4,16,>2/38,>16,,,,,,,,,,,,
573.13063,EKP,<=2,>64,>16,>16,>2,>16,>16,>16/8,>32,>4,>16,>64/4,8,<=2,8,>8,<=8,>16,>2/38,>16,,,,,,,,,,,,
573.13375,EKP,>8,,<=4,>16,>2,>16,16,>16/8,>32,<=1,>16,32/4,>8,>8,<=1,<=1,<=8,>16,>2/38,>16,,,,,,,,,,,,
573.13239,EKP,>8,,>16,>16,>2,>16,>16,>16/8,>32,>4,>16,>64/4,>8,>8,<=1,<=1,>32,,>2/38,>16,,,,,,,,,,,,
573.1424,EKP,>8,,>16,>16,>2,>16,>16,>16/8,>32,>4,>16,>64/4,>8,>8,>8,>8,16,>16,>2/38,>16,,,,,,,,,,,,
573.13463,EKP,8,64,<=4,>16,>2,>16,>16,>16/8,>32,>4,16,>64/4,4,>8,<=1,<=1,<=8,>16,<=0.5/9,>16,,,,,,,,,,,,
573.12991,EKP,1,,<=4,<=4,<=0.5,<=1,<=0.5,8/4,<=0.5,<=1,<=1,4/4,<=1,1,<=0.25,<=0.125,<=4,<=0.5,<=0.5/9.5,16,,,,,,,,,,,,
573.13517,EKP,8,,8,>16,>2,>16,>16,>16/8,>32,>4,>16,8/4,4,>8,<=1,<=1,<=8,>16,>2/38,>16,,,,,,,,,,,,
573.14067,EKP,>8,>64,>16,>16,>2,>16,>16,>16/8,>32,>4,>16,>64/4,>8,>8,<=1,<=1,32,16,<=0.5/9,>16,,,,,,,,,,,,
573.13293,EKP,<=2,>64,8,>16,>2,>16,>16,>16/8,>32,>4,>16,8/4,4,<=2,<=1,<=1,<=8,>16,<=0.5/9,>16,,,,,,,,,,,,
573.13829,EKP,>8,>64,8,>16,>2,>16,>16,>16/8,>32,>4,>16,>64/4,>8,4,<=1,<=1,32,<=1,>2/38,>16,,,,,,,,,,,,
573.13249,EKP,<=2,,16,>16,>2,>16,>16,>16/8,>32,>4,>16,16/4,4,<=2,<=1,<=1,<=8,>16,<=0.5/9,>16,,,,,,,,,,,,
573.14126,EKP,<=2,,>16,>16,>2,>16,>16,>16/8,>32,>4,>16,>64/4,>8,>8,<=1,2,<=8,,>2/38,>16,,,,,,,,,,,,
573.13341,EKP,>8,,>16,>16,>2,>16,>16,>16/8,>32,>4,>16,>64/4,8,4,<=1,2,32,16,>2/38,>16,,,,,,,,,,,,
573.13834,EKP,<=2,,>16,16,<=0.5,>16,2,>16/8,<=2,<=1,<=2,>64/4,>8,<=2,<=1,<=1,<=8,<=1,1/19,>16,,,,,,,,,,,,
573.1453,EKP,<=2,>64,>16,>16,>2,>16,>16,>16/8,>32,>4,>16,>64/4,8,>8,>8,>8,<=8,>16,>2/38,>16,,,,,,,,,,,,
573.13677,EKP,4,,8,>16,>2,>16,16,>16/8,>32,>4,16,4/4,<=2,<=2,<=1,<=1,<=8,,>2/38,>16,,,,,,,,,,,,
573.13911,EKP,>8,,>16,>16,>2,>16,>16,>16/8,>32,>4,>16,>64/4,4,8,>8,>8,<=8,16,1/19,>16,,,,,,,,,,,,
573.13376,EKP,>8,>64,<=4,>16,>2,>16,>16,>16/8,>32,4,>16,32/4,<=2,<=2,<=1,<=1,<=8,>16,>2/38,>16,,,,,,,,,,,,
573.13649,EKP,<=2,>64,8,>16,>2,>16,>16,16/8,>32,>4,>16,4/4,4,<=2,<=1,<=1,<=8,16,>2/38,>16,,,,,,,,,,,,
573.14365,EKP,<=2,,>16,>16,1,8,<=0.5,16/8,<=2,<=1,<=2,16/4,>8,<=2,<=1,<=1,<=8,<=1,<=0.5/9,>16,,,,,,,,,,,,
573.13582,EKP,<=2,>64,16,>16,>2,>16,16,>16/8,32,>4,>16,8/4,>8,>8,<=1,<=1,<=8,8,>2/38,>16,,,,,,,,,,,,
573.14152,EKP,<=2,>64,>16,>16,>2,>16,>16,>16/8,>32,>4,<=2,>64/4,>8,>8,<=1,2,<=8,<=1,>2/38,>16,,,,,,,,,,,,
573.13949,EKP,<=2,,<=4,>16,>2,>16,>16,16/8,>32,>4,>16,4/4,>8,<=2,<=1,<=1,<=8,16,>2/38,>16,,,,,,,,,,,,
573.13526,EKP,<=2,<=16,>16,>16,>2,>16,>16,>16/8,>32,>4,>16,>64/4,>8,8,>8,>8,<=8,>16,>2/38,>16,,,,,,,,,,,,
573.14374,EKP,>8,>64,>16,>16,>2,>16,>16,>16/8,>32,>4,>16,>64/4,>8,>8,>8,>8,>32,>16,>2/38,>16,,,,,,,,,,,,
573.14274,EKP,<=2,>64,>16,>16,>2,>16,>16,>16/8,>32,>4,>16,>64/4,>8,>8,<=1,<=1,<=8,4,>2/38,>16,,,,,,,,,,,,
573.14156,EKP,<=2,,>16,>16,>2,>16,>16,>16/8,>32,>4,4,>64/4,>8,>8,<=1,<=1,<=8,4,>2/38,>16,,,,,,,,,,,,
573.14514,EKP,>8,,<=4,>16,>2,>16,>16,>16/8,>32,<=1,>16,32/4,>8,>8,<=1,<=1,<=8,>16,>2/38,>16,,,,,,,,,,,,
573.1442,EKP,>8,,>16,>16,>2,>16,>16,>16/8,4,<=1,<=2,>64/4,>8,>8,<=1,<=1,<=8,<=1,<=0.5/9,>16,,,,,,,,,,,,
573.13413,EKP,<=2,>64,<=4,>16,>2,>16,>16,>16/8,>32,>4,>16,32/4,>8,>8,<=1,<=1,<=8,16,>2/38,>16,,,,,,,,,,,,
573.13053,EKP,>8,,>16,>16,>2,>16,>16,>16/8,>32,>4,>16,>64/4,4,4,8,8,32,>16,>2/38,>16,,,,,,,,,,,,
573.13659,EKP,<=2,64,<=4,>16,>2,>16,>16,>16/8,>32,>4,>16,8/4,4,<=2,<=1,<=1,<=8,>16,>2/38,>16,,,,,,,,,,,,
573.13835,EKP,8,64,<=4,>16,2,>16,1,>16/8,>32,<=1,<=2,4/4,>8,>8,<=1,<=1,<=8,4,>2/38,>16,,,,,,,,,,,,
573.13208,EKP,>8,>64,>16,>16,>2,>16,>16,>16/8,>32,>4,>16,>64/4,4,8,2,4,>32,>16,>2/38,>16,,,,,,,,,,,,
573.14168,EKP,<=2,>64,>16,>16,>2,>16,>16,>16/8,>32,>4,<=2,>64/4,8,<=2,8,>8,<=8,<=1,>2/38,>16,,,,,,,,,,,,
573.14478,EKP,<=2,>64,>16,>16,>2,>16,>16,>16/8,>32,>4,>16,>64/4,>8,>8,<=1,<=1,<=8,<=1,>2/38,>16,,,,,,,,,,,,
573.13074,EKP,>8,<=16,<=4,>16,<=0.5,>16,>16,>16/8,>32,<=1,>16,16/4,<=2,>8,<=1,<=1,<=8,>16,>2/38,>16,,,,,,,,,,,,
573.12902,EKP,1,>64,8,8,<=0.5,2,<=0.5,8/4,<=0.5,<=1,<=1,4/4,4,1,<=0.25,<=0.125,<=4,<=0.5,<=0.5/9.5,>16,,,,,,,,,,,,
573.13251,EKP,>8,>64,>16,>16,>2,>16,>16,>16/8,>32,>4,>16,>64/4,8,>8,>8,>8,<=8,<=1,>2/38,>16,,,,,,,,,,,,
573.13037,EKP,>8,>64,>16,>16,>2,>16,>16,>16/8,>32,>4,>16,>64/4,4,>8,>8,>8,>32,>16,>2/38,>16,,,,,,,,,,,,
573.14349,EKP,8,,16,>16,>2,>16,>16,>16/8,>32,>4,>16,64/4,>8,<=2,<=1,<=1,<=8,>16,>2/38,>16,,,,,,,,,,,,
573.12988,EKP,1,,<=4,,<=0.5,>32,>16,16/8,>32,<=1,>16,8/4,2,1,0.5,<=0.125,<=4,2,>2/38,>16,,,,,,,,,,,,
573.14518,EKP,>8,>64,<=4,>16,>2,>16,>16,>16/8,>32,<=1,>16,32/4,>8,>8,<=1,<=1,<=8,>16,>2/38,>16,,,,,,,,,,,,
573.13585,EKP,>8,,>16,>16,>2,>16,>16,>16/8,>32,>4,>16,>64/4,4,4,4,4,32,>16,>2/38,>16,,,,,,,,,,,,
573.13634,EKP,>8,,>16,>16,>2,>16,>16,>16/8,>32,>4,>16,>64/4,>8,<=2,>8,>8,16,>16,>2/38,>16,,,,,,,,,,,,
573.13005,EKP,1,,<=4,<=4,<=0.5,<=1,<=0.5,8/4,<=0.5,<=1,<=1,4/4,<=1,<=0.5,<=0.25,<=0.125,<=4,<=0.5,>2/38,16,,,,,,,,,,,,
573.13468,EKP,>8,,8,>16,>2,>16,>16,16/8,32,>4,>16,16/4,4,4,<=1,<=1,32,4,>2/38,>16,,,,,,,,,,,,
573.14113,EKP,<=2,>64,>16,>16,>2,>16,>16,>16/8,>32,>4,>16,>64/4,<=2,<=2,<=1,<=1,<=8,8,1/19,>16,,,,,,,,,,,,
573.13624,EKP,<=2,,>16,>16,>2,>16,>16,>16/8,>32,>4,>16,16/4,>8,<=2,<=1,<=1,<=8,>16,2/38,>16,,,,,,,,,,,,
573.14208,EKP,8,,<=4,>16,>2,>16,>16,>16/8,>32,>4,8,16/4,>8,<=2,<=1,<=1,<=8,16,>2/38,>16,,,,,,,,,,,,
573.1412,EKP,>8,,>16,>16,>2,>16,>16,>16/8,>32,4,>16,64/4,>8,4,<=1,<=1,<=8,8,>2/38,>16,,,,,,,,,,,,
573.13107,EKP,>8,>64,<=4,>16,>2,>16,>16,>16/8,>32,>4,>16,>64/4,4,>8,<=1,<=1,<=8,>16,>2/38,>16,,,,,,,,,,,,
573.14376,EKP,<=2,>64,<=4,>16,1,>16,>16,16/8,>32,<=1,>16,4/4,<=2,<=2,<=1,<=1,<=8,4,<=0.5/9,>16,,,,,,,,,,,,
573.13099,EKP,>8,,8,>16,>2,>16,>16,>16/8,>32,>4,>16,64/4,>8,<=2,<=1,<=1,<=8,>16,>2/38,>16,,,,,,,,,,,,
573.13932,EKP,>8,>64,,>16,>2,>16,>16,>16/8,>32,>4,,>64/4,>8,<=2,<=1,<=1,<=8,>16,>2/38,>16,,,,,,,,,,,,
573.14035,EKP,<=2,,>16,>16,>2,>16,>16,>16/8,>32,>4,>16,>64/4,>8,>8,<=1,<=1,<=8,<=1,>2/38,>16,,,,,,,,,,,,
573.13795,EKP,8,,<=4,>16,>2,>16,>16,>16/8,>32,>4,>16,>64/4,4,8,<=1,<=1,<=8,>16,>2/38,>16,,,,,,,,,,,,
573.14012,EKP,>8,,16,>16,>2,>16,>16,>16/8,>32,>4,>16,>64/4,4,>8,<=1,<=1,32,<=1,>2/38,>16,,,,,,,,,,,,
573.13451,EKP,<=2,>64,>16,>16,>2,>16,>16,>16/8,>32,>4,>16,>64/4,8,<=2,2,4,<=8,>16,1/19,>16,,,,,,,,,,,,
573.14047,EKP,<=2,>64,>16,>16,<=0.5,>16,>16,>16/8,>32,<=1,>16,>64/4,8,<=2,<=1,<=1,<=8,>16,2/38,>16,,,,,,,,,,,,
573.14322,EKP,8,,>16,>16,>2,>16,>16,>16/8,>32,>4,>16,>64/4,>8,>8,<=1,<=1,<=8,>16,<=0.5/9,>16,,,,,,,,,,,,
573.13133,EKP,<=2,<=16,<=4,>16,2,>16,>16,16/8,>32,2,>16,4/4,<=2,<=2,<=1,<=1,<=8,2,>2/38,>16,,,,,,,,,,,,
573.13888,EKP,8,>64,<=4,>16,>2,>16,>16,>16/8,>32,>4,16,16/4,>8,<=2,<=1,<=1,<=8,8,>2/38,>16,,,,,,,,,,,,
573.13916,EKP,>8,,>16,>16,>2,>16,>16,>16/8,>32,>4,>16,>64/4,>8,>8,>8,>8,<=8,>16,>2/38,>16,,,,,,,,,,,,
573.13061,EKP,<=2,>64,>16,>16,>2,>16,>16,>16/8,>32,>4,>16,64/4,>8,>8,<=1,<=1,<=8,>16,2/38,>16,,,,,,,,,,,,
573.12951,EKP,1,32,<=4,<=4,<=0.5,<=1,<=0.5,8/4,<=0.5,<=1,<=1,4/4,<=1,1,<=0.25,<=0.125,<=4,<=0.5,<=0.5/9.5,>16,,,,,,,,,,,,
573.13638,EKP,8,,<=4,>16,>2,>16,>16,>16/8,>32,2,>16,>64/4,<=2,>8,<=1,<=1,<=8,>16,1/19,>16,,,,,,,,,,,,
573.14344,EKP,>8,,<=4,>16,>2,>16,16,>16/8,>32,<=1,>16,32/4,>8,>8,<=1,<=1,<=8,>16,>2/38,>16,,,,,,,,,,,,
573.13258,EKP,>8,>64,<=4,>16,>2,>16,>16,>16/8,>32,<=1,>16,>64/4,>8,>8,<=1,<=1,<=8,>16,>2/38,>16,,,,,,,,,,,,
573.1349,EKP,>8,>64,>16,>16,>2,>16,>16,>16/8,>32,>4,>16,>64/4,4,<=2,4,4,16,16,>2/38,>16,,,,,,,,,,,,
573.13572,EKP,>8,,<=4,>16,>2,>16,16,>16/8,>32,<=1,>16,32/4,>8,>8,<=1,<=1,<=8,16,>2/38,>16,,,,,,,,,,,,
573.14348,EKP,>8,,16,>16,>2,>16,>16,>16/8,>32,>4,>16,>64/4,>8,>8,<=1,<=1,<=8,>16,>2/38,>16,,,,,,,,,,,,
573.14296,EKP,8,,>16,>16,>2,>16,>16,>16/8,>32,>4,>16,>64/4,>8,>8,>8,>8,<=8,>16,>2/38,>16,,,,,,,,,,,,
573.14051,EKP,8,,>16,>16,>2,>16,>16,>16/8,>32,>4,>16,16/4,>8,<=2,<=1,<=1,<=8,>16,>2/38,>16,,,,,,,,,,,,
573.13231,EKP,<=2,>64,8,>16,>2,>16,>16,>16/8,>32,>4,>16,16/4,4,<=2,<=1,<=1,<=8,<=1,<=0.5/9,>16,,,,,,,,,,,,
573.13206,EKP,>8,,>16,>16,>2,>16,>16,>16/8,>32,>4,>16,>64/4,8,8,2,4,>32,>16,>2/38,>16,,,,,,,,,,,,
573.14417,EKP,>8,>64,>16,>16,>2,>16,>16,>16/8,>32,>4,>16,>64/4,>8,>8,>8,>8,16,>16,>2/38,>16,,,,,,,,,,,,
573.13277,EKP,<=2,,<=4,>16,1,>16,>16,16/8,32,<=1,>16,>64/4,<=2,<=2,<=1,<=1,<=8,4,>2/38,>16,,,,,,,,,,,,
573.13567,EKP,>8,,8,16,>2,16,<=0.5,>16/8,<=2,2,<=2,>64/4,4,>8,<=1,<=1,<=8,8,<=0.5/9,>16,,,,,,,,,,,,
573.14549,EKP,<=2,,>16,>16,>2,>16,>16,>16/8,>32,>4,>16,>64/4,4,>8,>8,>8,<=8,4,<=0.5/9,>16,,,,,,,,,,,,
573.14364,EKP,>8,>64,>16,>16,>2,>16,>16,>16/8,>32,>4,>16,>64/4,4,4,>8,>8,>32,>16,>2/38,>16,,,,,,,,,,,,
573.13318,EKP,>8,,<=4,>16,>2,>16,>16,>16/8,>32,<=1,16,8/4,>8,>8,<=1,<=1,<=8,8,>2/38,>16,,,,,,,,,,,,
573.13346,EKP,<=2,,>16,>16,<=0.5,>16,>16,>16/8,>32,<=1,>16,>64/4,<=2,<=2,8,>8,<=8,>16,<=0.5/9,>16,,,,,,,,,,,,
573.13137,EKP,<=2,,<=4,<=4,<=0.5,>16,16,>16/8,<=2,<=1,<=2,>64/4,>8,<=2,<=1,<=1,<=8,<=1,>2/38,>16,,,,,,,,,,,,
573.13699,EKP,>8,,8,>16,>2,>16,>16,>16/8,>32,>4,>16,>64/4,4,4,<=1,<=1,32,>16,>2/38,>16,,,,,,,,,,,,
573.13765,EKP,>8,,8,>16,>2,>16,>16,>16/8,>32,>4,>16,>64/4,4,4,<=1,<=1,32,>16,>2/38,>16,,,,,,,,,,,,
573.14357,EKP,<=2,,>16,>16,>2,>16,>16,>16/8,>32,>4,>16,>64/4,>8,>8,>8,>8,<=8,>16,>2/38,>16,,,,,,,,,,,,
573.1408,EKP,>8,,>16,>16,>2,>16,>16,>16/8,>32,>4,>16,>64/4,>8,>8,<=1,<=1,<=8,>16,>2/38,>16,,,,,,,,,,,,
573.13246,EKP,8,,<=4,>16,>2,>16,>16,>16/8,>32,>4,>16,>64/4,<=2,>8,<=1,<=1,<=8,>16,>2/38,>16,,,,,,,,,,,,
573.13128,EKP,8,>64,>16,>16,>2,>16,>16,>16/8,>32,>4,>16,64/4,>8,<=2,<=1,<=1,<=8,<=1,>2/38,>16,,,,,,,,,,,,
573.13198,EKP,<=2,,8,>16,<=0.5,>16,>16,>16/8,>32,<=1,16,>64/4,<=2,<=2,<=1,<=1,<=8,8,<=0.5/9,>16,,,,,,,,,,,,
573.14449,EKP,>8,>64,>16,>16,>2,>16,>16,>16/8,>32,>4,>16,>64/4,>8,<=2,<=1,<=1,32,,>2/38,>16,,,,,,,,,,,,
573.14045,EKP,<=2,>64,<=4,>16,>2,>16,>16,>16/8,>32,>4,>16,16/4,<=2,<=2,<=1,<=1,<=8,>16,>2/38,>16,,,,,,,,,,,,
573.14095,EKP,>8,>64,16,>16,>2,>16,>16,>16/8,>32,>4,>16,32/4,>8,>8,<=1,<=1,<=8,>16,>2/38,>16,,,,,,,,,,,,
573.14151,EKP,8,,<=4,>16,>2,>16,>16,>16/8,>32,>4,<=2,16/4,>8,<=2,<=1,<=1,<=8,>16,>2/38,>16,,,,,,,,,,,,
573.13367,EKP,>8,>64,>16,>16,>2,>16,>16,>16/8,>32,>4,>16,>64/4,>8,>8,>8,8,>32,,>2/38,>16,,,,,,,,,,,,
573.13158,EKP,>8,,8,>16,>2,>16,>16,>16/8,>32,>4,>16,>64/4,>8,<=2,<=1,<=1,16,>16,<=0.5/9,>16,,,,,,,,,,,,
573.13893,EKP,>8,>64,16,>16,>2,>16,>16,>16/8,>32,>4,>16,>64/4,>8,<=2,<=1,<=1,32,>16,>2/38,>16,,,,,,,,,,,,
573.14105,EKP,>8,,>16,>16,>2,>16,>16,>16/8,>32,>4,>16,>64/4,4,4,>8,>8,32,>16,>2/38,>16,,,,,,,,,,,,
573.13881,EKP,<=2,,>16,>16,>2,>16,>16,>16/8,>32,>4,>16,>64/4,8,<=2,>8,>8,<=8,>16,>2/38,>16,,,,,,,,,,,,
573.13804,EKP,8,,>16,>16,>2,>16,>16,>16/8,>32,>4,>16,>64/4,>8,>8,>8,>8,<=8,<=1,2/38,>16,,,,,,,,,,,,
573.13007,EKP,8,>64,>16,,>2,>32,>16,>16/8,>32,>4,>16,>64/4,>8,1,>8,>8,<=4,>16,>2/38,>16,,,,,,,,,,,,
573.14009,EKP,<=2,,>16,>16,>2,>16,>16,>16/8,>32,>4,4,>64/4,4,>8,>8,>8,<=8,<=1,2/38,>16,,,,,,,,,,,,
573.13342,EKP,>8,>64,>16,>16,>2,>16,>16,>16/8,>32,>4,>16,16/4,>8,>8,<=1,<=1,32,>16,2/38,>16,,,,,,,,,,,,
573.14402,EKP,8,,<=4,>16,>2,>16,16,>16/8,>32,<=1,16,32/4,>8,>8,<=1,<=1,<=8,16,>2/38,>16,,,,,,,,,,,,
573.14524,EKP,>8,,8,>16,>2,>16,>16,>16/8,>32,>4,>16,>64/4,4,<=2,<=1,<=1,32,8,<=0.5/9,>16,,,,,,,,,,,,
573.14094,EKP,8,32,<=4,>16,>2,>16,>16,>16/8,>32,>4,>16,8/4,>8,>8,<=1,<=1,<=8,>16,>2/38,>16,,,,,,,,,,,,
573.13637,EKP,4,64,<=4,>16,<=0.5,>16,>16,16/8,32,<=1,>16,>64/4,>8,4,<=1,<=1,<=8,4,1/19,>16,,,,,,,,,,,,
573.13286,EKP,4,,<=4,>16,1,>16,<=0.5,16/8,>32,<=1,<=2,4/4,>8,>8,<=1,<=1,<=8,<=1,>2/38,>16,,,,,,,,,,,,
573.12969,EKP,>8,,<=4,,>2,>32,>16,>16/8,>32,4,>16,32/4,<=1,>8,<=0.25,<=0.125,<=4,16,>2/38,>16,,,,,,,,,,,,
573.13884,EKP,8,,8,>16,>2,>16,>16,>16/8,>32,>4,>16,16/4,>8,<=2,<=1,<=1,<=8,16,>2/38,>16,,,,,,,,,,,,
573.14106,EKP,<=2,>64,>16,>16,>2,>16,>16,>16/8,>32,>4,>16,>64/4,4,>8,<=1,<=1,<=8,>16,>2/38,>16,,,,,,,,,,,,
573.14116,EKP,8,>64,>16,>16,>2,>16,>16,>16/8,>32,>4,>16,>64/4,>8,>8,<=1,<=1,<=8,>16,>2/38,>16,,,,,,,,,,,,
573.14468,EKP,8,>64,8,>16,>2,>16,>16,>16/8,>32,>4,>16,32/4,>8,<=2,<=1,<=1,<=8,16,>2/38,>16,,,,,,,,,,,,
573.13503,EKP,>8,,>16,>16,>2,>16,>16,>16/8,>32,>4,>16,>64/4,>8,<=2,8,8,32,16,>2/38,>16,,,,,,,,,,,,
573.13508,EKP,<=2,,<=4,<=4,<=0.5,>16,4,>16/8,<=2,<=1,<=2,>64/4,>8,<=2,<=1,<=1,<=8,<=1,<=0.5/9,>16,,,,,,,,,,,,
573.13094,EKP,>8,,>16,>16,>2,>16,>16,>16/8,>32,>4,>16,>64/4,>8,>8,<=1,2,<=8,>16,>2/38,>16,,,,,,,,,,,,
573.13633,EKP,>8,64,<=4,>16,>2,>16,>16,>16/8,>32,<=1,>16,16/4,>8,>8,<=1,<=1,<=8,>16,>2/38,>16,,,,,,,,,,,,
573.13069,EKP,>8,>64,16,>16,>2,>16,>16,>16/8,>32,>4,>16,>64/4,4,>8,<=1,<=1,>32,>16,>2/38,>16,,,,,,,,,,,,
573.14527,EKP,>8,,<=4,>16,>2,>16,>16,>16/8,>32,<=1,>16,>64/4,>8,>8,<=1,<=1,<=8,>16,>2/38,>16,,,,,,,,,,,,
573.14326,EKP,8,,<=4,>16,>2,>16,>16,>16/8,>32,>4,>16,32/4,4,<=2,<=1,<=1,<=8,,>2/38,>16,,,,,,,,,,,,
573.13406,EKP,<=2,32,16,>16,>2,>16,>16,>16/8,>32,>4,>16,>64/4,8,<=2,<=1,<=1,<=8,>16,>2/38,>16,,,,,,,,,,,,
573.1363,EKP,8,,16,>16,>2,>16,>16,>16/8,>32,2,>16,32/4,>8,<=2,<=1,<=1,<=8,>16,>2/38,>16,,,,,,,,,,,,
573.13639,EKP,<=2,,8,>16,<=0.5,>16,16,>16/8,>32,<=1,>16,>64/4,<=2,<=2,>8,<=1,<=8,,<=0.5/9,>16,,,,,,,,,,,,
573.13294,EKP,<=2,>64,16,>16,>2,>16,>16,>16/8,>32,>4,>16,16/4,>8,<=2,<=1,<=1,<=8,>16,>2/38,>16,,,,,,,,,,,,
573.14307,EKP,>8,,>16,>16,>2,>16,>16,>16/8,>32,>4,>16,>64/4,4,>8,<=1,<=1,<=8,16,>2/38,>16,,,,,,,,,,,,
573.12897,EKP,8,64,8,,>2,>32,>16,>16/8,>32,>4,>16,>64/4,>8,1,<=0.25,<=0.125,<=4,>16,>2/38,>16,,,,,,,,,,,,
573.14079,EKP,4,,>16,>16,>2,>16,>16,>16/8,>32,>4,>16,>64/4,4,>8,>8,>8,<=8,8,<=0.5/9,>16,,,,,,,,,,,,
573.14461,EKP,8,>64,<=4,>16,>2,>16,>16,>16/8,>32,>4,>16,32/4,>8,<=2,<=1,<=1,<=8,,>2/38,>16,,,,,,,,,,,,
573.13818,EKP,8,,<=4,>16,>2,>16,>16,>16/8,>32,>4,>16,4/4,>8,<=2,<=1,<=1,<=8,>16,>2/38,>16,,,,,,,,,,,,
573.13152,EKP,<=2,>64,8,>16,>2,>16,>16,>16/8,>32,>4,>16,8/4,4,<=2,<=1,<=1,<=8,>16,<=0.5/9,>16,,,,,,,,,,,,
573.13247,EKP,<=2,,>16,>16,>2,>16,>16,>16/8,>32,>4,>16,>64/4,4,<=2,8,>8,<=8,<=1,>2/38,>16,,,,,,,,,,,,
573.13632,EKP,>8,,8,>16,>2,>16,>16,>16/8,>32,>4,<=2,>64/4,4,<=2,<=1,<=1,32,,<=0.5/9,>16,,,,,,,,,,,,
573.14074,EKP,<=2,,>16,>16,>2,>16,>16,>16/8,>32,>4,>16,>64/4,>8,>8,<=1,2,<=8,<=1,>2/38,>16,,,,,,,,,,,,
573.13317,EKP,<=2,>64,8,>16,>2,>16,>16,>16/8,>32,>4,>16,16/4,>8,<=2,<=1,<=1,<=8,>16,>2/38,>16,,,,,,,,,,,,
573.12987,EKP,>8,,8,,>2,>32,>16,>16/8,>32,<=1,>16,>64/4,>8,>8,<=0.25,<=0.125,8,>16,>2/38,>16,,,,,,,,,,,,
573.13675,EKP,>8,64,<=4,>16,>2,>16,>16,>16/8,>32,<=1,>16,16/4,>8,>8,<=1,<=1,<=8,>16,>2/38,>16,,,,,,,,,,,,
573.13737,EKP,<=2,,>16,>16,>2,>16,>16,>16/8,>32,>4,>16,>64/4,8,<=2,<=1,<=1,<=8,,<=0.5/9,>16,,,,,,,,,,,,
573.13521,EKP,>8,,<=4,>16,<=0.5,>16,>16,>16/8,>32,<=1,>16,>64/4,>8,<=2,<=1,<=1,<=8,>16,>2/38,>16,,,,,,,,,,,,
573.14294,EKP,>8,>64,>16,>16,>2,>16,>16,>16/8,>32,>4,>16,>64/4,4,4,>8,>8,>32,>16,>2/38,>16,,,,,,,,,,,,
573.12935,EKP,1,32,<=4,<=4,<=0.5,<=1,<=0.5,8/4,<=0.5,<=1,<=1,4/4,<=1,1,<=0.25,<=0.125,<=4,<=0.5,<=0.5/9.5,>16,,,,,,,,,,,,
573.13174,EKP,<=2,,>16,>16,>2,>16,>16,>16/8,>32,>4,>16,>64/4,>8,<=2,>8,>8,<=8,>16,<=0.5/9,>16,,,,,,,,,,,,
573.14005,EKP,<=2,,>16,>16,>2,>16,>16,>16/8,>32,>4,>16,>64/4,4,<=2,>8,>8,<=8,<=1,>2/38,>16,,,,,,,,,,,,
573.1389,EKP,>8,,<=4,>16,>2,>16,8,>16/8,>32,>4,16,8/4,>8,>8,<=1,<=1,<=8,4,>2/38,>16,,,,,,,,,,,,
573.12952,EKP,>8,,<=4,,>2,>32,>16,>16/8,>32,<=1,>16,>64/4,>8,>8,<=0.25,<=0.125,8,>16,>2/38,>16,,,,,,,,,,,,
573.14154,EKP,8,>64,16,>16,>2,>16,>16,>16/8,>32,>4,<=2,>64/4,4,>8,<=1,<=1,<=8,,<=0.5/9,>16,,,,,,,,,,,,
573.14452,EKP,<=2,>64,>16,>16,>2,>16,>16,>16/8,>32,>4,4,>64/4,8,>8,>8,>8,<=8,<=1,>2/38,>16,,,,,,,,,,,,
573.13141,EKP,<=2,,>16,>16,1,>16,1,>16/8,<=2,<=1,<=2,64/4,>8,<=2,<=1,<=1,<=8,2,1/19,>16,,,,,,,,,,,,
573.12996,EKP,1,>64,<=4,<=4,<=0.5,16,<=0.5,>16/8,<=0.5,<=1,<=1,64/4,<=1,1,<=0.25,<=0.125,<=4,<=0.5,<=0.5/9.5,>16,,,,,,,,,,,,
573.13654,EKP,4,,8,>16,>2,>16,>16,>16/8,>32,>4,>16,>64/4,>8,<=2,<=1,<=1,<=8,>16,>2/38,>16,,,,,,,,,,,,
